tenure,MonthlyCharges,TotalCharges_log,total_services,charge_tenure_ratio,is_auto_payment,PaymentMethod_freq,Contract_target_enc,SeniorCitizen,gender_Male,Partner_Yes,Dependents_Yes,PhoneService_Yes,MultipleLines_No phone service,MultipleLines_Yes,InternetService_Fiber Optic,InternetService_No,Contract_One Year,Contract_Two Year,PaperlessBilling_Yes,PaymentMethod_Credit Card (Automatic),PaymentMethod_Electronic Check,PaymentMethod_Mailed Check
24,20.4,6.181671598175927,0,0.816,1,0.21599574392622806,0.11882229232386961,0,0.0,1.0,0.0,1.0,0.0,0.0,0.0,1.0,1.0,0.0,0.0,1.0,0.0,0.0
16,64.25,6.932447891572509,3,3.7794117647058822,0,0.22592658272743393,0.03211009174311927,0,1.0,1.0,1.0,1.0,0.0,0.0,0.0,0.0,0.0,1.0,0.0,0.0,0.0,1.0
51,83.25,8.31641026743448,6,1.6009615384615385,1,0.21599574392622806,0.03211009174311927,0,1.0,1.0,0.0,1.0,0.0,0.0,0.0,0.0,0.0,1.0,1.0,1.0,0.0,0.0
14,19.6,5.708438286192395,0,1.3066666666666669,1,0.21599574392622806,0.42851340373679936,0,1.0,0.0,0.0,1.0,0.0,0.0,0.0,1.0,0.0,0.0,0.0,1.0,0.0,0.0
14,31.1,6.041919990596475,1,2.0733333333333333,0,0.22592658272743393,0.42851340373679936,0,1.0,0.0,0.0,0.0,1.0,0.0,0.0,0.0,0.0,0.0,1.0,0.0,0.0,1.0
38,110.7,8.396064565508757,5,2.8384615384615386,0,0.3435006206774251,0.10683760683760683,0,1.0,1.0,0.0,1.0,0.0,1.0,1.0,0.0,1.0,0.0,1.0,0.0,1.0,0.0
69,20.3,7.2132527113039195,0,0.29000000000000004,1,0.21599574392622806,0.024346257889990983,1,1.0,0.0,0.0,1.0,0.0,0.0,0.0,1.0,0.0,1.0,0.0,1.0,0.0,0.0
49,103.7,8.524625503233533,4,2.074,1,0.21457705266891292,0.44104447164422683,0,1.0,0.0,0.0,1.0,0.0,1.0,1.0,0.0,0.0,0.0,1.0,0.0,0.0,0.0
8,19.6,4.836281906951478,0,2.177777777777778,1,0.21599574392622806,0.021602160216021602,0,1.0,1.0,1.0,1.0,0.0,0.0,0.0,1.0,0.0,1.0,0.0,1.0,0.0,0.0
18,69.8,7.108775913208576,0,3.6736842105263157,0,0.3435006206774251,0.42851340373679936,0,0.0,0.0,0.0,1.0,0.0,0.0,1.0,0.0,0.0,0.0,1.0,0.0,1.0,0.0
2,84.05,4.9056450802386244,1,28.016666666666666,0,0.3435006206774251,0.431938236489232,0,0.0,1.0,0.0,1.0,0.0,1.0,1.0,0.0,0.0,0.0,1.0,0.0,1.0,0.0
56,20.15,7.267281155148856,0,0.35350877192982455,0,0.22592658272743393,0.121875,0,1.0,1.0,1.0,1.0,0.0,1.0,0.0,1.0,1.0,0.0,1.0,0.0,0.0,1.0
1,79.65,4.390118804571218,1,39.825,0,0.3435006206774251,0.42984953233021556,0,0.0,0.0,0.0,1.0,0.0,0.0,1.0,0.0,0.0,0.0,1.0,0.0,1.0,0.0
30,84.3,7.799589370422301,3,2.7193548387096773,1,0.21599574392622806,0.431938236489232,0,1.0,0.0,0.0,1.0,0.0,0.0,1.0,0.0,0.0,0.0,1.0,1.0,0.0,0.0
8,65.45,6.3197785960277315,3,7.272222222222222,0,0.3435006206774251,0.4231860559383867,0,0.0,0.0,0.0,1.0,0.0,0.0,0.0,0.0,0.0,0.0,1.0,0.0,1.0,0.0
68,56.05,8.001237766020717,3,0.8123188405797102,0,0.22592658272743393,0.11158342189160468,0,1.0,1.0,1.0,0.0,1.0,0.0,0.0,0.0,1.0,0.0,0.0,0.0,0.0,1.0
48,73.85,8.183788245844491,4,1.5071428571428571,1,0.21457705266891292,0.10683760683760683,0,0.0,0.0,0.0,1.0,0.0,1.0,0.0,0.0,1.0,0.0,1.0,0.0,0.0,0.0
10,19.95,5.240423388129134,0,1.8136363636363635,1,0.21457705266891292,0.42984953233021556,0,0.0,1.0,0.0,1.0,0.0,0.0,0.0,1.0,0.0,0.0,1.0,0.0,0.0,0.0
29,67.45,7.4967079305242255,3,2.2483333333333335,0,0.22592658272743393,0.431938236489232,0,0.0,0.0,0.0,1.0,0.0,1.0,0.0,0.0,0.0,0.0,0.0,0.0,0.0,1.0
27,19.7,6.234998788069926,0,0.7035714285714285,1,0.21599574392622806,0.02787769784172662,0,1.0,0.0,1.0,1.0,0.0,0.0,0.0,1.0,0.0,1.0,0.0,1.0,0.0,0.0
46,33.7,7.338790663201832,2,0.7170212765957448,1,0.21599574392622806,0.121875,0,1.0,0.0,0.0,0.0,1.0,0.0,0.0,0.0,1.0,0.0,0.0,1.0,0.0,0.0
54,105.85,8.670369110604383,5,1.9245454545454543,0,0.3435006206774251,0.121875,0,1.0,0.0,1.0,1.0,0.0,0.0,1.0,0.0,1.0,0.0,1.0,0.0,1.0,0.0
33,100.6,8.092927453844355,3,2.9588235294117644,1,0.21457705266891292,0.44104447164422683,1,1.0,1.0,0.0,1.0,0.0,1.0,1.0,0.0,0.0,0.0,1.0,0.0,0.0,0.0
72,94.65,8.817053309540718,3,1.2965753424657536,0,0.3435006206774251,0.42984953233021556,0,1.0,1.0,0.0,1.0,0.0,0.0,1.0,0.0,0.0,0.0,1.0,0.0,1.0,0.0
6,83.55,6.1707606986419155,2,11.935714285714285,1,0.21599574392622806,0.4231860559383867,0,1.0,1.0,1.0,1.0,0.0,0.0,1.0,0.0,0.0,0.0,1.0,1.0,0.0,0.0
33,20.1,6.363717521010033,0,0.5911764705882353,0,0.22592658272743393,0.11266094420600858,0,0.0,1.0,1.0,1.0,0.0,0.0,0.0,1.0,1.0,0.0,0.0,0.0,0.0,1.0
42,105.2,8.433844190641187,4,2.4465116279069767,1,0.21457705266891292,0.11158342189160468,1,0.0,1.0,0.0,1.0,0.0,1.0,1.0,0.0,1.0,0.0,1.0,0.0,0.0,0.0
10,98.55,6.917259965996383,3,8.959090909090909,0,0.3435006206774251,0.431938236489232,0,1.0,0.0,0.0,1.0,0.0,1.0,1.0,0.0,0.0,0.0,0.0,0.0,1.0,0.0
30,110.45,8.110141825866702,5,3.5629032258064517,1,0.21599574392622806,0.121875,0,0.0,0.0,0.0,1.0,0.0,1.0,1.0,0.0,1.0,0.0,0.0,1.0,0.0,0.0
23,90.05,7.68285104218925,2,3.752083333333333,1,0.21457705266891292,0.42984953233021556,0,0.0,0.0,0.0,1.0,0.0,1.0,1.0,0.0,0.0,0.0,1.0,0.0,0.0,0.0
13,54.15,6.554004626560651,2,3.867857142857143,1,0.21457705266891292,0.11158342189160468,0,0.0,1.0,1.0,1.0,0.0,0.0,0.0,0.0,1.0,0.0,0.0,0.0,0.0,0.0
3,74.75,5.476881874464279,1,18.6875,0,0.22592658272743393,0.4231860559383867,0,0.0,0.0,0.0,1.0,0.0,0.0,1.0,0.0,0.0,0.0,1.0,0.0,0.0,1.0
70,113.0,8.985770804383893,6,1.591549295774648,1,0.21599574392622806,0.02787769784172662,1,0.0,1.0,0.0,1.0,0.0,1.0,1.0,0.0,0.0,1.0,1.0,1.0,0.0,0.0
70,84.6,8.649483814604627,3,1.1915492957746479,1,0.21457705266891292,0.021602160216021602,0,1.0,1.0,0.0,1.0,0.0,0.0,1.0,0.0,0.0,1.0,0.0,0.0,0.0,0.0
20,60.0,7.139144739150198,2,2.857142857142857,0,0.3435006206774251,0.42851340373679936,1,0.0,1.0,0.0,1.0,0.0,0.0,0.0,0.0,0.0,0.0,1.0,0.0,1.0,0.0
4,20.35,4.363098624788363,0,4.07,0,0.22592658272743393,0.431938236489232,0,0.0,0.0,0.0,1.0,0.0,0.0,0.0,1.0,0.0,0.0,0.0,0.0,0.0,1.0
5,79.9,5.843399478992118,1,13.316666666666668,1,0.21457705266891292,0.431938236489232,1,1.0,1.0,0.0,1.0,0.0,1.0,1.0,0.0,0.0,0.0,1.0,0.0,0.0,0.0
31,80.45,7.795687687751237,1,2.5140625,0,0.3435006206774251,0.42984953233021556,0,1.0,0.0,0.0,1.0,0.0,1.0,1.0,0.0,0.0,0.0,1.0,0.0,1.0,0.0
46,64.2,8.009861456904503,3,1.3659574468085107,1,0.21599574392622806,0.03211009174311927,0,0.0,1.0,0.0,1.0,0.0,0.0,0.0,0.0,0.0,1.0,1.0,1.0,0.0,0.0
1,29.15,3.4061849231731944,1,14.575,0,0.22592658272743393,0.44104447164422683,0,1.0,0.0,0.0,0.0,1.0,0.0,0.0,0.0,0.0,0.0,0.0,0.0,0.0,1.0
56,68.45,8.297792626380861,4,1.2008771929824562,1,0.21599574392622806,0.121875,1,0.0,1.0,0.0,1.0,0.0,1.0,0.0,0.0,1.0,0.0,1.0,1.0,0.0,0.0
8,94.75,6.634041855757752,3,10.527777777777779,0,0.3435006206774251,0.431938236489232,0,1.0,1.0,1.0,1.0,0.0,0.0,1.0,0.0,0.0,0.0,1.0,0.0,1.0,0.0
53,19.55,6.916615907414333,0,0.36203703703703705,1,0.21457705266891292,0.121875,0,0.0,1.0,1.0,1.0,0.0,0.0,0.0,1.0,1.0,0.0,0.0,0.0,0.0,0.0
61,20.55,7.175451457345406,0,0.33145161290322583,1,0.21599574392622806,0.021602160216021602,0,1.0,1.0,1.0,1.0,0.0,0.0,0.0,1.0,0.0,1.0,0.0,1.0,0.0,0.0
71,106.0,8.952178266060393,4,1.4722222222222223,1,0.21457705266891292,0.021602160216021602,0,1.0,1.0,1.0,1.0,0.0,1.0,1.0,0.0,0.0,1.0,1.0,0.0,0.0,0.0
9,100.5,6.8239387928890265,3,10.05,0,0.3435006206774251,0.4231860559383867,1,1.0,0.0,0.0,1.0,0.0,1.0,1.0,0.0,0.0,0.0,1.0,0.0,1.0,0.0
17,94.4,7.389255073366299,3,5.2444444444444445,0,0.3435006206774251,0.431938236489232,0,0.0,0.0,0.0,1.0,0.0,1.0,1.0,0.0,0.0,0.0,1.0,0.0,1.0,0.0
37,88.8,8.114190050178992,2,2.3368421052631576,0,0.3435006206774251,0.42984953233021556,0,0.0,1.0,1.0,1.0,0.0,1.0,1.0,0.0,0.0,0.0,1.0,0.0,1.0,0.0
62,71.4,8.409229289888296,4,1.1333333333333335,1,0.21599574392622806,0.11882229232386961,0,1.0,1.0,1.0,1.0,0.0,0.0,0.0,0.0,1.0,0.0,0.0,1.0,0.0,0.0
67,86.15,8.680136530839377,5,1.2669117647058825,1,0.21457705266891292,0.03211009174311927,0,0.0,1.0,0.0,1.0,0.0,1.0,0.0,0.0,0.0,1.0,0.0,0.0,0.0,0.0
45,113.3,8.52382117770646,6,2.4630434782608694,0,0.22592658272743393,0.121875,0,0.0,1.0,0.0,1.0,0.0,1.0,1.0,0.0,1.0,0.0,0.0,0.0,0.0,1.0
1,19.25,3.0081547935525483,0,9.625,0,0.22592658272743393,0.4231860559383867,0,1.0,0.0,1.0,1.0,0.0,0.0,0.0,1.0,0.0,0.0,0.0,0.0,0.0,1.0
12,101.35,7.106237217225485,3,7.796153846153846,0,0.3435006206774251,0.4231860559383867,1,1.0,1.0,0.0,1.0,0.0,1.0,1.0,0.0,0.0,0.0,1.0,0.0,1.0,0.0
2,86.2,5.191288793789513,2,28.733333333333334,0,0.22592658272743393,0.431938236489232,0,0.0,0.0,0.0,1.0,0.0,0.0,1.0,0.0,0.0,0.0,1.0,0.0,0.0,1.0
34,24.7,6.660831199002524,0,0.7057142857142857,0,0.3435006206774251,0.42851340373679936,0,0.0,1.0,0.0,1.0,0.0,1.0,0.0,1.0,0.0,0.0,0.0,0.0,1.0,0.0
7,43.9,5.632644446822861,0,5.4875,0,0.22592658272743393,0.42851340373679936,0,1.0,0.0,0.0,1.0,0.0,0.0,0.0,0.0,0.0,0.0,0.0,0.0,0.0,1.0
46,20.05,6.805722553416985,0,0.4265957446808511,1,0.21457705266891292,0.02787769784172662,0,1.0,0.0,0.0,1.0,0.0,0.0,0.0,1.0,0.0,1.0,0.0,0.0,0.0,0.0
72,86.4,8.709456828204239,5,1.1835616438356165,1,0.21457705266891292,0.03211009174311927,0,0.0,1.0,0.0,1.0,0.0,1.0,0.0,0.0,0.0,1.0,1.0,0.0,0.0,0.0
50,54.9,7.86905761668564,1,1.076470588235294,1,0.21457705266891292,0.11882229232386961,0,1.0,1.0,1.0,1.0,0.0,1.0,0.0,0.0,1.0,0.0,0.0,0.0,0.0,0.0
2,86.0,5.114694964021034,1,28.666666666666668,0,0.3435006206774251,0.44104447164422683,0,1.0,0.0,0.0,1.0,0.0,1.0,1.0,0.0,0.0,0.0,1.0,0.0,1.0,0.0
3,70.3,5.399971020274537,0,17.575,0,0.22592658272743393,0.431938236489232,0,1.0,0.0,0.0,1.0,0.0,0.0,1.0,0.0,0.0,0.0,1.0,0.0,0.0,1.0
70,90.05,8.753750376351865,6,1.2683098591549296,1,0.21599574392622806,0.021602160216021602,1,1.0,1.0,0.0,1.0,0.0,1.0,0.0,0.0,0.0,1.0,0.0,1.0,0.0,0.0
58,75.2,8.366788818742332,4,1.2745762711864408,1,0.21599574392622806,0.11266094420600858,0,1.0,1.0,1.0,1.0,0.0,0.0,0.0,0.0,1.0,0.0,1.0,1.0,0.0,0.0
42,85.9,8.224364564811577,2,1.9976744186046513,1,0.21599574392622806,0.42984953233021556,0,0.0,1.0,0.0,1.0,0.0,1.0,1.0,0.0,0.0,0.0,1.0,1.0,0.0,0.0
71,79.05,8.622183638607174,1,1.0979166666666667,1,0.21599574392622806,0.10683760683760683,0,1.0,0.0,0.0,1.0,0.0,1.0,1.0,0.0,1.0,0.0,1.0,1.0,0.0,0.0
5,78.75,6.0236896944027185,1,13.125,0,0.3435006206774251,0.42984953233021556,0,1.0,1.0,0.0,1.0,0.0,1.0,1.0,0.0,0.0,0.0,1.0,0.0,1.0,0.0
53,97.75,8.525994347369306,3,1.8101851851851851,1,0.21457705266891292,0.10683760683760683,0,1.0,1.0,0.0,1.0,0.0,1.0,1.0,0.0,1.0,0.0,0.0,0.0,0.0,0.0
1,50.6,3.9435216724875173,1,25.3,0,0.22592658272743393,0.44104447164422683,0,1.0,0.0,1.0,1.0,0.0,0.0,0.0,0.0,0.0,0.0,0.0,0.0,0.0,1.0
67,54.2,8.1955957740902,5,0.7970588235294118,1,0.21599574392622806,0.02787769784172662,0,0.0,1.0,1.0,0.0,1.0,0.0,0.0,0.0,0.0,1.0,0.0,1.0,0.0,0.0
71,97.65,8.808197239990303,3,1.3562500000000002,1,0.21599574392622806,0.11158342189160468,0,1.0,0.0,0.0,1.0,0.0,1.0,1.0,0.0,1.0,0.0,0.0,1.0,0.0,0.0
22,91.65,7.687790912310173,5,3.9847826086956526,0,0.3435006206774251,0.4231860559383867,0,1.0,1.0,0.0,1.0,0.0,0.0,1.0,0.0,0.0,0.0,1.0,0.0,1.0,0.0
72,104.15,8.947799591930734,4,1.4267123287671233,1,0.21457705266891292,0.021602160216021602,1,1.0,1.0,0.0,1.0,0.0,1.0,1.0,0.0,0.0,1.0,1.0,0.0,0.0,0.0
9,90.1,6.706617807930542,2,9.01,0,0.3435006206774251,0.431938236489232,1,0.0,0.0,0.0,1.0,0.0,1.0,1.0,0.0,0.0,0.0,1.0,0.0,1.0,0.0
63,108.5,8.852650627587321,5,1.6953125,1,0.21599574392622806,0.02787769784172662,1,1.0,1.0,0.0,1.0,0.0,1.0,1.0,0.0,0.0,1.0,0.0,1.0,0.0,0.0
2,89.55,5.228699299667167,2,29.849999999999998,1,0.21457705266891292,0.431938236489232,0,1.0,1.0,1.0,1.0,0.0,0.0,1.0,0.0,0.0,0.0,1.0,0.0,0.0,0.0
53,90.8,8.501510864014131,3,1.6814814814814814,0,0.3435006206774251,0.4231860559383867,0,0.0,0.0,0.0,1.0,0.0,1.0,1.0,0.0,0.0,0.0,0.0,0.0,1.0,0.0
63,20.0,7.0985822288198035,0,0.3125,1,0.21599574392622806,0.024346257889990983,0,0.0,1.0,1.0,1.0,0.0,0.0,0.0,1.0,0.0,1.0,0.0,1.0,0.0,0.0
17,20.05,5.825705078613006,0,1.113888888888889,1,0.21599574392622806,0.10683760683760683,0,0.0,0.0,0.0,1.0,0.0,0.0,0.0,1.0,1.0,0.0,0.0,1.0,0.0,0.0
47,19.3,6.792905437303195,0,0.40208333333333335,1,0.21457705266891292,0.024346257889990983,0,0.0,1.0,1.0,1.0,0.0,0.0,0.0,1.0,0.0,1.0,0.0,0.0,0.0,0.0
1,69.25,4.2520603082138555,0,34.625,0,0.3435006206774251,0.42984953233021556,1,0.0,0.0,0.0,1.0,0.0,0.0,1.0,0.0,0.0,0.0,1.0,0.0,1.0,0.0
19,79.85,7.294886680401797,1,3.9924999999999997,0,0.3435006206774251,0.42984953233021556,1,1.0,0.0,0.0,1.0,0.0,1.0,1.0,0.0,0.0,0.0,1.0,0.0,1.0,0.0
35,113.2,8.272583379735432,6,3.1444444444444444,0,0.22592658272743393,0.02787769784172662,0,0.0,0.0,0.0,1.0,0.0,1.0,1.0,0.0,0.0,1.0,1.0,0.0,0.0,1.0
10,95.1,6.764000375336999,3,8.645454545454545,1,0.21599574392622806,0.44104447164422683,0,1.0,0.0,0.0,1.0,0.0,0.0,1.0,0.0,0.0,0.0,1.0,1.0,0.0,0.0
17,76.45,7.118340301048951,1,4.247222222222223,0,0.3435006206774251,0.4231860559383867,1,1.0,1.0,0.0,1.0,0.0,0.0,1.0,0.0,0.0,0.0,1.0,0.0,1.0,0.0
55,98.8,8.63386449821993,3,1.7642857142857142,0,0.3435006206774251,0.42984953233021556,1,1.0,0.0,0.0,1.0,0.0,1.0,1.0,0.0,0.0,0.0,1.0,0.0,1.0,0.0
8,56.3,5.997695096858618,2,6.2555555555555555,1,0.21457705266891292,0.431938236489232,0,0.0,1.0,1.0,1.0,0.0,0.0,0.0,0.0,0.0,0.0,0.0,0.0,0.0,0.0
12,89.15,6.964655326114949,2,6.857692307692308,0,0.3435006206774251,0.44104447164422683,0,0.0,0.0,0.0,1.0,0.0,1.0,1.0,0.0,0.0,0.0,1.0,0.0,1.0,0.0
60,101.15,8.710850257873938,3,1.6581967213114754,1,0.21599574392622806,0.024346257889990983,0,1.0,1.0,0.0,1.0,0.0,1.0,1.0,0.0,0.0,1.0,0.0,1.0,0.0,0.0
15,19.9,5.772842010587696,0,1.24375,0,0.22592658272743393,0.42984953233021556,0,0.0,0.0,0.0,1.0,0.0,0.0,0.0,1.0,0.0,0.0,0.0,0.0,0.0,1.0
61,59.8,8.20042553806936,2,0.964516129032258,0,0.3435006206774251,0.431938236489232,0,0.0,1.0,1.0,1.0,0.0,1.0,0.0,0.0,0.0,0.0,0.0,0.0,1.0,0.0
72,72.1,8.520716975589854,4,0.9876712328767122,1,0.21599574392622806,0.021602160216021602,0,1.0,1.0,1.0,1.0,0.0,1.0,0.0,0.0,0.0,1.0,0.0,1.0,0.0,0.0
62,101.35,8.726756953353926,3,1.6087301587301586,0,0.3435006206774251,0.44104447164422683,0,0.0,1.0,0.0,1.0,0.0,1.0,1.0,0.0,0.0,0.0,1.0,0.0,1.0,0.0
22,85.1,7.536203925603146,1,3.6999999999999997,0,0.3435006206774251,0.4231860559383867,0,1.0,1.0,0.0,1.0,0.0,1.0,1.0,0.0,0.0,0.0,1.0,0.0,1.0,0.0
41,55.7,7.71358361381754,1,1.3261904761904764,1,0.21457705266891292,0.42984953233021556,0,1.0,0.0,0.0,1.0,0.0,1.0,0.0,0.0,0.0,0.0,1.0,0.0,0.0,0.0
54,70.15,8.220578003905167,2,1.2754545454545456,1,0.21599574392622806,0.10683760683760683,0,0.0,1.0,0.0,1.0,0.0,1.0,0.0,0.0,1.0,0.0,1.0,1.0,0.0,0.0
62,81.0,8.514569753209523,5,1.2857142857142858,0,0.22592658272743393,0.021602160216021602,0,0.0,1.0,0.0,1.0,0.0,0.0,0.0,0.0,0.0,1.0,0.0,0.0,0.0,1.0
31,81.15,7.842573315470176,5,2.5359375,0,0.22592658272743393,0.11266094420600858,0,0.0,1.0,1.0,1.0,0.0,0.0,0.0,0.0,1.0,0.0,1.0,0.0,0.0,1.0
1,19.85,3.0373539482448106,0,9.925,0,0.22592658272743393,0.44104447164422683,0,0.0,0.0,0.0,1.0,0.0,0.0,0.0,1.0,0.0,0.0,0.0,0.0,0.0,1.0
19,99.95,7.566699138200584,3,4.9975000000000005,0,0.3435006206774251,0.42851340373679936,0,1.0,0.0,0.0,1.0,0.0,1.0,1.0,0.0,0.0,0.0,1.0,0.0,1.0,0.0
38,83.9,8.081660551685678,3,2.1512820512820516,1,0.21599574392622806,0.4231860559383867,0,0.0,0.0,0.0,1.0,0.0,0.0,1.0,0.0,0.0,0.0,1.0,1.0,0.0,0.0
59,44.3,7.8889906994966745,2,0.7383333333333333,0,0.3435006206774251,0.42984953233021556,0,1.0,1.0,0.0,0.0,1.0,0.0,0.0,0.0,0.0,0.0,1.0,0.0,1.0,0.0
28,54.9,7.317312004993555,1,1.893103448275862,1,0.21599574392622806,0.42984953233021556,0,0.0,0.0,0.0,1.0,0.0,1.0,0.0,0.0,0.0,0.0,1.0,1.0,0.0,0.0
65,103.15,8.823714191660846,4,1.562878787878788,1,0.21457705266891292,0.11158342189160468,1,1.0,1.0,0.0,1.0,0.0,1.0,1.0,0.0,1.0,0.0,1.0,0.0,0.0,0.0
24,29.1,6.535241271013659,1,1.1640000000000001,0,0.3435006206774251,0.4231860559383867,0,1.0,1.0,0.0,0.0,1.0,0.0,0.0,0.0,0.0,0.0,0.0,0.0,1.0,0.0
63,36.1,7.740620922711164,2,0.5640625,1,0.21457705266891292,0.11882229232386961,1,1.0,1.0,0.0,0.0,1.0,0.0,0.0,0.0,1.0,0.0,0.0,0.0,0.0,0.0
16,89.05,7.2790429352887145,2,5.238235294117647,1,0.21599574392622806,0.431938236489232,0,1.0,0.0,0.0,1.0,0.0,1.0,1.0,0.0,0.0,0.0,1.0,1.0,0.0,0.0
62,84.5,8.555297897449783,5,1.3412698412698412,1,0.21457705266891292,0.021602160216021602,0,0.0,0.0,0.0,1.0,0.0,1.0,0.0,0.0,0.0,1.0,0.0,0.0,0.0,0.0
33,25.7,6.717925606697861,0,0.7558823529411764,1,0.21599574392622806,0.021602160216021602,0,0.0,0.0,0.0,1.0,0.0,1.0,0.0,1.0,0.0,1.0,0.0,1.0,0.0,0.0
46,20.1,6.84359002150635,0,0.4276595744680851,0,0.22592658272743393,0.02787769784172662,0,1.0,1.0,1.0,1.0,0.0,0.0,0.0,1.0,0.0,1.0,1.0,0.0,0.0,1.0
30,19.05,6.459199980942271,0,0.614516129032258,0,0.22592658272743393,0.021602160216021602,0,1.0,1.0,0.0,1.0,0.0,0.0,0.0,1.0,0.0,1.0,0.0,0.0,0.0,1.0
15,103.45,7.3400570410438615,4,6.465625,0,0.3435006206774251,0.431938236489232,0,1.0,1.0,0.0,1.0,0.0,1.0,1.0,0.0,0.0,0.0,1.0,0.0,1.0,0.0
41,20.15,6.688790484489344,0,0.4797619047619047,0,0.22592658272743393,0.02787769784172662,0,1.0,0.0,0.0,1.0,0.0,0.0,0.0,1.0,0.0,1.0,0.0,0.0,0.0,1.0
66,114.3,8.907165571256124,6,1.7059701492537314,1,0.21457705266891292,0.11266094420600858,0,1.0,0.0,0.0,1.0,0.0,1.0,1.0,0.0,1.0,0.0,1.0,0.0,0.0,0.0
64,108.95,8.869580958531317,5,1.676153846153846,1,0.21457705266891292,0.4231860559383867,1,0.0,0.0,0.0,1.0,0.0,1.0,1.0,0.0,0.0,0.0,1.0,0.0,0.0,0.0
55,104.15,8.65591981542555,4,1.8598214285714287,0,0.3435006206774251,0.10683760683760683,0,1.0,1.0,0.0,1.0,0.0,1.0,1.0,0.0,1.0,0.0,1.0,0.0,1.0,0.0
22,24.85,6.203344906143481,0,1.0804347826086957,1,0.21599574392622806,0.431938236489232,0,1.0,0.0,0.0,1.0,0.0,1.0,0.0,1.0,0.0,0.0,1.0,1.0,0.0,0.0
29,26.1,6.541823335209299,0,0.87,0,0.22592658272743393,0.027827648114901255,0,0.0,1.0,1.0,1.0,0.0,1.0,0.0,1.0,0.0,1.0,0.0,0.0,0.0,1.0
48,105.25,8.516893146407236,4,2.1479591836734695,1,0.21599574392622806,0.42851340373679936,0,0.0,1.0,1.0,1.0,0.0,1.0,1.0,0.0,0.0,0.0,1.0,1.0,0.0,0.0
17,70.35,7.092282734325254,3,3.908333333333333,1,0.21457705266891292,0.11882229232386961,0,1.0,1.0,1.0,1.0,0.0,1.0,0.0,0.0,1.0,0.0,1.0,0.0,0.0,0.0
2,20.25,3.632309102625542,0,6.75,0,0.22592658272743393,0.42851340373679936,0,1.0,0.0,0.0,1.0,0.0,0.0,0.0,1.0,0.0,0.0,0.0,0.0,0.0,1.0
21,26.05,6.339918289387638,0,1.184090909090909,0,0.3435006206774251,0.4231860559383867,0,1.0,1.0,1.0,0.0,1.0,0.0,0.0,0.0,0.0,0.0,1.0,0.0,1.0,0.0
12,29.35,5.945944031806173,1,2.2576923076923077,1,0.21599574392622806,0.42984953233021556,1,1.0,0.0,0.0,0.0,1.0,0.0,0.0,0.0,0.0,0.0,1.0,1.0,0.0,0.0
70,94.8,8.833470009323106,6,1.3352112676056338,1,0.21599574392622806,0.02787769784172662,0,0.0,1.0,0.0,1.0,0.0,1.0,0.0,0.0,0.0,1.0,1.0,1.0,0.0,0.0
71,116.3,9.025281070978235,6,1.6152777777777778,1,0.21457705266891292,0.11882229232386961,0,1.0,0.0,0.0,1.0,0.0,1.0,1.0,0.0,1.0,0.0,1.0,0.0,0.0,0.0
72,24.75,7.48358181696554,0,0.339041095890411,1,0.21457705266891292,0.02787769784172662,0,1.0,0.0,0.0,1.0,0.0,1.0,0.0,1.0,0.0,1.0,0.0,0.0,0.0,0.0
4,80.15,5.770973724196525,1,16.03,0,0.3435006206774251,0.42851340373679936,0,0.0,0.0,0.0,1.0,0.0,1.0,1.0,0.0,0.0,0.0,1.0,0.0,1.0,0.0
4,45.3,5.288014473552139,0,9.059999999999999,0,0.22592658272743393,0.42851340373679936,0,0.0,0.0,0.0,1.0,0.0,0.0,0.0,0.0,0.0,0.0,1.0,0.0,0.0,1.0
3,80.1,5.387014821309323,2,20.025,1,0.21599574392622806,0.42851340373679936,0,0.0,0.0,0.0,1.0,0.0,0.0,1.0,0.0,0.0,0.0,0.0,1.0,0.0,0.0
65,89.75,8.660531340231143,3,1.3598484848484849,0,0.3435006206774251,0.121875,0,1.0,1.0,0.0,1.0,0.0,1.0,1.0,0.0,1.0,0.0,0.0,0.0,1.0,0.0
27,69.35,7.564394064725559,4,2.476785714285714,1,0.21599574392622806,0.121875,0,1.0,0.0,0.0,1.0,0.0,0.0,0.0,0.0,1.0,0.0,0.0,1.0,0.0,0.0
14,95.6,7.1501522872182335,2,6.373333333333333,0,0.3435006206774251,0.42851340373679936,1,1.0,0.0,0.0,1.0,0.0,1.0,1.0,0.0,0.0,0.0,1.0,0.0,1.0,0.0
3,54.65,5.247550249494384,1,13.6625,0,0.22592658272743393,0.44104447164422683,0,1.0,0.0,0.0,1.0,0.0,0.0,0.0,0.0,0.0,0.0,0.0,0.0,0.0,1.0
48,108.1,8.530790329922262,4,2.206122448979592,1,0.21457705266891292,0.021602160216021602,0,1.0,0.0,0.0,1.0,0.0,1.0,1.0,0.0,0.0,1.0,1.0,0.0,0.0,0.0
9,24.95,5.253581472706645,0,2.495,0,0.3435006206774251,0.42851340373679936,0,1.0,0.0,0.0,0.0,1.0,0.0,0.0,0.0,0.0,0.0,1.0,0.0,1.0,0.0
20,69.8,7.340413934774431,0,3.3238095238095235,1,0.21457705266891292,0.4231860559383867,0,0.0,1.0,0.0,1.0,0.0,0.0,1.0,0.0,0.0,0.0,1.0,0.0,0.0,0.0
10,20.0,5.296315363877364,0,1.8181818181818181,1,0.21599574392622806,0.42984953233021556,0,1.0,0.0,0.0,1.0,0.0,0.0,0.0,1.0,0.0,0.0,1.0,1.0,0.0,0.0
6,45.5,5.65669086712235,0,6.5,0,0.22592658272743393,0.4231860559383867,0,0.0,1.0,1.0,1.0,0.0,0.0,0.0,0.0,0.0,0.0,0.0,0.0,0.0,1.0
16,73.85,7.158669627241704,0,4.344117647058823,1,0.21457705266891292,0.42851340373679936,0,1.0,1.0,0.0,1.0,0.0,1.0,1.0,0.0,0.0,0.0,1.0,0.0,0.0,0.0
21,97.35,7.659407188914646,2,4.425,0,0.3435006206774251,0.44104447164422683,0,0.0,0.0,0.0,1.0,0.0,1.0,1.0,0.0,0.0,0.0,1.0,0.0,1.0,0.0
35,89.2,8.087117717335357,3,2.477777777777778,0,0.3435006206774251,0.11266094420600858,0,1.0,0.0,0.0,1.0,0.0,0.0,1.0,0.0,1.0,0.0,1.0,0.0,1.0,0.0
1,25.15,3.263849190510932,0,12.575,0,0.3435006206774251,0.431938236489232,0,1.0,0.0,0.0,0.0,1.0,0.0,0.0,0.0,0.0,0.0,1.0,0.0,1.0,0.0
71,104.1,8.911024218626034,4,1.4458333333333333,1,0.21599574392622806,0.11882229232386961,0,0.0,1.0,0.0,1.0,0.0,1.0,1.0,0.0,1.0,0.0,1.0,1.0,0.0,0.0
72,106.1,8.929249860707124,5,1.4534246575342464,1,0.21599574392622806,0.021602160216021602,0,1.0,1.0,1.0,1.0,0.0,1.0,1.0,0.0,0.0,1.0,1.0,1.0,0.0,0.0
11,19.25,5.200153117760806,0,1.6041666666666667,0,0.22592658272743393,0.42851340373679936,0,0.0,1.0,1.0,1.0,0.0,0.0,0.0,1.0,0.0,0.0,1.0,0.0,0.0,1.0
53,24.05,7.172347828208886,0,0.44537037037037036,1,0.21457705266891292,0.11158342189160468,0,1.0,0.0,0.0,1.0,0.0,1.0,0.0,1.0,1.0,0.0,0.0,0.0,0.0,0.0
53,98.4,8.546849076323747,3,1.8222222222222224,1,0.21599574392622806,0.431938236489232,0,0.0,1.0,0.0,1.0,0.0,1.0,1.0,0.0,0.0,0.0,1.0,1.0,0.0,0.0
50,20.15,6.879201471564076,0,0.39509803921568626,1,0.21599574392622806,0.027827648114901255,0,0.0,0.0,1.0,1.0,0.0,0.0,0.0,1.0,0.0,1.0,0.0,1.0,0.0,0.0
5,85.4,6.056549793763916,2,14.233333333333334,1,0.21599574392622806,0.44104447164422683,0,0.0,0.0,0.0,1.0,0.0,0.0,1.0,0.0,0.0,0.0,1.0,1.0,0.0,0.0
10,51.65,6.264350190317006,1,4.695454545454545,0,0.22592658272743393,0.431938236489232,0,1.0,0.0,0.0,1.0,0.0,0.0,0.0,0.0,0.0,0.0,1.0,0.0,0.0,1.0
22,20.05,6.035481432524756,0,0.8717391304347827,0,0.22592658272743393,0.11158342189160468,1,0.0,0.0,0.0,1.0,0.0,0.0,0.0,1.0,1.0,0.0,1.0,0.0,0.0,1.0
35,95.45,8.153364146384588,2,2.651388888888889,0,0.3435006206774251,0.4231860559383867,1,1.0,0.0,0.0,1.0,0.0,1.0,1.0,0.0,0.0,0.0,1.0,0.0,1.0,0.0
14,91.65,7.038958964597482,1,6.11,0,0.3435006206774251,0.42984953233021556,0,1.0,1.0,0.0,1.0,0.0,1.0,1.0,0.0,0.0,0.0,1.0,0.0,1.0,0.0
30,19.3,6.403408621313855,0,0.6225806451612903,0,0.22592658272743393,0.02787769784172662,0,0.0,1.0,1.0,1.0,0.0,0.0,0.0,1.0,0.0,1.0,0.0,0.0,0.0,1.0
45,81.0,8.170355417755697,5,1.7608695652173914,0,0.22592658272743393,0.03211009174311927,0,0.0,1.0,1.0,1.0,0.0,0.0,0.0,0.0,0.0,1.0,1.0,0.0,0.0,1.0
15,58.95,6.862914804508983,3,3.684375,0,0.3435006206774251,0.42851340373679936,0,0.0,0.0,0.0,1.0,0.0,0.0,0.0,0.0,0.0,0.0,0.0,0.0,1.0,0.0
37,45.4,7.374064592639601,3,1.194736842105263,0,0.3435006206774251,0.024346257889990983,0,0.0,1.0,0.0,0.0,1.0,0.0,0.0,0.0,0.0,1.0,0.0,0.0,1.0,0.0
17,21.1,5.957261225766484,0,1.1722222222222223,1,0.21599574392622806,0.4231860559383867,0,1.0,0.0,0.0,1.0,0.0,0.0,0.0,1.0,0.0,0.0,0.0,1.0,0.0,0.0
23,79.15,7.42532808920537,1,3.297916666666667,0,0.3435006206774251,0.42984953233021556,0,0.0,0.0,0.0,1.0,0.0,1.0,1.0,0.0,0.0,0.0,1.0,0.0,1.0,0.0
34,71.55,7.794967293355625,0,2.044285714285714,1,0.21599574392622806,0.431938236489232,1,1.0,1.0,0.0,1.0,0.0,0.0,1.0,0.0,0.0,0.0,0.0,1.0,0.0,0.0
10,51.2,6.2131069722959245,1,4.654545454545455,0,0.3435006206774251,0.431938236489232,0,0.0,0.0,0.0,1.0,0.0,0.0,0.0,0.0,0.0,0.0,0.0,0.0,1.0,0.0
2,79.2,5.15819285845387,1,26.400000000000002,0,0.3435006206774251,0.42851340373679936,1,0.0,1.0,0.0,1.0,0.0,1.0,1.0,0.0,0.0,0.0,0.0,0.0,1.0,0.0
41,83.75,8.093935734048326,2,1.994047619047619,1,0.21457705266891292,0.42851340373679936,1,1.0,1.0,0.0,1.0,0.0,1.0,1.0,0.0,0.0,0.0,1.0,0.0,0.0,0.0
6,60.9,6.028519455058993,2,8.7,0,0.22592658272743393,0.44104447164422683,0,1.0,0.0,0.0,1.0,0.0,0.0,0.0,0.0,0.0,0.0,0.0,0.0,0.0,1.0
63,80.3,8.516462924836494,5,1.2546875,1,0.21599574392622806,0.03211009174311927,0,0.0,0.0,0.0,1.0,0.0,1.0,0.0,0.0,0.0,1.0,1.0,1.0,0.0,0.0
25,19.2,6.278709023828715,0,0.7384615384615384,1,0.21599574392622806,0.42851340373679936,0,0.0,0.0,0.0,1.0,0.0,0.0,0.0,1.0,0.0,0.0,1.0,1.0,0.0,0.0
30,70.4,7.623519749407491,4,2.270967741935484,0,0.3435006206774251,0.121875,0,1.0,0.0,0.0,1.0,0.0,0.0,0.0,0.0,1.0,0.0,0.0,0.0,1.0,0.0
24,90.35,7.714007905647355,2,3.614,0,0.3435006206774251,0.4231860559383867,0,1.0,0.0,0.0,1.0,0.0,0.0,1.0,0.0,0.0,0.0,1.0,0.0,1.0,0.0
40,39.3,7.401475434845189,2,0.9585365853658536,0,0.3435006206774251,0.42984953233021556,1,0.0,1.0,0.0,0.0,1.0,0.0,0.0,0.0,0.0,0.0,1.0,0.0,1.0,0.0
48,111.45,8.578495230792402,5,2.274489795918367,1,0.21457705266891292,0.42984953233021556,0,1.0,1.0,0.0,1.0,0.0,1.0,1.0,0.0,0.0,0.0,1.0,0.0,0.0,0.0
52,85.35,8.375537456948296,2,1.6103773584905658,0,0.3435006206774251,0.4231860559383867,0,1.0,0.0,0.0,1.0,0.0,0.0,1.0,0.0,0.0,0.0,1.0,0.0,1.0,0.0
66,103.1,8.794218683679489,5,1.5388059701492536,1,0.21457705266891292,0.4231860559383867,0,0.0,0.0,0.0,1.0,0.0,1.0,1.0,0.0,0.0,0.0,1.0,0.0,0.0,0.0
13,19.75,5.586311890181863,0,1.4107142857142858,0,0.22592658272743393,0.03211009174311927,0,1.0,0.0,0.0,1.0,0.0,0.0,0.0,1.0,0.0,1.0,0.0,0.0,0.0,1.0
71,105.7,8.919071875988982,4,1.4680555555555557,1,0.21457705266891292,0.11882229232386961,0,1.0,1.0,0.0,1.0,0.0,1.0,1.0,0.0,1.0,0.0,1.0,0.0,0.0,0.0
1,85.0,4.454347296253507,2,42.5,0,0.3435006206774251,0.44104447164422683,1,0.0,0.0,0.0,1.0,0.0,0.0,1.0,0.0,0.0,0.0,1.0,0.0,1.0,0.0
49,89.85,8.363622343453988,3,1.797,1,0.21457705266891292,0.11266094420600858,1,0.0,0.0,0.0,1.0,0.0,0.0,1.0,0.0,1.0,0.0,1.0,0.0,0.0,0.0
56,64.65,8.20700644442437,3,1.1342105263157896,1,0.21457705266891292,0.11266094420600858,0,1.0,0.0,0.0,1.0,0.0,1.0,0.0,0.0,1.0,0.0,1.0,0.0,0.0,0.0
69,110.25,8.9184561495127,5,1.575,1,0.21599574392622806,0.024346257889990983,1,0.0,0.0,0.0,1.0,0.0,1.0,1.0,0.0,0.0,1.0,0.0,1.0,0.0,0.0
23,75.6,7.472841789474565,0,3.15,1,0.21457705266891292,0.42984953233021556,0,0.0,0.0,0.0,1.0,0.0,1.0,1.0,0.0,0.0,0.0,0.0,0.0,0.0,0.0
1,19.05,2.998229153752578,0,9.525,0,0.22592658272743393,0.44104447164422683,0,1.0,0.0,0.0,1.0,0.0,0.0,0.0,1.0,0.0,0.0,0.0,0.0,0.0,1.0
42,94.2,8.33981141379869,2,2.1906976744186046,0,0.3435006206774251,0.42984953233021556,0,0.0,1.0,1.0,1.0,0.0,1.0,1.0,0.0,0.0,0.0,1.0,0.0,1.0,0.0
8,71.15,6.33620607016968,3,7.905555555555556,0,0.3435006206774251,0.4231860559383867,0,0.0,0.0,0.0,1.0,0.0,1.0,0.0,0.0,0.0,0.0,0.0,0.0,1.0,0.0
2,51.55,4.674696248636701,1,17.183333333333334,0,0.22592658272743393,0.42984953233021556,0,0.0,0.0,1.0,1.0,0.0,0.0,0.0,0.0,0.0,0.0,0.0,0.0,0.0,1.0
9,20.25,5.231910434350438,0,2.025,0,0.22592658272743393,0.44104447164422683,0,0.0,0.0,0.0,1.0,0.0,0.0,0.0,1.0,0.0,0.0,0.0,0.0,0.0,1.0
2,49.2,4.651099117876491,1,16.400000000000002,0,0.22592658272743393,0.42984953233021556,0,0.0,0.0,0.0,1.0,0.0,0.0,0.0,0.0,0.0,0.0,0.0,0.0,0.0,1.0
32,19.45,6.515527173905968,0,0.5893939393939394,1,0.21599574392622806,0.4231860559383867,0,1.0,1.0,1.0,1.0,0.0,0.0,0.0,1.0,0.0,0.0,1.0,1.0,0.0,0.0
1,20.05,3.0469005601283903,0,10.025,0,0.22592658272743393,0.431938236489232,0,1.0,0.0,1.0,1.0,0.0,0.0,0.0,1.0,0.0,0.0,0.0,0.0,0.0,1.0
17,88.25,7.287321213564613,2,4.902777777777778,0,0.3435006206774251,0.431938236489232,0,0.0,1.0,1.0,1.0,0.0,1.0,1.0,0.0,0.0,0.0,0.0,0.0,1.0,0.0
15,25.4,5.992963423231718,0,1.5875,1,0.21599574392622806,0.44104447164422683,0,0.0,0.0,0.0,1.0,0.0,1.0,0.0,1.0,0.0,0.0,1.0,1.0,0.0,0.0
45,18.85,6.7665372770665995,0,0.4097826086956522,1,0.21457705266891292,0.11266094420600858,0,1.0,0.0,0.0,1.0,0.0,0.0,0.0,1.0,1.0,0.0,0.0,0.0,0.0,0.0
3,105.9,5.816068950384761,4,26.475,0,0.3435006206774251,0.42851340373679936,1,1.0,1.0,0.0,1.0,0.0,1.0,1.0,0.0,0.0,0.0,1.0,0.0,1.0,0.0
31,91.15,8.005183533625202,2,2.8484375,0,0.3435006206774251,0.42851340373679936,0,0.0,1.0,1.0,1.0,0.0,1.0,1.0,0.0,0.0,0.0,1.0,0.0,1.0,0.0
0,25.75,0.0,0,25.75,0,0.22592658272743393,0.02787769784172662,0,1.0,1.0,1.0,1.0,0.0,1.0,0.0,1.0,0.0,1.0,0.0,0.0,0.0,1.0
13,56.0,6.640594529751104,2,4.0,0,0.3435006206774251,0.4231860559383867,0,0.0,0.0,1.0,1.0,0.0,0.0,0.0,0.0,0.0,0.0,1.0,0.0,1.0,0.0
45,87.25,8.27962104678323,2,1.8967391304347827,0,0.3435006206774251,0.44104447164422683,0,0.0,0.0,0.0,1.0,0.0,1.0,1.0,0.0,0.0,0.0,1.0,0.0,1.0,0.0
41,98.05,8.291947432010158,3,2.3345238095238097,1,0.21457705266891292,0.4231860559383867,0,0.0,0.0,0.0,1.0,0.0,1.0,1.0,0.0,0.0,0.0,0.0,0.0,0.0,0.0
57,103.05,8.687231281043342,5,1.7767241379310343,0,0.3435006206774251,0.4231860559383867,0,1.0,1.0,0.0,1.0,0.0,1.0,1.0,0.0,0.0,0.0,1.0,0.0,1.0,0.0
46,19.4,6.876109801146591,0,0.4127659574468085,0,0.22592658272743393,0.02787769784172662,0,0.0,1.0,1.0,1.0,0.0,0.0,0.0,1.0,0.0,1.0,0.0,0.0,0.0,1.0
8,19.2,5.093443405283571,0,2.1333333333333333,0,0.22592658272743393,0.10683760683760683,0,0.0,0.0,0.0,1.0,0.0,0.0,0.0,1.0,1.0,0.0,1.0,0.0,0.0,1.0
54,97.2,8.542948653615948,3,1.7672727272727273,1,0.21457705266891292,0.02787769784172662,0,0.0,0.0,0.0,1.0,0.0,1.0,1.0,0.0,0.0,1.0,1.0,0.0,0.0,0.0
62,96.1,8.702900676147713,3,1.5253968253968253,1,0.21599574392622806,0.42984953233021556,1,0.0,1.0,1.0,1.0,0.0,1.0,1.0,0.0,0.0,0.0,1.0,1.0,0.0,0.0
1,48.55,3.902982260775997,1,24.275,0,0.22592658272743393,0.42851340373679936,0,1.0,0.0,0.0,1.0,0.0,0.0,0.0,0.0,0.0,0.0,1.0,0.0,0.0,1.0
20,19.7,5.982928216085695,0,0.9380952380952381,1,0.21457705266891292,0.10683760683760683,0,0.0,1.0,1.0,1.0,0.0,0.0,0.0,1.0,1.0,0.0,0.0,0.0,0.0,0.0
32,74.9,7.742553920000891,0,2.26969696969697,0,0.3435006206774251,0.42851340373679936,1,1.0,1.0,0.0,1.0,0.0,1.0,1.0,0.0,0.0,0.0,1.0,0.0,1.0,0.0
9,76.85,6.499110119867342,0,7.685,0,0.3435006206774251,0.42984953233021556,0,0.0,0.0,0.0,1.0,0.0,1.0,1.0,0.0,0.0,0.0,1.0,0.0,1.0,0.0
30,56.05,7.770771808396797,5,1.808064516129032,1,0.21457705266891292,0.024346257889990983,0,0.0,1.0,1.0,1.0,0.0,0.0,0.0,0.0,0.0,1.0,0.0,0.0,0.0,0.0
54,104.3,8.571520378892371,4,1.8963636363636363,0,0.3435006206774251,0.4231860559383867,0,1.0,1.0,0.0,1.0,0.0,1.0,1.0,0.0,0.0,0.0,1.0,0.0,1.0,0.0
3,90.7,5.474998043451905,2,22.675,0,0.22592658272743393,0.42851340373679936,0,1.0,0.0,0.0,1.0,0.0,0.0,1.0,0.0,0.0,0.0,0.0,0.0,0.0,1.0
6,109.9,6.5079491287256515,5,15.700000000000001,1,0.21599574392622806,0.431938236489232,0,0.0,0.0,0.0,1.0,0.0,1.0,1.0,0.0,0.0,0.0,1.0,1.0,0.0,0.0
23,20.75,6.186620061882023,0,0.8645833333333334,0,0.3435006206774251,0.11158342189160468,1,1.0,1.0,0.0,1.0,0.0,0.0,0.0,1.0,1.0,0.0,1.0,0.0,1.0,0.0
51,56.4,7.9825870389848435,4,1.0846153846153845,1,0.21599574392622806,0.11882229232386961,0,0.0,0.0,0.0,0.0,1.0,0.0,0.0,0.0,1.0,0.0,1.0,1.0,0.0,0.0
60,79.2,8.469262657658687,1,1.298360655737705,0,0.3435006206774251,0.11158342189160468,0,0.0,0.0,0.0,1.0,0.0,1.0,1.0,0.0,1.0,0.0,1.0,0.0,1.0,0.0
2,80.45,4.9279780604152466,2,26.816666666666666,0,0.3435006206774251,0.4231860559383867,0,0.0,0.0,0.0,1.0,0.0,0.0,1.0,0.0,0.0,0.0,1.0,0.0,1.0,0.0
19,20.5,5.990338913820472,0,1.025,0,0.22592658272743393,0.024346257889990983,0,0.0,0.0,1.0,1.0,0.0,0.0,0.0,1.0,0.0,1.0,0.0,0.0,0.0,1.0
1,47.95,3.8907993689765195,1,23.975,0,0.3435006206774251,0.431938236489232,0,1.0,0.0,0.0,1.0,0.0,0.0,0.0,0.0,0.0,0.0,0.0,0.0,1.0,0.0
38,101.15,8.283418327433367,3,2.5935897435897437,1,0.21599574392622806,0.4231860559383867,0,1.0,1.0,1.0,1.0,0.0,1.0,1.0,0.0,0.0,0.0,1.0,1.0,0.0,0.0
36,85.25,8.049985649472504,1,2.304054054054054,1,0.21599574392622806,0.431938236489232,1,1.0,1.0,0.0,1.0,0.0,1.0,1.0,0.0,0.0,0.0,1.0,1.0,0.0,0.0
15,84.3,7.177324296006991,2,5.26875,0,0.3435006206774251,0.431938236489232,0,0.0,1.0,0.0,1.0,0.0,0.0,1.0,0.0,0.0,0.0,1.0,0.0,1.0,0.0
45,54.15,7.7496672328071945,2,1.1771739130434782,1,0.21599574392622806,0.11266094420600858,0,0.0,1.0,1.0,1.0,0.0,0.0,0.0,0.0,1.0,0.0,1.0,1.0,0.0,0.0
16,91.55,7.340219281257076,3,5.385294117647058,0,0.3435006206774251,0.4231860559383867,1,1.0,1.0,0.0,1.0,0.0,0.0,1.0,0.0,0.0,0.0,1.0,0.0,1.0,0.0
0,73.35,0.0,4,73.35,0,0.22592658272743393,0.021602160216021602,0,0.0,1.0,1.0,1.0,0.0,1.0,0.0,0.0,0.0,1.0,0.0,0.0,0.0,1.0
18,49.55,6.779182998182373,1,2.607894736842105,0,0.22592658272743393,0.4231860559383867,0,1.0,1.0,0.0,1.0,0.0,0.0,0.0,0.0,0.0,0.0,1.0,0.0,0.0,1.0
55,84.25,8.431820471095117,2,1.5044642857142858,1,0.21599574392622806,0.11158342189160468,0,0.0,0.0,0.0,1.0,0.0,1.0,1.0,0.0,1.0,0.0,1.0,1.0,0.0,0.0
1,49.9,3.929862923556477,1,24.95,0,0.22592658272743393,0.44104447164422683,0,0.0,0.0,1.0,1.0,0.0,0.0,0.0,0.0,0.0,0.0,0.0,0.0,0.0,1.0
19,20.85,6.149536101678477,0,1.0425,1,0.21599574392622806,0.027827648114901255,0,1.0,0.0,1.0,1.0,0.0,0.0,0.0,1.0,0.0,1.0,0.0,1.0,0.0,0.0
27,20.55,6.370414549560391,0,0.7339285714285715,0,0.22592658272743393,0.10683760683760683,0,0.0,1.0,1.0,1.0,0.0,0.0,0.0,1.0,1.0,0.0,1.0,0.0,0.0,1.0
52,19.65,6.933471757486774,0,0.37075471698113205,0,0.22592658272743393,0.027827648114901255,0,1.0,0.0,0.0,1.0,0.0,0.0,0.0,1.0,0.0,1.0,0.0,0.0,0.0,1.0
72,108.2,8.967198174155284,5,1.4821917808219178,0,0.3435006206774251,0.024346257889990983,0,1.0,1.0,0.0,1.0,0.0,1.0,1.0,0.0,0.0,1.0,1.0,0.0,1.0,0.0
1,20.05,3.0469005601283903,0,10.025,0,0.22592658272743393,0.42984953233021556,0,1.0,0.0,0.0,1.0,0.0,0.0,0.0,1.0,0.0,0.0,0.0,0.0,0.0,1.0
4,50.7,5.373192901193144,0,10.14,0,0.3435006206774251,0.42984953233021556,0,0.0,0.0,0.0,1.0,0.0,1.0,0.0,0.0,0.0,0.0,0.0,0.0,1.0,0.0
61,49.7,7.993755029599403,1,0.8016129032258065,1,0.21457705266891292,0.11266094420600858,0,0.0,1.0,1.0,1.0,0.0,0.0,0.0,0.0,1.0,0.0,1.0,0.0,0.0,0.0
24,40.65,6.83979758579891,2,1.626,1,0.21599574392622806,0.42984953233021556,1,0.0,1.0,0.0,0.0,1.0,0.0,0.0,0.0,0.0,0.0,1.0,1.0,0.0,0.0
66,50.55,8.121346675973896,3,0.7544776119402985,1,0.21457705266891292,0.024346257889990983,0,1.0,1.0,1.0,0.0,1.0,0.0,0.0,0.0,0.0,1.0,0.0,0.0,0.0,0.0
71,19.85,7.2302734662693755,0,0.27569444444444446,1,0.21599574392622806,0.027827648114901255,0,0.0,1.0,0.0,1.0,0.0,0.0,0.0,1.0,0.0,1.0,0.0,1.0,0.0,0.0
59,19.5,7.046516721023712,0,0.325,0,0.22592658272743393,0.021602160216021602,0,1.0,1.0,1.0,1.0,0.0,0.0,0.0,1.0,0.0,1.0,0.0,0.0,0.0,1.0
65,100.15,8.801544723771562,4,1.5174242424242426,1,0.21457705266891292,0.11882229232386961,0,0.0,1.0,0.0,1.0,0.0,1.0,1.0,0.0,1.0,0.0,1.0,0.0,0.0,0.0
11,73.5,6.675507913418457,1,6.125,0,0.3435006206774251,0.42851340373679936,0,1.0,0.0,0.0,1.0,0.0,0.0,1.0,0.0,0.0,0.0,1.0,0.0,1.0,0.0
52,80.85,8.313987062234544,4,1.5254716981132075,0,0.3435006206774251,0.121875,1,1.0,1.0,1.0,1.0,0.0,1.0,0.0,0.0,1.0,0.0,1.0,0.0,1.0,0.0
5,69.7,5.761736867916757,0,11.616666666666667,0,0.3435006206774251,0.44104447164422683,0,1.0,0.0,0.0,1.0,0.0,0.0,1.0,0.0,0.0,0.0,1.0,0.0,1.0,0.0
14,50.75,6.57053276097022,3,3.3833333333333333,0,0.3435006206774251,0.4231860559383867,0,1.0,0.0,0.0,0.0,1.0,0.0,0.0,0.0,0.0,0.0,1.0,0.0,1.0,0.0
4,91.65,5.903725632799975,2,18.330000000000002,0,0.3435006206774251,0.42984953233021556,0,0.0,1.0,0.0,1.0,0.0,1.0,1.0,0.0,0.0,0.0,1.0,0.0,1.0,0.0
71,109.0,8.944132731190946,5,1.5138888888888888,1,0.21457705266891292,0.021602160216021602,0,0.0,1.0,1.0,1.0,0.0,1.0,1.0,0.0,0.0,1.0,1.0,0.0,0.0,0.0
35,99.05,8.130589090948991,3,2.7513888888888887,0,0.3435006206774251,0.42851340373679936,1,1.0,0.0,0.0,1.0,0.0,1.0,1.0,0.0,0.0,0.0,1.0,0.0,1.0,0.0
13,89.4,7.032933127710366,3,6.385714285714286,0,0.3435006206774251,0.42851340373679936,0,0.0,0.0,0.0,1.0,0.0,1.0,1.0,0.0,0.0,0.0,0.0,0.0,1.0,0.0
15,88.15,7.238209443277787,2,5.509375,0,0.3435006206774251,0.431938236489232,0,0.0,1.0,0.0,1.0,0.0,0.0,1.0,0.0,0.0,0.0,0.0,0.0,1.0,0.0
23,20.05,6.030925615988895,0,0.8354166666666667,0,0.22592658272743393,0.121875,0,0.0,1.0,1.0,1.0,0.0,0.0,0.0,1.0,1.0,0.0,0.0,0.0,0.0,1.0
29,25.15,6.555356891810665,0,0.8383333333333333,0,0.3435006206774251,0.42984953233021556,0,0.0,0.0,0.0,1.0,0.0,1.0,0.0,1.0,0.0,0.0,0.0,0.0,1.0,0.0
16,73.25,7.0873648282726185,1,4.3088235294117645,1,0.21457705266891292,0.44104447164422683,0,0.0,1.0,1.0,1.0,0.0,0.0,1.0,0.0,0.0,0.0,0.0,0.0,0.0,0.0
8,94.7,6.608405401662674,3,10.522222222222222,0,0.3435006206774251,0.4231860559383867,0,1.0,0.0,0.0,1.0,0.0,0.0,1.0,0.0,0.0,0.0,1.0,0.0,1.0,0.0
4,48.55,5.308267697401205,3,9.709999999999999,0,0.3435006206774251,0.42984953233021556,0,1.0,1.0,0.0,0.0,1.0,0.0,0.0,0.0,0.0,0.0,1.0,0.0,1.0,0.0
35,46.35,7.416408544886471,3,1.2875,1,0.21599574392622806,0.027827648114901255,0,0.0,1.0,1.0,0.0,1.0,0.0,0.0,0.0,0.0,1.0,1.0,1.0,0.0,0.0
26,85.7,7.63433723562832,2,3.174074074074074,1,0.21599574392622806,0.431938236489232,1,0.0,1.0,0.0,1.0,0.0,0.0,1.0,0.0,0.0,0.0,1.0,1.0,0.0,0.0
60,99.65,8.689809470662343,4,1.6336065573770493,0,0.3435006206774251,0.021602160216021602,0,0.0,0.0,0.0,1.0,0.0,0.0,1.0,0.0,0.0,1.0,1.0,0.0,1.0,0.0
35,85.15,8.016845811937873,2,2.365277777777778,0,0.3435006206774251,0.11158342189160468,0,1.0,0.0,1.0,1.0,0.0,0.0,1.0,0.0,1.0,0.0,1.0,0.0,1.0,0.0
68,78.45,8.581922319387171,5,1.1369565217391304,0,0.3435006206774251,0.10683760683760683,0,0.0,1.0,1.0,1.0,0.0,1.0,0.0,0.0,1.0,0.0,1.0,0.0,1.0,0.0
31,25.75,6.628834712198929,0,0.8046875,0,0.22592658272743393,0.021602160216021602,0,1.0,1.0,1.0,1.0,0.0,1.0,0.0,1.0,0.0,1.0,0.0,0.0,0.0,1.0
72,104.1,8.915794799502999,5,1.426027397260274,1,0.21599574392622806,0.027827648114901255,1,1.0,1.0,1.0,1.0,0.0,0.0,1.0,0.0,0.0,1.0,1.0,1.0,0.0,0.0
6,55.15,5.7804348261772835,2,7.878571428571428,0,0.22592658272743393,0.4231860559383867,0,0.0,0.0,0.0,1.0,0.0,0.0,0.0,0.0,0.0,0.0,0.0,0.0,0.0,1.0
55,96.75,8.564057693163521,3,1.7276785714285714,0,0.3435006206774251,0.4231860559383867,0,1.0,1.0,0.0,1.0,0.0,1.0,1.0,0.0,0.0,0.0,1.0,0.0,1.0,0.0
1,74.5,4.324132656254979,0,37.25,0,0.3435006206774251,0.44104447164422683,0,0.0,0.0,0.0,1.0,0.0,1.0,1.0,0.0,0.0,0.0,1.0,0.0,1.0,0.0
1,19.75,3.0325462466767075,0,9.875,0,0.22592658272743393,0.42984953233021556,0,1.0,0.0,1.0,1.0,0.0,0.0,0.0,1.0,0.0,0.0,0.0,0.0,0.0,1.0
71,19.1,7.225081101523602,0,0.2652777777777778,1,0.21599574392622806,0.027827648114901255,0,0.0,1.0,0.0,1.0,0.0,0.0,0.0,1.0,0.0,1.0,0.0,1.0,0.0,0.0
72,89.55,8.771812153705444,6,1.2267123287671233,1,0.21599574392622806,0.03211009174311927,1,0.0,1.0,1.0,1.0,0.0,1.0,0.0,0.0,0.0,1.0,1.0,1.0,0.0,0.0
53,100.3,8.556759998518253,4,1.8574074074074074,0,0.22592658272743393,0.10683760683760683,0,0.0,0.0,0.0,1.0,0.0,0.0,1.0,0.0,1.0,0.0,1.0,0.0,0.0,1.0
52,72.95,8.250815885458286,0,1.3764150943396227,1,0.21457705266891292,0.42984953233021556,1,1.0,0.0,0.0,1.0,0.0,1.0,1.0,0.0,0.0,0.0,1.0,0.0,0.0,0.0
25,95.9,7.803741257515928,3,3.6884615384615387,0,0.3435006206774251,0.44104447164422683,0,1.0,0.0,1.0,1.0,0.0,0.0,1.0,0.0,0.0,0.0,1.0,0.0,1.0,0.0
9,95.5,6.72154617546099,2,9.55,0,0.3435006206774251,0.431938236489232,0,1.0,0.0,0.0,1.0,0.0,1.0,1.0,0.0,0.0,0.0,1.0,0.0,1.0,0.0
12,19.45,5.510399970502822,0,1.4961538461538462,0,0.22592658272743393,0.44104447164422683,0,0.0,0.0,0.0,1.0,0.0,0.0,0.0,1.0,0.0,0.0,0.0,0.0,0.0,1.0
39,41.1,7.376539414948115,3,1.0275,1,0.21457705266891292,0.44104447164422683,0,0.0,0.0,0.0,0.0,1.0,0.0,0.0,0.0,0.0,0.0,0.0,0.0,0.0,0.0
60,70.15,8.348940206541153,4,1.1500000000000001,1,0.21599574392622806,0.11882229232386961,0,0.0,0.0,0.0,1.0,0.0,0.0,0.0,0.0,1.0,0.0,1.0,1.0,0.0,0.0
3,86.05,5.504721593857949,2,21.5125,0,0.22592658272743393,0.431938236489232,0,1.0,0.0,0.0,1.0,0.0,0.0,1.0,0.0,0.0,0.0,1.0,0.0,0.0,1.0
2,29.85,4.338597076746545,1,9.950000000000001,1,0.21457705266891292,0.4231860559383867,0,1.0,0.0,0.0,0.0,1.0,0.0,0.0,0.0,0.0,0.0,0.0,0.0,0.0,0.0
62,90.7,8.628278290335924,3,1.4396825396825397,1,0.21457705266891292,0.431938236489232,0,1.0,0.0,0.0,1.0,0.0,1.0,1.0,0.0,0.0,0.0,0.0,0.0,0.0,0.0
3,80.7,5.482512167723671,1,20.175,0,0.3435006206774251,0.42984953233021556,0,0.0,1.0,1.0,1.0,0.0,0.0,1.0,0.0,0.0,0.0,1.0,0.0,1.0,0.0
1,69.6,4.257030144499196,0,34.8,0,0.3435006206774251,0.431938236489232,0,1.0,0.0,0.0,1.0,0.0,0.0,1.0,0.0,0.0,0.0,1.0,0.0,1.0,0.0
22,20.85,6.112907543595853,0,0.9065217391304349,1,0.21457705266891292,0.11266094420600858,0,0.0,0.0,0.0,1.0,0.0,0.0,0.0,1.0,1.0,0.0,0.0,0.0,0.0,0.0
72,63.7,8.40420364859392,6,0.8726027397260274,1,0.21457705266891292,0.03211009174311927,0,1.0,0.0,0.0,0.0,1.0,0.0,0.0,0.0,0.0,1.0,1.0,0.0,0.0,0.0
1,69.5,4.255612709818223,0,34.75,1,0.21457705266891292,0.4231860559383867,1,1.0,0.0,0.0,1.0,0.0,0.0,1.0,0.0,0.0,0.0,1.0,0.0,0.0,0.0
61,115.1,8.85497171732711,6,1.8564516129032258,1,0.21599574392622806,0.03211009174311927,0,0.0,1.0,1.0,1.0,0.0,1.0,1.0,0.0,0.0,1.0,0.0,1.0,0.0,0.0
15,76.0,7.031608741149134,0,4.75,0,0.22592658272743393,0.4231860559383867,0,1.0,0.0,0.0,1.0,0.0,1.0,1.0,0.0,0.0,0.0,1.0,0.0,0.0,1.0
69,95.65,8.81658641979603,3,1.3664285714285715,1,0.21599574392622806,0.11158342189160468,0,0.0,1.0,0.0,1.0,0.0,0.0,1.0,0.0,1.0,0.0,1.0,1.0,0.0,0.0
56,24.3,7.141007564444634,0,0.4263157894736842,0,0.3435006206774251,0.10683760683760683,0,0.0,1.0,0.0,1.0,0.0,1.0,0.0,1.0,1.0,0.0,0.0,0.0,1.0,0.0
72,88.05,8.782905690439021,6,1.2061643835616438,1,0.21457705266891292,0.03211009174311927,0,0.0,1.0,0.0,1.0,0.0,1.0,0.0,0.0,0.0,1.0,0.0,0.0,0.0,0.0
9,59.9,6.297845696992248,1,5.99,0,0.22592658272743393,0.44104447164422683,0,1.0,0.0,0.0,1.0,0.0,1.0,0.0,0.0,0.0,0.0,0.0,0.0,0.0,1.0
72,60.0,8.35819745992578,5,0.821917808219178,0,0.3435006206774251,0.02787769784172662,0,0.0,1.0,1.0,0.0,1.0,0.0,0.0,0.0,0.0,1.0,1.0,0.0,1.0,0.0
1,48.6,3.903990833730882,1,24.3,0,0.3435006206774251,0.431938236489232,0,0.0,0.0,0.0,1.0,0.0,0.0,0.0,0.0,0.0,0.0,1.0,0.0,1.0,0.0
4,49.4,5.2225156531317545,1,9.879999999999999,0,0.3435006206774251,0.42851340373679936,0,1.0,0.0,1.0,1.0,0.0,0.0,0.0,0.0,0.0,0.0,1.0,0.0,1.0,0.0
43,94.35,8.274433495416885,2,2.1443181818181816,0,0.22592658272743393,0.11158342189160468,0,1.0,0.0,0.0,1.0,0.0,1.0,1.0,0.0,1.0,0.0,0.0,0.0,0.0,1.0
7,78.5,6.349226400146953,5,9.8125,0,0.3435006206774251,0.42984953233021556,0,0.0,0.0,0.0,1.0,0.0,0.0,0.0,0.0,0.0,0.0,1.0,0.0,1.0,0.0
13,20.4,5.532005131737917,0,1.457142857142857,0,0.3435006206774251,0.44104447164422683,0,1.0,0.0,0.0,1.0,0.0,0.0,0.0,1.0,0.0,0.0,1.0,0.0,1.0,0.0
72,67.2,8.449492342051977,6,0.9205479452054794,1,0.21599574392622806,0.02787769784172662,0,1.0,0.0,1.0,0.0,1.0,0.0,0.0,0.0,0.0,1.0,0.0,1.0,0.0,0.0
59,25.45,7.336318232780702,0,0.42416666666666664,0,0.22592658272743393,0.021602160216021602,0,0.0,1.0,1.0,1.0,0.0,1.0,0.0,1.0,0.0,1.0,0.0,0.0,0.0,1.0
2,55.05,4.641984159110808,2,18.349999999999998,1,0.21599574392622806,0.4231860559383867,0,0.0,0.0,0.0,1.0,0.0,0.0,0.0,0.0,0.0,0.0,1.0,1.0,0.0,0.0
27,80.65,7.701087103455844,2,2.880357142857143,1,0.21599574392622806,0.11158342189160468,0,1.0,1.0,1.0,1.0,0.0,0.0,1.0,0.0,1.0,0.0,1.0,1.0,0.0,0.0
25,89.15,7.722566841906438,3,3.428846153846154,1,0.21457705266891292,0.42984953233021556,0,0.0,1.0,1.0,1.0,0.0,0.0,1.0,0.0,0.0,0.0,1.0,0.0,0.0,0.0
69,19.1,7.146654062240853,0,0.27285714285714285,0,0.22592658272743393,0.03211009174311927,0,1.0,0.0,0.0,1.0,0.0,0.0,0.0,1.0,0.0,1.0,1.0,0.0,0.0,1.0
3,63.6,5.054014017398201,2,15.9,0,0.3435006206774251,0.4231860559383867,0,0.0,0.0,0.0,1.0,0.0,1.0,0.0,0.0,0.0,0.0,1.0,0.0,1.0,0.0
56,75.75,8.363027511476478,4,1.3289473684210527,1,0.21457705266891292,0.11158342189160468,0,1.0,0.0,0.0,1.0,0.0,0.0,0.0,0.0,1.0,0.0,1.0,0.0,0.0,0.0
12,91.3,6.998966159035521,2,7.023076923076923,0,0.3435006206774251,0.42984953233021556,1,0.0,0.0,0.0,1.0,0.0,1.0,1.0,0.0,0.0,0.0,1.0,0.0,1.0,0.0
17,93.85,7.394277964224954,3,5.213888888888889,0,0.3435006206774251,0.4231860559383867,0,1.0,0.0,0.0,1.0,0.0,0.0,1.0,0.0,0.0,0.0,0.0,0.0,1.0,0.0
51,107.45,8.645040962822444,5,2.066346153846154,1,0.21457705266891292,0.11882229232386961,0,0.0,0.0,0.0,1.0,0.0,1.0,1.0,0.0,1.0,0.0,0.0,0.0,0.0,0.0
71,107.5,8.950863435163523,5,1.4930555555555556,0,0.3435006206774251,0.431938236489232,1,1.0,1.0,0.0,1.0,0.0,1.0,1.0,0.0,0.0,0.0,1.0,0.0,1.0,0.0
30,100.4,7.985229048447682,3,3.238709677419355,1,0.21457705266891292,0.42851340373679936,0,1.0,0.0,0.0,1.0,0.0,1.0,1.0,0.0,0.0,0.0,1.0,0.0,0.0,0.0
45,34.2,7.3762577821016055,1,0.7434782608695653,0,0.3435006206774251,0.10683760683760683,1,0.0,0.0,0.0,0.0,1.0,0.0,0.0,0.0,1.0,0.0,0.0,0.0,1.0,0.0
19,86.85,7.355896661370738,1,4.342499999999999,0,0.3435006206774251,0.431938236489232,0,0.0,1.0,0.0,1.0,0.0,1.0,1.0,0.0,0.0,0.0,1.0,0.0,1.0,0.0
67,19.45,7.087531933591134,0,0.28602941176470587,0,0.22592658272743393,0.121875,0,1.0,0.0,0.0,1.0,0.0,0.0,0.0,1.0,1.0,0.0,1.0,0.0,0.0,1.0
23,94.75,7.738313815365043,3,3.9479166666666665,0,0.3435006206774251,0.4231860559383867,1,0.0,0.0,0.0,1.0,0.0,0.0,1.0,0.0,0.0,0.0,1.0,0.0,1.0,0.0
32,83.7,7.87637277103406,5,2.5363636363636366,1,0.21599574392622806,0.121875,0,1.0,0.0,1.0,1.0,0.0,1.0,0.0,0.0,1.0,0.0,0.0,1.0,0.0,0.0
7,86.25,6.3768970014659105,2,10.78125,0,0.3435006206774251,0.431938236489232,0,0.0,1.0,0.0,1.0,0.0,0.0,1.0,0.0,0.0,0.0,1.0,0.0,1.0,0.0
29,34.3,6.9134888108298975,2,1.1433333333333333,0,0.3435006206774251,0.42984953233021556,0,1.0,0.0,0.0,0.0,1.0,0.0,0.0,0.0,0.0,0.0,0.0,0.0,1.0,0.0
39,103.45,8.292911492657877,4,2.58625,0,0.3435006206774251,0.4231860559383867,0,0.0,0.0,0.0,1.0,0.0,1.0,1.0,0.0,0.0,0.0,1.0,0.0,1.0,0.0
46,30.3,7.230635562083883,1,0.6446808510638298,1,0.21457705266891292,0.431938236489232,0,1.0,0.0,0.0,0.0,1.0,0.0,0.0,0.0,0.0,0.0,0.0,0.0,0.0,0.0
3,107.95,5.7670702138921195,5,26.9875,0,0.3435006206774251,0.431938236489232,0,1.0,0.0,0.0,1.0,0.0,0.0,1.0,0.0,0.0,0.0,1.0,0.0,1.0,0.0
1,45.75,3.844814255734696,0,22.875,0,0.3435006206774251,0.4231860559383867,0,1.0,0.0,0.0,1.0,0.0,0.0,0.0,0.0,0.0,0.0,0.0,0.0,1.0,0.0
18,61.5,6.992509944846946,3,3.236842105263158,0,0.22592658272743393,0.11882229232386961,0,0.0,1.0,1.0,1.0,0.0,0.0,0.0,0.0,1.0,0.0,1.0,0.0,0.0,1.0
6,44.6,5.5675808534758,0,6.371428571428572,1,0.21457705266891292,0.4231860559383867,0,1.0,1.0,1.0,1.0,0.0,0.0,0.0,0.0,0.0,0.0,1.0,0.0,0.0,0.0
1,75.1,4.33204826486764,0,37.55,0,0.3435006206774251,0.42984953233021556,0,0.0,0.0,0.0,1.0,0.0,1.0,1.0,0.0,0.0,0.0,1.0,0.0,1.0,0.0
47,83.35,8.310414994188292,2,1.7364583333333332,1,0.21457705266891292,0.431938236489232,0,1.0,1.0,0.0,1.0,0.0,1.0,1.0,0.0,0.0,0.0,1.0,0.0,0.0,0.0
1,24.8,3.250374491927572,0,12.4,0,0.3435006206774251,0.431938236489232,0,0.0,1.0,0.0,0.0,1.0,0.0,0.0,0.0,0.0,0.0,1.0,0.0,1.0,0.0
36,19.55,6.432538082683514,0,0.5283783783783784,0,0.22592658272743393,0.11266094420600858,0,0.0,0.0,0.0,1.0,0.0,0.0,0.0,1.0,1.0,0.0,0.0,0.0,0.0,1.0
19,56.05,6.997778781629726,2,2.8024999999999998,1,0.21599574392622806,0.42984953233021556,0,1.0,0.0,0.0,1.0,0.0,0.0,0.0,0.0,0.0,0.0,1.0,1.0,0.0,0.0
47,85.3,8.3207524260614,5,1.7770833333333333,1,0.21599574392622806,0.027827648114901255,0,0.0,1.0,1.0,1.0,0.0,1.0,0.0,0.0,0.0,1.0,1.0,1.0,0.0,0.0
1,54.3,4.012772908528289,1,27.15,0,0.3435006206774251,0.4231860559383867,0,1.0,0.0,0.0,1.0,0.0,1.0,0.0,0.0,0.0,0.0,0.0,0.0,1.0,0.0
2,79.7,5.111987788356544,2,26.566666666666666,1,0.21457705266891292,0.4231860559383867,0,0.0,1.0,0.0,1.0,0.0,0.0,1.0,0.0,0.0,0.0,0.0,0.0,0.0,0.0
4,20.85,4.157319361383489,0,4.17,0,0.22592658272743393,0.431938236489232,0,0.0,1.0,1.0,1.0,0.0,0.0,0.0,1.0,0.0,0.0,0.0,0.0,0.0,1.0
65,110.8,8.888329070200776,5,1.6787878787878787,1,0.21599574392622806,0.021602160216021602,0,0.0,1.0,1.0,1.0,0.0,1.0,1.0,0.0,0.0,1.0,1.0,1.0,0.0,0.0
26,100.5,7.8636320418882555,3,3.7222222222222223,1,0.21457705266891292,0.42984953233021556,0,0.0,0.0,0.0,1.0,0.0,1.0,1.0,0.0,0.0,0.0,1.0,0.0,0.0,0.0
65,109.05,8.869144998885837,5,1.6522727272727273,0,0.3435006206774251,0.02787769784172662,1,1.0,0.0,0.0,1.0,0.0,1.0,1.0,0.0,0.0,1.0,1.0,0.0,1.0,0.0
1,85.7,4.462453883786496,1,42.85,0,0.3435006206774251,0.42851340373679936,1,0.0,0.0,0.0,1.0,0.0,1.0,1.0,0.0,0.0,0.0,1.0,0.0,1.0,0.0
55,54.55,7.999443652577423,4,0.9741071428571428,1,0.21457705266891292,0.4231860559383867,0,1.0,1.0,0.0,0.0,1.0,0.0,0.0,0.0,0.0,0.0,1.0,0.0,0.0,0.0
22,100.05,7.645517252301033,4,4.35,0,0.22592658272743393,0.121875,0,1.0,1.0,1.0,1.0,0.0,0.0,1.0,0.0,1.0,0.0,1.0,0.0,0.0,1.0
2,80.2,4.990772665000004,1,26.733333333333334,0,0.3435006206774251,0.4231860559383867,0,0.0,0.0,0.0,1.0,0.0,0.0,1.0,0.0,0.0,0.0,1.0,0.0,1.0,0.0
41,113.6,8.43293075988423,6,2.7047619047619045,1,0.21457705266891292,0.44104447164422683,0,0.0,1.0,0.0,1.0,0.0,1.0,1.0,0.0,0.0,0.0,1.0,0.0,0.0,0.0
32,78.9,7.803414640247219,1,2.390909090909091,0,0.3435006206774251,0.4231860559383867,0,1.0,1.0,0.0,1.0,0.0,1.0,1.0,0.0,0.0,0.0,1.0,0.0,1.0,0.0
3,99.0,5.664348405410794,4,24.75,1,0.21599574392622806,0.42984953233021556,0,0.0,0.0,0.0,1.0,0.0,0.0,1.0,0.0,0.0,0.0,1.0,1.0,0.0,0.0
13,55.15,6.611906617197295,2,3.939285714285714,0,0.22592658272743393,0.11266094420600858,0,0.0,0.0,0.0,1.0,0.0,0.0,0.0,0.0,1.0,0.0,0.0,0.0,0.0,1.0
68,72.95,8.508001073047323,4,1.0572463768115943,1,0.21457705266891292,0.027827648114901255,0,1.0,1.0,1.0,1.0,0.0,0.0,0.0,0.0,0.0,1.0,1.0,0.0,0.0,0.0
22,51.1,7.117935163904488,1,2.221739130434783,0,0.3435006206774251,0.42984953233021556,0,1.0,1.0,1.0,1.0,0.0,0.0,0.0,0.0,0.0,0.0,1.0,0.0,1.0,0.0
30,94.3,7.893833233429531,3,3.041935483870968,1,0.21599574392622806,0.42851340373679936,0,1.0,0.0,0.0,1.0,0.0,1.0,1.0,0.0,0.0,0.0,1.0,1.0,0.0,0.0
63,81.2,8.510390102796498,1,1.26875,1,0.21599574392622806,0.121875,0,0.0,1.0,0.0,1.0,0.0,1.0,1.0,0.0,1.0,0.0,1.0,1.0,0.0,0.0
61,24.2,7.2766947057408515,0,0.3903225806451613,0,0.22592658272743393,0.021602160216021602,0,0.0,1.0,1.0,1.0,0.0,1.0,0.0,1.0,0.0,1.0,1.0,0.0,0.0,1.0
62,24.4,7.254177846456518,0,0.38730158730158726,0,0.22592658272743393,0.03211009174311927,0,1.0,0.0,1.0,1.0,0.0,1.0,0.0,1.0,0.0,1.0,1.0,0.0,0.0,1.0
2,70.75,5.048894006213346,0,23.583333333333332,0,0.3435006206774251,0.42851340373679936,1,0.0,0.0,0.0,1.0,0.0,0.0,1.0,0.0,0.0,0.0,0.0,0.0,1.0,0.0
4,20.7,4.304740540713808,0,4.14,0,0.22592658272743393,0.44104447164422683,0,1.0,0.0,0.0,1.0,0.0,0.0,0.0,1.0,0.0,0.0,0.0,0.0,0.0,1.0
38,94.75,8.203577736937952,2,2.4294871794871793,0,0.3435006206774251,0.44104447164422683,1,1.0,0.0,0.0,1.0,0.0,1.0,1.0,0.0,0.0,0.0,0.0,0.0,1.0,0.0
35,102.05,8.147157966489951,3,2.834722222222222,1,0.21457705266891292,0.431938236489232,1,0.0,1.0,0.0,1.0,0.0,1.0,1.0,0.0,0.0,0.0,0.0,0.0,0.0,0.0
16,93.2,7.361820056926364,3,5.482352941176471,1,0.21599574392622806,0.42851340373679936,0,0.0,0.0,0.0,1.0,0.0,0.0,1.0,0.0,0.0,0.0,1.0,1.0,0.0,0.0
1,70.0,4.2626798770413155,0,35.0,0,0.3435006206774251,0.42984953233021556,0,1.0,1.0,0.0,1.0,0.0,0.0,1.0,0.0,0.0,0.0,0.0,0.0,1.0,0.0
7,95.6,6.469792805281196,2,11.95,1,0.21457705266891292,0.431938236489232,1,1.0,1.0,0.0,1.0,0.0,1.0,1.0,0.0,0.0,0.0,1.0,0.0,0.0,0.0
4,19.5,4.583435693842085,0,3.9,1,0.21599574392622806,0.02787769784172662,0,1.0,1.0,1.0,1.0,0.0,0.0,0.0,1.0,0.0,1.0,0.0,1.0,0.0,0.0
63,25.25,7.361407194673576,0,0.39453125,0,0.22592658272743393,0.03211009174311927,0,1.0,1.0,1.0,1.0,0.0,1.0,0.0,1.0,0.0,1.0,0.0,0.0,0.0,1.0
39,106.4,8.304408303417732,4,2.66,0,0.3435006206774251,0.42984953233021556,0,1.0,0.0,0.0,1.0,0.0,1.0,1.0,0.0,0.0,0.0,1.0,0.0,1.0,0.0
72,89.8,8.781317444656016,6,1.2301369863013698,1,0.21599574392622806,0.021602160216021602,0,0.0,1.0,1.0,1.0,0.0,1.0,0.0,0.0,0.0,1.0,0.0,1.0,0.0,0.0
9,54.8,6.117656572345742,2,5.4799999999999995,0,0.22592658272743393,0.431938236489232,0,1.0,1.0,1.0,1.0,0.0,0.0,0.0,0.0,0.0,0.0,0.0,0.0,0.0,1.0
65,103.9,8.819975676590616,4,1.5742424242424242,1,0.21457705266891292,0.11266094420600858,1,0.0,1.0,1.0,1.0,0.0,1.0,1.0,0.0,1.0,0.0,1.0,0.0,0.0,0.0
23,66.25,7.336155358372797,4,2.7604166666666665,0,0.22592658272743393,0.11158342189160468,0,0.0,1.0,1.0,1.0,0.0,0.0,0.0,0.0,1.0,0.0,1.0,0.0,0.0,1.0
2,19.3,3.8155121050473024,0,6.433333333333334,0,0.22592658272743393,0.4231860559383867,0,0.0,0.0,0.0,1.0,0.0,0.0,0.0,1.0,0.0,0.0,0.0,0.0,0.0,1.0
49,99.8,8.49155738415759,3,1.996,0,0.3435006206774251,0.4231860559383867,0,1.0,1.0,1.0,1.0,0.0,1.0,1.0,0.0,0.0,0.0,1.0,0.0,1.0,0.0
32,87.65,7.925663530235284,2,2.6560606060606062,1,0.21457705266891292,0.42851340373679936,0,1.0,0.0,0.0,1.0,0.0,1.0,1.0,0.0,0.0,0.0,0.0,0.0,0.0,0.0
69,59.75,8.311619384212086,3,0.8535714285714285,1,0.21457705266891292,0.024346257889990983,0,1.0,1.0,1.0,1.0,0.0,0.0,0.0,0.0,0.0,1.0,1.0,0.0,0.0,0.0
10,75.75,6.657112053965342,0,6.886363636363637,0,0.22592658272743393,0.44104447164422683,0,0.0,0.0,0.0,1.0,0.0,1.0,1.0,0.0,0.0,0.0,1.0,0.0,0.0,1.0
53,74.1,8.251911675906715,4,1.372222222222222,1,0.21457705266891292,0.11266094420600858,0,0.0,1.0,0.0,1.0,0.0,1.0,0.0,0.0,1.0,0.0,0.0,0.0,0.0,0.0
36,84.75,8.023273847716606,1,2.2905405405405403,0,0.3435006206774251,0.44104447164422683,0,1.0,0.0,0.0,1.0,0.0,1.0,1.0,0.0,0.0,0.0,1.0,0.0,1.0,0.0
1,19.5,3.0204248861443626,0,9.75,0,0.22592658272743393,0.42851340373679936,0,0.0,0.0,0.0,1.0,0.0,0.0,0.0,1.0,0.0,0.0,0.0,0.0,0.0,1.0
72,84.5,8.721251777852979,1,1.1575342465753424,1,0.21599574392622806,0.03211009174311927,0,1.0,1.0,1.0,1.0,0.0,1.0,1.0,0.0,0.0,1.0,1.0,1.0,0.0,0.0
50,109.65,8.595412699609673,5,2.15,1,0.21457705266891292,0.42851340373679936,0,0.0,1.0,0.0,1.0,0.0,1.0,1.0,0.0,0.0,0.0,1.0,0.0,0.0,0.0
25,19.9,6.227425602132806,0,0.7653846153846153,0,0.3435006206774251,0.11882229232386961,0,1.0,1.0,1.0,1.0,0.0,0.0,0.0,1.0,1.0,0.0,0.0,0.0,1.0,0.0
1,70.25,4.26619481914876,0,35.125,0,0.3435006206774251,0.4231860559383867,0,0.0,0.0,0.0,1.0,0.0,0.0,1.0,0.0,0.0,0.0,1.0,0.0,1.0,0.0
4,55.9,5.4785534168509695,1,11.18,0,0.3435006206774251,0.42984953233021556,0,1.0,0.0,0.0,1.0,0.0,0.0,0.0,0.0,0.0,0.0,1.0,0.0,1.0,0.0
45,73.85,8.123261319121745,4,1.6054347826086954,1,0.21599574392622806,0.02787769784172662,0,1.0,1.0,1.0,1.0,0.0,1.0,0.0,0.0,0.0,1.0,0.0,1.0,0.0,0.0
1,20.05,3.0469005601283903,0,10.025,1,0.21457705266891292,0.44104447164422683,0,1.0,0.0,0.0,1.0,0.0,0.0,0.0,1.0,0.0,0.0,0.0,0.0,0.0,0.0
20,64.4,7.2439417604935326,3,3.066666666666667,1,0.21599574392622806,0.44104447164422683,0,1.0,0.0,0.0,1.0,0.0,0.0,0.0,0.0,0.0,0.0,0.0,1.0,0.0,0.0
52,100.3,8.565116313146317,4,1.8924528301886792,0,0.3435006206774251,0.11158342189160468,0,0.0,1.0,1.0,1.0,0.0,0.0,1.0,0.0,1.0,0.0,0.0,0.0,1.0,0.0
34,116.25,8.268744652548376,6,3.3214285714285716,1,0.21599574392622806,0.121875,0,1.0,0.0,0.0,1.0,0.0,1.0,1.0,0.0,1.0,0.0,0.0,1.0,0.0,0.0
72,80.8,8.653392272593413,5,1.106849315068493,0,0.3435006206774251,0.021602160216021602,0,1.0,1.0,1.0,1.0,0.0,0.0,0.0,0.0,0.0,1.0,1.0,0.0,1.0,0.0
8,68.55,6.337445008381255,3,7.616666666666666,0,0.3435006206774251,0.431938236489232,0,0.0,1.0,1.0,1.0,0.0,0.0,0.0,0.0,0.0,0.0,1.0,0.0,1.0,0.0
25,19.8,6.165837934052762,0,0.7615384615384616,1,0.21599574392622806,0.027827648114901255,0,0.0,0.0,0.0,1.0,0.0,0.0,0.0,1.0,0.0,1.0,0.0,1.0,0.0,0.0
18,19.65,6.021629961439708,0,1.0342105263157895,0,0.22592658272743393,0.11266094420600858,0,1.0,0.0,0.0,1.0,0.0,0.0,0.0,1.0,1.0,0.0,0.0,0.0,0.0,1.0
72,20.25,7.357492423366405,0,0.2773972602739726,1,0.21599574392622806,0.024346257889990983,0,0.0,0.0,0.0,1.0,0.0,0.0,0.0,1.0,0.0,1.0,0.0,1.0,0.0,0.0
71,81.85,8.687003474273121,5,1.1368055555555554,1,0.21457705266891292,0.02787769784172662,0,0.0,1.0,0.0,1.0,0.0,0.0,0.0,0.0,0.0,1.0,0.0,0.0,0.0,0.0
27,36.5,6.940222469119639,1,1.3035714285714286,1,0.21457705266891292,0.42851340373679936,1,1.0,1.0,0.0,0.0,1.0,0.0,0.0,0.0,0.0,0.0,0.0,0.0,0.0,0.0
72,85.9,8.717968426868438,5,1.1767123287671233,1,0.21599574392622806,0.03211009174311927,0,0.0,1.0,1.0,1.0,0.0,1.0,0.0,0.0,0.0,1.0,1.0,1.0,0.0,0.0
16,79.95,7.145945065834913,1,4.702941176470588,1,0.21599574392622806,0.42984953233021556,0,0.0,1.0,1.0,1.0,0.0,1.0,1.0,0.0,0.0,0.0,1.0,1.0,0.0,0.0
4,55.2,5.401099561191063,2,11.040000000000001,0,0.3435006206774251,0.44104447164422683,0,0.0,0.0,0.0,1.0,0.0,0.0,0.0,0.0,0.0,0.0,0.0,0.0,1.0,0.0
67,118.35,8.962539051214572,6,1.740441176470588,1,0.21457705266891292,0.11882229232386961,0,1.0,0.0,0.0,1.0,0.0,1.0,1.0,0.0,1.0,0.0,1.0,0.0,0.0,0.0
34,20.05,6.522092798170152,0,0.5728571428571428,1,0.21599574392622806,0.027827648114901255,0,1.0,1.0,0.0,1.0,0.0,0.0,0.0,1.0,0.0,1.0,0.0,1.0,0.0,0.0
42,80.45,8.124713407865393,4,1.8709302325581396,1,0.21599574392622806,0.10683760683760683,0,1.0,1.0,0.0,1.0,0.0,1.0,0.0,0.0,1.0,0.0,0.0,1.0,0.0,0.0
35,72.25,7.851486065281684,4,2.0069444444444446,0,0.3435006206774251,0.44104447164422683,0,0.0,1.0,1.0,1.0,0.0,1.0,0.0,0.0,0.0,0.0,0.0,0.0,1.0,0.0
22,67.5,7.342811551267739,4,2.9347826086956523,1,0.21457705266891292,0.11158342189160468,0,1.0,1.0,1.0,1.0,0.0,0.0,0.0,0.0,1.0,0.0,1.0,0.0,0.0,0.0
2,74.85,5.058790335983303,0,24.95,0,0.22592658272743393,0.42851340373679936,1,1.0,0.0,0.0,1.0,0.0,1.0,1.0,0.0,0.0,0.0,1.0,0.0,0.0,1.0
53,20.9,7.044948708158344,0,0.387037037037037,0,0.22592658272743393,0.024346257889990983,0,0.0,1.0,1.0,1.0,0.0,0.0,0.0,1.0,0.0,1.0,0.0,0.0,0.0,1.0
1,69.8,4.259859000699674,0,34.9,0,0.3435006206774251,0.431938236489232,0,0.0,1.0,1.0,1.0,0.0,0.0,1.0,0.0,0.0,0.0,1.0,0.0,1.0,0.0
36,104.5,8.21228357329783,4,2.824324324324324,1,0.21599574392622806,0.42851340373679936,0,0.0,1.0,1.0,1.0,0.0,1.0,1.0,0.0,0.0,0.0,1.0,1.0,0.0,0.0
50,95.7,8.480051914735554,2,1.8764705882352941,0,0.3435006206774251,0.44104447164422683,1,1.0,0.0,0.0,1.0,0.0,1.0,1.0,0.0,0.0,0.0,1.0,0.0,1.0,0.0
67,20.5,7.266792430709889,0,0.3014705882352941,1,0.21457705266891292,0.021602160216021602,0,1.0,0.0,0.0,1.0,0.0,0.0,0.0,1.0,0.0,1.0,0.0,0.0,0.0,0.0
67,53.4,8.18315997795833,4,0.7852941176470588,1,0.21599574392622806,0.431938236489232,0,0.0,0.0,0.0,0.0,1.0,0.0,0.0,0.0,0.0,0.0,1.0,1.0,0.0,0.0
48,102.5,8.49806133910021,5,2.0918367346938775,1,0.21599574392622806,0.027827648114901255,0,0.0,0.0,0.0,1.0,0.0,0.0,1.0,0.0,0.0,1.0,1.0,1.0,0.0,0.0
50,19.75,6.897755446903804,0,0.3872549019607843,1,0.21457705266891292,0.11882229232386961,0,0.0,0.0,0.0,1.0,0.0,0.0,0.0,1.0,1.0,0.0,0.0,0.0,0.0,0.0
4,29.9,4.781222129768451,1,5.9799999999999995,0,0.3435006206774251,0.44104447164422683,1,1.0,1.0,0.0,0.0,1.0,0.0,0.0,0.0,0.0,0.0,1.0,0.0,1.0,0.0
72,109.75,8.996695316779933,5,1.5034246575342465,0,0.22592658272743393,0.03211009174311927,1,0.0,1.0,0.0,1.0,0.0,1.0,1.0,0.0,0.0,1.0,1.0,0.0,0.0,1.0
58,91.55,8.614800730269245,3,1.5516949152542372,0,0.3435006206774251,0.44104447164422683,0,0.0,1.0,1.0,1.0,0.0,0.0,1.0,0.0,0.0,0.0,1.0,0.0,1.0,0.0
72,114.95,9.011572309803286,6,1.5746575342465754,1,0.21457705266891292,0.03211009174311927,1,1.0,1.0,1.0,1.0,0.0,1.0,1.0,0.0,0.0,1.0,1.0,0.0,0.0,0.0
69,43.95,7.993316099905515,3,0.6278571428571429,1,0.21599574392622806,0.021602160216021602,0,0.0,1.0,1.0,0.0,1.0,0.0,0.0,0.0,0.0,1.0,1.0,1.0,0.0,0.0
35,25.6,6.804891643522898,0,0.7111111111111111,0,0.3435006206774251,0.4231860559383867,0,1.0,0.0,0.0,1.0,0.0,1.0,0.0,1.0,0.0,0.0,1.0,0.0,1.0,0.0
1,20.4,3.0633909220278057,0,10.2,0,0.22592658272743393,0.431938236489232,0,0.0,0.0,0.0,1.0,0.0,0.0,0.0,1.0,0.0,0.0,0.0,0.0,0.0,1.0
1,50.35,3.9386649363745674,3,25.175,0,0.3435006206774251,0.42851340373679936,0,1.0,1.0,0.0,0.0,1.0,0.0,0.0,0.0,0.0,0.0,1.0,0.0,1.0,0.0
18,35.0,6.317164686747284,1,1.8421052631578947,0,0.3435006206774251,0.431938236489232,0,0.0,0.0,1.0,0.0,1.0,0.0,0.0,0.0,0.0,0.0,1.0,0.0,1.0,0.0
49,96.2,8.459405167648843,2,1.9240000000000002,0,0.3435006206774251,0.431938236489232,1,1.0,0.0,0.0,1.0,0.0,1.0,1.0,0.0,0.0,0.0,1.0,0.0,1.0,0.0
23,48.35,6.973683459096243,0,2.0145833333333334,1,0.21599574392622806,0.11882229232386961,0,1.0,1.0,1.0,1.0,0.0,1.0,0.0,0.0,1.0,0.0,1.0,1.0,0.0,0.0
45,95.95,8.402377000320856,3,2.0858695652173913,1,0.21457705266891292,0.42984953233021556,0,1.0,1.0,1.0,1.0,0.0,1.0,1.0,0.0,0.0,0.0,1.0,0.0,0.0,0.0
1,55.3,4.030694535145645,1,27.65,0,0.22592658272743393,0.431938236489232,0,0.0,1.0,0.0,1.0,0.0,0.0,0.0,0.0,0.0,0.0,1.0,0.0,0.0,1.0
2,62.15,4.73707525686803,2,20.716666666666665,0,0.22592658272743393,0.42984953233021556,0,0.0,1.0,0.0,1.0,0.0,0.0,0.0,0.0,0.0,0.0,1.0,0.0,0.0,1.0
7,20.05,4.582924577040772,0,2.50625,0,0.22592658272743393,0.11266094420600858,0,0.0,0.0,1.0,1.0,0.0,0.0,0.0,1.0,1.0,0.0,0.0,0.0,0.0,1.0
16,65.2,6.951149961301326,2,3.835294117647059,1,0.21599574392622806,0.42851340373679936,0,0.0,0.0,0.0,1.0,0.0,1.0,0.0,0.0,0.0,0.0,1.0,1.0,0.0,0.0
70,48.4,8.144330791852086,4,0.6816901408450704,1,0.21457705266891292,0.02787769784172662,0,1.0,0.0,0.0,0.0,1.0,0.0,0.0,0.0,0.0,1.0,0.0,0.0,0.0,0.0
51,56.15,7.972448774446621,4,1.0798076923076922,0,0.3435006206774251,0.11158342189160468,0,0.0,1.0,1.0,0.0,1.0,0.0,0.0,0.0,1.0,0.0,1.0,0.0,1.0,0.0
4,56.05,5.344485047393044,1,11.209999999999999,0,0.22592658272743393,0.4231860559383867,0,1.0,0.0,0.0,1.0,0.0,0.0,0.0,0.0,0.0,0.0,0.0,0.0,0.0,1.0
40,106.0,8.337982789955662,4,2.5853658536585367,1,0.21457705266891292,0.11158342189160468,0,1.0,1.0,0.0,1.0,0.0,1.0,1.0,0.0,1.0,0.0,1.0,0.0,0.0,0.0
13,20.3,5.621849091893515,0,1.45,0,0.22592658272743393,0.42851340373679936,0,0.0,0.0,0.0,1.0,0.0,0.0,0.0,1.0,0.0,0.0,1.0,0.0,0.0,1.0
57,101.3,8.662262762507304,4,1.746551724137931,1,0.21599574392622806,0.021602160216021602,1,0.0,0.0,0.0,1.0,0.0,1.0,1.0,0.0,0.0,1.0,0.0,1.0,0.0,0.0
1,79.95,4.393831680123644,1,39.975,0,0.3435006206774251,0.42851340373679936,0,1.0,0.0,0.0,1.0,0.0,0.0,1.0,0.0,0.0,0.0,1.0,0.0,1.0,0.0
33,83.85,7.907394019230851,2,2.466176470588235,1,0.21599574392622806,0.4231860559383867,1,1.0,0.0,0.0,1.0,0.0,1.0,1.0,0.0,0.0,0.0,1.0,1.0,0.0,0.0
67,116.2,8.955873838169165,6,1.7088235294117649,1,0.21599574392622806,0.024346257889990983,0,1.0,0.0,0.0,1.0,0.0,1.0,1.0,0.0,0.0,1.0,0.0,1.0,0.0,0.0
42,56.05,8.181048901014783,5,1.3034883720930233,1,0.21599574392622806,0.021602160216021602,0,0.0,1.0,0.0,1.0,0.0,1.0,0.0,0.0,0.0,1.0,0.0,1.0,0.0,0.0
7,20.65,5.074861266395527,0,2.58125,0,0.22592658272743393,0.44104447164422683,0,0.0,1.0,1.0,1.0,0.0,0.0,0.0,1.0,0.0,0.0,0.0,0.0,0.0,1.0
7,34.2,5.551407994230199,2,4.275,0,0.22592658272743393,0.44104447164422683,0,1.0,1.0,0.0,0.0,1.0,0.0,0.0,0.0,0.0,0.0,0.0,0.0,0.0,1.0
1,84.6,4.449685283147696,1,42.3,0,0.3435006206774251,0.42984953233021556,0,0.0,0.0,0.0,1.0,0.0,1.0,1.0,0.0,0.0,0.0,1.0,0.0,1.0,0.0
50,88.05,8.382140642419776,2,1.726470588235294,0,0.3435006206774251,0.42984953233021556,1,0.0,1.0,0.0,1.0,0.0,1.0,1.0,0.0,0.0,0.0,1.0,0.0,1.0,0.0
1,70.45,4.268997904375876,0,35.225,0,0.22592658272743393,0.431938236489232,0,1.0,0.0,1.0,1.0,0.0,0.0,1.0,0.0,0.0,0.0,1.0,0.0,0.0,1.0
72,115.8,9.045170873999794,6,1.5863013698630137,1,0.21457705266891292,0.02787769784172662,0,0.0,1.0,1.0,1.0,0.0,1.0,1.0,0.0,0.0,1.0,1.0,0.0,0.0,0.0
27,19.15,6.219297087908323,0,0.6839285714285713,0,0.22592658272743393,0.11158342189160468,0,0.0,0.0,0.0,1.0,0.0,0.0,0.0,1.0,1.0,0.0,0.0,0.0,0.0,1.0
6,89.3,6.360611392542035,2,12.757142857142856,0,0.3435006206774251,0.4231860559383867,0,0.0,0.0,0.0,1.0,0.0,0.0,1.0,0.0,0.0,0.0,0.0,0.0,1.0,0.0
12,29.3,5.877455630496114,1,2.253846153846154,0,0.22592658272743393,0.431938236489232,1,0.0,1.0,1.0,0.0,1.0,0.0,0.0,0.0,0.0,0.0,1.0,0.0,0.0,1.0
6,94.5,6.356888605678963,3,13.5,0,0.22592658272743393,0.4231860559383867,0,1.0,0.0,1.0,1.0,0.0,0.0,1.0,0.0,0.0,0.0,0.0,0.0,0.0,1.0
3,35.45,4.680741372835166,2,8.8625,0,0.22592658272743393,0.4231860559383867,0,1.0,0.0,0.0,0.0,1.0,0.0,0.0,0.0,0.0,0.0,1.0,0.0,0.0,1.0
1,74.4,4.32280727501391,0,37.2,0,0.3435006206774251,0.44104447164422683,1,1.0,0.0,0.0,1.0,0.0,1.0,1.0,0.0,0.0,0.0,1.0,0.0,1.0,0.0
0,56.05,0.0,5,56.05,1,0.21599574392622806,0.024346257889990983,0,0.0,1.0,1.0,0.0,1.0,0.0,0.0,0.0,0.0,1.0,0.0,1.0,0.0,0.0
67,50.95,8.16698302001767,4,0.7492647058823529,1,0.21457705266891292,0.02787769784172662,0,1.0,1.0,0.0,0.0,1.0,0.0,0.0,0.0,0.0,1.0,1.0,0.0,0.0,0.0
3,25.3,4.366278277705742,0,6.325,0,0.3435006206774251,0.42984953233021556,1,0.0,0.0,0.0,0.0,1.0,0.0,0.0,0.0,0.0,0.0,0.0,0.0,1.0,0.0
33,82.1,7.8648424050488615,5,2.414705882352941,1,0.21599574392622806,0.021602160216021602,0,1.0,1.0,1.0,1.0,0.0,0.0,0.0,0.0,0.0,1.0,0.0,1.0,0.0,0.0
17,92.55,7.323896527087536,2,5.141666666666667,0,0.3435006206774251,0.42984953233021556,0,1.0,1.0,1.0,1.0,0.0,1.0,1.0,0.0,0.0,0.0,1.0,0.0,1.0,0.0
58,98.9,8.662453036069365,3,1.676271186440678,0,0.3435006206774251,0.431938236489232,1,1.0,1.0,0.0,1.0,0.0,1.0,1.0,0.0,0.0,0.0,1.0,0.0,1.0,0.0
55,69.05,8.254164706403113,0,1.2330357142857142,1,0.21599574392622806,0.03211009174311927,0,0.0,1.0,1.0,1.0,0.0,0.0,1.0,0.0,0.0,1.0,1.0,1.0,0.0,0.0
60,24.15,7.3178098394241085,0,0.39590163934426226,1,0.21457705266891292,0.11882229232386961,0,1.0,1.0,0.0,1.0,0.0,1.0,0.0,1.0,1.0,0.0,0.0,0.0,0.0,0.0
61,89.65,8.577290615464818,6,1.445967741935484,0,0.3435006206774251,0.021602160216021602,0,0.0,0.0,0.0,1.0,0.0,1.0,0.0,0.0,0.0,1.0,0.0,0.0,1.0,0.0
38,54.5,7.638703896768833,2,1.3974358974358974,0,0.3435006206774251,0.431938236489232,0,0.0,1.0,1.0,1.0,0.0,0.0,0.0,0.0,0.0,0.0,0.0,0.0,1.0,0.0
12,78.95,6.83340881685348,1,6.073076923076924,0,0.3435006206774251,0.4231860559383867,0,0.0,0.0,0.0,1.0,0.0,1.0,1.0,0.0,0.0,0.0,1.0,0.0,1.0,0.0
4,25.25,4.633757642840004,0,5.05,0,0.22592658272743393,0.44104447164422683,0,1.0,0.0,0.0,1.0,0.0,1.0,0.0,1.0,0.0,0.0,0.0,0.0,0.0,1.0
7,93.85,6.456141514847992,2,11.73125,0,0.3435006206774251,0.42984953233021556,0,1.0,0.0,0.0,1.0,0.0,1.0,1.0,0.0,0.0,0.0,1.0,0.0,1.0,0.0
32,84.05,7.931230861402805,1,2.546969696969697,0,0.3435006206774251,0.11882229232386961,0,0.0,0.0,0.0,1.0,0.0,1.0,1.0,0.0,1.0,0.0,0.0,0.0,1.0,0.0
37,62.8,7.731821066813775,3,1.6526315789473685,1,0.21599574392622806,0.02787769784172662,0,1.0,1.0,1.0,1.0,0.0,1.0,0.0,0.0,0.0,1.0,1.0,1.0,0.0,0.0
40,36.0,7.232660879231885,2,0.8780487804878049,1,0.21599574392622806,0.11266094420600858,0,1.0,0.0,0.0,0.0,1.0,0.0,0.0,0.0,1.0,0.0,0.0,1.0,0.0,0.0
65,24.75,7.447809553408257,0,0.375,1,0.21599574392622806,0.02787769784172662,0,1.0,1.0,1.0,1.0,0.0,1.0,0.0,1.0,0.0,1.0,0.0,1.0,0.0,0.0
11,20.95,5.592292098622838,0,1.7458333333333333,1,0.21457705266891292,0.4231860559383867,0,1.0,1.0,1.0,1.0,0.0,0.0,0.0,1.0,0.0,0.0,0.0,0.0,0.0,0.0
13,74.4,6.799891633106192,0,5.314285714285715,1,0.21599574392622806,0.42984953233021556,0,1.0,1.0,1.0,1.0,0.0,1.0,1.0,0.0,0.0,0.0,1.0,1.0,0.0,0.0
1,49.5,3.9219733362813143,1,24.75,0,0.3435006206774251,0.431938236489232,0,0.0,0.0,0.0,1.0,0.0,0.0,0.0,0.0,0.0,0.0,0.0,0.0,1.0,0.0
24,96.55,7.725087182823159,3,3.862,0,0.3435006206774251,0.027827648114901255,1,0.0,1.0,1.0,1.0,0.0,0.0,1.0,0.0,0.0,1.0,1.0,0.0,1.0,0.0
1,19.7,3.0301337002713233,0,9.85,0,0.22592658272743393,0.44104447164422683,0,1.0,1.0,1.0,1.0,0.0,0.0,0.0,1.0,0.0,0.0,0.0,0.0,0.0,1.0
52,105.0,8.59929838608508,5,1.9811320754716981,1,0.21457705266891292,0.11158342189160468,0,1.0,0.0,0.0,1.0,0.0,0.0,1.0,0.0,1.0,0.0,1.0,0.0,0.0,0.0
71,24.35,7.4119187598745775,0,0.33819444444444446,0,0.22592658272743393,0.03211009174311927,0,1.0,0.0,1.0,1.0,0.0,1.0,0.0,1.0,0.0,1.0,0.0,0.0,0.0,1.0
72,112.6,9.003027107867489,6,1.5424657534246575,1,0.21599574392622806,0.03211009174311927,0,1.0,1.0,1.0,1.0,0.0,1.0,1.0,0.0,0.0,1.0,1.0,1.0,0.0,0.0
68,70.9,8.499507721360189,4,1.027536231884058,1,0.21599574392622806,0.024346257889990983,0,0.0,1.0,0.0,1.0,0.0,1.0,0.0,0.0,0.0,1.0,0.0,1.0,0.0,0.0
6,19.15,4.83150862819882,0,2.7357142857142853,0,0.22592658272743393,0.11266094420600858,0,1.0,0.0,0.0,1.0,0.0,0.0,0.0,1.0,1.0,0.0,0.0,0.0,0.0,1.0
2,19.4,3.9435216724875173,0,6.466666666666666,0,0.22592658272743393,0.44104447164422683,0,1.0,0.0,0.0,1.0,0.0,0.0,0.0,1.0,0.0,0.0,0.0,0.0,0.0,1.0
70,84.1,8.696292896950245,5,1.184507042253521,0,0.3435006206774251,0.02787769784172662,0,1.0,1.0,1.0,1.0,0.0,1.0,0.0,0.0,0.0,1.0,1.0,0.0,1.0,0.0
56,19.55,6.98615047640951,0,0.3429824561403509,1,0.21457705266891292,0.024346257889990983,0,0.0,0.0,0.0,1.0,0.0,0.0,0.0,1.0,0.0,1.0,1.0,0.0,0.0,0.0
55,25.7,7.275622356674983,0,0.4589285714285714,1,0.21457705266891292,0.021602160216021602,0,1.0,1.0,0.0,1.0,0.0,1.0,0.0,1.0,0.0,1.0,0.0,0.0,0.0,0.0
50,35.4,7.467313922427702,2,0.6941176470588235,0,0.22592658272743393,0.10683760683760683,0,1.0,0.0,0.0,0.0,1.0,0.0,0.0,0.0,1.0,0.0,1.0,0.0,0.0,1.0
32,19.75,6.437991620941009,0,0.5984848484848485,1,0.21457705266891292,0.10683760683760683,0,0.0,0.0,0.0,1.0,0.0,0.0,0.0,1.0,1.0,0.0,0.0,0.0,0.0,0.0
35,108.95,8.3006527912356,5,3.026388888888889,0,0.3435006206774251,0.021602160216021602,0,1.0,0.0,0.0,1.0,0.0,1.0,1.0,0.0,0.0,1.0,1.0,0.0,1.0,0.0
18,57.65,6.901435350237318,1,3.0342105263157895,0,0.22592658272743393,0.431938236489232,0,0.0,0.0,1.0,1.0,0.0,1.0,0.0,0.0,0.0,0.0,0.0,0.0,0.0,1.0
50,75.15,8.248908435375105,4,1.473529411764706,1,0.21457705266891292,0.027827648114901255,1,1.0,1.0,1.0,1.0,0.0,1.0,0.0,0.0,0.0,1.0,1.0,0.0,0.0,0.0
49,61.75,8.014715956012418,3,1.235,1,0.21457705266891292,0.42984953233021556,0,0.0,1.0,1.0,1.0,0.0,0.0,0.0,0.0,0.0,0.0,0.0,0.0,0.0,0.0
49,106.65,8.551662248696813,5,2.133,1,0.21599574392622806,0.021602160216021602,0,0.0,1.0,0.0,1.0,0.0,1.0,1.0,0.0,0.0,1.0,0.0,1.0,0.0,0.0
11,60.25,6.498206845436337,2,5.020833333333333,1,0.21457705266891292,0.42984953233021556,1,1.0,0.0,0.0,1.0,0.0,1.0,0.0,0.0,0.0,0.0,0.0,0.0,0.0,0.0
72,84.8,8.72301152412159,3,1.1616438356164382,1,0.21599574392622806,0.027827648114901255,1,1.0,1.0,0.0,1.0,0.0,0.0,1.0,0.0,0.0,1.0,1.0,1.0,0.0,0.0
52,63.9,8.112512775356723,6,1.2056603773584906,1,0.21599574392622806,0.024346257889990983,0,1.0,0.0,0.0,0.0,1.0,0.0,0.0,0.0,0.0,1.0,0.0,1.0,0.0,0.0
20,94.3,7.506207090702758,4,4.4904761904761905,1,0.21599574392622806,0.11266094420600858,1,1.0,1.0,1.0,1.0,0.0,0.0,1.0,0.0,1.0,0.0,0.0,1.0,0.0,0.0
72,100.55,8.89919859325925,4,1.3773972602739726,1,0.21457705266891292,0.027827648114901255,0,1.0,1.0,0.0,1.0,0.0,1.0,1.0,0.0,0.0,1.0,1.0,0.0,0.0,0.0
42,22.95,6.9228901665664075,0,0.5337209302325582,0,0.3435006206774251,0.021602160216021602,0,0.0,1.0,1.0,1.0,0.0,1.0,0.0,1.0,0.0,1.0,0.0,0.0,1.0,0.0
1,80.0,4.394449154672439,1,40.0,0,0.3435006206774251,0.42984953233021556,0,1.0,1.0,1.0,1.0,0.0,0.0,1.0,0.0,0.0,0.0,0.0,0.0,1.0,0.0
18,95.95,7.465369064246887,3,5.05,1,0.21599574392622806,0.431938236489232,0,0.0,1.0,0.0,1.0,0.0,0.0,1.0,0.0,0.0,0.0,1.0,1.0,0.0,0.0
69,85.35,8.682436406675441,5,1.2192857142857143,1,0.21599574392622806,0.03211009174311927,0,0.0,0.0,0.0,1.0,0.0,1.0,0.0,0.0,0.0,1.0,1.0,1.0,0.0,0.0
61,20.15,7.198445322948222,0,0.32499999999999996,1,0.21457705266891292,0.121875,0,0.0,0.0,0.0,1.0,0.0,0.0,0.0,1.0,1.0,0.0,0.0,0.0,0.0,0.0
63,103.5,8.776537515836264,4,1.6171875,0,0.3435006206774251,0.4231860559383867,1,0.0,1.0,0.0,1.0,0.0,1.0,1.0,0.0,0.0,0.0,1.0,0.0,1.0,0.0
61,99.4,8.690246934389275,4,1.603225806451613,1,0.21457705266891292,0.44104447164422683,0,1.0,1.0,0.0,1.0,0.0,1.0,1.0,0.0,0.0,0.0,0.0,0.0,0.0,0.0
51,94.65,8.479231685129118,2,1.8201923076923079,0,0.3435006206774251,0.42984953233021556,0,1.0,1.0,0.0,1.0,0.0,1.0,1.0,0.0,0.0,0.0,1.0,0.0,1.0,0.0
24,74.4,7.446526754398526,4,2.9760000000000004,1,0.21457705266891292,0.11158342189160468,0,1.0,1.0,0.0,1.0,0.0,0.0,0.0,0.0,1.0,0.0,0.0,0.0,0.0,0.0
59,24.45,7.309279297857039,0,0.4075,0,0.3435006206774251,0.024346257889990983,0,0.0,0.0,0.0,1.0,0.0,1.0,0.0,1.0,0.0,1.0,0.0,0.0,1.0,0.0
4,29.65,4.783316371371566,1,5.93,0,0.3435006206774251,0.42851340373679936,0,1.0,0.0,0.0,0.0,1.0,0.0,0.0,0.0,0.0,0.0,1.0,0.0,1.0,0.0
10,88.85,6.835668340087237,2,8.077272727272726,0,0.3435006206774251,0.431938236489232,0,0.0,1.0,1.0,1.0,0.0,0.0,1.0,0.0,0.0,0.0,1.0,0.0,1.0,0.0
53,104.05,8.624683437587189,5,1.9268518518518518,1,0.21457705266891292,0.02787769784172662,0,0.0,1.0,1.0,1.0,0.0,1.0,1.0,0.0,0.0,1.0,1.0,0.0,0.0,0.0
42,99.45,8.32822157188838,4,2.312790697674419,0,0.3435006206774251,0.42984953233021556,0,1.0,1.0,0.0,1.0,0.0,1.0,1.0,0.0,0.0,0.0,1.0,0.0,1.0,0.0
1,45.1,3.8308129500026027,0,22.55,0,0.3435006206774251,0.42851340373679936,1,1.0,0.0,0.0,1.0,0.0,0.0,0.0,0.0,0.0,0.0,0.0,0.0,1.0,0.0
8,74.5,6.414933279655721,1,8.277777777777779,0,0.3435006206774251,0.431938236489232,0,1.0,1.0,0.0,1.0,0.0,0.0,1.0,0.0,0.0,0.0,1.0,0.0,1.0,0.0
8,95.65,6.6581394073368125,2,10.627777777777778,1,0.21457705266891292,0.4231860559383867,0,0.0,0.0,0.0,1.0,0.0,1.0,1.0,0.0,0.0,0.0,0.0,0.0,0.0,0.0
26,69.5,7.496125107144836,3,2.574074074074074,1,0.21457705266891292,0.4231860559383867,0,0.0,0.0,0.0,1.0,0.0,1.0,0.0,0.0,0.0,0.0,1.0,0.0,0.0,0.0
31,59.7,7.510156846235337,1,1.865625,1,0.21457705266891292,0.44104447164422683,0,1.0,1.0,1.0,1.0,0.0,1.0,0.0,0.0,0.0,0.0,0.0,0.0,0.0,0.0
6,55.0,5.83305481036034,1,7.857142857142857,0,0.3435006206774251,0.42984953233021556,0,0.0,0.0,0.0,1.0,0.0,0.0,0.0,0.0,0.0,0.0,1.0,0.0,1.0,0.0
16,100.7,7.328896866475309,4,5.923529411764706,1,0.21457705266891292,0.4231860559383867,0,0.0,1.0,1.0,1.0,0.0,0.0,1.0,0.0,0.0,0.0,0.0,0.0,0.0,0.0
1,73.5,4.310799125385514,1,36.75,1,0.21457705266891292,0.42851340373679936,0,0.0,0.0,0.0,1.0,0.0,0.0,1.0,0.0,0.0,0.0,0.0,0.0,0.0,0.0
57,79.75,8.398229459011691,4,1.375,1,0.21457705266891292,0.024346257889990983,1,1.0,0.0,0.0,1.0,0.0,1.0,0.0,0.0,0.0,1.0,1.0,0.0,0.0,0.0
7,34.5,5.635682061952269,2,4.3125,0,0.3435006206774251,0.42984953233021556,0,1.0,1.0,1.0,0.0,1.0,0.0,0.0,0.0,0.0,0.0,1.0,0.0,1.0,0.0
68,111.75,8.92429695619291,5,1.6195652173913044,1,0.21599574392622806,0.027827648114901255,0,0.0,1.0,1.0,1.0,0.0,1.0,1.0,0.0,0.0,1.0,0.0,1.0,0.0,0.0
1,20.5,3.068052935133617,0,10.25,0,0.22592658272743393,0.431938236489232,0,1.0,0.0,0.0,1.0,0.0,0.0,0.0,1.0,0.0,0.0,0.0,0.0,0.0,1.0
43,99.3,8.345443554427222,3,2.256818181818182,1,0.21457705266891292,0.42851340373679936,0,0.0,1.0,1.0,1.0,0.0,1.0,1.0,0.0,0.0,0.0,1.0,0.0,0.0,0.0
51,49.65,7.845553067140723,3,0.9548076923076922,0,0.3435006206774251,0.42984953233021556,0,0.0,1.0,0.0,0.0,1.0,0.0,0.0,0.0,0.0,0.0,1.0,0.0,1.0,0.0
72,85.45,8.736890812326147,5,1.1705479452054794,1,0.21599574392622806,0.02787769784172662,0,1.0,1.0,0.0,1.0,0.0,1.0,0.0,0.0,0.0,1.0,1.0,1.0,0.0,0.0
1,44.4,3.8155121050473024,0,22.2,0,0.3435006206774251,0.4231860559383867,0,1.0,0.0,1.0,1.0,0.0,0.0,0.0,0.0,0.0,0.0,1.0,0.0,1.0,0.0
61,88.1,8.617536140112266,6,1.4209677419354838,0,0.22592658272743393,0.02787769784172662,0,0.0,1.0,1.0,1.0,0.0,1.0,0.0,0.0,0.0,1.0,0.0,0.0,0.0,1.0
17,19.15,5.841948942039205,0,1.0638888888888889,0,0.22592658272743393,0.024346257889990983,0,1.0,0.0,0.0,1.0,0.0,0.0,0.0,1.0,0.0,1.0,0.0,0.0,0.0,1.0
27,81.45,7.660609013003878,1,2.9089285714285715,0,0.3435006206774251,0.42851340373679936,1,1.0,0.0,0.0,1.0,0.0,1.0,1.0,0.0,0.0,0.0,1.0,0.0,1.0,0.0
37,19.8,6.545421496834576,0,0.5210526315789474,0,0.3435006206774251,0.11266094420600858,0,0.0,0.0,0.0,1.0,0.0,0.0,0.0,1.0,1.0,0.0,1.0,0.0,1.0,0.0
29,98.6,7.984190122705543,3,3.2866666666666666,1,0.21599574392622806,0.42851340373679936,0,0.0,0.0,0.0,1.0,0.0,1.0,1.0,0.0,0.0,0.0,1.0,1.0,0.0,0.0
72,25.0,7.5230490203372185,0,0.3424657534246575,1,0.21599574392622806,0.027827648114901255,0,0.0,1.0,0.0,1.0,0.0,1.0,0.0,1.0,0.0,1.0,0.0,1.0,0.0,0.0
65,104.35,8.791721632922973,4,1.581060606060606,0,0.3435006206774251,0.431938236489232,1,1.0,1.0,0.0,1.0,0.0,1.0,1.0,0.0,0.0,0.0,1.0,0.0,1.0,0.0
65,90.65,8.688116703257823,2,1.3734848484848485,0,0.3435006206774251,0.431938236489232,0,1.0,1.0,0.0,1.0,0.0,1.0,1.0,0.0,0.0,0.0,1.0,0.0,1.0,0.0
48,105.1,8.533961808991474,4,2.144897959183673,1,0.21599574392622806,0.431938236489232,0,0.0,1.0,0.0,1.0,0.0,1.0,1.0,0.0,0.0,0.0,1.0,1.0,0.0,0.0
35,99.05,8.17627910436752,3,2.7513888888888887,0,0.3435006206774251,0.4231860559383867,1,0.0,0.0,0.0,1.0,0.0,1.0,1.0,0.0,0.0,0.0,1.0,0.0,1.0,0.0
68,53.0,8.204466777858196,4,0.7681159420289855,0,0.3435006206774251,0.02787769784172662,1,0.0,1.0,1.0,0.0,1.0,0.0,0.0,0.0,0.0,1.0,1.0,0.0,1.0,0.0
1,45.2,3.832979798087693,0,22.6,0,0.3435006206774251,0.431938236489232,1,1.0,0.0,0.0,1.0,0.0,0.0,0.0,0.0,0.0,0.0,0.0,0.0,1.0,0.0
57,20.75,7.0247824735070115,0,0.3577586206896552,0,0.22592658272743393,0.03211009174311927,0,1.0,1.0,1.0,1.0,0.0,0.0,0.0,1.0,0.0,1.0,0.0,0.0,0.0,1.0
29,35.65,6.933569213875117,2,1.1883333333333332,0,0.22592658272743393,0.44104447164422683,1,0.0,1.0,1.0,0.0,1.0,0.0,0.0,0.0,0.0,0.0,1.0,0.0,0.0,1.0
66,96.6,8.767990819512264,4,1.4417910447761193,0,0.22592658272743393,0.024346257889990983,0,1.0,1.0,0.0,1.0,0.0,1.0,1.0,0.0,0.0,1.0,0.0,0.0,0.0,1.0
23,40.1,6.755477843536559,3,1.6708333333333334,0,0.22592658272743393,0.027827648114901255,0,1.0,0.0,1.0,0.0,1.0,0.0,0.0,0.0,0.0,1.0,0.0,0.0,0.0,1.0
2,24.5,3.858622228701031,0,8.166666666666666,0,0.3435006206774251,0.42851340373679936,0,0.0,0.0,0.0,0.0,1.0,0.0,0.0,0.0,0.0,0.0,0.0,0.0,1.0,0.0
18,20.15,6.011389715915252,0,1.0605263157894735,0,0.22592658272743393,0.10683760683760683,0,0.0,0.0,0.0,1.0,0.0,0.0,0.0,1.0,1.0,0.0,0.0,0.0,0.0,1.0
72,109.9,8.939213830639822,6,1.5054794520547945,0,0.3435006206774251,0.03211009174311927,0,0.0,0.0,0.0,1.0,0.0,0.0,1.0,0.0,0.0,1.0,1.0,0.0,1.0,0.0
1,70.35,4.267597343922845,0,35.175,0,0.3435006206774251,0.42984953233021556,0,1.0,0.0,0.0,1.0,0.0,0.0,1.0,0.0,0.0,0.0,1.0,0.0,1.0,0.0
25,35.05,6.739869029984439,2,1.348076923076923,1,0.21457705266891292,0.024346257889990983,0,0.0,0.0,1.0,0.0,1.0,0.0,0.0,0.0,0.0,1.0,0.0,0.0,0.0,0.0
7,20.25,4.868687631440574,0,2.53125,0,0.22592658272743393,0.121875,0,0.0,0.0,0.0,1.0,0.0,0.0,0.0,1.0,1.0,0.0,0.0,0.0,0.0,1.0
21,64.85,7.198781752684307,3,2.9477272727272723,0,0.22592658272743393,0.11158342189160468,0,0.0,0.0,1.0,1.0,0.0,0.0,0.0,0.0,1.0,0.0,0.0,0.0,0.0,1.0
56,104.55,8.664862915143807,4,1.8342105263157895,1,0.21457705266891292,0.11882229232386961,1,1.0,1.0,1.0,1.0,0.0,1.0,1.0,0.0,1.0,0.0,1.0,0.0,0.0,0.0
14,51.45,6.5914679495200215,1,3.43,1,0.21599574392622806,0.11882229232386961,0,0.0,0.0,0.0,1.0,0.0,0.0,0.0,0.0,1.0,0.0,0.0,1.0,0.0,0.0
44,73.85,8.046677431053746,1,1.641111111111111,0,0.3435006206774251,0.4231860559383867,1,1.0,0.0,0.0,1.0,0.0,0.0,1.0,0.0,0.0,0.0,0.0,0.0,1.0,0.0
5,55.7,5.562218910334414,1,9.283333333333333,0,0.22592658272743393,0.42984953233021556,0,1.0,1.0,1.0,1.0,0.0,1.0,0.0,0.0,0.0,0.0,1.0,0.0,0.0,1.0
36,106.05,8.252029010839415,5,2.866216216216216,1,0.21599574392622806,0.02787769784172662,0,0.0,1.0,0.0,1.0,0.0,1.0,1.0,0.0,0.0,1.0,1.0,1.0,0.0,0.0
15,58.6,6.846624278977906,2,3.6625,1,0.21599574392622806,0.42851340373679936,0,1.0,0.0,0.0,1.0,0.0,1.0,0.0,0.0,0.0,0.0,1.0,1.0,0.0,0.0
1,49.9,3.929862923556477,1,24.95,0,0.22592658272743393,0.42851340373679936,0,1.0,0.0,1.0,1.0,0.0,0.0,0.0,0.0,0.0,0.0,1.0,0.0,0.0,1.0
1,69.65,4.257738109130536,0,34.825,0,0.3435006206774251,0.42984953233021556,0,0.0,0.0,1.0,1.0,0.0,0.0,1.0,0.0,0.0,0.0,1.0,0.0,1.0,0.0
56,19.7,6.959303540862714,0,0.34561403508771926,1,0.21457705266891292,0.027827648114901255,0,0.0,0.0,0.0,1.0,0.0,0.0,0.0,1.0,0.0,1.0,0.0,0.0,0.0,0.0
47,85.2,8.286609531004332,2,1.7750000000000001,1,0.21457705266891292,0.4231860559383867,1,0.0,0.0,0.0,1.0,0.0,1.0,1.0,0.0,0.0,0.0,1.0,0.0,0.0,0.0
68,88.15,8.724117925907073,6,1.277536231884058,0,0.3435006206774251,0.024346257889990983,0,0.0,0.0,0.0,1.0,0.0,1.0,0.0,0.0,0.0,1.0,1.0,0.0,1.0,0.0
49,103.0,8.550086234718263,5,2.06,1,0.21457705266891292,0.11882229232386961,1,0.0,0.0,0.0,1.0,0.0,1.0,1.0,0.0,1.0,0.0,0.0,0.0,0.0,0.0
7,85.2,6.402828887147136,1,10.65,0,0.22592658272743393,0.4231860559383867,0,1.0,0.0,0.0,1.0,0.0,1.0,1.0,0.0,0.0,0.0,1.0,0.0,0.0,1.0
6,26.35,5.220626058832165,0,3.7642857142857147,0,0.22592658272743393,0.42984953233021556,0,1.0,0.0,1.0,1.0,0.0,1.0,0.0,1.0,0.0,0.0,0.0,0.0,0.0,1.0
71,25.0,7.469654172932128,0,0.3472222222222222,1,0.21457705266891292,0.03211009174311927,0,0.0,1.0,0.0,1.0,0.0,1.0,0.0,1.0,0.0,1.0,0.0,0.0,0.0,0.0
25,19.9,6.237933923725689,0,0.7653846153846153,1,0.21599574392622806,0.11882229232386961,0,1.0,0.0,0.0,1.0,0.0,0.0,0.0,1.0,1.0,0.0,0.0,1.0,0.0,0.0
18,90.7,7.376664559646836,2,4.773684210526316,1,0.21599574392622806,0.44104447164422683,0,1.0,0.0,0.0,1.0,0.0,1.0,1.0,0.0,0.0,0.0,1.0,1.0,0.0,0.0
1,90.85,4.520156811661135,2,45.425,0,0.3435006206774251,0.431938236489232,0,1.0,0.0,1.0,1.0,0.0,0.0,1.0,0.0,0.0,0.0,1.0,0.0,1.0,0.0
8,75.75,6.408940567882282,0,8.416666666666666,0,0.3435006206774251,0.42984953233021556,1,0.0,0.0,0.0,1.0,0.0,1.0,1.0,0.0,0.0,0.0,1.0,0.0,1.0,0.0
37,40.55,7.238389076467298,3,1.0671052631578946,0,0.22592658272743393,0.024346257889990983,0,1.0,0.0,0.0,0.0,1.0,0.0,0.0,0.0,0.0,1.0,1.0,0.0,0.0,1.0
31,87.6,7.910315446008468,3,2.7375,0,0.3435006206774251,0.4231860559383867,0,0.0,0.0,0.0,1.0,0.0,0.0,1.0,0.0,0.0,0.0,0.0,0.0,1.0,0.0
37,80.05,8.013045222403488,2,2.106578947368421,0,0.3435006206774251,0.121875,0,0.0,0.0,0.0,1.0,0.0,0.0,1.0,0.0,1.0,0.0,0.0,0.0,1.0,0.0
5,88.9,6.120627034951298,3,14.816666666666668,0,0.22592658272743393,0.42984953233021556,0,0.0,1.0,0.0,1.0,0.0,0.0,1.0,0.0,0.0,0.0,1.0,0.0,0.0,1.0
71,95.65,8.833163842240966,3,1.3284722222222223,0,0.22592658272743393,0.11882229232386961,0,0.0,1.0,0.0,1.0,0.0,1.0,1.0,0.0,1.0,0.0,0.0,0.0,0.0,1.0
5,90.35,6.0764947962925575,3,15.058333333333332,0,0.22592658272743393,0.42984953233021556,0,1.0,1.0,1.0,1.0,0.0,0.0,1.0,0.0,0.0,0.0,1.0,0.0,0.0,1.0
57,86.9,8.505171216188913,1,1.4982758620689656,0,0.3435006206774251,0.121875,0,1.0,0.0,0.0,1.0,0.0,1.0,1.0,0.0,1.0,0.0,1.0,0.0,1.0,0.0
47,103.7,8.462018690671583,5,2.160416666666667,0,0.3435006206774251,0.11882229232386961,0,0.0,0.0,0.0,1.0,0.0,0.0,1.0,0.0,1.0,0.0,1.0,0.0,1.0,0.0
12,80.45,6.857724345376572,1,6.188461538461539,0,0.3435006206774251,0.44104447164422683,1,1.0,1.0,0.0,1.0,0.0,0.0,1.0,0.0,0.0,0.0,1.0,0.0,1.0,0.0
66,89.0,8.682639830985348,3,1.328358208955224,0,0.3435006206774251,0.10683760683760683,0,0.0,1.0,0.0,1.0,0.0,1.0,1.0,0.0,1.0,0.0,0.0,0.0,1.0,0.0
2,66.4,4.559649670686282,3,22.133333333333336,0,0.3435006206774251,0.431938236489232,1,1.0,0.0,0.0,1.0,0.0,0.0,0.0,0.0,0.0,0.0,0.0,0.0,1.0,0.0
59,79.85,8.473680079084492,5,1.3308333333333333,1,0.21599574392622806,0.11158342189160468,0,0.0,0.0,0.0,1.0,0.0,1.0,0.0,0.0,1.0,0.0,0.0,1.0,0.0,0.0
1,45.7,3.8437441646748516,0,22.85,0,0.22592658272743393,0.42851340373679936,0,1.0,0.0,0.0,1.0,0.0,0.0,0.0,0.0,0.0,0.0,1.0,0.0,0.0,1.0
4,73.75,5.788276797632642,1,14.75,0,0.3435006206774251,0.42851340373679936,0,0.0,1.0,1.0,1.0,0.0,0.0,1.0,0.0,0.0,0.0,1.0,0.0,1.0,0.0
37,91.2,8.08596402192139,2,2.4,1,0.21599574392622806,0.11158342189160468,0,1.0,1.0,1.0,1.0,0.0,0.0,1.0,0.0,1.0,0.0,0.0,1.0,0.0,0.0
1,74.35,4.3221439250725044,0,37.175,0,0.3435006206774251,0.4231860559383867,0,1.0,0.0,1.0,1.0,0.0,1.0,1.0,0.0,0.0,0.0,1.0,0.0,1.0,0.0
64,111.45,8.891229550020741,5,1.7146153846153847,0,0.3435006206774251,0.11266094420600858,0,0.0,1.0,1.0,1.0,0.0,1.0,1.0,0.0,1.0,0.0,1.0,0.0,1.0,0.0
52,64.3,8.134936668444954,3,1.2132075471698112,0,0.22592658272743393,0.11266094420600858,0,0.0,1.0,0.0,1.0,0.0,0.0,0.0,0.0,1.0,0.0,1.0,0.0,0.0,1.0
64,25.65,7.462674340258639,0,0.3946153846153846,1,0.21599574392622806,0.02787769784172662,1,1.0,1.0,0.0,1.0,0.0,1.0,0.0,1.0,0.0,1.0,0.0,1.0,0.0,0.0
1,80.85,4.404888303817144,1,40.425,0,0.22592658272743393,0.42851340373679936,0,1.0,0.0,0.0,1.0,0.0,0.0,1.0,0.0,0.0,0.0,1.0,0.0,0.0,1.0
1,19.8,3.0349529867072724,0,9.9,0,0.22592658272743393,0.44104447164422683,0,1.0,0.0,0.0,1.0,0.0,0.0,0.0,1.0,0.0,0.0,0.0,0.0,0.0,1.0
4,80.25,5.719327685991663,1,16.05,0,0.3435006206774251,0.431938236489232,1,0.0,0.0,0.0,1.0,0.0,1.0,1.0,0.0,0.0,0.0,1.0,0.0,1.0,0.0
1,78.95,4.381401439279963,1,39.475,0,0.3435006206774251,0.44104447164422683,0,1.0,0.0,0.0,1.0,0.0,0.0,1.0,0.0,0.0,0.0,1.0,0.0,1.0,0.0
58,109.45,8.723483521656435,5,1.855084745762712,1,0.21457705266891292,0.024346257889990983,0,0.0,1.0,0.0,1.0,0.0,1.0,1.0,0.0,0.0,1.0,1.0,0.0,0.0,0.0
2,74.7,5.114394528387108,1,24.900000000000002,0,0.3435006206774251,0.42851340373679936,1,1.0,0.0,0.0,1.0,0.0,0.0,1.0,0.0,0.0,0.0,1.0,0.0,1.0,0.0
1,95.0,4.564348191467836,3,47.5,0,0.3435006206774251,0.431938236489232,0,1.0,1.0,0.0,1.0,0.0,0.0,1.0,0.0,0.0,0.0,1.0,0.0,1.0,0.0
11,20.45,5.473530384104697,0,1.7041666666666666,1,0.21599574392622806,0.42984953233021556,0,1.0,0.0,0.0,1.0,0.0,0.0,0.0,1.0,0.0,0.0,1.0,1.0,0.0,0.0
43,101.4,8.418256443556213,3,2.3045454545454547,0,0.3435006206774251,0.42984953233021556,0,1.0,0.0,0.0,1.0,0.0,1.0,1.0,0.0,0.0,0.0,1.0,0.0,1.0,0.0
38,20.45,6.662174382548992,0,0.5243589743589744,0,0.22592658272743393,0.44104447164422683,0,0.0,1.0,1.0,1.0,0.0,0.0,0.0,1.0,0.0,0.0,0.0,0.0,0.0,1.0
4,85.65,5.776568144381849,1,17.130000000000003,0,0.3435006206774251,0.4231860559383867,0,0.0,0.0,0.0,1.0,0.0,1.0,1.0,0.0,0.0,0.0,1.0,0.0,1.0,0.0
35,20.2,6.530002609440508,0,0.5611111111111111,0,0.22592658272743393,0.027827648114901255,0,1.0,0.0,0.0,1.0,0.0,0.0,0.0,1.0,0.0,1.0,1.0,0.0,0.0,1.0
40,20.4,6.615127664137342,0,0.49756097560975604,1,0.21457705266891292,0.44104447164422683,0,1.0,1.0,1.0,1.0,0.0,0.0,0.0,1.0,0.0,0.0,1.0,0.0,0.0,0.0
49,19.45,6.826870550241673,0,0.389,1,0.21599574392622806,0.11158342189160468,0,0.0,0.0,1.0,1.0,0.0,0.0,0.0,1.0,1.0,0.0,0.0,1.0,0.0,0.0
59,19.85,7.081078135312391,0,0.33083333333333337,0,0.22592658272743393,0.03211009174311927,0,1.0,1.0,1.0,1.0,0.0,0.0,0.0,1.0,0.0,1.0,0.0,0.0,0.0,1.0
9,80.55,6.484482552224008,2,8.055,0,0.3435006206774251,0.42984953233021556,0,0.0,0.0,0.0,1.0,0.0,0.0,1.0,0.0,0.0,0.0,0.0,0.0,1.0,0.0
6,89.5,6.3531519078702505,2,12.785714285714286,0,0.3435006206774251,0.4231860559383867,0,0.0,0.0,0.0,1.0,0.0,0.0,1.0,0.0,0.0,0.0,1.0,0.0,1.0,0.0
71,113.15,8.986484066713215,6,1.5715277777777779,1,0.21599574392622806,0.021602160216021602,0,0.0,0.0,0.0,1.0,0.0,1.0,1.0,0.0,0.0,1.0,1.0,1.0,0.0,0.0
18,60.6,7.053888187930098,2,3.1894736842105265,0,0.22592658272743393,0.431938236489232,0,0.0,0.0,0.0,1.0,0.0,1.0,0.0,0.0,0.0,0.0,1.0,0.0,0.0,1.0
35,100.8,8.14279060875989,3,2.8,0,0.3435006206774251,0.431938236489232,1,1.0,1.0,0.0,1.0,0.0,1.0,1.0,0.0,0.0,0.0,1.0,0.0,1.0,0.0
67,88.8,8.683410772461635,6,1.3058823529411765,1,0.21457705266891292,0.11158342189160468,0,1.0,0.0,0.0,1.0,0.0,1.0,0.0,0.0,1.0,0.0,1.0,0.0,0.0,0.0
47,73.6,8.167252663167885,4,1.5333333333333332,0,0.3435006206774251,0.03211009174311927,0,1.0,1.0,0.0,1.0,0.0,0.0,0.0,0.0,0.0,1.0,0.0,0.0,1.0,0.0
51,47.85,7.765463053423995,1,0.9201923076923078,1,0.21599574392622806,0.121875,0,1.0,0.0,1.0,1.0,0.0,0.0,0.0,0.0,1.0,0.0,0.0,1.0,0.0,0.0
43,91.65,8.282761164332172,3,2.0829545454545455,0,0.3435006206774251,0.44104447164422683,0,0.0,0.0,0.0,1.0,0.0,0.0,1.0,0.0,0.0,0.0,1.0,0.0,1.0,0.0
15,79.75,7.0146795713036445,1,4.984375,0,0.3435006206774251,0.431938236489232,0,0.0,0.0,0.0,1.0,0.0,1.0,1.0,0.0,0.0,0.0,1.0,0.0,1.0,0.0
31,89.45,7.940459219839479,2,2.7953125,0,0.3435006206774251,0.4231860559383867,1,1.0,1.0,0.0,1.0,0.0,1.0,1.0,0.0,0.0,0.0,0.0,0.0,1.0,0.0
50,105.95,8.58350513910295,4,2.077450980392157,1,0.21599574392622806,0.42851340373679936,0,1.0,1.0,1.0,1.0,0.0,1.0,1.0,0.0,0.0,0.0,0.0,1.0,0.0,0.0
30,100.45,8.038479741566233,3,3.240322580645161,0,0.3435006206774251,0.4231860559383867,0,0.0,0.0,0.0,1.0,0.0,1.0,1.0,0.0,0.0,0.0,0.0,0.0,1.0,0.0
17,95.65,7.403061091090091,3,5.313888888888889,1,0.21457705266891292,0.44104447164422683,0,1.0,0.0,0.0,1.0,0.0,1.0,1.0,0.0,0.0,0.0,1.0,0.0,0.0,0.0
72,90.6,8.770726267787392,6,1.2410958904109588,1,0.21599574392622806,0.021602160216021602,0,1.0,1.0,1.0,1.0,0.0,1.0,0.0,0.0,0.0,1.0,1.0,1.0,0.0,0.0
6,25.4,5.038898759369115,0,3.6285714285714286,0,0.22592658272743393,0.021602160216021602,0,1.0,1.0,1.0,1.0,0.0,1.0,0.0,1.0,0.0,1.0,0.0,0.0,0.0,1.0
14,69.65,6.826978968954849,3,4.6433333333333335,0,0.3435006206774251,0.42851340373679936,0,0.0,0.0,0.0,1.0,0.0,0.0,0.0,0.0,0.0,0.0,1.0,0.0,1.0,0.0
63,109.2,8.86088927312677,6,1.70625,1,0.21599574392622806,0.024346257889990983,0,1.0,0.0,0.0,1.0,0.0,0.0,1.0,0.0,0.0,1.0,0.0,1.0,0.0,0.0
18,19.8,5.838604700463646,0,1.0421052631578949,1,0.21457705266891292,0.11266094420600858,0,1.0,1.0,1.0,1.0,0.0,0.0,0.0,1.0,1.0,0.0,0.0,0.0,0.0,0.0
61,88.65,8.579651425255848,5,1.4298387096774194,1,0.21599574392622806,0.027827648114901255,0,0.0,0.0,0.0,1.0,0.0,1.0,0.0,0.0,0.0,1.0,0.0,1.0,0.0,0.0
17,75.4,7.188072799570865,3,4.188888888888889,1,0.21457705266891292,0.4231860559383867,0,0.0,1.0,0.0,1.0,0.0,1.0,0.0,0.0,0.0,0.0,1.0,0.0,0.0,0.0
40,110.1,8.405166058722033,5,2.6853658536585363,1,0.21599574392622806,0.42984953233021556,0,1.0,1.0,1.0,1.0,0.0,1.0,1.0,0.0,0.0,0.0,1.0,1.0,0.0,0.0
60,95.4,8.66785206770135,3,1.5639344262295083,1,0.21457705266891292,0.10683760683760683,0,1.0,1.0,1.0,1.0,0.0,1.0,1.0,0.0,1.0,0.0,1.0,0.0,0.0,0.0
3,20.85,4.121473229610353,0,5.2125,0,0.22592658272743393,0.431938236489232,0,1.0,0.0,1.0,1.0,0.0,0.0,0.0,1.0,0.0,0.0,0.0,0.0,0.0,1.0
5,64.4,5.761736867916757,3,10.733333333333334,1,0.21599574392622806,0.42851340373679936,0,1.0,1.0,1.0,1.0,0.0,1.0,0.0,0.0,0.0,0.0,0.0,1.0,0.0,0.0
1,45.3,3.835141961092188,2,22.65,0,0.22592658272743393,0.431938236489232,0,1.0,0.0,0.0,0.0,1.0,0.0,0.0,0.0,0.0,0.0,1.0,0.0,0.0,1.0
10,24.0,5.427369994462651,0,2.1818181818181817,0,0.3435006206774251,0.44104447164422683,0,1.0,0.0,0.0,1.0,0.0,1.0,0.0,1.0,0.0,0.0,1.0,0.0,1.0,0.0
70,101.75,8.863658190805083,3,1.4330985915492958,0,0.3435006206774251,0.11158342189160468,0,0.0,1.0,0.0,1.0,0.0,1.0,1.0,0.0,1.0,0.0,1.0,0.0,1.0,0.0
45,105.15,8.462082092161538,4,2.2858695652173915,0,0.3435006206774251,0.44104447164422683,0,0.0,1.0,1.0,1.0,0.0,1.0,1.0,0.0,0.0,0.0,1.0,0.0,1.0,0.0
67,69.2,8.449481641543167,4,1.0176470588235293,1,0.21599574392622806,0.021602160216021602,0,1.0,1.0,0.0,1.0,0.0,0.0,0.0,0.0,0.0,1.0,1.0,1.0,0.0,0.0
67,102.95,8.837427155161741,4,1.513970588235294,1,0.21599574392622806,0.431938236489232,0,0.0,0.0,0.0,1.0,0.0,1.0,1.0,0.0,0.0,0.0,1.0,1.0,0.0,0.0
34,105.35,8.21327333007474,5,3.01,1,0.21457705266891292,0.4231860559383867,0,0.0,0.0,1.0,1.0,0.0,0.0,1.0,0.0,0.0,0.0,1.0,0.0,0.0,0.0
43,91.25,8.297742811939646,3,2.0738636363636362,1,0.21599574392622806,0.10683760683760683,0,1.0,1.0,1.0,1.0,0.0,1.0,1.0,0.0,1.0,0.0,1.0,1.0,0.0,0.0
69,110.55,8.937362987059018,5,1.5792857142857142,0,0.22592658272743393,0.11882229232386961,1,1.0,1.0,0.0,1.0,0.0,1.0,1.0,0.0,1.0,0.0,1.0,0.0,0.0,1.0
61,79.8,8.500209786375825,4,1.2870967741935484,0,0.3435006206774251,0.11266094420600858,0,1.0,1.0,0.0,1.0,0.0,1.0,0.0,0.0,1.0,0.0,1.0,0.0,1.0,0.0
70,24.7,7.430647803966266,0,0.34788732394366195,0,0.3435006206774251,0.03211009174311927,0,0.0,1.0,1.0,1.0,0.0,1.0,0.0,1.0,0.0,1.0,0.0,0.0,1.0,0.0
50,24.95,7.140809556404862,0,0.4892156862745098,0,0.22592658272743393,0.02787769784172662,0,1.0,1.0,1.0,1.0,0.0,1.0,0.0,1.0,0.0,1.0,0.0,0.0,0.0,1.0
2,70.7,4.958991060943918,0,23.566666666666666,0,0.3435006206774251,0.4231860559383867,0,0.0,1.0,0.0,1.0,0.0,0.0,1.0,0.0,0.0,0.0,1.0,0.0,1.0,0.0
51,76.4,8.285841041552139,4,1.4692307692307693,1,0.21457705266891292,0.11266094420600858,0,1.0,1.0,1.0,1.0,0.0,0.0,0.0,0.0,1.0,0.0,1.0,0.0,0.0,0.0
1,24.7,3.246490991901174,0,12.35,0,0.3435006206774251,0.42851340373679936,0,1.0,0.0,1.0,0.0,1.0,0.0,0.0,0.0,0.0,0.0,1.0,0.0,1.0,0.0
22,87.0,7.523832412465023,2,3.782608695652174,1,0.21457705266891292,0.42984953233021556,0,1.0,1.0,0.0,1.0,0.0,0.0,1.0,0.0,0.0,0.0,1.0,0.0,0.0,0.0
4,58.5,5.419871062100613,2,11.7,0,0.22592658272743393,0.42984953233021556,0,0.0,1.0,1.0,1.0,0.0,1.0,0.0,0.0,0.0,0.0,1.0,0.0,0.0,1.0
57,20.75,7.020905376914793,0,0.3577586206896552,0,0.22592658272743393,0.021602160216021602,0,1.0,0.0,0.0,1.0,0.0,0.0,0.0,1.0,0.0,1.0,0.0,0.0,0.0,1.0
71,106.7,8.906969200059761,4,1.4819444444444445,1,0.21457705266891292,0.02787769784172662,0,1.0,0.0,1.0,1.0,0.0,1.0,1.0,0.0,0.0,1.0,0.0,0.0,0.0,0.0
67,94.65,8.712759974960212,2,1.3919117647058825,1,0.21599574392622806,0.431938236489232,1,1.0,1.0,0.0,1.0,0.0,1.0,1.0,0.0,0.0,0.0,1.0,1.0,0.0,0.0
8,100.15,6.812949971708225,3,11.127777777777778,1,0.21599574392622806,0.431938236489232,1,0.0,0.0,0.0,1.0,0.0,1.0,1.0,0.0,0.0,0.0,1.0,1.0,0.0,0.0
8,54.75,6.084613301806004,1,6.083333333333333,1,0.21599574392622806,0.431938236489232,0,1.0,0.0,0.0,1.0,0.0,0.0,0.0,0.0,0.0,0.0,1.0,1.0,0.0,0.0
1,50.7,3.9454577815143836,1,25.35,0,0.22592658272743393,0.44104447164422683,0,1.0,0.0,0.0,1.0,0.0,0.0,0.0,0.0,0.0,0.0,1.0,0.0,0.0,1.0
9,77.65,6.572492310900909,1,7.765000000000001,1,0.21457705266891292,0.431938236489232,0,0.0,0.0,0.0,1.0,0.0,0.0,1.0,0.0,0.0,0.0,1.0,0.0,0.0,0.0
1,45.6,3.8416005411316,0,22.8,0,0.22592658272743393,0.4231860559383867,0,1.0,0.0,0.0,1.0,0.0,0.0,0.0,0.0,0.0,0.0,0.0,0.0,0.0,1.0
72,114.55,9.024859830841061,6,1.5691780821917807,1,0.21457705266891292,0.03211009174311927,0,1.0,1.0,1.0,1.0,0.0,1.0,1.0,0.0,0.0,1.0,0.0,0.0,0.0,0.0
23,59.7,7.255026142845575,2,2.4875000000000003,0,0.22592658272743393,0.027827648114901255,0,1.0,1.0,1.0,1.0,0.0,1.0,0.0,0.0,0.0,1.0,0.0,0.0,0.0,1.0
51,96.4,8.499446648928267,3,1.853846153846154,1,0.21599574392622806,0.121875,0,1.0,1.0,0.0,1.0,0.0,1.0,1.0,0.0,1.0,0.0,1.0,1.0,0.0,0.0
72,25.4,7.494485830837592,0,0.347945205479452,0,0.22592658272743393,0.024346257889990983,0,1.0,1.0,0.0,1.0,0.0,1.0,0.0,1.0,0.0,1.0,0.0,0.0,0.0,1.0
57,57.5,8.091612106923195,5,0.9913793103448276,1,0.21457705266891292,0.027827648114901255,0,1.0,1.0,0.0,0.0,1.0,0.0,0.0,0.0,0.0,1.0,1.0,0.0,0.0,0.0
13,65.85,6.80599937002775,2,4.703571428571428,0,0.3435006206774251,0.44104447164422683,0,1.0,1.0,0.0,1.0,0.0,1.0,0.0,0.0,0.0,0.0,1.0,0.0,1.0,0.0
15,25.25,5.981035351617443,0,1.578125,0,0.3435006206774251,0.44104447164422683,0,0.0,1.0,1.0,1.0,0.0,1.0,0.0,1.0,0.0,0.0,1.0,0.0,1.0,0.0
16,68.25,7.01737172530546,4,4.014705882352941,1,0.21457705266891292,0.024346257889990983,0,0.0,1.0,1.0,1.0,0.0,0.0,0.0,0.0,0.0,1.0,0.0,0.0,0.0,0.0
71,106.8,8.939082677938543,4,1.4833333333333334,0,0.3435006206774251,0.021602160216021602,1,1.0,0.0,0.0,1.0,0.0,1.0,1.0,0.0,0.0,1.0,1.0,0.0,1.0,0.0
69,105.2,8.907483746153455,4,1.502857142857143,1,0.21457705266891292,0.11266094420600858,0,1.0,0.0,0.0,1.0,0.0,1.0,1.0,0.0,1.0,0.0,1.0,0.0,0.0,0.0
55,88.8,8.477682836320778,3,1.5857142857142856,1,0.21599574392622806,0.02787769784172662,1,0.0,1.0,0.0,1.0,0.0,0.0,1.0,0.0,0.0,1.0,0.0,1.0,0.0,0.0
69,75.75,8.592142952023764,5,1.082142857142857,1,0.21457705266891292,0.027827648114901255,0,1.0,1.0,1.0,1.0,0.0,0.0,0.0,0.0,0.0,1.0,1.0,0.0,0.0,0.0
26,85.9,7.69505287617192,2,3.1814814814814816,1,0.21599574392622806,0.42851340373679936,0,0.0,1.0,0.0,1.0,0.0,0.0,1.0,0.0,0.0,0.0,0.0,1.0,0.0,0.0
5,51.0,5.726684867873505,3,8.5,0,0.22592658272743393,0.4231860559383867,0,1.0,0.0,0.0,0.0,1.0,0.0,0.0,0.0,0.0,0.0,1.0,0.0,0.0,1.0
1,74.45,4.323470185213858,0,37.225,0,0.22592658272743393,0.4231860559383867,1,0.0,0.0,0.0,1.0,0.0,1.0,1.0,0.0,0.0,0.0,1.0,0.0,0.0,1.0
46,45.2,7.633442251109864,0,0.9617021276595745,1,0.21599574392622806,0.431938236489232,0,1.0,0.0,0.0,1.0,0.0,0.0,0.0,0.0,0.0,0.0,1.0,1.0,0.0,0.0
26,20.65,6.3910792415379705,0,0.7648148148148147,1,0.21599574392622806,0.11266094420600858,0,1.0,0.0,0.0,1.0,0.0,0.0,0.0,1.0,1.0,0.0,1.0,1.0,0.0,0.0
1,24.45,3.2367157429965316,0,12.225,0,0.22592658272743393,0.44104447164422683,0,1.0,0.0,0.0,0.0,1.0,0.0,0.0,0.0,0.0,0.0,1.0,0.0,0.0,1.0
23,60.0,7.2064885612459335,2,2.5,1,0.21457705266891292,0.11266094420600858,0,0.0,1.0,0.0,1.0,0.0,0.0,0.0,0.0,1.0,0.0,0.0,0.0,0.0,0.0
11,95.15,6.906404366911181,2,7.929166666666667,1,0.21457705266891292,0.42984953233021556,1,0.0,0.0,0.0,1.0,0.0,1.0,1.0,0.0,0.0,0.0,1.0,0.0,0.0,0.0
39,101.25,8.281508831857693,3,2.53125,0,0.3435006206774251,0.42984953233021556,1,0.0,1.0,0.0,1.0,0.0,1.0,1.0,0.0,0.0,0.0,1.0,0.0,1.0,0.0
70,26.05,7.526932939341908,0,0.36690140845070424,1,0.21599574392622806,0.11158342189160468,0,0.0,0.0,0.0,1.0,0.0,1.0,0.0,1.0,1.0,0.0,0.0,1.0,0.0,0.0
65,107.65,8.865572824200845,5,1.631060606060606,1,0.21457705266891292,0.03211009174311927,0,0.0,1.0,0.0,1.0,0.0,1.0,1.0,0.0,0.0,1.0,1.0,0.0,0.0,0.0
34,60.85,7.603199818590766,2,1.7385714285714287,1,0.21457705266891292,0.4231860559383867,0,0.0,1.0,0.0,1.0,0.0,1.0,0.0,0.0,0.0,0.0,1.0,0.0,0.0,0.0
25,85.9,7.696235366360874,2,3.303846153846154,0,0.3435006206774251,0.44104447164422683,0,1.0,1.0,1.0,1.0,0.0,0.0,1.0,0.0,0.0,0.0,0.0,0.0,1.0,0.0
22,59.05,7.134492365806477,2,2.567391304347826,0,0.22592658272743393,0.42851340373679936,0,0.0,0.0,0.0,1.0,0.0,1.0,0.0,0.0,0.0,0.0,1.0,0.0,0.0,1.0
61,106.6,8.768636500280573,4,1.7193548387096773,0,0.3435006206774251,0.024346257889990983,0,0.0,0.0,0.0,1.0,0.0,1.0,1.0,0.0,0.0,1.0,1.0,0.0,1.0,0.0
72,90.45,8.789789544449974,3,1.239041095890411,1,0.21457705266891292,0.03211009174311927,0,1.0,1.0,1.0,1.0,0.0,1.0,1.0,0.0,0.0,1.0,0.0,0.0,0.0,0.0
71,90.4,8.80523269998012,6,1.2555555555555555,0,0.3435006206774251,0.024346257889990983,0,1.0,1.0,1.0,1.0,0.0,1.0,0.0,0.0,0.0,1.0,0.0,0.0,1.0,0.0
71,118.65,9.045300620816755,6,1.6479166666666667,0,0.3435006206774251,0.027827648114901255,0,0.0,0.0,0.0,1.0,0.0,1.0,1.0,0.0,0.0,1.0,1.0,0.0,1.0,0.0
66,20.0,7.226354454068639,0,0.29850746268656714,1,0.21599574392622806,0.03211009174311927,0,1.0,1.0,1.0,1.0,0.0,0.0,0.0,1.0,0.0,1.0,0.0,1.0,0.0,0.0
72,79.35,8.657693991203804,5,1.0869863013698629,1,0.21457705266891292,0.024346257889990983,0,1.0,1.0,0.0,1.0,0.0,0.0,0.0,0.0,0.0,1.0,1.0,0.0,0.0,0.0
42,20.75,6.739869029984439,0,0.48255813953488375,1,0.21457705266891292,0.027827648114901255,0,0.0,0.0,0.0,1.0,0.0,0.0,0.0,1.0,0.0,1.0,1.0,0.0,0.0,0.0
17,24.1,6.018349875889364,0,1.338888888888889,0,0.22592658272743393,0.42851340373679936,0,0.0,1.0,1.0,1.0,0.0,1.0,0.0,1.0,0.0,0.0,0.0,0.0,0.0,1.0
18,95.15,7.484902208779911,3,5.007894736842106,0,0.22592658272743393,0.4231860559383867,0,1.0,1.0,1.0,1.0,0.0,0.0,1.0,0.0,0.0,0.0,0.0,0.0,0.0,1.0
21,80.35,7.466341966146388,1,3.652272727272727,0,0.3435006206774251,0.44104447164422683,0,1.0,0.0,1.0,1.0,0.0,1.0,1.0,0.0,0.0,0.0,0.0,0.0,1.0,0.0
66,63.3,8.340623063401615,2,0.944776119402985,1,0.21457705266891292,0.021602160216021602,0,1.0,1.0,1.0,1.0,0.0,1.0,0.0,0.0,0.0,1.0,1.0,0.0,0.0,0.0
69,89.95,8.72325568859199,2,1.2850000000000001,0,0.3435006206774251,0.42851340373679936,1,1.0,1.0,0.0,1.0,0.0,1.0,1.0,0.0,0.0,0.0,1.0,0.0,1.0,0.0
33,54.6,7.498149651967252,4,1.6058823529411765,0,0.3435006206774251,0.431938236489232,1,1.0,0.0,0.0,0.0,1.0,0.0,0.0,0.0,0.0,0.0,1.0,0.0,1.0,0.0
40,104.8,8.326746716688735,4,2.55609756097561,1,0.21457705266891292,0.42851340373679936,0,1.0,0.0,0.0,1.0,0.0,1.0,1.0,0.0,0.0,0.0,0.0,0.0,0.0,0.0
16,20.1,5.69423706181267,0,1.1823529411764706,0,0.22592658272743393,0.11266094420600858,0,0.0,0.0,0.0,1.0,0.0,0.0,0.0,1.0,1.0,0.0,0.0,0.0,0.0,1.0
3,50.6,5.05209708390385,3,12.65,0,0.3435006206774251,0.42851340373679936,0,0.0,0.0,0.0,0.0,1.0,0.0,0.0,0.0,0.0,0.0,1.0,0.0,1.0,0.0
49,95.4,8.437056312642076,2,1.9080000000000001,1,0.21457705266891292,0.42984953233021556,0,0.0,1.0,1.0,1.0,0.0,1.0,1.0,0.0,0.0,0.0,1.0,0.0,0.0,0.0
47,78.9,8.202852241207772,1,1.64375,0,0.3435006206774251,0.11158342189160468,0,1.0,1.0,0.0,1.0,0.0,1.0,1.0,0.0,1.0,0.0,1.0,0.0,1.0,0.0
42,94.45,8.275070673504224,3,2.1965116279069767,1,0.21599574392622806,0.11882229232386961,0,0.0,1.0,1.0,1.0,0.0,1.0,1.0,0.0,1.0,0.0,1.0,1.0,0.0,0.0
1,19.9,3.039749158970765,0,9.95,1,0.21457705266891292,0.4231860559383867,0,0.0,0.0,0.0,1.0,0.0,0.0,0.0,1.0,0.0,0.0,0.0,0.0,0.0,0.0
60,94.1,8.608294526446507,3,1.542622950819672,1,0.21599574392622806,0.4231860559383867,0,0.0,1.0,0.0,1.0,0.0,1.0,1.0,0.0,0.0,0.0,1.0,1.0,0.0,0.0
2,70.2,4.761746493030188,0,23.400000000000002,1,0.21457705266891292,0.42984953233021556,1,0.0,0.0,0.0,1.0,0.0,0.0,1.0,0.0,0.0,0.0,1.0,0.0,0.0,0.0
9,69.05,6.484558896843658,3,6.904999999999999,1,0.21599574392622806,0.4231860559383867,0,1.0,1.0,0.0,1.0,0.0,1.0,0.0,0.0,0.0,0.0,1.0,1.0,0.0,0.0
53,98.6,8.577883693415467,4,1.8259259259259257,0,0.22592658272743393,0.11158342189160468,0,0.0,0.0,0.0,1.0,0.0,1.0,1.0,0.0,1.0,0.0,0.0,0.0,0.0,1.0
52,81.4,8.379183213454793,5,1.5358490566037737,1,0.21599574392622806,0.121875,0,1.0,1.0,0.0,1.0,0.0,1.0,0.0,0.0,1.0,0.0,1.0,1.0,0.0,0.0
41,78.35,8.074711339628797,4,1.8654761904761903,1,0.21599574392622806,0.11882229232386961,0,0.0,1.0,1.0,1.0,0.0,1.0,0.0,0.0,1.0,0.0,1.0,1.0,0.0,0.0
67,84.8,8.63039686891009,3,1.2470588235294118,1,0.21457705266891292,0.121875,0,0.0,1.0,1.0,1.0,0.0,0.0,1.0,0.0,1.0,0.0,0.0,0.0,0.0,0.0
28,20.3,6.192260234758284,0,0.7000000000000001,1,0.21599574392622806,0.03211009174311927,0,1.0,1.0,1.0,1.0,0.0,0.0,0.0,1.0,0.0,1.0,1.0,1.0,0.0,0.0
5,55.75,5.590800395940859,2,9.291666666666666,0,0.22592658272743393,0.42851340373679936,0,1.0,0.0,0.0,1.0,0.0,0.0,0.0,0.0,0.0,0.0,1.0,0.0,0.0,1.0
31,81.7,7.843711373830195,1,2.553125,1,0.21599574392622806,0.11882229232386961,0,1.0,0.0,0.0,1.0,0.0,1.0,1.0,0.0,1.0,0.0,0.0,1.0,0.0,0.0
39,90.7,8.135713128558534,2,2.2675,0,0.3435006206774251,0.4231860559383867,1,1.0,0.0,0.0,1.0,0.0,1.0,1.0,0.0,0.0,0.0,0.0,0.0,1.0,0.0
35,20.75,6.553149621164781,0,0.5763888888888888,0,0.22592658272743393,0.11158342189160468,0,0.0,0.0,0.0,1.0,0.0,0.0,0.0,1.0,1.0,0.0,0.0,0.0,0.0,1.0
24,55.65,7.24533404602983,1,2.226,1,0.21457705266891292,0.431938236489232,0,1.0,0.0,0.0,1.0,0.0,1.0,0.0,0.0,0.0,0.0,1.0,0.0,0.0,0.0
30,54.45,7.371300598166826,1,1.756451612903226,1,0.21457705266891292,0.42984953233021556,0,1.0,1.0,1.0,1.0,0.0,1.0,0.0,0.0,0.0,0.0,1.0,0.0,0.0,0.0
35,69.15,7.820499730229632,4,1.9208333333333334,1,0.21599574392622806,0.03211009174311927,0,1.0,1.0,1.0,1.0,0.0,1.0,0.0,0.0,0.0,1.0,1.0,1.0,0.0,0.0
71,20.85,7.340024589842352,0,0.28958333333333336,0,0.3435006206774251,0.11266094420600858,0,1.0,1.0,0.0,1.0,0.0,0.0,0.0,1.0,1.0,0.0,0.0,0.0,1.0,0.0
48,107.4,8.541358835915018,4,2.1918367346938776,1,0.21457705266891292,0.42984953233021556,0,0.0,0.0,0.0,1.0,0.0,1.0,1.0,0.0,0.0,0.0,1.0,0.0,0.0,0.0
15,75.1,7.049732157877687,1,4.69375,0,0.22592658272743393,0.44104447164422683,0,1.0,1.0,1.0,1.0,0.0,0.0,1.0,0.0,0.0,0.0,0.0,0.0,0.0,1.0
3,85.3,5.582744146279145,1,21.325,0,0.3435006206774251,0.42851340373679936,0,1.0,0.0,0.0,1.0,0.0,1.0,1.0,0.0,0.0,0.0,1.0,0.0,1.0,0.0
3,19.6,4.029806041084529,0,4.9,0,0.22592658272743393,0.42851340373679936,0,0.0,1.0,0.0,1.0,0.0,0.0,0.0,1.0,0.0,0.0,1.0,0.0,0.0,1.0
69,116.0,9.009917979017747,6,1.6571428571428573,0,0.3435006206774251,0.024346257889990983,0,0.0,1.0,0.0,1.0,0.0,1.0,1.0,0.0,0.0,1.0,1.0,0.0,1.0,0.0
36,93.6,8.121792269065665,3,2.5297297297297296,0,0.3435006206774251,0.4231860559383867,0,1.0,1.0,0.0,1.0,0.0,0.0,1.0,0.0,0.0,0.0,1.0,0.0,1.0,0.0
49,84.35,8.30902445577673,5,1.6869999999999998,0,0.3435006206774251,0.11882229232386961,0,1.0,1.0,0.0,1.0,0.0,1.0,0.0,0.0,1.0,0.0,0.0,0.0,1.0,0.0
41,98.8,8.284037182319022,4,2.3523809523809525,1,0.21457705266891292,0.03211009174311927,0,0.0,0.0,0.0,1.0,0.0,0.0,1.0,0.0,0.0,1.0,1.0,0.0,0.0,0.0
18,24.65,6.157720236215144,0,1.2973684210526315,1,0.21599574392622806,0.03211009174311927,0,0.0,1.0,1.0,1.0,0.0,1.0,0.0,1.0,0.0,1.0,1.0,1.0,0.0,0.0
15,20.1,5.7152168522818645,0,1.25625,1,0.21599574392622806,0.11158342189160468,0,0.0,0.0,0.0,1.0,0.0,0.0,0.0,1.0,1.0,0.0,0.0,1.0,0.0,0.0
66,105.65,8.83134678107381,5,1.576865671641791,1,0.21457705266891292,0.02787769784172662,0,1.0,0.0,0.0,1.0,0.0,0.0,1.0,0.0,0.0,1.0,1.0,0.0,0.0,0.0
12,79.2,6.851026184736048,5,6.092307692307693,0,0.3435006206774251,0.121875,1,0.0,1.0,0.0,1.0,0.0,0.0,0.0,0.0,1.0,0.0,1.0,0.0,1.0,0.0
41,70.2,7.970930354691506,4,1.6714285714285715,0,0.22592658272743393,0.11266094420600858,0,1.0,0.0,1.0,1.0,0.0,0.0,0.0,0.0,1.0,0.0,0.0,0.0,0.0,1.0
72,64.7,8.465278651464038,6,0.8863013698630138,0,0.3435006206774251,0.027827648114901255,0,1.0,1.0,0.0,0.0,1.0,0.0,0.0,0.0,0.0,1.0,1.0,0.0,1.0,0.0
12,112.95,7.233996788299914,5,8.688461538461539,0,0.22592658272743393,0.431938236489232,0,1.0,0.0,0.0,1.0,0.0,1.0,1.0,0.0,0.0,0.0,1.0,0.0,0.0,1.0
33,61.05,7.610555716570221,3,1.7955882352941175,0,0.22592658272743393,0.021602160216021602,0,1.0,1.0,0.0,1.0,0.0,0.0,0.0,0.0,0.0,1.0,1.0,0.0,0.0,1.0
1,44.35,3.814410176561146,0,22.175,1,0.21457705266891292,0.42984953233021556,0,0.0,1.0,1.0,1.0,0.0,0.0,0.0,0.0,0.0,0.0,1.0,0.0,0.0,0.0
28,49.9,7.2522311154638714,0,1.7206896551724138,0,0.22592658272743393,0.42851340373679936,0,0.0,1.0,1.0,1.0,0.0,1.0,0.0,0.0,0.0,0.0,0.0,0.0,0.0,1.0
29,99.05,7.990864683196767,3,3.3016666666666667,1,0.21457705266891292,0.431938236489232,1,0.0,1.0,0.0,1.0,0.0,1.0,1.0,0.0,0.0,0.0,1.0,0.0,0.0,0.0
41,80.25,8.143226750367445,1,1.9107142857142858,0,0.3435006206774251,0.431938236489232,0,1.0,1.0,0.0,1.0,0.0,1.0,1.0,0.0,0.0,0.0,1.0,0.0,1.0,0.0
69,59.1,8.327411879708428,3,0.8442857142857143,0,0.3435006206774251,0.10683760683760683,0,0.0,1.0,1.0,1.0,0.0,0.0,0.0,0.0,1.0,0.0,0.0,0.0,1.0,0.0
2,19.9,4.067315889834181,0,6.633333333333333,0,0.3435006206774251,0.42851340373679936,0,0.0,0.0,0.0,1.0,0.0,0.0,0.0,1.0,0.0,0.0,0.0,0.0,1.0,0.0
50,19.85,6.850232092738471,0,0.3892156862745098,1,0.21457705266891292,0.11158342189160468,0,0.0,1.0,0.0,1.0,0.0,0.0,0.0,1.0,1.0,0.0,1.0,0.0,0.0,0.0
72,73.0,8.569064318826127,5,1.0,1,0.21599574392622806,0.03211009174311927,0,0.0,0.0,0.0,1.0,0.0,0.0,0.0,0.0,0.0,1.0,1.0,1.0,0.0,0.0
18,74.15,7.23561914106675,0,3.9026315789473687,0,0.22592658272743393,0.4231860559383867,0,1.0,0.0,0.0,1.0,0.0,1.0,1.0,0.0,0.0,0.0,0.0,0.0,0.0,1.0
26,89.15,7.731338441321782,2,3.3018518518518523,0,0.3435006206774251,0.42984953233021556,1,0.0,0.0,0.0,1.0,0.0,1.0,1.0,0.0,0.0,0.0,1.0,0.0,1.0,0.0
3,77.4,5.333443168523411,4,19.35,0,0.3435006206774251,0.42851340373679936,0,1.0,0.0,0.0,1.0,0.0,0.0,0.0,0.0,0.0,0.0,1.0,0.0,1.0,0.0
66,63.85,8.336953466106552,3,0.9529850746268657,1,0.21599574392622806,0.10683760683760683,1,0.0,0.0,0.0,1.0,0.0,1.0,0.0,0.0,1.0,0.0,1.0,1.0,0.0,0.0
24,70.0,7.4579554502221495,0,2.8,1,0.21599574392622806,0.42984953233021556,1,1.0,0.0,0.0,1.0,0.0,0.0,1.0,0.0,0.0,0.0,0.0,1.0,0.0,0.0
15,75.3,7.046168486135763,1,4.70625,1,0.21599574392622806,0.4231860559383867,1,0.0,0.0,0.0,1.0,0.0,0.0,1.0,0.0,0.0,0.0,1.0,1.0,0.0,0.0
21,74.05,7.356726775399442,1,3.3659090909090907,1,0.21457705266891292,0.431938236489232,0,0.0,1.0,1.0,1.0,0.0,0.0,1.0,0.0,0.0,0.0,1.0,0.0,0.0,0.0
8,20.2,4.95547488291898,0,2.2444444444444445,1,0.21457705266891292,0.11882229232386961,0,0.0,0.0,0.0,1.0,0.0,0.0,0.0,1.0,1.0,0.0,1.0,0.0,0.0,0.0
70,108.15,8.97860375580645,5,1.5232394366197184,1,0.21599574392622806,0.10683760683760683,0,0.0,1.0,1.0,1.0,0.0,1.0,1.0,0.0,1.0,0.0,1.0,1.0,0.0,0.0
37,85.7,8.062164870413456,1,2.255263157894737,0,0.3435006206774251,0.44104447164422683,1,1.0,1.0,0.0,1.0,0.0,1.0,1.0,0.0,0.0,0.0,1.0,0.0,1.0,0.0
28,91.65,7.942077904433863,3,3.160344827586207,1,0.21599574392622806,0.42984953233021556,1,0.0,1.0,0.0,1.0,0.0,1.0,1.0,0.0,0.0,0.0,1.0,1.0,0.0,0.0
4,78.85,5.682899263739777,1,15.77,0,0.3435006206774251,0.4231860559383867,1,0.0,0.0,0.0,1.0,0.0,0.0,1.0,0.0,0.0,0.0,1.0,0.0,1.0,0.0
31,89.3,7.945909598613133,3,2.790625,0,0.3435006206774251,0.42851340373679936,0,1.0,1.0,1.0,1.0,0.0,1.0,1.0,0.0,0.0,0.0,0.0,0.0,1.0,0.0
40,101.3,8.322175377161045,3,2.470731707317073,0,0.3435006206774251,0.42984953233021556,0,1.0,1.0,0.0,1.0,0.0,1.0,1.0,0.0,0.0,0.0,1.0,0.0,1.0,0.0
1,19.6,3.0252910757955354,0,9.8,0,0.22592658272743393,0.42984953233021556,0,0.0,0.0,0.0,1.0,0.0,0.0,0.0,1.0,0.0,0.0,1.0,0.0,0.0,1.0
72,84.45,8.682851687313653,5,1.156849315068493,1,0.21599574392622806,0.03211009174311927,1,1.0,1.0,0.0,1.0,0.0,1.0,0.0,0.0,0.0,1.0,0.0,1.0,0.0,0.0
56,85.85,8.475287276332946,3,1.506140350877193,0,0.22592658272743393,0.11266094420600858,0,1.0,1.0,1.0,1.0,0.0,0.0,1.0,0.0,1.0,0.0,1.0,0.0,0.0,1.0
2,91.15,5.1328529268205045,3,30.383333333333336,0,0.3435006206774251,0.42984953233021556,0,0.0,0.0,0.0,1.0,0.0,0.0,1.0,0.0,0.0,0.0,1.0,0.0,1.0,0.0
43,56.05,8.088055075743789,4,1.2738636363636362,1,0.21457705266891292,0.03211009174311927,0,0.0,1.0,1.0,1.0,0.0,0.0,0.0,0.0,0.0,1.0,0.0,0.0,0.0,0.0
43,86.1,8.175449082865923,3,1.9568181818181818,1,0.21599574392622806,0.44104447164422683,0,1.0,1.0,0.0,1.0,0.0,0.0,1.0,0.0,0.0,0.0,1.0,1.0,0.0,0.0
49,74.6,8.22184178465955,0,1.492,1,0.21457705266891292,0.42851340373679936,0,1.0,0.0,0.0,1.0,0.0,1.0,1.0,0.0,0.0,0.0,1.0,0.0,0.0,0.0
3,83.9,5.592478405097527,2,20.975,0,0.22592658272743393,0.44104447164422683,1,0.0,1.0,0.0,1.0,0.0,0.0,1.0,0.0,0.0,0.0,1.0,0.0,0.0,1.0
57,95.25,8.599335232408281,3,1.6422413793103448,1,0.21457705266891292,0.42984953233021556,1,1.0,1.0,0.0,1.0,0.0,1.0,1.0,0.0,0.0,0.0,1.0,0.0,0.0,0.0
18,93.9,7.464452526404185,3,4.942105263157895,1,0.21457705266891292,0.431938236489232,1,1.0,0.0,0.0,1.0,0.0,1.0,1.0,0.0,0.0,0.0,0.0,0.0,0.0,0.0
11,79.5,6.767918333794338,1,6.625,1,0.21457705266891292,0.4231860559383867,0,1.0,1.0,1.0,1.0,0.0,0.0,1.0,0.0,0.0,0.0,1.0,0.0,0.0,0.0
23,19.65,6.171909343889077,0,0.81875,1,0.21599574392622806,0.11266094420600858,0,0.0,0.0,0.0,1.0,0.0,0.0,0.0,1.0,1.0,0.0,1.0,1.0,0.0,0.0
24,81.0,7.56260332160788,4,3.24,1,0.21457705266891292,0.42984953233021556,0,1.0,1.0,1.0,1.0,0.0,1.0,0.0,0.0,0.0,0.0,0.0,0.0,0.0,0.0
21,20.35,6.049025657632513,0,0.925,0,0.22592658272743393,0.11158342189160468,0,1.0,0.0,0.0,1.0,0.0,0.0,0.0,1.0,1.0,0.0,1.0,0.0,0.0,1.0
52,104.45,8.609270879617146,5,1.9707547169811321,1,0.21457705266891292,0.11158342189160468,1,1.0,1.0,0.0,1.0,0.0,0.0,1.0,0.0,1.0,0.0,1.0,0.0,0.0,0.0
1,20.9,3.086486636822455,0,10.45,0,0.22592658272743393,0.431938236489232,0,0.0,0.0,0.0,1.0,0.0,0.0,0.0,1.0,0.0,0.0,0.0,0.0,0.0,1.0
37,99.5,8.232971790593437,3,2.6184210526315788,0,0.3435006206774251,0.431938236489232,0,0.0,1.0,0.0,1.0,0.0,1.0,1.0,0.0,0.0,0.0,1.0,0.0,1.0,0.0
60,104.95,8.738374819416906,5,1.7204918032786887,1,0.21457705266891292,0.42984953233021556,0,0.0,0.0,0.0,1.0,0.0,0.0,1.0,0.0,0.0,0.0,1.0,0.0,0.0,0.0
27,19.4,6.274385302458052,0,0.6928571428571428,0,0.3435006206774251,0.4231860559383867,0,1.0,0.0,0.0,1.0,0.0,0.0,0.0,1.0,0.0,0.0,1.0,0.0,1.0,0.0
70,20.05,7.21615867424717,0,0.2823943661971831,1,0.21599574392622806,0.027827648114901255,0,1.0,1.0,1.0,1.0,0.0,0.0,0.0,1.0,0.0,1.0,0.0,1.0,0.0,0.0
1,45.55,3.840527003723076,0,22.775,0,0.22592658272743393,0.431938236489232,0,1.0,0.0,0.0,1.0,0.0,0.0,0.0,0.0,0.0,0.0,1.0,0.0,0.0,1.0
26,19.3,6.224954390476336,0,0.7148148148148148,1,0.21599574392622806,0.11266094420600858,1,1.0,0.0,0.0,1.0,0.0,0.0,0.0,1.0,1.0,0.0,0.0,1.0,0.0,0.0
17,62.1,7.000926809869932,2,3.45,0,0.22592658272743393,0.11266094420600858,0,1.0,1.0,1.0,1.0,0.0,1.0,0.0,0.0,1.0,0.0,1.0,0.0,0.0,1.0
44,24.85,6.922249725132589,0,0.5522222222222223,0,0.3435006206774251,0.11266094420600858,0,1.0,1.0,1.0,1.0,0.0,1.0,0.0,1.0,1.0,0.0,0.0,0.0,1.0,0.0
7,74.9,6.197563663812933,1,9.3625,0,0.3435006206774251,0.44104447164422683,0,1.0,0.0,0.0,1.0,0.0,0.0,1.0,0.0,0.0,0.0,1.0,0.0,1.0,0.0
47,103.1,8.495008930280354,4,2.1479166666666667,0,0.3435006206774251,0.11266094420600858,0,1.0,0.0,0.0,1.0,0.0,1.0,1.0,0.0,1.0,0.0,1.0,0.0,1.0,0.0
67,100.25,8.808369153122275,4,1.474264705882353,1,0.21457705266891292,0.10683760683760683,0,0.0,1.0,1.0,1.0,0.0,1.0,1.0,0.0,1.0,0.0,1.0,0.0,0.0,0.0
2,20.1,3.708682081410116,0,6.7,0,0.22592658272743393,0.44104447164422683,0,0.0,0.0,0.0,1.0,0.0,0.0,0.0,1.0,0.0,0.0,0.0,0.0,0.0,1.0
52,39.1,7.592416555891784,3,0.7377358490566038,0,0.22592658272743393,0.03211009174311927,0,0.0,0.0,0.0,0.0,1.0,0.0,0.0,0.0,0.0,1.0,0.0,0.0,0.0,1.0
68,38.9,7.908460685998653,3,0.5637681159420289,0,0.22592658272743393,0.021602160216021602,0,0.0,0.0,0.0,0.0,1.0,0.0,0.0,0.0,0.0,1.0,0.0,0.0,0.0,1.0
37,70.35,7.8453768815581215,0,1.851315789473684,0,0.22592658272743393,0.42984953233021556,0,1.0,0.0,0.0,1.0,0.0,0.0,1.0,0.0,0.0,0.0,1.0,0.0,0.0,1.0
36,19.2,6.556636300614086,0,0.518918918918919,1,0.21457705266891292,0.42984953233021556,0,0.0,1.0,1.0,1.0,0.0,0.0,0.0,1.0,0.0,0.0,0.0,0.0,0.0,0.0
6,44.75,5.6056182258689695,0,6.392857142857143,0,0.3435006206774251,0.42851340373679936,0,1.0,0.0,0.0,1.0,0.0,0.0,0.0,0.0,0.0,0.0,0.0,0.0,1.0,0.0
28,64.4,7.497290414418373,2,2.220689655172414,0,0.3435006206774251,0.44104447164422683,0,1.0,1.0,1.0,1.0,0.0,1.0,0.0,0.0,0.0,0.0,0.0,0.0,1.0,0.0
24,89.55,7.723274947532273,2,3.582,0,0.3435006206774251,0.42851340373679936,0,0.0,0.0,0.0,1.0,0.0,1.0,1.0,0.0,0.0,0.0,1.0,0.0,1.0,0.0
54,91.3,8.510369966068112,6,1.66,1,0.21599574392622806,0.027827648114901255,0,0.0,1.0,1.0,1.0,0.0,1.0,0.0,0.0,0.0,1.0,0.0,1.0,0.0,0.0
48,70.95,8.197043022159876,3,1.4479591836734695,1,0.21457705266891292,0.10683760683760683,0,1.0,0.0,0.0,1.0,0.0,1.0,0.0,0.0,1.0,0.0,1.0,0.0,0.0,0.0
50,79.6,8.300329878059179,4,1.56078431372549,0,0.22592658272743393,0.024346257889990983,0,0.0,0.0,0.0,1.0,0.0,1.0,0.0,0.0,0.0,1.0,1.0,0.0,0.0,1.0
51,93.5,8.438269024609227,4,1.7980769230769231,0,0.3435006206774251,0.11882229232386961,0,0.0,1.0,0.0,1.0,0.0,0.0,1.0,0.0,1.0,0.0,1.0,0.0,1.0,0.0
8,20.15,5.05783689558055,0,2.238888888888889,1,0.21457705266891292,0.44104447164422683,0,0.0,1.0,0.0,1.0,0.0,0.0,0.0,1.0,0.0,0.0,0.0,0.0,0.0,0.0
36,74.9,7.886250560399949,0,2.0243243243243243,1,0.21457705266891292,0.42851340373679936,1,0.0,0.0,0.0,1.0,0.0,1.0,1.0,0.0,0.0,0.0,1.0,0.0,0.0,0.0
26,80.7,7.693481640835175,1,2.988888888888889,0,0.3435006206774251,0.42851340373679936,0,0.0,0.0,0.0,1.0,0.0,1.0,1.0,0.0,0.0,0.0,1.0,0.0,1.0,0.0
52,84.1,8.377850661075554,2,1.5867924528301887,0,0.3435006206774251,0.42984953233021556,0,1.0,1.0,0.0,1.0,0.0,0.0,1.0,0.0,0.0,0.0,0.0,0.0,1.0,0.0
66,90.55,8.721268086011952,3,1.3514925373134328,1,0.21457705266891292,0.11266094420600858,0,0.0,1.0,0.0,1.0,0.0,1.0,1.0,0.0,1.0,0.0,1.0,0.0,0.0,0.0
72,79.55,8.66766281876101,5,1.0897260273972602,1,0.21599574392622806,0.03211009174311927,0,1.0,1.0,0.0,1.0,0.0,1.0,0.0,0.0,0.0,1.0,0.0,1.0,0.0,0.0
6,19.85,4.940570419647969,0,2.835714285714286,1,0.21599574392622806,0.44104447164422683,0,1.0,1.0,1.0,1.0,0.0,0.0,0.0,1.0,0.0,0.0,0.0,1.0,0.0,0.0
36,97.35,8.148705898429643,3,2.631081081081081,1,0.21457705266891292,0.44104447164422683,0,0.0,1.0,1.0,1.0,0.0,1.0,1.0,0.0,0.0,0.0,1.0,0.0,0.0,0.0
1,79.9,4.393213824064446,1,39.95,0,0.3435006206774251,0.44104447164422683,0,1.0,0.0,0.0,1.0,0.0,0.0,1.0,0.0,0.0,0.0,0.0,0.0,1.0,0.0
1,20.25,3.056356895370426,0,10.125,0,0.22592658272743393,0.44104447164422683,0,1.0,0.0,1.0,1.0,0.0,0.0,0.0,1.0,0.0,0.0,1.0,0.0,0.0,1.0
37,68.1,7.816114640530012,3,1.7921052631578946,1,0.21599574392622806,0.11158342189160468,0,0.0,1.0,0.0,1.0,0.0,1.0,0.0,0.0,1.0,0.0,0.0,1.0,0.0,0.0
3,53.4,5.245443876940969,1,13.35,1,0.21599574392622806,0.42851340373679936,0,1.0,0.0,0.0,1.0,0.0,0.0,0.0,0.0,0.0,0.0,0.0,1.0,0.0,0.0
4,94.9,5.890400344620961,4,18.98,0,0.22592658272743393,0.44104447164422683,0,1.0,0.0,0.0,1.0,0.0,0.0,1.0,0.0,0.0,0.0,1.0,0.0,0.0,1.0
16,69.1,6.989058730046172,3,4.064705882352941,0,0.3435006206774251,0.431938236489232,0,1.0,0.0,1.0,1.0,0.0,1.0,0.0,0.0,0.0,0.0,1.0,0.0,1.0,0.0
27,25.85,6.671463162912652,0,0.9232142857142858,1,0.21599574392622806,0.021602160216021602,0,1.0,0.0,1.0,1.0,0.0,1.0,0.0,1.0,0.0,1.0,1.0,1.0,0.0,0.0
53,19.85,6.957116708519861,0,0.36759259259259264,1,0.21599574392622806,0.03211009174311927,0,0.0,0.0,0.0,1.0,0.0,0.0,0.0,1.0,0.0,1.0,0.0,1.0,0.0,0.0
55,94.45,8.531904448281932,3,1.686607142857143,1,0.21599574392622806,0.4231860559383867,0,0.0,1.0,0.0,1.0,0.0,1.0,1.0,0.0,0.0,0.0,1.0,1.0,0.0,0.0
2,19.85,3.6082115510464816,0,6.616666666666667,0,0.22592658272743393,0.11266094420600858,0,1.0,1.0,1.0,1.0,0.0,0.0,0.0,1.0,1.0,0.0,0.0,0.0,0.0,1.0
10,36.25,5.926926025970411,2,3.2954545454545454,0,0.3435006206774251,0.431938236489232,0,0.0,0.0,0.0,0.0,1.0,0.0,0.0,0.0,0.0,0.0,0.0,0.0,1.0,0.0
59,20.35,7.145196134997171,0,0.33916666666666667,0,0.22592658272743393,0.121875,0,0.0,1.0,0.0,1.0,0.0,0.0,0.0,1.0,1.0,0.0,0.0,0.0,0.0,1.0
1,91.65,4.570578741218473,3,45.825,0,0.3435006206774251,0.42851340373679936,0,0.0,0.0,0.0,1.0,0.0,0.0,1.0,0.0,0.0,0.0,1.0,0.0,1.0,0.0
18,19.65,5.9730459615839635,0,1.0342105263157895,0,0.22592658272743393,0.42984953233021556,0,0.0,0.0,0.0,1.0,0.0,0.0,0.0,1.0,0.0,0.0,0.0,0.0,0.0,1.0
56,101.05,8.629628620746026,3,1.7728070175438595,0,0.3435006206774251,0.431938236489232,1,1.0,0.0,0.0,1.0,0.0,1.0,1.0,0.0,0.0,0.0,1.0,0.0,1.0,0.0
72,70.65,8.519620243740507,4,0.9678082191780822,1,0.21599574392622806,0.024346257889990983,0,0.0,1.0,1.0,1.0,0.0,0.0,0.0,0.0,0.0,1.0,1.0,1.0,0.0,0.0
53,106.95,8.663282897288132,4,1.9805555555555556,1,0.21599574392622806,0.10683760683760683,0,0.0,0.0,0.0,1.0,0.0,1.0,1.0,0.0,1.0,0.0,1.0,1.0,0.0,0.0
9,56.05,6.0022808395418314,0,5.6049999999999995,1,0.21457705266891292,0.42984953233021556,0,0.0,0.0,0.0,1.0,0.0,0.0,0.0,0.0,0.0,0.0,1.0,0.0,0.0,0.0
30,19.7,6.397346235101363,0,0.635483870967742,0,0.22592658272743393,0.03211009174311927,0,0.0,1.0,1.0,1.0,0.0,0.0,0.0,1.0,0.0,1.0,0.0,0.0,0.0,1.0
40,70.75,7.980280232886928,3,1.725609756097561,1,0.21599574392622806,0.11158342189160468,0,1.0,1.0,0.0,1.0,0.0,1.0,0.0,0.0,1.0,0.0,0.0,1.0,0.0,0.0
8,60.0,6.1918511112995755,2,6.666666666666667,0,0.3435006206774251,0.4231860559383867,0,0.0,0.0,0.0,1.0,0.0,0.0,0.0,0.0,0.0,0.0,1.0,0.0,1.0,0.0
12,81.45,6.816735880594968,1,6.265384615384615,0,0.3435006206774251,0.4231860559383867,0,1.0,0.0,0.0,1.0,0.0,0.0,1.0,0.0,0.0,0.0,1.0,0.0,1.0,0.0
72,19.7,7.230418320329163,0,0.26986301369863014,1,0.21599574392622806,0.021602160216021602,0,0.0,1.0,1.0,1.0,0.0,0.0,0.0,1.0,0.0,1.0,0.0,1.0,0.0,0.0
3,20.5,4.356067595503785,0,5.125,0,0.3435006206774251,0.42851340373679936,0,1.0,0.0,0.0,1.0,0.0,0.0,0.0,1.0,0.0,0.0,1.0,0.0,1.0,0.0
34,100.45,8.136123090642783,3,2.87,0,0.3435006206774251,0.42984953233021556,0,0.0,1.0,0.0,1.0,0.0,1.0,1.0,0.0,0.0,0.0,1.0,0.0,1.0,0.0
52,74.0,8.263242433928468,4,1.3962264150943395,1,0.21599574392622806,0.121875,0,0.0,0.0,0.0,1.0,0.0,1.0,0.0,0.0,1.0,0.0,0.0,1.0,0.0,0.0
24,24.2,6.413540921021343,0,0.968,0,0.22592658272743393,0.021602160216021602,0,1.0,1.0,1.0,1.0,0.0,1.0,0.0,1.0,0.0,1.0,0.0,0.0,0.0,1.0
35,20.1,6.470025210286697,0,0.5583333333333333,1,0.21599574392622806,0.121875,0,0.0,0.0,1.0,1.0,0.0,0.0,0.0,1.0,1.0,0.0,1.0,1.0,0.0,0.0
56,73.85,8.317241126566133,1,1.2956140350877192,0,0.3435006206774251,0.42984953233021556,0,0.0,0.0,0.0,1.0,0.0,0.0,1.0,0.0,0.0,0.0,1.0,0.0,1.0,0.0
68,84.65,8.645516043111149,2,1.2268115942028985,0,0.3435006206774251,0.42984953233021556,1,1.0,1.0,1.0,1.0,0.0,1.0,1.0,0.0,0.0,0.0,1.0,0.0,1.0,0.0
36,53.1,7.550792675056632,5,1.4351351351351351,0,0.22592658272743393,0.021602160216021602,0,0.0,0.0,0.0,0.0,1.0,0.0,0.0,0.0,0.0,1.0,1.0,0.0,0.0,1.0
72,20.1,7.2874580358668615,0,0.2753424657534247,1,0.21457705266891292,0.021602160216021602,0,0.0,1.0,1.0,1.0,0.0,0.0,0.0,1.0,0.0,1.0,0.0,0.0,0.0,0.0
1,70.1,4.264087336809195,0,35.05,0,0.3435006206774251,0.431938236489232,0,0.0,0.0,0.0,1.0,0.0,0.0,1.0,0.0,0.0,0.0,0.0,0.0,1.0,0.0
60,19.95,7.138192169123812,0,0.32704918032786884,0,0.22592658272743393,0.027827648114901255,0,1.0,1.0,0.0,1.0,0.0,0.0,0.0,1.0,0.0,1.0,0.0,0.0,0.0,1.0
72,53.65,8.23880116587155,4,0.7349315068493151,1,0.21599574392622806,0.027827648114901255,0,0.0,1.0,1.0,0.0,1.0,0.0,0.0,0.0,0.0,1.0,0.0,1.0,0.0,0.0
53,19.4,7.013330771530775,0,0.3592592592592592,0,0.22592658272743393,0.024346257889990983,0,1.0,1.0,1.0,1.0,0.0,0.0,0.0,1.0,0.0,1.0,1.0,0.0,0.0,1.0
16,79.5,7.142985491431494,1,4.676470588235294,1,0.21599574392622806,0.11266094420600858,0,0.0,0.0,1.0,1.0,0.0,1.0,1.0,0.0,1.0,0.0,1.0,1.0,0.0,0.0
60,106.15,8.765965502364262,4,1.7401639344262296,0,0.3435006206774251,0.4231860559383867,0,0.0,1.0,0.0,1.0,0.0,1.0,1.0,0.0,0.0,0.0,1.0,0.0,1.0,0.0
2,79.75,5.1089711948171175,1,26.583333333333332,0,0.3435006206774251,0.44104447164422683,0,0.0,0.0,0.0,1.0,0.0,0.0,1.0,0.0,0.0,0.0,1.0,0.0,1.0,0.0
8,54.4,6.1656279162004735,1,6.044444444444444,0,0.3435006206774251,0.44104447164422683,0,1.0,1.0,1.0,1.0,0.0,0.0,0.0,0.0,0.0,0.0,1.0,0.0,1.0,0.0
72,114.0,8.9988968575102,6,1.5616438356164384,0,0.3435006206774251,0.03211009174311927,0,1.0,1.0,1.0,1.0,0.0,1.0,1.0,0.0,0.0,1.0,1.0,0.0,1.0,0.0
69,103.95,8.915687392443568,4,1.485,0,0.3435006206774251,0.42851340373679936,0,0.0,1.0,1.0,1.0,0.0,1.0,1.0,0.0,0.0,0.0,1.0,0.0,1.0,0.0
20,70.45,7.294343331320612,0,3.354761904761905,0,0.3435006206774251,0.42851340373679936,0,1.0,1.0,1.0,1.0,0.0,0.0,1.0,0.0,0.0,0.0,1.0,0.0,1.0,0.0
19,55.0,6.9541616517962925,2,2.75,1,0.21599574392622806,0.431938236489232,0,1.0,0.0,0.0,1.0,0.0,0.0,0.0,0.0,0.0,0.0,1.0,1.0,0.0,0.0
18,74.15,7.205449561560643,0,3.9026315789473687,0,0.3435006206774251,0.42851340373679936,0,0.0,0.0,0.0,1.0,0.0,1.0,1.0,0.0,0.0,0.0,1.0,0.0,1.0,0.0
21,86.5,7.500916364666155,1,3.9318181818181817,0,0.3435006206774251,0.431938236489232,0,0.0,1.0,0.0,1.0,0.0,1.0,1.0,0.0,0.0,0.0,1.0,0.0,1.0,0.0
25,48.25,7.1661115220520895,3,1.8557692307692308,0,0.3435006206774251,0.42851340373679936,0,0.0,0.0,0.0,0.0,1.0,0.0,0.0,0.0,0.0,0.0,1.0,0.0,1.0,0.0
72,105.0,8.933143140966676,4,1.4383561643835616,1,0.21599574392622806,0.11266094420600858,1,0.0,1.0,0.0,1.0,0.0,1.0,1.0,0.0,1.0,0.0,0.0,1.0,0.0,0.0
40,85.05,8.118698731788875,2,2.074390243902439,0,0.3435006206774251,0.11158342189160468,0,1.0,1.0,1.0,1.0,0.0,0.0,1.0,0.0,1.0,0.0,1.0,0.0,1.0,0.0
72,79.2,8.59469112543662,5,1.084931506849315,1,0.21599574392622806,0.027827648114901255,0,0.0,1.0,0.0,1.0,0.0,1.0,0.0,0.0,0.0,1.0,0.0,1.0,0.0,0.0
52,19.65,6.834539216650878,0,0.37075471698113205,1,0.21599574392622806,0.11266094420600858,0,1.0,0.0,1.0,1.0,0.0,0.0,0.0,1.0,1.0,0.0,0.0,1.0,0.0,0.0
15,100.15,7.255591274253665,3,6.259375,0,0.3435006206774251,0.42851340373679936,0,0.0,0.0,0.0,1.0,0.0,1.0,1.0,0.0,0.0,0.0,1.0,0.0,1.0,0.0
61,98.45,8.723589283651368,4,1.5879032258064516,1,0.21457705266891292,0.11266094420600858,0,1.0,1.0,1.0,1.0,0.0,0.0,1.0,0.0,1.0,0.0,1.0,0.0,0.0,0.0
61,20.25,7.15445909470536,0,0.32661290322580644,1,0.21599574392622806,0.03211009174311927,0,0.0,1.0,0.0,1.0,0.0,0.0,0.0,1.0,0.0,1.0,0.0,1.0,0.0,0.0
2,61.2,4.843793308150688,2,20.400000000000002,1,0.21599574392622806,0.44104447164422683,0,0.0,0.0,1.0,1.0,0.0,0.0,0.0,0.0,0.0,0.0,1.0,1.0,0.0,0.0
1,80.2,4.396915247167632,1,40.1,0,0.22592658272743393,0.44104447164422683,0,0.0,0.0,0.0,1.0,0.0,1.0,1.0,0.0,0.0,0.0,1.0,0.0,0.0,1.0
72,97.7,8.835021272311026,3,1.3383561643835618,1,0.21599574392622806,0.03211009174311927,0,0.0,1.0,0.0,1.0,0.0,1.0,1.0,0.0,0.0,1.0,1.0,1.0,0.0,0.0
1,20.2,3.054001181677967,0,10.1,0,0.22592658272743393,0.42984953233021556,0,1.0,0.0,0.0,1.0,0.0,0.0,0.0,1.0,0.0,0.0,0.0,0.0,0.0,1.0
2,29.05,3.82319179172153,1,9.683333333333334,1,0.21457705266891292,0.44104447164422683,0,0.0,1.0,1.0,0.0,1.0,0.0,0.0,0.0,0.0,0.0,0.0,0.0,0.0,0.0
59,109.15,8.788555315000922,5,1.8191666666666668,0,0.3435006206774251,0.11882229232386961,0,0.0,1.0,0.0,1.0,0.0,1.0,1.0,0.0,1.0,0.0,1.0,0.0,1.0,0.0
24,101.25,7.80022451873029,3,4.05,0,0.3435006206774251,0.4231860559383867,1,1.0,0.0,0.0,1.0,0.0,1.0,1.0,0.0,0.0,0.0,1.0,0.0,1.0,0.0
69,105.1,8.886796206553328,5,1.5014285714285713,1,0.21599574392622806,0.11158342189160468,0,0.0,1.0,1.0,1.0,0.0,1.0,1.0,0.0,1.0,0.0,1.0,1.0,0.0,0.0
58,95.3,8.668832148077609,3,1.6152542372881356,0,0.3435006206774251,0.4231860559383867,0,0.0,0.0,0.0,1.0,0.0,0.0,1.0,0.0,0.0,0.0,1.0,0.0,1.0,0.0
1,19.55,3.022860940942244,0,9.775,0,0.22592658272743393,0.44104447164422683,0,0.0,0.0,0.0,1.0,0.0,0.0,0.0,1.0,0.0,0.0,1.0,0.0,0.0,1.0
31,25.0,6.67228607797729,0,0.78125,1,0.21599574392622806,0.44104447164422683,0,1.0,0.0,1.0,0.0,1.0,0.0,0.0,0.0,0.0,0.0,0.0,1.0,0.0,0.0
58,25.3,7.296650528761137,0,0.4288135593220339,1,0.21599574392622806,0.027827648114901255,0,1.0,0.0,0.0,1.0,0.0,1.0,0.0,1.0,0.0,1.0,1.0,1.0,0.0,0.0
7,48.7,5.8326153464991695,1,6.0875,0,0.3435006206774251,0.44104447164422683,0,1.0,1.0,1.0,1.0,0.0,0.0,0.0,0.0,0.0,0.0,0.0,0.0,1.0,0.0
37,98.8,8.153795701716678,3,2.6,1,0.21457705266891292,0.42984953233021556,0,1.0,0.0,0.0,1.0,0.0,1.0,1.0,0.0,0.0,0.0,0.0,0.0,0.0,0.0
0,20.0,0.0,0,20.0,0,0.22592658272743393,0.03211009174311927,0,0.0,1.0,1.0,1.0,0.0,0.0,0.0,1.0,0.0,1.0,0.0,0.0,0.0,1.0
23,86.8,7.571370656936044,3,3.6166666666666667,0,0.22592658272743393,0.121875,0,1.0,1.0,1.0,1.0,0.0,0.0,1.0,0.0,1.0,0.0,0.0,0.0,0.0,1.0
2,79.75,5.077670695432414,1,26.583333333333332,1,0.21457705266891292,0.42851340373679936,1,0.0,0.0,0.0,1.0,0.0,0.0,1.0,0.0,0.0,0.0,1.0,0.0,0.0,0.0
64,105.25,8.828259704100754,4,1.6192307692307693,0,0.3435006206774251,0.024346257889990983,0,1.0,1.0,0.0,1.0,0.0,1.0,1.0,0.0,0.0,1.0,1.0,0.0,1.0,0.0
1,20.2,3.054001181677967,0,10.1,0,0.22592658272743393,0.42851340373679936,0,1.0,0.0,0.0,1.0,0.0,0.0,0.0,1.0,0.0,0.0,0.0,0.0,0.0,1.0
35,86.45,8.016350901259148,1,2.401388888888889,0,0.3435006206774251,0.42851340373679936,0,0.0,0.0,0.0,1.0,0.0,1.0,1.0,0.0,0.0,0.0,1.0,0.0,1.0,0.0
1,74.95,4.330075229041782,0,37.475,0,0.3435006206774251,0.44104447164422683,0,1.0,0.0,0.0,1.0,0.0,1.0,1.0,0.0,0.0,0.0,1.0,0.0,1.0,0.0
34,89.85,8.03681594174294,3,2.567142857142857,0,0.3435006206774251,0.42984953233021556,0,1.0,1.0,1.0,1.0,0.0,0.0,1.0,0.0,0.0,0.0,1.0,0.0,1.0,0.0
4,45.65,5.257755754791914,0,9.129999999999999,0,0.22592658272743393,0.42984953233021556,0,0.0,0.0,0.0,1.0,0.0,0.0,0.0,0.0,0.0,0.0,0.0,0.0,0.0,1.0
46,43.95,7.605317698015492,2,0.9351063829787235,0,0.3435006206774251,0.431938236489232,0,0.0,1.0,0.0,0.0,1.0,0.0,0.0,0.0,0.0,0.0,1.0,0.0,1.0,0.0
29,20.0,6.3974295302577975,0,0.6666666666666666,0,0.22592658272743393,0.11266094420600858,0,0.0,0.0,0.0,1.0,0.0,0.0,0.0,1.0,1.0,0.0,0.0,0.0,0.0,1.0
32,86.1,7.910131959769421,2,2.609090909090909,0,0.3435006206774251,0.42851340373679936,0,0.0,1.0,1.0,1.0,0.0,0.0,1.0,0.0,0.0,0.0,1.0,0.0,1.0,0.0
8,60.9,6.315267581521369,2,6.766666666666667,1,0.21457705266891292,0.431938236489232,1,1.0,1.0,0.0,1.0,0.0,0.0,0.0,0.0,0.0,0.0,0.0,0.0,0.0,0.0
58,19.85,7.056045965394279,0,0.3364406779661017,0,0.22592658272743393,0.02787769784172662,0,0.0,1.0,1.0,1.0,0.0,0.0,0.0,1.0,0.0,1.0,1.0,0.0,0.0,1.0
18,87.9,7.314219887423385,3,4.626315789473685,0,0.22592658272743393,0.42851340373679936,0,1.0,1.0,1.0,1.0,0.0,0.0,1.0,0.0,0.0,0.0,1.0,0.0,0.0,1.0
1,90.75,4.51906748693468,2,45.375,0,0.3435006206774251,0.4231860559383867,0,1.0,1.0,0.0,1.0,0.0,0.0,1.0,0.0,0.0,0.0,1.0,0.0,1.0,0.0
59,100.05,8.70547196868432,4,1.6675,0,0.22592658272743393,0.021602160216021602,0,0.0,1.0,0.0,1.0,0.0,0.0,1.0,0.0,0.0,1.0,1.0,0.0,0.0,1.0
1,20.35,3.0610517396746335,0,10.175,0,0.22592658272743393,0.024346257889990983,0,0.0,1.0,1.0,1.0,0.0,0.0,0.0,1.0,0.0,1.0,0.0,0.0,0.0,1.0
66,80.45,8.561277060235506,1,1.2007462686567165,1,0.21599574392622806,0.44104447164422683,1,0.0,0.0,0.0,1.0,0.0,1.0,1.0,0.0,0.0,0.0,1.0,1.0,0.0,0.0
6,79.05,6.0764947962925575,1,11.292857142857143,0,0.3435006206774251,0.4231860559383867,0,0.0,0.0,0.0,1.0,0.0,1.0,1.0,0.0,0.0,0.0,1.0,0.0,1.0,0.0
41,89.2,8.201591638966322,2,2.123809523809524,0,0.3435006206774251,0.4231860559383867,0,1.0,0.0,0.0,1.0,0.0,1.0,1.0,0.0,0.0,0.0,1.0,0.0,1.0,0.0
71,56.05,8.671398155484365,5,0.7784722222222222,0,0.3435006206774251,0.027827648114901255,0,1.0,1.0,0.0,1.0,0.0,0.0,0.0,0.0,0.0,1.0,1.0,0.0,1.0,0.0
1,25.15,3.263849190510932,0,12.575,0,0.22592658272743393,0.4231860559383867,0,0.0,0.0,0.0,0.0,1.0,0.0,0.0,0.0,0.0,0.0,1.0,0.0,0.0,1.0
71,19.45,7.229440147984164,0,0.2701388888888889,0,0.22592658272743393,0.027827648114901255,0,1.0,1.0,1.0,1.0,0.0,0.0,0.0,1.0,0.0,1.0,0.0,0.0,0.0,1.0
1,50.45,3.9406104622800586,1,25.225,0,0.22592658272743393,0.431938236489232,0,0.0,0.0,0.0,1.0,0.0,0.0,0.0,0.0,0.0,0.0,1.0,0.0,0.0,1.0
67,92.45,8.722881278690172,4,1.3595588235294118,1,0.21457705266891292,0.024346257889990983,1,0.0,0.0,0.0,1.0,0.0,0.0,1.0,0.0,0.0,1.0,1.0,0.0,0.0,0.0
18,101.3,7.493122352365488,4,5.3315789473684205,1,0.21599574392622806,0.44104447164422683,0,1.0,0.0,0.0,1.0,0.0,0.0,1.0,0.0,0.0,0.0,0.0,1.0,0.0,0.0
18,49.4,6.775137754367298,1,2.6,0,0.3435006206774251,0.42851340373679936,0,1.0,0.0,0.0,1.0,0.0,0.0,0.0,0.0,0.0,0.0,0.0,0.0,1.0,0.0
28,100.2,7.897091990724349,3,3.4551724137931035,0,0.3435006206774251,0.11158342189160468,0,1.0,0.0,0.0,1.0,0.0,1.0,1.0,0.0,1.0,0.0,0.0,0.0,1.0,0.0
61,111.6,8.83594505990559,5,1.7999999999999998,1,0.21599574392622806,0.027827648114901255,0,1.0,0.0,0.0,1.0,0.0,1.0,1.0,0.0,0.0,1.0,1.0,1.0,0.0,0.0
1,80.15,4.396299293960601,1,40.075,1,0.21599574392622806,0.42984953233021556,0,0.0,0.0,0.0,1.0,0.0,0.0,1.0,0.0,0.0,0.0,0.0,1.0,0.0,0.0
10,67.8,6.483336682956885,3,6.163636363636363,1,0.21599574392622806,0.44104447164422683,0,0.0,1.0,0.0,1.0,0.0,0.0,0.0,0.0,0.0,0.0,1.0,1.0,0.0,0.0
30,90.05,7.874054480209538,2,2.9048387096774193,0,0.3435006206774251,0.42984953233021556,1,0.0,1.0,0.0,1.0,0.0,1.0,1.0,0.0,0.0,0.0,1.0,0.0,1.0,0.0
72,115.8,9.027996814940224,6,1.5863013698630137,1,0.21599574392622806,0.024346257889990983,0,1.0,1.0,0.0,1.0,0.0,1.0,1.0,0.0,0.0,1.0,0.0,1.0,0.0,0.0
71,85.45,8.74859852006632,5,1.1868055555555557,0,0.3435006206774251,0.11882229232386961,0,1.0,1.0,1.0,1.0,0.0,1.0,0.0,0.0,1.0,0.0,0.0,0.0,1.0,0.0
65,109.3,8.900896554409524,5,1.656060606060606,0,0.3435006206774251,0.03211009174311927,0,0.0,1.0,1.0,1.0,0.0,1.0,1.0,0.0,0.0,1.0,0.0,0.0,1.0,0.0
52,25.6,7.197061032550016,0,0.4830188679245283,1,0.21599574392622806,0.03211009174311927,0,1.0,0.0,1.0,1.0,0.0,1.0,0.0,1.0,0.0,1.0,0.0,1.0,0.0,0.0
51,60.5,8.046373229061277,3,1.1634615384615385,1,0.21599574392622806,0.03211009174311927,0,1.0,1.0,1.0,1.0,0.0,0.0,0.0,0.0,0.0,1.0,0.0,1.0,0.0,0.0
70,39.15,7.898689553852058,3,0.5514084507042253,1,0.21599574392622806,0.02787769784172662,0,1.0,1.0,0.0,0.0,1.0,0.0,0.0,0.0,0.0,1.0,1.0,1.0,0.0,0.0
21,54.6,7.026604412820518,1,2.481818181818182,1,0.21457705266891292,0.4231860559383867,0,1.0,1.0,0.0,1.0,0.0,0.0,0.0,0.0,0.0,0.0,0.0,0.0,0.0,0.0
41,101.1,8.298340421519184,4,2.407142857142857,1,0.21457705266891292,0.11158342189160468,1,0.0,0.0,0.0,1.0,0.0,0.0,1.0,0.0,1.0,0.0,1.0,0.0,0.0,0.0
33,94.5,8.041268064658302,2,2.7794117647058822,0,0.3435006206774251,0.431938236489232,1,1.0,1.0,0.0,1.0,0.0,1.0,1.0,0.0,0.0,0.0,1.0,0.0,1.0,0.0
9,54.55,6.204658767568524,1,5.455,0,0.3435006206774251,0.431938236489232,1,1.0,0.0,0.0,1.0,0.0,1.0,0.0,0.0,0.0,0.0,0.0,0.0,1.0,0.0
43,104.6,8.468181502712058,4,2.377272727272727,0,0.3435006206774251,0.03211009174311927,0,0.0,0.0,0.0,1.0,0.0,1.0,1.0,0.0,0.0,1.0,1.0,0.0,1.0,0.0
61,68.05,8.333090048539852,4,1.0975806451612902,1,0.21457705266891292,0.021602160216021602,0,1.0,1.0,1.0,1.0,0.0,0.0,0.0,0.0,0.0,1.0,1.0,0.0,0.0,0.0
65,110.35,8.888363567115029,5,1.6719696969696969,0,0.3435006206774251,0.027827648114901255,1,1.0,0.0,0.0,1.0,0.0,1.0,1.0,0.0,0.0,1.0,1.0,0.0,1.0,0.0
71,99.65,8.879367983425537,4,1.3840277777777779,1,0.21599574392622806,0.10683760683760683,1,0.0,0.0,0.0,1.0,0.0,1.0,1.0,0.0,1.0,0.0,1.0,1.0,0.0,0.0
19,39.65,6.598985754199871,2,1.9825,0,0.3435006206774251,0.42984953233021556,0,1.0,0.0,0.0,0.0,1.0,0.0,0.0,0.0,0.0,0.0,1.0,0.0,1.0,0.0
13,49.15,6.4775875582336,3,3.5107142857142857,0,0.3435006206774251,0.42984953233021556,0,0.0,0.0,0.0,0.0,1.0,0.0,0.0,0.0,0.0,0.0,0.0,0.0,1.0,0.0
20,89.1,7.539160025706512,2,4.242857142857143,1,0.21457705266891292,0.4231860559383867,0,0.0,0.0,0.0,1.0,0.0,1.0,1.0,0.0,0.0,0.0,1.0,0.0,0.0,0.0
26,47.85,7.082968296538797,4,1.7722222222222224,1,0.21457705266891292,0.10683760683760683,0,0.0,1.0,0.0,0.0,1.0,0.0,0.0,0.0,1.0,0.0,0.0,0.0,0.0,0.0
38,70.15,7.823385792960413,4,1.7987179487179488,1,0.21599574392622806,0.11882229232386961,1,1.0,0.0,0.0,1.0,0.0,0.0,0.0,0.0,1.0,0.0,1.0,1.0,0.0,0.0
1,45.8,3.845883202923601,0,22.9,0,0.22592658272743393,0.42851340373679936,0,1.0,0.0,0.0,1.0,0.0,0.0,0.0,0.0,0.0,0.0,1.0,0.0,0.0,1.0
67,49.35,8.108427642841393,4,0.725735294117647,1,0.21457705266891292,0.121875,0,1.0,0.0,0.0,0.0,1.0,0.0,0.0,0.0,1.0,0.0,1.0,0.0,0.0,0.0
18,20.25,5.998812484770521,0,1.0657894736842106,0,0.22592658272743393,0.42984953233021556,0,0.0,1.0,1.0,1.0,0.0,0.0,0.0,1.0,0.0,0.0,1.0,0.0,0.0,1.0
69,106.5,8.902428380952307,4,1.5214285714285714,1,0.21457705266891292,0.024346257889990983,0,1.0,0.0,0.0,1.0,0.0,1.0,1.0,0.0,0.0,1.0,1.0,0.0,0.0,0.0
31,72.45,7.676589541388417,5,2.2640625,1,0.21457705266891292,0.44104447164422683,0,1.0,0.0,0.0,1.0,0.0,0.0,0.0,0.0,0.0,0.0,1.0,0.0,0.0,0.0
3,20.85,4.290459441148391,0,5.2125,0,0.22592658272743393,0.431938236489232,0,0.0,1.0,0.0,1.0,0.0,0.0,0.0,1.0,0.0,0.0,0.0,0.0,0.0,1.0
3,20.7,4.069026754237811,0,5.175,0,0.22592658272743393,0.42984953233021556,0,1.0,0.0,0.0,1.0,0.0,0.0,0.0,1.0,0.0,0.0,0.0,0.0,0.0,1.0
27,20.35,6.277770673379832,0,0.7267857142857144,1,0.21599574392622806,0.024346257889990983,0,1.0,0.0,0.0,1.0,0.0,0.0,0.0,1.0,0.0,1.0,0.0,1.0,0.0,0.0
29,74.95,7.67324637666525,0,2.4983333333333335,0,0.3435006206774251,0.44104447164422683,0,0.0,1.0,0.0,1.0,0.0,1.0,1.0,0.0,0.0,0.0,1.0,0.0,1.0,0.0
20,55.0,7.061805953809062,5,2.619047619047619,1,0.21599574392622806,0.44104447164422683,0,1.0,0.0,0.0,0.0,1.0,0.0,0.0,0.0,0.0,0.0,1.0,1.0,0.0,0.0
53,69.7,8.212581959303028,3,1.2907407407407407,1,0.21457705266891292,0.021602160216021602,0,1.0,1.0,1.0,1.0,0.0,1.0,0.0,0.0,0.0,1.0,0.0,0.0,0.0,0.0
72,108.1,8.958675167894924,5,1.4808219178082191,1,0.21457705266891292,0.02787769784172662,1,0.0,0.0,0.0,1.0,0.0,1.0,1.0,0.0,0.0,1.0,1.0,0.0,0.0,0.0
9,95.9,6.719556485015306,3,9.59,1,0.21457705266891292,0.431938236489232,0,1.0,0.0,0.0,1.0,0.0,0.0,1.0,0.0,0.0,0.0,1.0,0.0,0.0,0.0
42,66.4,7.911617231104436,3,1.544186046511628,1,0.21599574392622806,0.42851340373679936,0,0.0,1.0,0.0,1.0,0.0,1.0,0.0,0.0,0.0,0.0,1.0,1.0,0.0,0.0
58,65.25,8.240807078706307,3,1.1059322033898304,1,0.21599574392622806,0.42984953233021556,0,0.0,1.0,0.0,1.0,0.0,0.0,0.0,0.0,0.0,0.0,1.0,1.0,0.0,0.0
18,85.2,7.3491665138637705,1,4.484210526315789,0,0.3435006206774251,0.431938236489232,0,0.0,0.0,0.0,1.0,0.0,1.0,1.0,0.0,0.0,0.0,1.0,0.0,1.0,0.0
51,85.5,8.394562173260002,6,1.6442307692307692,1,0.21599574392622806,0.03211009174311927,0,0.0,1.0,1.0,1.0,0.0,0.0,0.0,0.0,0.0,1.0,0.0,1.0,0.0,0.0
26,50.35,7.153442794731241,3,1.864814814814815,1,0.21599574392622806,0.42851340373679936,0,0.0,0.0,0.0,0.0,1.0,0.0,0.0,0.0,0.0,0.0,1.0,1.0,0.0,0.0
26,29.8,6.668863370699788,1,1.1037037037037036,0,0.22592658272743393,0.42851340373679936,0,0.0,0.0,1.0,0.0,1.0,0.0,0.0,0.0,0.0,0.0,1.0,0.0,0.0,1.0
55,90.4,8.537025230044605,2,1.6142857142857143,1,0.21599574392622806,0.431938236489232,0,1.0,1.0,1.0,1.0,0.0,1.0,1.0,0.0,0.0,0.0,1.0,1.0,0.0,0.0
1,85.0,4.454347296253507,2,42.5,0,0.3435006206774251,0.44104447164422683,0,1.0,0.0,0.0,1.0,0.0,0.0,1.0,0.0,0.0,0.0,1.0,0.0,1.0,0.0
67,103.15,8.838769315515574,5,1.5169117647058825,1,0.21457705266891292,0.027827648114901255,0,1.0,1.0,1.0,1.0,0.0,0.0,1.0,0.0,0.0,1.0,0.0,0.0,0.0,0.0
25,74.6,7.4948472582015775,1,2.869230769230769,0,0.3435006206774251,0.44104447164422683,0,0.0,1.0,0.0,1.0,0.0,0.0,1.0,0.0,0.0,0.0,1.0,0.0,1.0,0.0
5,75.6,6.000176487710004,0,12.6,0,0.3435006206774251,0.42851340373679936,0,0.0,0.0,0.0,1.0,0.0,1.0,1.0,0.0,0.0,0.0,0.0,0.0,1.0,0.0
20,91.0,7.528600547786677,2,4.333333333333333,1,0.21457705266891292,0.11158342189160468,1,0.0,1.0,0.0,1.0,0.0,0.0,1.0,0.0,1.0,0.0,1.0,0.0,0.0,0.0
11,20.3,5.510602174527371,0,1.6916666666666667,1,0.21457705266891292,0.42984953233021556,0,0.0,0.0,0.0,1.0,0.0,0.0,0.0,1.0,0.0,0.0,0.0,0.0,0.0,0.0
7,94.25,6.507277712385012,3,11.78125,0,0.3435006206774251,0.4231860559383867,0,1.0,0.0,0.0,1.0,0.0,0.0,1.0,0.0,0.0,0.0,1.0,0.0,1.0,0.0
70,68.95,8.488731986594201,3,0.9711267605633803,1,0.21599574392622806,0.027827648114901255,0,1.0,1.0,1.0,1.0,0.0,1.0,0.0,0.0,0.0,1.0,0.0,1.0,0.0,0.0
48,25.05,7.066893500320434,0,0.5112244897959184,1,0.21599574392622806,0.11882229232386961,0,0.0,0.0,0.0,1.0,0.0,1.0,0.0,1.0,1.0,0.0,0.0,1.0,0.0,0.0
13,43.8,6.3862899201118015,0,3.1285714285714286,0,0.3435006206774251,0.11882229232386961,0,0.0,1.0,0.0,1.0,0.0,0.0,0.0,0.0,1.0,0.0,0.0,0.0,1.0,0.0
35,20.1,6.486618001479677,0,0.5583333333333333,0,0.22592658272743393,0.02787769784172662,0,1.0,1.0,1.0,1.0,0.0,0.0,0.0,1.0,0.0,1.0,0.0,0.0,0.0,1.0
63,98.0,8.735436757386255,4,1.53125,1,0.21599574392622806,0.021602160216021602,0,0.0,0.0,0.0,1.0,0.0,1.0,1.0,0.0,0.0,1.0,0.0,1.0,0.0,0.0
41,74.7,8.067352908713396,4,1.7785714285714287,1,0.21599574392622806,0.121875,0,0.0,1.0,1.0,1.0,0.0,0.0,0.0,0.0,1.0,0.0,1.0,1.0,0.0,0.0
25,53.65,7.212626271854599,2,2.0634615384615382,0,0.22592658272743393,0.121875,0,1.0,1.0,1.0,1.0,0.0,0.0,0.0,0.0,1.0,0.0,0.0,0.0,0.0,1.0
1,95.85,4.573163389853005,3,47.925,0,0.3435006206774251,0.431938236489232,0,0.0,0.0,0.0,1.0,0.0,0.0,1.0,0.0,0.0,0.0,1.0,0.0,1.0,0.0
42,25.05,6.857356321398285,0,0.5825581395348838,0,0.3435006206774251,0.121875,0,1.0,0.0,0.0,1.0,0.0,1.0,0.0,1.0,1.0,0.0,0.0,0.0,1.0,0.0
57,20.55,7.133974096813275,0,0.3543103448275862,1,0.21599574392622806,0.02787769784172662,0,1.0,0.0,0.0,1.0,0.0,0.0,0.0,1.0,0.0,1.0,0.0,1.0,0.0,0.0
18,69.5,7.090410113566212,3,3.6578947368421053,0,0.22592658272743393,0.431938236489232,0,1.0,0.0,0.0,1.0,0.0,1.0,0.0,0.0,0.0,0.0,0.0,0.0,0.0,1.0
53,60.45,8.06628605786149,5,1.1194444444444445,0,0.3435006206774251,0.121875,0,1.0,1.0,0.0,0.0,1.0,0.0,0.0,0.0,1.0,0.0,1.0,0.0,1.0,0.0
39,81.9,8.077369530671634,2,2.0475000000000003,0,0.3435006206774251,0.11882229232386961,0,1.0,0.0,0.0,1.0,0.0,0.0,1.0,0.0,1.0,0.0,0.0,0.0,1.0,0.0
3,95.1,5.731397641689174,3,23.775,0,0.3435006206774251,0.4231860559383867,0,0.0,0.0,0.0,1.0,0.0,0.0,1.0,0.0,0.0,0.0,1.0,0.0,1.0,0.0
53,111.8,8.667464929294537,5,2.0703703703703704,1,0.21457705266891292,0.11882229232386961,0,0.0,1.0,0.0,1.0,0.0,1.0,1.0,0.0,1.0,0.0,1.0,0.0,0.0,0.0
33,88.6,7.968907969489865,3,2.605882352941176,1,0.21599574392622806,0.42851340373679936,0,0.0,1.0,1.0,1.0,0.0,1.0,1.0,0.0,0.0,0.0,0.0,1.0,0.0,0.0
1,19.95,3.0421386463681466,0,9.975,0,0.22592658272743393,0.42984953233021556,0,1.0,0.0,0.0,1.0,0.0,0.0,0.0,1.0,0.0,0.0,0.0,0.0,0.0,1.0
71,95.75,8.832062323711982,3,1.3298611111111112,1,0.21599574392622806,0.02787769784172662,0,0.0,1.0,1.0,1.0,0.0,1.0,1.0,0.0,0.0,1.0,1.0,1.0,0.0,0.0
5,46.0,5.405825574263322,0,7.666666666666667,0,0.22592658272743393,0.42851340373679936,0,0.0,0.0,1.0,1.0,0.0,0.0,0.0,0.0,0.0,0.0,0.0,0.0,0.0,1.0
1,49.65,3.9249392306946924,1,24.825,0,0.22592658272743393,0.431938236489232,0,1.0,0.0,0.0,1.0,0.0,0.0,0.0,0.0,0.0,0.0,1.0,0.0,0.0,1.0
37,90.0,8.123483714318926,3,2.3684210526315788,0,0.3435006206774251,0.44104447164422683,1,0.0,1.0,0.0,1.0,0.0,0.0,1.0,0.0,0.0,0.0,0.0,0.0,1.0,0.0
72,98.65,8.87212962502125,4,1.3513698630136988,1,0.21457705266891292,0.02787769784172662,0,0.0,1.0,1.0,1.0,0.0,1.0,1.0,0.0,0.0,1.0,1.0,0.0,0.0,0.0
51,24.95,7.109266530169233,0,0.47980769230769227,0,0.22592658272743393,0.027827648114901255,0,1.0,1.0,1.0,1.0,0.0,1.0,0.0,1.0,0.0,1.0,1.0,0.0,0.0,1.0
6,20.4,4.687671407499835,0,2.914285714285714,1,0.21599574392622806,0.027827648114901255,0,1.0,1.0,1.0,1.0,0.0,0.0,0.0,1.0,0.0,1.0,1.0,1.0,0.0,0.0
67,75.1,8.530198257751106,4,1.1044117647058822,0,0.22592658272743393,0.11158342189160468,0,0.0,1.0,0.0,1.0,0.0,1.0,0.0,0.0,1.0,0.0,0.0,0.0,0.0,1.0
30,40.35,7.080068586579022,2,1.3016129032258066,1,0.21599574392622806,0.10683760683760683,0,0.0,0.0,0.0,0.0,1.0,0.0,0.0,0.0,1.0,0.0,1.0,1.0,0.0,0.0
70,88.0,8.697420890953614,3,1.2394366197183098,1,0.21599574392622806,0.027827648114901255,0,1.0,1.0,0.0,1.0,0.0,1.0,1.0,0.0,0.0,1.0,1.0,1.0,0.0,0.0
19,75.9,7.227371969964263,4,3.7950000000000004,0,0.22592658272743393,0.431938236489232,0,0.0,0.0,1.0,1.0,0.0,1.0,0.0,0.0,0.0,0.0,1.0,0.0,0.0,1.0
24,20.25,6.08847782127798,0,0.81,0,0.22592658272743393,0.10683760683760683,0,1.0,1.0,1.0,1.0,0.0,0.0,0.0,1.0,1.0,0.0,0.0,0.0,0.0,1.0
14,50.1,6.565968947537155,1,3.3400000000000003,1,0.21457705266891292,0.4231860559383867,0,0.0,0.0,0.0,1.0,0.0,0.0,0.0,0.0,0.0,0.0,0.0,0.0,0.0,0.0
32,89.6,7.973431067403982,2,2.715151515151515,0,0.3435006206774251,0.44104447164422683,0,0.0,1.0,1.0,1.0,0.0,1.0,1.0,0.0,0.0,0.0,0.0,0.0,1.0,0.0
72,111.65,8.990173635548793,5,1.5294520547945207,1,0.21457705266891292,0.027827648114901255,1,1.0,1.0,0.0,1.0,0.0,1.0,1.0,0.0,0.0,1.0,1.0,0.0,0.0,0.0
18,89.6,7.3987862754199485,2,4.71578947368421,1,0.21599574392622806,0.11266094420600858,0,1.0,0.0,0.0,1.0,0.0,1.0,1.0,0.0,1.0,0.0,1.0,1.0,0.0,0.0
39,40.3,7.39719382086648,3,1.0074999999999998,1,0.21457705266891292,0.121875,0,0.0,0.0,0.0,0.0,1.0,0.0,0.0,0.0,1.0,0.0,1.0,0.0,0.0,0.0
3,49.9,4.875960390769654,1,12.475,0,0.22592658272743393,0.44104447164422683,0,1.0,0.0,0.0,1.0,0.0,0.0,0.0,0.0,0.0,0.0,1.0,0.0,0.0,1.0
25,81.75,7.615692545014718,5,3.144230769230769,1,0.21457705266891292,0.431938236489232,0,1.0,0.0,0.0,1.0,0.0,1.0,0.0,0.0,0.0,0.0,0.0,0.0,0.0,0.0
62,20.05,7.142748346653496,0,0.3182539682539683,1,0.21599574392622806,0.021602160216021602,0,1.0,1.0,1.0,1.0,0.0,0.0,0.0,1.0,0.0,1.0,0.0,1.0,0.0,0.0
26,90.8,7.7676026354330805,2,3.3629629629629627,0,0.3435006206774251,0.44104447164422683,0,0.0,1.0,1.0,1.0,0.0,0.0,1.0,0.0,0.0,0.0,1.0,0.0,1.0,0.0
9,79.75,6.6465203765452046,1,7.975,0,0.3435006206774251,0.42851340373679936,0,0.0,1.0,0.0,1.0,0.0,0.0,1.0,0.0,0.0,0.0,1.0,0.0,1.0,0.0
26,93.6,7.785346761717015,2,3.4666666666666663,0,0.3435006206774251,0.44104447164422683,1,1.0,0.0,0.0,1.0,0.0,1.0,1.0,0.0,0.0,0.0,1.0,0.0,1.0,0.0
61,19.75,7.025716076615701,0,0.3185483870967742,0,0.22592658272743393,0.03211009174311927,0,1.0,0.0,1.0,1.0,0.0,0.0,0.0,1.0,0.0,1.0,0.0,0.0,0.0,1.0
10,53.7,6.257667587882639,5,4.881818181818182,1,0.21599574392622806,0.021602160216021602,0,1.0,1.0,1.0,0.0,1.0,0.0,0.0,0.0,0.0,1.0,0.0,1.0,0.0,0.0
72,83.6,8.692876094363072,5,1.1452054794520548,1,0.21599574392622806,0.03211009174311927,0,0.0,1.0,1.0,1.0,0.0,1.0,0.0,0.0,0.0,1.0,1.0,1.0,0.0,0.0
17,78.9,7.2078228337095505,1,4.383333333333334,0,0.3435006206774251,0.42851340373679936,0,0.0,1.0,0.0,1.0,0.0,1.0,1.0,0.0,0.0,0.0,0.0,0.0,1.0,0.0
3,74.25,5.353278924622011,0,18.5625,0,0.3435006206774251,0.44104447164422683,0,0.0,0.0,0.0,1.0,0.0,1.0,1.0,0.0,0.0,0.0,1.0,0.0,1.0,0.0
27,19.85,6.154858094016418,0,0.7089285714285715,1,0.21599574392622806,0.02787769784172662,0,1.0,0.0,0.0,1.0,0.0,0.0,0.0,1.0,0.0,1.0,0.0,1.0,0.0,0.0
51,81.15,8.32535448993044,5,1.560576923076923,1,0.21599574392622806,0.121875,0,1.0,0.0,0.0,1.0,0.0,1.0,0.0,0.0,1.0,0.0,1.0,1.0,0.0,0.0
28,74.9,7.635086471322152,1,2.5827586206896553,1,0.21457705266891292,0.42851340373679936,0,1.0,0.0,1.0,1.0,0.0,0.0,1.0,0.0,0.0,0.0,1.0,0.0,0.0,0.0
21,20.5,6.0650634611421745,0,0.9318181818181818,1,0.21457705266891292,0.11882229232386961,1,1.0,0.0,0.0,1.0,0.0,0.0,0.0,1.0,1.0,0.0,0.0,0.0,0.0,0.0
47,19.75,6.856356715896137,0,0.4114583333333333,0,0.22592658272743393,0.021602160216021602,0,0.0,1.0,1.0,1.0,0.0,0.0,0.0,1.0,0.0,1.0,0.0,0.0,0.0,1.0
6,20.6,4.767289035464526,0,2.942857142857143,0,0.22592658272743393,0.11158342189160468,0,1.0,0.0,0.0,1.0,0.0,0.0,0.0,1.0,1.0,0.0,0.0,0.0,0.0,1.0
32,94.8,8.049602648334776,4,2.8727272727272726,0,0.22592658272743393,0.11882229232386961,0,1.0,1.0,1.0,1.0,0.0,0.0,1.0,0.0,1.0,0.0,0.0,0.0,0.0,1.0
21,75.3,7.359913115082284,0,3.4227272727272724,0,0.22592658272743393,0.42851340373679936,0,1.0,0.0,0.0,1.0,0.0,1.0,1.0,0.0,0.0,0.0,0.0,0.0,0.0,1.0
30,94.4,7.8781932289267385,3,3.045161290322581,1,0.21457705266891292,0.11882229232386961,0,0.0,0.0,0.0,1.0,0.0,0.0,1.0,0.0,1.0,0.0,1.0,0.0,0.0,0.0
3,75.05,5.31762967758041,1,18.7625,0,0.22592658272743393,0.44104447164422683,1,0.0,0.0,0.0,1.0,0.0,0.0,1.0,0.0,0.0,0.0,0.0,0.0,0.0,1.0
63,20.5,7.192294919161421,0,0.3203125,0,0.22592658272743393,0.121875,0,1.0,0.0,0.0,1.0,0.0,0.0,0.0,1.0,1.0,0.0,0.0,0.0,0.0,1.0
46,69.1,8.088362215202874,3,1.4702127659574467,1,0.21599574392622806,0.10683760683760683,1,0.0,0.0,0.0,1.0,0.0,1.0,0.0,0.0,1.0,0.0,1.0,1.0,0.0,0.0
60,59.85,8.186241687467723,5,0.9811475409836066,1,0.21599574392622806,0.024346257889990983,0,0.0,1.0,1.0,0.0,1.0,0.0,0.0,0.0,0.0,1.0,0.0,1.0,0.0,0.0
10,20.55,5.23830193413805,0,1.8681818181818182,0,0.22592658272743393,0.431938236489232,0,0.0,0.0,0.0,1.0,0.0,0.0,0.0,1.0,0.0,0.0,1.0,0.0,0.0,1.0
22,69.25,7.349230824613334,0,3.010869565217391,0,0.3435006206774251,0.431938236489232,0,0.0,1.0,0.0,1.0,0.0,0.0,1.0,0.0,0.0,0.0,1.0,0.0,1.0,0.0
16,84.75,7.208711360664456,1,4.985294117647059,0,0.3435006206774251,0.431938236489232,1,0.0,0.0,0.0,1.0,0.0,1.0,1.0,0.0,0.0,0.0,1.0,0.0,1.0,0.0
6,48.8,5.698267293968091,1,6.971428571428571,0,0.22592658272743393,0.42851340373679936,0,0.0,1.0,1.0,1.0,0.0,0.0,0.0,0.0,0.0,0.0,1.0,0.0,0.0,1.0
19,78.25,7.307839268137821,2,3.9125,0,0.3435006206774251,0.4231860559383867,0,1.0,0.0,0.0,1.0,0.0,0.0,1.0,0.0,0.0,0.0,1.0,0.0,1.0,0.0
2,20.0,3.6635616461296463,0,6.666666666666667,0,0.22592658272743393,0.42851340373679936,0,1.0,1.0,0.0,1.0,0.0,0.0,0.0,1.0,0.0,0.0,0.0,0.0,0.0,1.0
66,100.8,8.808630703369436,3,1.5044776119402985,0,0.3435006206774251,0.42851340373679936,1,0.0,1.0,0.0,1.0,0.0,1.0,1.0,0.0,0.0,0.0,1.0,0.0,1.0,0.0
4,76.05,5.768008446955473,0,15.209999999999999,0,0.3435006206774251,0.4231860559383867,0,1.0,0.0,0.0,1.0,0.0,1.0,1.0,0.0,0.0,0.0,1.0,0.0,1.0,0.0
52,89.25,8.445353414193193,6,1.6839622641509433,0,0.22592658272743393,0.021602160216021602,0,1.0,0.0,0.0,1.0,0.0,1.0,0.0,0.0,0.0,1.0,1.0,0.0,0.0,1.0
71,71.0,8.519809765199392,4,0.9861111111111112,1,0.21457705266891292,0.10683760683760683,1,1.0,1.0,0.0,1.0,0.0,0.0,0.0,0.0,1.0,0.0,1.0,0.0,0.0,0.0
63,90.45,8.670171756013318,2,1.41328125,1,0.21599574392622806,0.11158342189160468,0,1.0,0.0,0.0,1.0,0.0,1.0,1.0,0.0,1.0,0.0,0.0,1.0,0.0,0.0
18,20.1,5.998564284223205,0,1.0578947368421054,0,0.22592658272743393,0.11882229232386961,0,1.0,0.0,0.0,1.0,0.0,0.0,0.0,1.0,1.0,0.0,0.0,0.0,0.0,1.0
59,79.2,8.431929377457534,1,1.32,1,0.21599574392622806,0.03211009174311927,1,0.0,0.0,0.0,1.0,0.0,1.0,1.0,0.0,0.0,1.0,1.0,1.0,0.0,0.0
27,90.15,7.79333935007713,2,3.2196428571428575,1,0.21457705266891292,0.4231860559383867,0,0.0,1.0,0.0,1.0,0.0,1.0,1.0,0.0,0.0,0.0,0.0,0.0,0.0,0.0
42,106.15,8.414872495266398,4,2.468604651162791,1,0.21457705266891292,0.431938236489232,0,1.0,1.0,0.0,1.0,0.0,1.0,1.0,0.0,0.0,0.0,1.0,0.0,0.0,0.0
13,90.5,7.091866899322588,2,6.464285714285714,0,0.3435006206774251,0.4231860559383867,1,1.0,0.0,0.0,1.0,0.0,0.0,1.0,0.0,0.0,0.0,1.0,0.0,1.0,0.0
48,82.05,8.30175735917023,1,1.6744897959183673,0,0.22592658272743393,0.11158342189160468,0,0.0,1.0,1.0,1.0,0.0,1.0,1.0,0.0,1.0,0.0,1.0,0.0,0.0,1.0
50,108.25,8.600136304229913,5,2.122549019607843,0,0.3435006206774251,0.11882229232386961,0,1.0,1.0,1.0,1.0,0.0,1.0,1.0,0.0,1.0,0.0,1.0,0.0,1.0,0.0
48,19.55,6.784852911880803,0,0.3989795918367347,0,0.22592658272743393,0.03211009174311927,0,0.0,1.0,1.0,1.0,0.0,0.0,0.0,1.0,0.0,1.0,0.0,0.0,0.0,1.0
72,113.65,9.0099057597553,6,1.5568493150684932,1,0.21457705266891292,0.03211009174311927,0,0.0,1.0,0.0,1.0,0.0,1.0,1.0,0.0,0.0,1.0,1.0,0.0,0.0,0.0
1,70.15,4.264790324535862,0,35.075,0,0.22592658272743393,0.4231860559383867,0,0.0,0.0,0.0,1.0,0.0,0.0,1.0,0.0,0.0,0.0,1.0,0.0,0.0,1.0
28,54.65,7.325478284485803,2,1.8844827586206896,1,0.21457705266891292,0.431938236489232,0,0.0,0.0,0.0,1.0,0.0,0.0,0.0,0.0,0.0,0.0,0.0,0.0,0.0,0.0
66,58.2,8.245856797500542,3,0.8686567164179105,1,0.21599574392622806,0.03211009174311927,0,0.0,1.0,1.0,1.0,0.0,0.0,0.0,0.0,0.0,1.0,1.0,1.0,0.0,0.0
1,19.55,3.022860940942244,0,9.775,0,0.22592658272743393,0.431938236489232,0,0.0,0.0,0.0,1.0,0.0,0.0,0.0,1.0,0.0,0.0,0.0,0.0,0.0,1.0
70,79.15,8.619298414353391,5,1.1147887323943664,0,0.22592658272743393,0.02787769784172662,0,1.0,1.0,0.0,1.0,0.0,1.0,0.0,0.0,0.0,1.0,0.0,0.0,0.0,1.0
35,85.95,8.042731640386172,5,2.3875,1,0.21599574392622806,0.11882229232386961,0,0.0,0.0,0.0,1.0,0.0,1.0,0.0,0.0,1.0,0.0,1.0,1.0,0.0,0.0
23,99.95,7.73794331180288,4,4.164583333333334,1,0.21599574392622806,0.10683760683760683,0,1.0,0.0,0.0,1.0,0.0,0.0,1.0,0.0,1.0,0.0,1.0,1.0,0.0,0.0
48,95.4,8.399827568630979,3,1.9469387755102041,0,0.3435006206774251,0.44104447164422683,0,1.0,0.0,0.0,1.0,0.0,1.0,1.0,0.0,0.0,0.0,1.0,0.0,1.0,0.0
5,71.45,5.920505458167488,0,11.908333333333333,0,0.22592658272743393,0.431938236489232,1,1.0,0.0,0.0,1.0,0.0,0.0,1.0,0.0,0.0,0.0,1.0,0.0,0.0,1.0
50,99.4,8.529269972641687,3,1.9490196078431374,0,0.3435006206774251,0.10683760683760683,0,1.0,1.0,0.0,1.0,0.0,1.0,1.0,0.0,1.0,0.0,0.0,0.0,1.0,0.0
48,45.55,7.654135122138809,3,0.9295918367346938,1,0.21599574392622806,0.42851340373679936,0,0.0,0.0,1.0,0.0,1.0,0.0,0.0,0.0,0.0,0.0,0.0,1.0,0.0,0.0
18,25.15,6.169192234891709,0,1.3236842105263158,0,0.22592658272743393,0.44104447164422683,0,1.0,0.0,0.0,0.0,1.0,0.0,0.0,0.0,0.0,0.0,0.0,0.0,0.0,1.0
68,103.25,8.86437925801575,5,1.4963768115942029,1,0.21599574392622806,0.02787769784172662,0,1.0,1.0,1.0,1.0,0.0,0.0,1.0,0.0,0.0,1.0,1.0,1.0,0.0,0.0
51,84.2,8.330152517082306,2,1.6192307692307693,0,0.3435006206774251,0.44104447164422683,1,1.0,1.0,1.0,1.0,0.0,1.0,1.0,0.0,0.0,0.0,1.0,0.0,1.0,0.0
55,113.6,8.74730441204604,5,2.0285714285714285,0,0.3435006206774251,0.021602160216021602,1,1.0,1.0,0.0,1.0,0.0,1.0,1.0,0.0,0.0,1.0,1.0,0.0,1.0,0.0
22,69.7,7.307470555109695,0,3.0304347826086957,0,0.22592658272743393,0.42851340373679936,0,1.0,0.0,0.0,1.0,0.0,0.0,1.0,0.0,0.0,0.0,1.0,0.0,0.0,1.0
29,84.45,7.811203902842994,2,2.815,0,0.3435006206774251,0.42984953233021556,0,1.0,1.0,0.0,1.0,0.0,1.0,1.0,0.0,0.0,0.0,1.0,0.0,1.0,0.0
46,38.25,7.470993070962844,3,0.8138297872340425,0,0.22592658272743393,0.02787769784172662,0,1.0,0.0,0.0,0.0,1.0,0.0,0.0,0.0,0.0,1.0,0.0,0.0,0.0,1.0
53,62.85,8.137542018201053,3,1.163888888888889,1,0.21599574392622806,0.11266094420600858,0,1.0,0.0,1.0,1.0,0.0,0.0,0.0,0.0,1.0,0.0,0.0,1.0,0.0,0.0
69,24.25,7.404157382082404,0,0.3464285714285714,1,0.21457705266891292,0.021602160216021602,0,0.0,1.0,0.0,1.0,0.0,1.0,0.0,1.0,0.0,1.0,0.0,0.0,0.0,0.0
59,64.65,8.225891241774054,3,1.0775000000000001,0,0.3435006206774251,0.431938236489232,0,1.0,0.0,0.0,1.0,0.0,0.0,0.0,0.0,0.0,0.0,1.0,0.0,1.0,0.0
56,65.2,8.16426834990252,2,1.143859649122807,1,0.21457705266891292,0.11266094420600858,0,0.0,1.0,1.0,1.0,0.0,1.0,0.0,0.0,1.0,0.0,0.0,0.0,0.0,0.0
69,114.35,8.944654597396298,6,1.6335714285714285,1,0.21457705266891292,0.027827648114901255,0,1.0,1.0,1.0,1.0,0.0,1.0,1.0,0.0,0.0,1.0,1.0,0.0,0.0,0.0
35,62.1,7.648310716937074,2,1.725,0,0.3435006206774251,0.4231860559383867,0,0.0,0.0,0.0,1.0,0.0,0.0,0.0,0.0,0.0,0.0,1.0,0.0,1.0,0.0
1,49.95,3.9308447596687337,0,24.975,1,0.21457705266891292,0.4231860559383867,0,0.0,0.0,0.0,1.0,0.0,1.0,0.0,0.0,0.0,0.0,1.0,0.0,0.0,0.0
59,95.8,8.64055176593914,3,1.5966666666666667,0,0.3435006206774251,0.024346257889990983,0,0.0,0.0,0.0,1.0,0.0,0.0,1.0,0.0,0.0,1.0,0.0,0.0,1.0,0.0
7,96.2,6.462561328644976,2,12.025,0,0.3435006206774251,0.42984953233021556,0,1.0,0.0,0.0,1.0,0.0,1.0,1.0,0.0,0.0,0.0,0.0,0.0,1.0,0.0
65,58.9,8.257930113295641,3,0.8924242424242425,1,0.21599574392622806,0.021602160216021602,0,0.0,1.0,0.0,1.0,0.0,0.0,0.0,0.0,0.0,1.0,0.0,1.0,0.0,0.0
1,19.9,3.039749158970765,0,9.95,0,0.22592658272743393,0.4231860559383867,0,1.0,0.0,0.0,1.0,0.0,0.0,0.0,1.0,0.0,0.0,1.0,0.0,0.0,1.0
52,85.15,8.403542854384865,5,1.6066037735849057,0,0.22592658272743393,0.03211009174311927,0,1.0,0.0,1.0,1.0,0.0,1.0,0.0,0.0,0.0,1.0,1.0,0.0,0.0,1.0
22,88.75,7.542292993434819,2,3.858695652173913,0,0.3435006206774251,0.44104447164422683,0,1.0,1.0,1.0,1.0,0.0,1.0,1.0,0.0,0.0,0.0,1.0,0.0,1.0,0.0
21,20.85,6.078215473516637,0,0.9477272727272728,1,0.21599574392622806,0.024346257889990983,0,0.0,0.0,0.0,1.0,0.0,0.0,0.0,1.0,0.0,1.0,1.0,1.0,0.0,0.0
64,19.45,7.112042155446042,0,0.29923076923076924,1,0.21599574392622806,0.021602160216021602,0,0.0,1.0,0.0,1.0,0.0,0.0,0.0,1.0,0.0,1.0,0.0,1.0,0.0,0.0
4,29.05,4.8721392168423305,1,5.8100000000000005,0,0.3435006206774251,0.42984953233021556,0,0.0,1.0,0.0,0.0,1.0,0.0,0.0,0.0,0.0,0.0,1.0,0.0,1.0,0.0
56,19.95,7.027979776288506,0,0.35,1,0.21599574392622806,0.121875,0,1.0,1.0,0.0,1.0,0.0,0.0,0.0,1.0,1.0,0.0,0.0,1.0,0.0,0.0
48,20.65,6.964135612418245,0,0.4214285714285714,1,0.21457705266891292,0.02787769784172662,0,0.0,1.0,1.0,1.0,0.0,0.0,0.0,1.0,0.0,1.0,0.0,0.0,0.0,0.0
5,69.75,5.785669634128385,0,11.625,0,0.3435006206774251,0.4231860559383867,0,1.0,0.0,0.0,1.0,0.0,0.0,1.0,0.0,0.0,0.0,1.0,0.0,1.0,0.0
7,74.4,6.270799378071934,0,9.3,0,0.22592658272743393,0.431938236489232,1,1.0,1.0,0.0,1.0,0.0,1.0,1.0,0.0,0.0,0.0,1.0,0.0,0.0,1.0
60,110.6,8.792982322368012,5,1.8131147540983605,0,0.3435006206774251,0.021602160216021602,0,1.0,1.0,1.0,1.0,0.0,1.0,1.0,0.0,0.0,1.0,1.0,0.0,1.0,0.0
1,35.55,3.5986811861957873,1,17.775,0,0.3435006206774251,0.42851340373679936,0,1.0,0.0,0.0,0.0,1.0,0.0,0.0,0.0,0.0,0.0,1.0,0.0,1.0,0.0
17,81.5,7.193084585850321,1,4.527777777777778,1,0.21457705266891292,0.42984953233021556,1,1.0,1.0,0.0,1.0,0.0,0.0,1.0,0.0,0.0,0.0,0.0,0.0,0.0,0.0
41,99.8,8.357094859319076,3,2.376190476190476,0,0.3435006206774251,0.42984953233021556,1,1.0,1.0,0.0,1.0,0.0,1.0,1.0,0.0,0.0,0.0,1.0,0.0,1.0,0.0
60,61.4,8.19953289544477,3,1.0065573770491802,0,0.3435006206774251,0.024346257889990983,0,1.0,0.0,0.0,1.0,0.0,0.0,0.0,0.0,0.0,1.0,0.0,0.0,1.0,0.0
1,19.95,3.0421386463681466,0,9.975,1,0.21457705266891292,0.42984953233021556,0,1.0,1.0,1.0,1.0,0.0,0.0,0.0,1.0,0.0,0.0,0.0,0.0,0.0,0.0
71,116.25,9.055526972598827,6,1.6145833333333333,0,0.3435006206774251,0.03211009174311927,0,1.0,1.0,0.0,1.0,0.0,1.0,1.0,0.0,0.0,1.0,1.0,0.0,1.0,0.0
55,75.75,8.358256074855019,4,1.3526785714285714,1,0.21457705266891292,0.11266094420600858,0,0.0,1.0,1.0,1.0,0.0,1.0,0.0,0.0,1.0,0.0,1.0,0.0,0.0,0.0
2,84.05,5.231375960794155,1,28.016666666666666,0,0.3435006206774251,0.4231860559383867,1,0.0,0.0,0.0,1.0,0.0,1.0,1.0,0.0,0.0,0.0,1.0,0.0,1.0,0.0
1,44.15,3.8099902798629945,0,22.075,1,0.21457705266891292,0.44104447164422683,0,0.0,0.0,0.0,1.0,0.0,0.0,0.0,0.0,0.0,0.0,0.0,0.0,0.0,0.0
31,104.2,8.084701123247454,4,3.25625,0,0.3435006206774251,0.44104447164422683,0,0.0,1.0,1.0,1.0,0.0,1.0,1.0,0.0,0.0,0.0,1.0,0.0,1.0,0.0
21,55.95,7.054492835093721,4,2.5431818181818184,0,0.3435006206774251,0.11158342189160468,0,0.0,1.0,1.0,0.0,1.0,0.0,0.0,0.0,1.0,0.0,1.0,0.0,1.0,0.0
1,74.1,4.318820558770089,4,37.05,1,0.21599574392622806,0.11266094420600858,0,0.0,0.0,0.0,1.0,0.0,0.0,0.0,0.0,1.0,0.0,0.0,1.0,0.0,0.0
6,78.65,6.182704549409183,5,11.235714285714286,1,0.21599574392622806,0.42984953233021556,0,1.0,0.0,0.0,1.0,0.0,0.0,0.0,0.0,0.0,0.0,0.0,1.0,0.0,0.0
22,90.0,7.598299073671967,2,3.9130434782608696,0,0.3435006206774251,0.431938236489232,0,0.0,0.0,0.0,1.0,0.0,1.0,1.0,0.0,0.0,0.0,1.0,0.0,1.0,0.0
21,68.65,7.3093462255417005,0,3.1204545454545456,0,0.3435006206774251,0.42851340373679936,0,0.0,0.0,0.0,1.0,0.0,0.0,1.0,0.0,0.0,0.0,1.0,0.0,1.0,0.0
3,81.35,5.458308102856978,1,20.3375,0,0.3435006206774251,0.42851340373679936,1,1.0,0.0,0.0,1.0,0.0,1.0,1.0,0.0,0.0,0.0,1.0,0.0,1.0,0.0
36,75.55,7.894001085943517,5,2.041891891891892,0,0.22592658272743393,0.11266094420600858,0,0.0,0.0,0.0,1.0,0.0,0.0,0.0,0.0,1.0,0.0,1.0,0.0,0.0,1.0
68,70.8,8.488989171043162,3,1.026086956521739,1,0.21599574392622806,0.027827648114901255,0,1.0,1.0,1.0,1.0,0.0,1.0,0.0,0.0,0.0,1.0,0.0,1.0,0.0,0.0
4,85.65,5.828651456702071,1,17.130000000000003,0,0.3435006206774251,0.42851340373679936,0,1.0,0.0,0.0,1.0,0.0,1.0,1.0,0.0,0.0,0.0,1.0,0.0,1.0,0.0
61,115.1,8.852900850107938,6,1.8564516129032258,0,0.22592658272743393,0.11882229232386961,0,0.0,0.0,0.0,1.0,0.0,1.0,1.0,0.0,1.0,0.0,1.0,0.0,0.0,1.0
36,91.95,8.102298766703406,2,2.485135135135135,1,0.21599574392622806,0.42851340373679936,1,0.0,1.0,0.0,1.0,0.0,1.0,1.0,0.0,0.0,0.0,1.0,1.0,0.0,0.0
66,66.9,8.382804288377585,3,0.9985074626865672,1,0.21457705266891292,0.027827648114901255,0,0.0,1.0,0.0,1.0,0.0,1.0,0.0,0.0,0.0,1.0,0.0,0.0,0.0,0.0
67,111.3,8.92040242361528,5,1.636764705882353,0,0.3435006206774251,0.11882229232386961,0,1.0,1.0,1.0,1.0,0.0,1.0,1.0,0.0,1.0,0.0,1.0,0.0,1.0,0.0
8,87.05,6.637389084295587,1,9.672222222222222,0,0.3435006206774251,0.4231860559383867,0,0.0,0.0,0.0,1.0,0.0,1.0,1.0,0.0,0.0,0.0,1.0,0.0,1.0,0.0
63,70.8,8.400614430330057,4,1.10625,1,0.21599574392622806,0.10683760683760683,0,1.0,1.0,0.0,1.0,0.0,0.0,0.0,0.0,1.0,0.0,0.0,1.0,0.0,0.0
5,89.5,6.171074096398463,2,14.916666666666666,0,0.3435006206774251,0.44104447164422683,1,1.0,0.0,0.0,1.0,0.0,0.0,1.0,0.0,0.0,0.0,1.0,0.0,1.0,0.0
8,19.45,5.076423034634259,0,2.161111111111111,1,0.21457705266891292,0.42984953233021556,0,1.0,0.0,1.0,1.0,0.0,0.0,0.0,1.0,0.0,0.0,0.0,0.0,0.0,0.0
15,74.45,7.044643531044259,0,4.653125,0,0.22592658272743393,0.431938236489232,1,0.0,0.0,0.0,1.0,0.0,1.0,1.0,0.0,0.0,0.0,1.0,0.0,0.0,1.0
71,105.15,8.9300972286214,4,1.4604166666666667,1,0.21457705266891292,0.021602160216021602,0,0.0,1.0,0.0,1.0,0.0,1.0,1.0,0.0,0.0,1.0,1.0,0.0,0.0,0.0
14,59.45,6.66166290628952,3,3.9633333333333334,1,0.21457705266891292,0.42984953233021556,0,0.0,1.0,1.0,1.0,0.0,0.0,0.0,0.0,0.0,0.0,0.0,0.0,0.0,0.0
55,56.8,8.04335823198946,3,1.0142857142857142,0,0.22592658272743393,0.021602160216021602,0,0.0,1.0,0.0,1.0,0.0,0.0,0.0,0.0,0.0,1.0,0.0,0.0,0.0,1.0
19,88.2,7.482569272580218,2,4.41,0,0.3435006206774251,0.42851340373679936,1,1.0,0.0,0.0,1.0,0.0,1.0,1.0,0.0,0.0,0.0,1.0,0.0,1.0,0.0
10,45.8,6.080390756302384,0,4.163636363636363,1,0.21599574392622806,0.42851340373679936,0,1.0,0.0,0.0,1.0,0.0,0.0,0.0,0.0,0.0,0.0,1.0,1.0,0.0,0.0
69,53.65,8.2441763896063,2,0.7664285714285715,1,0.21599574392622806,0.11882229232386961,0,1.0,1.0,0.0,1.0,0.0,0.0,0.0,0.0,1.0,0.0,1.0,1.0,0.0,0.0
46,59.9,7.943658483183582,5,1.274468085106383,1,0.21457705266891292,0.11882229232386961,1,1.0,1.0,0.0,0.0,1.0,0.0,0.0,0.0,1.0,0.0,1.0,0.0,0.0,0.0
32,91.65,7.75177634797621,1,2.7772727272727273,1,0.21457705266891292,0.44104447164422683,0,0.0,1.0,0.0,1.0,0.0,0.0,1.0,0.0,0.0,0.0,1.0,0.0,0.0,0.0
63,80.3,8.49644952147829,2,1.2546875,1,0.21599574392622806,0.42851340373679936,0,1.0,1.0,1.0,1.0,0.0,0.0,1.0,0.0,0.0,0.0,1.0,1.0,0.0,0.0
53,19.5,6.957972995142755,0,0.3611111111111111,1,0.21599574392622806,0.027827648114901255,0,1.0,0.0,0.0,1.0,0.0,0.0,0.0,1.0,0.0,1.0,0.0,1.0,0.0,0.0
68,86.5,8.679949592715351,5,1.2536231884057971,1,0.21457705266891292,0.024346257889990983,0,1.0,0.0,1.0,1.0,0.0,1.0,0.0,0.0,0.0,1.0,1.0,0.0,0.0,0.0
37,56.05,6.881975825994649,1,1.4749999999999999,1,0.21599574392622806,0.42984953233021556,0,0.0,0.0,0.0,0.0,1.0,0.0,0.0,0.0,0.0,0.0,0.0,1.0,0.0,0.0
1,19.45,3.017982882488811,0,9.725,0,0.3435006206774251,0.44104447164422683,1,0.0,0.0,0.0,1.0,0.0,0.0,0.0,1.0,0.0,0.0,1.0,0.0,1.0,0.0
71,90.55,8.764834214330834,6,1.2576388888888888,1,0.21457705266891292,0.021602160216021602,0,1.0,1.0,0.0,1.0,0.0,1.0,0.0,0.0,0.0,1.0,0.0,0.0,0.0,0.0
7,51.0,5.8722586246281026,1,6.375,0,0.22592658272743393,0.42984953233021556,0,1.0,0.0,0.0,1.0,0.0,0.0,0.0,0.0,0.0,0.0,1.0,0.0,0.0,1.0
5,50.55,5.504314759027276,1,8.424999999999999,1,0.21457705266891292,0.4231860559383867,0,0.0,0.0,0.0,1.0,0.0,0.0,0.0,0.0,0.0,0.0,0.0,0.0,0.0,0.0
1,95.45,4.569024739351738,2,47.725,0,0.3435006206774251,0.44104447164422683,0,1.0,0.0,0.0,1.0,0.0,1.0,1.0,0.0,0.0,0.0,1.0,0.0,1.0,0.0
71,105.9,8.925713627253408,4,1.4708333333333334,0,0.3435006206774251,0.11158342189160468,1,0.0,0.0,0.0,1.0,0.0,1.0,1.0,0.0,1.0,0.0,1.0,0.0,1.0,0.0
29,60.2,7.514881501017032,2,2.006666666666667,0,0.22592658272743393,0.44104447164422683,0,1.0,1.0,1.0,1.0,0.0,0.0,0.0,0.0,0.0,0.0,1.0,0.0,0.0,1.0
5,20.2,4.43970574626056,0,3.3666666666666667,0,0.22592658272743393,0.431938236489232,0,1.0,0.0,1.0,1.0,0.0,0.0,0.0,1.0,0.0,0.0,0.0,0.0,0.0,1.0
24,54.95,7.207489432458059,2,2.198,0,0.3435006206774251,0.431938236489232,0,1.0,0.0,0.0,1.0,0.0,0.0,0.0,0.0,0.0,0.0,0.0,0.0,1.0,0.0
34,19.6,6.521798637262015,0,0.56,1,0.21599574392622806,0.11158342189160468,0,1.0,1.0,1.0,1.0,0.0,0.0,0.0,1.0,1.0,0.0,0.0,1.0,0.0,0.0
69,80.65,8.620390368744202,5,1.1521428571428571,1,0.21457705266891292,0.021602160216021602,0,1.0,1.0,1.0,1.0,0.0,0.0,0.0,0.0,0.0,1.0,0.0,0.0,0.0,0.0
72,21.15,7.258693801068933,0,0.2897260273972603,1,0.21457705266891292,0.02787769784172662,0,0.0,0.0,0.0,1.0,0.0,0.0,0.0,1.0,0.0,1.0,1.0,0.0,0.0,0.0
52,50.95,7.867737484480717,1,0.9613207547169812,1,0.21457705266891292,0.11158342189160468,0,0.0,1.0,1.0,1.0,0.0,0.0,0.0,0.0,1.0,0.0,1.0,0.0,0.0,0.0
4,50.85,5.482927968145463,0,10.17,0,0.22592658272743393,0.431938236489232,0,0.0,1.0,1.0,1.0,0.0,1.0,0.0,0.0,0.0,0.0,0.0,0.0,0.0,1.0
72,113.65,9.0027256222796,6,1.5568493150684932,1,0.21599574392622806,0.024346257889990983,0,0.0,1.0,0.0,1.0,0.0,1.0,1.0,0.0,0.0,1.0,1.0,1.0,0.0,0.0
52,19.35,6.939932010677358,0,0.36509433962264154,0,0.22592658272743393,0.03211009174311927,0,0.0,1.0,1.0,1.0,0.0,0.0,0.0,1.0,0.0,1.0,0.0,0.0,0.0,1.0
1,46.3,3.856510295497887,0,23.15,0,0.3435006206774251,0.42984953233021556,1,1.0,0.0,0.0,1.0,0.0,0.0,0.0,0.0,0.0,0.0,0.0,0.0,1.0,0.0
1,24.4,3.2347491740244907,0,12.2,0,0.22592658272743393,0.4231860559383867,0,1.0,0.0,0.0,0.0,1.0,0.0,0.0,0.0,0.0,0.0,0.0,0.0,0.0,1.0
27,101.9,7.8943739906893216,4,3.6392857142857147,1,0.21599574392622806,0.11158342189160468,0,0.0,1.0,0.0,1.0,0.0,0.0,1.0,0.0,1.0,0.0,1.0,1.0,0.0,0.0
70,19.7,7.20228882638302,0,0.27746478873239433,1,0.21457705266891292,0.11882229232386961,0,0.0,0.0,0.0,1.0,0.0,0.0,0.0,1.0,1.0,0.0,0.0,0.0,0.0,0.0
51,79.6,8.287956112213468,1,1.5307692307692307,1,0.21457705266891292,0.11882229232386961,1,1.0,0.0,0.0,1.0,0.0,1.0,1.0,0.0,1.0,0.0,1.0,0.0,0.0,0.0
28,92.2,7.85133038388335,2,3.179310344827586,1,0.21457705266891292,0.11266094420600858,0,1.0,1.0,1.0,1.0,0.0,1.0,1.0,0.0,1.0,0.0,0.0,0.0,0.0,0.0
63,24.2,7.389687479093147,0,0.378125,0,0.22592658272743393,0.03211009174311927,0,0.0,0.0,0.0,1.0,0.0,1.0,0.0,1.0,0.0,1.0,0.0,0.0,0.0,1.0
56,111.95,8.767157820238706,5,1.9640350877192982,0,0.3435006206774251,0.11266094420600858,1,0.0,0.0,0.0,1.0,0.0,1.0,1.0,0.0,1.0,0.0,1.0,0.0,1.0,0.0
68,58.25,8.288207608618395,2,0.8442028985507246,1,0.21457705266891292,0.11158342189160468,0,0.0,1.0,0.0,1.0,0.0,1.0,0.0,0.0,1.0,0.0,0.0,0.0,0.0,0.0
63,81.55,8.523185203402234,1,1.27421875,1,0.21457705266891292,0.44104447164422683,0,0.0,1.0,0.0,1.0,0.0,1.0,1.0,0.0,0.0,0.0,1.0,0.0,0.0,0.0
8,69.95,6.334522195087529,0,7.772222222222222,1,0.21599574392622806,0.4231860559383867,1,1.0,0.0,0.0,1.0,0.0,0.0,1.0,0.0,0.0,0.0,1.0,1.0,0.0,0.0
24,24.6,6.3862899201118015,0,0.9840000000000001,0,0.3435006206774251,0.121875,0,1.0,0.0,0.0,1.0,0.0,1.0,0.0,1.0,1.0,0.0,0.0,0.0,1.0,0.0
4,19.85,4.1588830833596715,0,3.97,0,0.3435006206774251,0.4231860559383867,0,1.0,0.0,0.0,1.0,0.0,0.0,0.0,1.0,0.0,0.0,1.0,0.0,1.0,0.0
1,69.6,4.257030144499196,0,34.8,0,0.3435006206774251,0.4231860559383867,0,0.0,0.0,0.0,1.0,0.0,0.0,1.0,0.0,0.0,0.0,1.0,0.0,1.0,0.0
72,103.95,8.925148529659314,5,1.4239726027397261,1,0.21599574392622806,0.021602160216021602,0,1.0,1.0,1.0,1.0,0.0,1.0,1.0,0.0,0.0,1.0,0.0,1.0,0.0,0.0
69,112.55,8.962840089157234,6,1.6078571428571429,1,0.21457705266891292,0.02787769784172662,0,1.0,1.0,0.0,1.0,0.0,1.0,1.0,0.0,0.0,1.0,1.0,0.0,0.0,0.0
72,71.45,8.522548824377285,3,0.9787671232876712,1,0.21457705266891292,0.021602160216021602,0,0.0,1.0,1.0,1.0,0.0,1.0,0.0,0.0,0.0,1.0,1.0,0.0,0.0,0.0
44,88.15,8.287578748971717,3,1.9588888888888891,1,0.21599574392622806,0.42851340373679936,0,0.0,0.0,0.0,1.0,0.0,0.0,1.0,0.0,0.0,0.0,1.0,1.0,0.0,0.0
35,53.15,7.566259253598508,4,1.4763888888888888,1,0.21599574392622806,0.11266094420600858,0,1.0,1.0,0.0,0.0,1.0,0.0,0.0,0.0,1.0,0.0,0.0,1.0,0.0,0.0
4,79.15,5.762837237437516,1,15.830000000000002,0,0.3435006206774251,0.42851340373679936,0,0.0,0.0,0.0,1.0,0.0,0.0,1.0,0.0,0.0,0.0,1.0,0.0,1.0,0.0
40,79.2,8.081737838008356,2,1.931707317073171,1,0.21599574392622806,0.42984953233021556,1,0.0,0.0,0.0,1.0,0.0,0.0,1.0,0.0,0.0,0.0,1.0,1.0,0.0,0.0
29,35.6,6.978772766217417,2,1.1866666666666668,0,0.22592658272743393,0.10683760683760683,0,1.0,0.0,0.0,0.0,1.0,0.0,0.0,0.0,1.0,0.0,0.0,0.0,0.0,1.0
56,80.9,8.424748901024957,1,1.4192982456140353,0,0.3435006206774251,0.11266094420600858,0,1.0,1.0,0.0,1.0,0.0,0.0,1.0,0.0,1.0,0.0,1.0,0.0,1.0,0.0
72,84.7,8.730068201253648,2,1.1602739726027398,1,0.21457705266891292,0.024346257889990983,0,0.0,0.0,0.0,1.0,0.0,1.0,1.0,0.0,0.0,1.0,1.0,0.0,0.0,0.0
3,94.6,5.636751962196981,2,23.65,0,0.3435006206774251,0.431938236489232,1,1.0,1.0,0.0,1.0,0.0,1.0,1.0,0.0,0.0,0.0,1.0,0.0,1.0,0.0
71,71.1,8.561391878487907,4,0.9874999999999999,0,0.22592658272743393,0.02787769784172662,0,0.0,1.0,1.0,1.0,0.0,1.0,0.0,0.0,0.0,1.0,0.0,0.0,0.0,1.0
2,96.0,5.169346985251076,2,32.0,0,0.3435006206774251,0.44104447164422683,0,0.0,0.0,0.0,1.0,0.0,1.0,1.0,0.0,0.0,0.0,1.0,0.0,1.0,0.0
2,93.85,5.1466220032958425,2,31.28333333333333,0,0.3435006206774251,0.42984953233021556,1,0.0,0.0,0.0,1.0,0.0,1.0,1.0,0.0,0.0,0.0,1.0,0.0,1.0,0.0
22,57.95,7.148974477023577,3,2.5195652173913046,0,0.22592658272743393,0.42984953233021556,0,1.0,1.0,1.0,1.0,0.0,0.0,0.0,0.0,0.0,0.0,1.0,0.0,0.0,1.0
10,45.25,6.063087290780949,0,4.113636363636363,0,0.22592658272743393,0.44104447164422683,0,0.0,0.0,0.0,1.0,0.0,0.0,0.0,0.0,0.0,0.0,0.0,0.0,0.0,1.0
1,24.4,3.2347491740244907,0,12.2,0,0.22592658272743393,0.431938236489232,0,0.0,0.0,0.0,0.0,1.0,0.0,0.0,0.0,0.0,0.0,0.0,0.0,0.0,1.0
27,45.85,7.128816664092023,3,1.6375,1,0.21599574392622806,0.11882229232386961,0,1.0,1.0,1.0,0.0,1.0,0.0,0.0,0.0,1.0,0.0,1.0,1.0,0.0,0.0
24,93.55,7.725352112728672,2,3.742,0,0.3435006206774251,0.44104447164422683,1,0.0,1.0,0.0,1.0,0.0,1.0,1.0,0.0,0.0,0.0,1.0,0.0,1.0,0.0
38,101.15,8.227602632295108,3,2.5935897435897437,0,0.3435006206774251,0.44104447164422683,1,1.0,1.0,1.0,1.0,0.0,1.0,1.0,0.0,0.0,0.0,0.0,0.0,1.0,0.0
31,89.9,7.940192151975948,2,2.809375,0,0.3435006206774251,0.4231860559383867,0,0.0,0.0,0.0,1.0,0.0,1.0,1.0,0.0,0.0,0.0,1.0,0.0,1.0,0.0
1,25.2,3.265759410767051,0,12.6,0,0.22592658272743393,0.431938236489232,0,0.0,0.0,0.0,0.0,1.0,0.0,0.0,0.0,0.0,0.0,0.0,0.0,0.0,1.0
72,74.35,8.563771387176816,5,1.0184931506849315,0,0.3435006206774251,0.02787769784172662,0,0.0,1.0,1.0,1.0,0.0,0.0,0.0,0.0,0.0,1.0,1.0,0.0,1.0,0.0
71,61.4,8.36900635911107,5,0.8527777777777777,1,0.21599574392622806,0.024346257889990983,0,0.0,1.0,0.0,0.0,1.0,0.0,0.0,0.0,0.0,1.0,1.0,1.0,0.0,0.0
60,44.45,7.928369989495185,3,0.728688524590164,0,0.3435006206774251,0.10683760683760683,0,0.0,0.0,0.0,0.0,1.0,0.0,0.0,0.0,1.0,0.0,1.0,0.0,1.0,0.0
11,54.55,6.400672641494981,2,4.545833333333333,0,0.3435006206774251,0.44104447164422683,1,1.0,0.0,1.0,1.0,0.0,0.0,0.0,0.0,0.0,0.0,1.0,0.0,1.0,0.0
2,45.25,4.320151230955794,0,15.083333333333334,0,0.22592658272743393,0.42851340373679936,0,0.0,0.0,0.0,1.0,0.0,0.0,0.0,0.0,0.0,0.0,1.0,0.0,0.0,1.0
31,83.85,7.8917607325243315,2,2.6203125,1,0.21457705266891292,0.431938236489232,0,0.0,1.0,0.0,1.0,0.0,0.0,1.0,0.0,0.0,0.0,1.0,0.0,0.0,0.0
30,94.05,7.961178412059873,2,3.0338709677419353,1,0.21599574392622806,0.44104447164422683,0,1.0,1.0,0.0,1.0,0.0,1.0,1.0,0.0,0.0,0.0,1.0,1.0,0.0,0.0
7,74.35,6.281518803704818,1,9.29375,0,0.22592658272743393,0.42984953233021556,0,1.0,0.0,0.0,1.0,0.0,0.0,1.0,0.0,0.0,0.0,0.0,0.0,0.0,1.0
41,86.2,8.113741055918576,3,2.0523809523809526,1,0.21457705266891292,0.10683760683760683,0,0.0,1.0,0.0,1.0,0.0,0.0,1.0,0.0,1.0,0.0,1.0,0.0,0.0,0.0
14,20.4,5.62293388679288,0,1.3599999999999999,1,0.21457705266891292,0.11266094420600858,0,1.0,0.0,0.0,1.0,0.0,0.0,0.0,1.0,1.0,0.0,0.0,0.0,0.0,0.0
69,20.2,7.22802554102707,0,0.28857142857142853,1,0.21457705266891292,0.027827648114901255,0,1.0,1.0,1.0,1.0,0.0,0.0,0.0,1.0,0.0,1.0,0.0,0.0,0.0,0.0
42,74.15,8.080361247558573,1,1.724418604651163,1,0.21599574392622806,0.42851340373679936,1,0.0,1.0,0.0,1.0,0.0,0.0,1.0,0.0,0.0,0.0,1.0,1.0,0.0,0.0
4,91.65,5.770194240175453,2,18.330000000000002,1,0.21599574392622806,0.4231860559383867,0,0.0,0.0,0.0,1.0,0.0,0.0,1.0,0.0,0.0,0.0,1.0,1.0,0.0,0.0
71,47.6,8.125275895853342,4,0.6611111111111111,1,0.21457705266891292,0.027827648114901255,0,0.0,1.0,0.0,0.0,1.0,0.0,0.0,0.0,0.0,1.0,1.0,0.0,0.0,0.0
44,20.6,6.831953565565855,0,0.4577777777777778,1,0.21457705266891292,0.11266094420600858,0,1.0,1.0,1.0,1.0,0.0,0.0,0.0,1.0,1.0,0.0,0.0,0.0,0.0,0.0
4,75.65,5.714887254388307,0,15.13,0,0.3435006206774251,0.44104447164422683,0,0.0,0.0,0.0,1.0,0.0,1.0,1.0,0.0,0.0,0.0,1.0,0.0,1.0,0.0
7,81.1,6.358968148929027,1,10.1375,0,0.3435006206774251,0.431938236489232,0,0.0,1.0,0.0,1.0,0.0,0.0,1.0,0.0,0.0,0.0,1.0,0.0,1.0,0.0
32,85.3,7.886870563989527,1,2.584848484848485,0,0.3435006206774251,0.42851340373679936,1,1.0,1.0,0.0,1.0,0.0,1.0,1.0,0.0,0.0,0.0,0.0,0.0,1.0,0.0
33,66.4,7.717084213831492,3,1.9529411764705884,1,0.21599574392622806,0.42851340373679936,0,1.0,0.0,0.0,1.0,0.0,0.0,0.0,0.0,0.0,0.0,1.0,1.0,0.0,0.0
53,94.45,8.52590513201826,4,1.7490740740740742,1,0.21599574392622806,0.10683760683760683,0,0.0,0.0,0.0,1.0,0.0,0.0,1.0,0.0,1.0,0.0,1.0,1.0,0.0,0.0
40,104.5,8.303467651080286,4,2.548780487804878,1,0.21599574392622806,0.4231860559383867,0,1.0,0.0,0.0,1.0,0.0,1.0,1.0,0.0,0.0,0.0,1.0,1.0,0.0,0.0
54,46.2,7.796859791811975,3,0.8400000000000001,1,0.21457705266891292,0.021602160216021602,0,1.0,0.0,0.0,0.0,1.0,0.0,0.0,0.0,0.0,1.0,0.0,0.0,0.0,0.0
26,84.3,7.7330704231195,2,3.1222222222222222,0,0.22592658272743393,0.44104447164422683,0,1.0,0.0,0.0,1.0,0.0,1.0,1.0,0.0,0.0,0.0,1.0,0.0,0.0,1.0
27,110.5,7.958087273475015,5,3.9464285714285716,1,0.21457705266891292,0.10683760683760683,1,0.0,0.0,0.0,1.0,0.0,1.0,1.0,0.0,1.0,0.0,1.0,0.0,0.0,0.0
17,20.1,5.636573724962751,0,1.1166666666666667,0,0.22592658272743393,0.11158342189160468,0,1.0,0.0,0.0,1.0,0.0,0.0,0.0,1.0,1.0,0.0,1.0,0.0,0.0,1.0
3,20.15,4.063885354737392,0,5.0375,0,0.22592658272743393,0.4231860559383867,0,0.0,0.0,0.0,1.0,0.0,0.0,0.0,1.0,0.0,0.0,0.0,0.0,0.0,1.0
1,70.45,4.268997904375876,0,35.225,0,0.22592658272743393,0.42984953233021556,1,0.0,1.0,0.0,1.0,0.0,0.0,1.0,0.0,0.0,0.0,1.0,0.0,0.0,1.0
55,100.0,8.614374347125786,3,1.7857142857142858,0,0.3435006206774251,0.11266094420600858,1,0.0,0.0,0.0,1.0,0.0,1.0,1.0,0.0,1.0,0.0,1.0,0.0,1.0,0.0
34,30.4,6.84550746550261,1,0.8685714285714285,1,0.21457705266891292,0.121875,0,1.0,1.0,1.0,0.0,1.0,0.0,0.0,0.0,1.0,0.0,0.0,0.0,0.0,0.0
20,90.2,7.48299129067699,2,4.295238095238095,0,0.3435006206774251,0.42851340373679936,0,1.0,1.0,1.0,1.0,0.0,0.0,1.0,0.0,0.0,0.0,1.0,0.0,1.0,0.0
28,105.8,8.00603417874901,4,3.6482758620689655,0,0.3435006206774251,0.42851340373679936,1,1.0,1.0,0.0,1.0,0.0,1.0,1.0,0.0,0.0,0.0,1.0,0.0,1.0,0.0
69,110.05,8.913516641607119,5,1.572142857142857,1,0.21599574392622806,0.021602160216021602,0,1.0,0.0,0.0,1.0,0.0,1.0,1.0,0.0,0.0,1.0,1.0,1.0,0.0,0.0
29,19.85,6.2842274403022484,0,0.6616666666666667,0,0.22592658272743393,0.10683760683760683,0,1.0,0.0,1.0,1.0,0.0,0.0,0.0,1.0,1.0,0.0,0.0,0.0,0.0,1.0
9,70.5,6.395094639270416,0,7.05,0,0.3435006206774251,0.4231860559383867,0,1.0,0.0,0.0,1.0,0.0,0.0,1.0,0.0,0.0,0.0,1.0,0.0,1.0,0.0
71,86.85,8.742701943436728,6,1.2062499999999998,1,0.21457705266891292,0.024346257889990983,0,1.0,1.0,1.0,1.0,0.0,1.0,0.0,0.0,0.0,1.0,0.0,0.0,0.0,0.0
57,100.75,8.697178688412643,3,1.7370689655172413,1,0.21599574392622806,0.11158342189160468,0,0.0,1.0,0.0,1.0,0.0,1.0,1.0,0.0,1.0,0.0,1.0,1.0,0.0,0.0
56,24.15,7.246546253822308,0,0.4236842105263158,1,0.21457705266891292,0.021602160216021602,0,1.0,1.0,1.0,1.0,0.0,1.0,0.0,1.0,0.0,1.0,0.0,0.0,0.0,0.0
10,33.9,5.701947458710471,1,3.0818181818181816,0,0.22592658272743393,0.4231860559383867,0,1.0,0.0,0.0,0.0,1.0,0.0,0.0,0.0,0.0,0.0,1.0,0.0,0.0,1.0
57,58.75,8.142776067429795,5,1.0129310344827587,1,0.21457705266891292,0.42984953233021556,0,0.0,1.0,0.0,0.0,1.0,0.0,0.0,0.0,0.0,0.0,1.0,0.0,0.0,0.0
3,74.4,5.378975269565491,0,18.6,1,0.21457705266891292,0.42984953233021556,0,0.0,0.0,0.0,1.0,0.0,1.0,1.0,0.0,0.0,0.0,0.0,0.0,0.0,0.0
13,44.8,6.328293862826008,0,3.1999999999999997,1,0.21457705266891292,0.431938236489232,0,1.0,1.0,1.0,1.0,0.0,0.0,0.0,0.0,0.0,0.0,0.0,0.0,0.0,0.0
61,75.35,8.461743904421848,4,1.2153225806451613,1,0.21599574392622806,0.024346257889990983,0,1.0,1.0,0.0,1.0,0.0,1.0,0.0,0.0,0.0,1.0,0.0,1.0,0.0,0.0
16,55.3,6.775765554519185,1,3.2529411764705882,0,0.3435006206774251,0.431938236489232,0,1.0,0.0,0.0,1.0,0.0,1.0,0.0,0.0,0.0,0.0,0.0,0.0,1.0,0.0
38,19.6,6.638698670653521,0,0.5025641025641026,1,0.21599574392622806,0.11266094420600858,0,0.0,1.0,1.0,1.0,0.0,0.0,0.0,1.0,1.0,0.0,0.0,1.0,0.0,0.0
32,80.35,7.862169968947402,1,2.4348484848484846,1,0.21457705266891292,0.42984953233021556,0,1.0,0.0,0.0,1.0,0.0,1.0,1.0,0.0,0.0,0.0,1.0,0.0,0.0,0.0
68,56.4,8.281331607693978,5,0.817391304347826,0,0.22592658272743393,0.03211009174311927,0,1.0,1.0,1.0,0.0,1.0,0.0,0.0,0.0,0.0,1.0,1.0,0.0,0.0,1.0
59,89.75,8.612121480127623,3,1.4958333333333333,0,0.3435006206774251,0.42984953233021556,1,0.0,0.0,0.0,1.0,0.0,1.0,1.0,0.0,0.0,0.0,1.0,0.0,1.0,0.0
57,74.6,8.382506846376582,4,1.286206896551724,1,0.21457705266891292,0.10683760683760683,0,0.0,1.0,0.0,1.0,0.0,1.0,0.0,0.0,1.0,0.0,0.0,0.0,0.0,0.0
60,80.6,8.50667810111647,5,1.321311475409836,1,0.21457705266891292,0.024346257889990983,0,0.0,1.0,1.0,1.0,0.0,0.0,0.0,0.0,0.0,1.0,1.0,0.0,0.0,0.0
72,20.7,7.308609774532618,0,0.28356164383561644,1,0.21457705266891292,0.021602160216021602,0,1.0,1.0,0.0,1.0,0.0,0.0,0.0,1.0,0.0,1.0,0.0,0.0,0.0,0.0
14,59.8,6.716413158967099,2,3.9866666666666664,1,0.21599574392622806,0.4231860559383867,0,0.0,0.0,1.0,1.0,0.0,0.0,0.0,0.0,0.0,0.0,1.0,1.0,0.0,0.0
3,74.5,5.386557155397445,0,18.625,0,0.3435006206774251,0.42984953233021556,0,1.0,0.0,0.0,1.0,0.0,1.0,1.0,0.0,0.0,0.0,0.0,0.0,1.0,0.0
70,59.5,8.329851052565411,5,0.8380281690140845,1,0.21457705266891292,0.02787769784172662,0,1.0,1.0,1.0,0.0,1.0,0.0,0.0,0.0,0.0,1.0,0.0,0.0,0.0,0.0
43,85.1,8.206106010518134,5,1.9340909090909089,1,0.21599574392622806,0.121875,0,0.0,0.0,0.0,1.0,0.0,1.0,0.0,0.0,1.0,0.0,0.0,1.0,0.0,0.0
35,55.0,7.606660848152748,1,1.5277777777777777,0,0.22592658272743393,0.42851340373679936,0,1.0,0.0,0.0,1.0,0.0,0.0,0.0,0.0,0.0,0.0,0.0,0.0,0.0,1.0
51,25.0,7.140215296933696,0,0.4807692307692308,1,0.21457705266891292,0.11266094420600858,1,1.0,0.0,0.0,1.0,0.0,1.0,0.0,1.0,1.0,0.0,0.0,0.0,0.0,0.0
60,116.05,8.843167661654507,6,1.9024590163934425,1,0.21457705266891292,0.021602160216021602,1,0.0,1.0,0.0,1.0,0.0,1.0,1.0,0.0,0.0,1.0,1.0,0.0,0.0,0.0
26,45.8,7.045776576879511,3,1.6962962962962962,0,0.22592658272743393,0.42984953233021556,0,0.0,0.0,1.0,0.0,1.0,0.0,0.0,0.0,0.0,0.0,0.0,0.0,0.0,1.0
35,33.45,7.0705966564879645,2,0.9291666666666667,0,0.22592658272743393,0.431938236489232,0,0.0,0.0,0.0,0.0,1.0,0.0,0.0,0.0,0.0,0.0,1.0,0.0,0.0,1.0
30,40.3,7.068129410043267,2,1.2999999999999998,0,0.3435006206774251,0.4231860559383867,1,0.0,0.0,0.0,0.0,1.0,0.0,0.0,0.0,0.0,0.0,1.0,0.0,1.0,0.0
10,19.8,5.2870036066477635,0,1.8,1,0.21457705266891292,0.4231860559383867,0,0.0,1.0,1.0,1.0,0.0,0.0,0.0,1.0,0.0,0.0,1.0,0.0,0.0,0.0
60,60.5,8.21485761216453,3,0.9918032786885246,1,0.21457705266891292,0.03211009174311927,0,1.0,1.0,1.0,1.0,0.0,0.0,0.0,0.0,0.0,1.0,0.0,0.0,0.0,0.0
62,65.1,8.255243840860063,3,1.0333333333333332,0,0.22592658272743393,0.021602160216021602,0,0.0,0.0,0.0,1.0,0.0,0.0,0.0,0.0,0.0,1.0,1.0,0.0,0.0,1.0
4,25.3,4.770260805853684,0,5.0600000000000005,1,0.21599574392622806,0.02787769784172662,0,0.0,0.0,0.0,1.0,0.0,1.0,0.0,1.0,0.0,1.0,1.0,1.0,0.0,0.0
3,74.1,5.43372200355424,0,18.525,1,0.21599574392622806,0.44104447164422683,0,0.0,1.0,0.0,1.0,0.0,1.0,1.0,0.0,0.0,0.0,1.0,1.0,0.0,0.0
2,30.25,4.1705337005796475,1,10.083333333333334,0,0.22592658272743393,0.42851340373679936,0,0.0,1.0,1.0,0.0,1.0,0.0,0.0,0.0,0.0,0.0,1.0,0.0,0.0,1.0
64,102.1,8.785608343055493,4,1.5707692307692307,0,0.3435006206774251,0.03211009174311927,1,1.0,1.0,0.0,1.0,0.0,1.0,1.0,0.0,0.0,1.0,0.0,0.0,1.0,0.0
24,70.3,7.4427563084393356,4,2.812,1,0.21599574392622806,0.4231860559383867,0,1.0,1.0,1.0,1.0,0.0,0.0,0.0,0.0,0.0,0.0,1.0,1.0,0.0,0.0
8,51.05,6.030805445346439,1,5.672222222222222,0,0.3435006206774251,0.42851340373679936,0,1.0,1.0,1.0,1.0,0.0,0.0,0.0,0.0,0.0,0.0,1.0,0.0,1.0,0.0
46,93.7,8.33226022786578,3,1.9936170212765958,0,0.3435006206774251,0.44104447164422683,0,1.0,0.0,0.0,1.0,0.0,1.0,1.0,0.0,0.0,0.0,1.0,0.0,1.0,0.0
50,90.1,8.422981408153506,4,1.7666666666666666,1,0.21599574392622806,0.11882229232386961,0,1.0,0.0,0.0,1.0,0.0,0.0,1.0,0.0,1.0,0.0,1.0,1.0,0.0,0.0
3,54.7,5.138441998583912,1,13.675,1,0.21599574392622806,0.431938236489232,0,1.0,0.0,1.0,1.0,0.0,0.0,0.0,0.0,0.0,0.0,1.0,1.0,0.0,0.0
71,80.4,8.653147895448441,5,1.1166666666666667,1,0.21599574392622806,0.021602160216021602,0,1.0,1.0,0.0,1.0,0.0,1.0,0.0,0.0,0.0,1.0,0.0,1.0,0.0,0.0
21,86.05,7.506536833506361,2,3.911363636363636,0,0.3435006206774251,0.4231860559383867,0,0.0,1.0,0.0,1.0,0.0,0.0,1.0,0.0,0.0,0.0,1.0,0.0,1.0,0.0
19,95.15,7.49011055388705,3,4.7575,0,0.3435006206774251,0.4231860559383867,0,0.0,0.0,0.0,1.0,0.0,1.0,1.0,0.0,0.0,0.0,1.0,0.0,1.0,0.0
7,49.75,5.806038175360548,1,6.21875,0,0.3435006206774251,0.11158342189160468,0,1.0,1.0,1.0,1.0,0.0,0.0,0.0,0.0,1.0,0.0,1.0,0.0,1.0,0.0
16,75.1,7.101552405501116,1,4.417647058823529,1,0.21457705266891292,0.44104447164422683,0,0.0,0.0,0.0,1.0,0.0,0.0,1.0,0.0,0.0,0.0,0.0,0.0,0.0,0.0
52,20.1,6.984484811840811,0,0.37924528301886795,1,0.21457705266891292,0.027827648114901255,0,0.0,1.0,1.0,1.0,0.0,0.0,0.0,1.0,0.0,1.0,0.0,0.0,0.0,0.0
1,20.05,3.0469005601283903,0,10.025,0,0.22592658272743393,0.42984953233021556,0,1.0,0.0,0.0,1.0,0.0,0.0,0.0,1.0,0.0,0.0,0.0,0.0,0.0,1.0
30,19.4,6.362165662779806,0,0.6258064516129032,1,0.21599574392622806,0.02787769784172662,0,0.0,0.0,0.0,1.0,0.0,0.0,0.0,1.0,0.0,1.0,0.0,1.0,0.0,0.0
36,25.1,6.837279165177812,0,0.6783783783783784,1,0.21599574392622806,0.027827648114901255,0,1.0,1.0,1.0,1.0,0.0,1.0,0.0,1.0,0.0,1.0,0.0,1.0,0.0,0.0
2,70.1,4.960394077659509,0,23.366666666666664,0,0.3435006206774251,0.42851340373679936,1,1.0,1.0,0.0,1.0,0.0,0.0,1.0,0.0,0.0,0.0,0.0,0.0,1.0,0.0
49,56.05,7.7877554007552545,3,1.121,1,0.21599574392622806,0.02787769784172662,0,1.0,1.0,0.0,0.0,1.0,0.0,0.0,0.0,0.0,1.0,0.0,1.0,0.0,0.0
1,20.45,3.065724645374026,0,10.225,0,0.22592658272743393,0.42984953233021556,0,1.0,0.0,0.0,1.0,0.0,0.0,0.0,1.0,0.0,0.0,0.0,0.0,0.0,1.0
62,20.45,7.168849506524821,0,0.3246031746031746,1,0.21457705266891292,0.02787769784172662,0,1.0,1.0,1.0,1.0,0.0,0.0,0.0,1.0,0.0,1.0,0.0,0.0,0.0,0.0
4,80.6,5.768789635964811,2,16.119999999999997,0,0.22592658272743393,0.4231860559383867,0,1.0,1.0,0.0,1.0,0.0,0.0,1.0,0.0,0.0,0.0,1.0,0.0,0.0,1.0
65,70.95,8.424244221759855,0,1.075,1,0.21457705266891292,0.11158342189160468,1,1.0,1.0,0.0,1.0,0.0,0.0,1.0,0.0,1.0,0.0,1.0,0.0,0.0,0.0
54,87.1,8.462990405401921,5,1.5836363636363635,1,0.21457705266891292,0.021602160216021602,0,1.0,0.0,0.0,1.0,0.0,1.0,0.0,0.0,0.0,1.0,0.0,0.0,0.0,0.0
7,20.65,5.055608659738987,0,2.58125,0,0.22592658272743393,0.4231860559383867,0,0.0,0.0,0.0,1.0,0.0,0.0,0.0,1.0,0.0,0.0,0.0,0.0,0.0,1.0
45,70.05,8.027297010831276,3,1.5228260869565218,0,0.3435006206774251,0.44104447164422683,1,0.0,0.0,0.0,1.0,0.0,1.0,0.0,0.0,0.0,0.0,1.0,0.0,1.0,0.0
70,67.95,8.44787526710534,4,0.9570422535211268,0,0.22592658272743393,0.02787769784172662,0,1.0,1.0,0.0,1.0,0.0,0.0,0.0,0.0,0.0,1.0,0.0,0.0,0.0,1.0
1,56.05,3.9560398908449206,1,28.025,0,0.22592658272743393,0.4231860559383867,0,1.0,0.0,0.0,1.0,0.0,0.0,0.0,0.0,0.0,0.0,0.0,0.0,0.0,1.0
72,84.05,8.708350596872592,2,1.1513698630136986,1,0.21457705266891292,0.03211009174311927,0,0.0,1.0,0.0,1.0,0.0,1.0,1.0,0.0,0.0,1.0,1.0,0.0,0.0,0.0
42,95.55,8.276801746692474,3,2.222093023255814,0,0.3435006206774251,0.431938236489232,1,0.0,1.0,0.0,1.0,0.0,1.0,1.0,0.0,0.0,0.0,1.0,0.0,1.0,0.0
52,56.05,7.844593458743952,3,1.0575471698113208,0,0.3435006206774251,0.4231860559383867,1,1.0,0.0,0.0,0.0,1.0,0.0,0.0,0.0,0.0,0.0,1.0,0.0,1.0,0.0
42,55.65,7.79265853761466,1,1.294186046511628,0,0.3435006206774251,0.431938236489232,1,0.0,0.0,0.0,1.0,0.0,1.0,0.0,0.0,0.0,0.0,0.0,0.0,1.0,0.0
67,60.5,8.261268150577648,3,0.8897058823529411,1,0.21599574392622806,0.11882229232386961,0,0.0,0.0,0.0,1.0,0.0,0.0,0.0,0.0,1.0,0.0,0.0,1.0,0.0,0.0
24,96.0,7.66079740344362,3,3.84,0,0.3435006206774251,0.44104447164422683,0,1.0,0.0,0.0,1.0,0.0,0.0,1.0,0.0,0.0,0.0,1.0,0.0,1.0,0.0
72,67.8,8.477547588009875,4,0.9287671232876712,1,0.21457705266891292,0.021602160216021602,0,1.0,1.0,0.0,1.0,0.0,1.0,0.0,0.0,0.0,1.0,1.0,0.0,0.0,0.0
43,19.65,6.659614381150889,0,0.44659090909090904,1,0.21457705266891292,0.024346257889990983,0,0.0,0.0,0.0,1.0,0.0,0.0,0.0,1.0,0.0,1.0,1.0,0.0,0.0,0.0
50,19.35,6.9411900550683745,0,0.3794117647058824,0,0.22592658272743393,0.11882229232386961,0,0.0,0.0,0.0,1.0,0.0,0.0,0.0,1.0,1.0,0.0,1.0,0.0,0.0,1.0
6,56.25,5.966403116512611,2,8.035714285714286,0,0.3435006206774251,0.4231860559383867,0,0.0,0.0,0.0,1.0,0.0,0.0,0.0,0.0,0.0,0.0,0.0,0.0,1.0,0.0
20,19.4,5.928258471204189,0,0.9238095238095237,0,0.3435006206774251,0.431938236489232,0,1.0,0.0,1.0,1.0,0.0,0.0,0.0,1.0,0.0,0.0,1.0,0.0,1.0,0.0
1,73.6,4.312140507209715,1,36.8,0,0.22592658272743393,0.431938236489232,0,0.0,0.0,1.0,1.0,0.0,0.0,1.0,0.0,0.0,0.0,1.0,0.0,0.0,1.0
26,73.5,7.553129278070399,4,2.7222222222222223,1,0.21599574392622806,0.03211009174311927,0,0.0,1.0,0.0,1.0,0.0,0.0,0.0,0.0,0.0,1.0,1.0,1.0,0.0,0.0
46,35.05,7.390952735630654,2,0.7457446808510638,1,0.21457705266891292,0.42984953233021556,0,0.0,1.0,1.0,0.0,1.0,0.0,0.0,0.0,0.0,0.0,0.0,0.0,0.0,0.0
64,49.85,8.07444668846084,4,0.7669230769230769,0,0.3435006206774251,0.027827648114901255,0,0.0,1.0,1.0,0.0,1.0,0.0,0.0,0.0,0.0,1.0,0.0,0.0,1.0,0.0
5,21.05,4.743626929135107,0,3.5083333333333333,0,0.22592658272743393,0.42984953233021556,0,1.0,0.0,0.0,1.0,0.0,0.0,0.0,1.0,0.0,0.0,0.0,0.0,0.0,1.0
40,25.25,6.9156242373608325,0,0.6158536585365854,1,0.21599574392622806,0.03211009174311927,0,1.0,1.0,1.0,1.0,0.0,1.0,0.0,1.0,0.0,1.0,0.0,1.0,0.0,0.0
54,55.45,7.9956267577841835,4,1.0081818181818183,0,0.3435006206774251,0.121875,1,1.0,0.0,0.0,0.0,1.0,0.0,0.0,0.0,1.0,0.0,1.0,0.0,1.0,0.0
10,79.25,6.6777759166586454,1,7.204545454545454,0,0.3435006206774251,0.431938236489232,1,1.0,0.0,0.0,1.0,0.0,0.0,1.0,0.0,0.0,0.0,1.0,0.0,1.0,0.0
13,91.1,7.035884606692665,2,6.507142857142857,0,0.3435006206774251,0.42851340373679936,0,1.0,0.0,0.0,1.0,0.0,0.0,1.0,0.0,0.0,0.0,1.0,0.0,1.0,0.0
27,81.3,7.729207719695006,1,2.9035714285714285,0,0.3435006206774251,0.431938236489232,0,1.0,0.0,0.0,1.0,0.0,1.0,1.0,0.0,0.0,0.0,1.0,0.0,1.0,0.0
68,85.5,8.647800312523513,2,1.2391304347826086,1,0.21457705266891292,0.10683760683760683,0,1.0,1.0,1.0,1.0,0.0,1.0,1.0,0.0,1.0,0.0,1.0,0.0,0.0,0.0
14,19.95,5.596197263976263,0,1.3299999999999998,0,0.22592658272743393,0.44104447164422683,0,1.0,0.0,1.0,1.0,0.0,0.0,0.0,1.0,0.0,0.0,0.0,0.0,0.0,1.0
47,106.4,8.542656238852768,4,2.216666666666667,0,0.3435006206774251,0.42851340373679936,0,0.0,0.0,0.0,1.0,0.0,1.0,1.0,0.0,0.0,0.0,1.0,0.0,1.0,0.0
3,88.35,5.572344128176816,3,22.0875,0,0.22592658272743393,0.42984953233021556,0,1.0,0.0,0.0,1.0,0.0,0.0,1.0,0.0,0.0,0.0,1.0,0.0,0.0,1.0
2,73.55,4.986342601527212,1,24.516666666666666,1,0.21457705266891292,0.42851340373679936,0,0.0,1.0,1.0,1.0,0.0,0.0,1.0,0.0,0.0,0.0,1.0,0.0,0.0,0.0
4,64.4,5.537334267018537,2,12.88,0,0.22592658272743393,0.42984953233021556,0,0.0,0.0,0.0,1.0,0.0,1.0,0.0,0.0,0.0,0.0,1.0,0.0,0.0,1.0
46,56.9,7.84819213268437,3,1.2106382978723405,0,0.22592658272743393,0.10683760683760683,0,1.0,1.0,1.0,1.0,0.0,0.0,0.0,0.0,1.0,0.0,0.0,0.0,0.0,1.0
37,56.05,7.616652769633315,1,1.4749999999999999,0,0.22592658272743393,0.44104447164422683,0,1.0,1.0,0.0,1.0,0.0,1.0,0.0,0.0,0.0,0.0,1.0,0.0,0.0,1.0
24,58.35,7.206303104744224,2,2.334,0,0.3435006206774251,0.11266094420600858,0,1.0,1.0,0.0,1.0,0.0,1.0,0.0,0.0,1.0,0.0,1.0,0.0,1.0,0.0
31,71.05,7.682090664728911,3,2.2203125,0,0.3435006206774251,0.4231860559383867,0,1.0,0.0,0.0,1.0,0.0,1.0,0.0,0.0,0.0,0.0,1.0,0.0,1.0,0.0
32,90.95,7.972103881446254,2,2.7560606060606063,0,0.3435006206774251,0.4231860559383867,1,0.0,0.0,0.0,1.0,0.0,0.0,1.0,0.0,0.0,0.0,0.0,0.0,1.0,0.0
43,19.2,6.655762048938863,0,0.43636363636363634,0,0.22592658272743393,0.11158342189160468,0,1.0,1.0,1.0,1.0,0.0,0.0,0.0,1.0,1.0,0.0,1.0,0.0,0.0,1.0
32,36.25,7.049298243091741,2,1.0984848484848484,0,0.22592658272743393,0.121875,0,1.0,1.0,1.0,0.0,1.0,0.0,0.0,0.0,1.0,0.0,1.0,0.0,0.0,1.0
61,94.2,8.682105753887527,4,1.5193548387096774,1,0.21599574392622806,0.4231860559383867,1,0.0,1.0,0.0,1.0,0.0,1.0,1.0,0.0,0.0,0.0,1.0,1.0,0.0,0.0
72,91.15,8.800701566096304,6,1.2486301369863015,1,0.21457705266891292,0.02787769784172662,0,0.0,1.0,0.0,1.0,0.0,1.0,0.0,0.0,0.0,1.0,1.0,0.0,0.0,0.0
12,33.15,6.09975825674325,2,2.55,1,0.21599574392622806,0.121875,0,0.0,1.0,1.0,0.0,1.0,0.0,0.0,0.0,1.0,0.0,0.0,1.0,0.0,0.0
33,20.6,6.538501552836545,0,0.6058823529411765,0,0.22592658272743393,0.121875,0,1.0,1.0,1.0,1.0,0.0,0.0,0.0,1.0,1.0,0.0,0.0,0.0,0.0,1.0
1,70.05,4.263383854543109,0,35.025,0,0.3435006206774251,0.42851340373679936,0,1.0,0.0,0.0,1.0,0.0,0.0,1.0,0.0,0.0,0.0,1.0,0.0,1.0,0.0
16,74.45,7.140730342209636,0,4.379411764705883,1,0.21457705266891292,0.4231860559383867,1,1.0,0.0,0.0,1.0,0.0,1.0,1.0,0.0,0.0,0.0,1.0,0.0,0.0,0.0
57,44.85,7.853196962947979,2,0.7732758620689656,0,0.3435006206774251,0.431938236489232,1,1.0,1.0,0.0,0.0,1.0,0.0,0.0,0.0,0.0,0.0,1.0,0.0,1.0,0.0
5,69.05,5.766757273817589,0,11.508333333333333,0,0.22592658272743393,0.4231860559383867,1,0.0,0.0,0.0,1.0,0.0,0.0,1.0,0.0,0.0,0.0,1.0,0.0,0.0,1.0
4,18.85,4.44500143383527,0,3.7700000000000005,0,0.22592658272743393,0.431938236489232,0,1.0,1.0,1.0,1.0,0.0,0.0,0.0,1.0,0.0,0.0,0.0,0.0,0.0,1.0
3,85.8,5.610204127696635,2,21.45,0,0.3435006206774251,0.42984953233021556,0,0.0,0.0,0.0,1.0,0.0,0.0,1.0,0.0,0.0,0.0,0.0,0.0,1.0,0.0
24,79.85,7.527659497774365,1,3.194,0,0.3435006206774251,0.431938236489232,1,1.0,1.0,1.0,1.0,0.0,1.0,1.0,0.0,0.0,0.0,1.0,0.0,1.0,0.0
64,111.15,8.847129831764855,5,1.7100000000000002,0,0.3435006206774251,0.431938236489232,0,0.0,1.0,0.0,1.0,0.0,1.0,1.0,0.0,0.0,0.0,1.0,0.0,1.0,0.0
71,100.5,8.858176665657608,4,1.3958333333333333,1,0.21457705266891292,0.027827648114901255,0,0.0,1.0,1.0,1.0,0.0,1.0,1.0,0.0,0.0,1.0,0.0,0.0,0.0,0.0
69,95.75,8.781440297608864,3,1.3678571428571429,1,0.21599574392622806,0.10683760683760683,0,1.0,1.0,1.0,1.0,0.0,1.0,1.0,0.0,1.0,0.0,0.0,1.0,0.0,0.0
1,69.95,4.261975403606051,0,34.975,1,0.21599574392622806,0.44104447164422683,0,1.0,1.0,1.0,1.0,0.0,0.0,1.0,0.0,0.0,0.0,1.0,1.0,0.0,0.0
25,89.7,7.69099450306862,2,3.45,0,0.3435006206774251,0.44104447164422683,1,0.0,0.0,0.0,1.0,0.0,1.0,1.0,0.0,0.0,0.0,1.0,0.0,1.0,0.0
1,19.25,3.0081547935525483,0,9.625,0,0.3435006206774251,0.431938236489232,0,0.0,1.0,1.0,1.0,0.0,0.0,0.0,1.0,0.0,0.0,0.0,0.0,1.0,0.0
51,79.15,8.298925235048776,2,1.5221153846153848,1,0.21457705266891292,0.431938236489232,0,0.0,1.0,1.0,1.0,0.0,0.0,1.0,0.0,0.0,0.0,1.0,0.0,0.0,0.0
24,19.75,6.18239477605754,0,0.79,0,0.22592658272743393,0.021602160216021602,0,1.0,1.0,0.0,1.0,0.0,0.0,0.0,1.0,0.0,1.0,0.0,0.0,0.0,1.0
52,24.55,7.194474387933356,0,0.46320754716981133,0,0.22592658272743393,0.027827648114901255,0,1.0,1.0,1.0,1.0,0.0,1.0,0.0,1.0,0.0,1.0,0.0,0.0,0.0,1.0
15,19.8,5.737861788309064,0,1.2375,0,0.22592658272743393,0.44104447164422683,0,1.0,0.0,0.0,1.0,0.0,0.0,0.0,1.0,0.0,0.0,1.0,0.0,0.0,1.0
2,34.7,4.1470951276076295,1,11.566666666666668,0,0.3435006206774251,0.44104447164422683,0,0.0,0.0,0.0,0.0,1.0,0.0,0.0,0.0,0.0,0.0,1.0,0.0,1.0,0.0
3,105.0,5.688499617791684,4,26.25,0,0.3435006206774251,0.431938236489232,1,1.0,0.0,0.0,1.0,0.0,1.0,1.0,0.0,0.0,0.0,1.0,0.0,1.0,0.0
2,45.25,4.460144413937834,2,15.083333333333334,0,0.3435006206774251,0.431938236489232,0,0.0,0.0,0.0,0.0,1.0,0.0,0.0,0.0,0.0,0.0,1.0,0.0,1.0,0.0
53,91.15,8.489513622309495,2,1.687962962962963,0,0.3435006206774251,0.121875,0,0.0,1.0,0.0,1.0,0.0,1.0,1.0,0.0,1.0,0.0,1.0,0.0,1.0,0.0
8,19.5,5.094670023039329,0,2.1666666666666665,0,0.22592658272743393,0.02787769784172662,0,0.0,1.0,1.0,1.0,0.0,0.0,0.0,1.0,0.0,1.0,0.0,0.0,0.0,1.0
27,19.6,6.331768718195769,0,0.7000000000000001,0,0.22592658272743393,0.024346257889990983,0,0.0,0.0,0.0,1.0,0.0,0.0,0.0,1.0,0.0,1.0,1.0,0.0,0.0,1.0
1,74.35,4.3221439250725044,1,37.175,0,0.3435006206774251,0.431938236489232,0,1.0,0.0,0.0,1.0,0.0,0.0,1.0,0.0,0.0,0.0,1.0,0.0,1.0,0.0
22,56.75,7.17460944872248,4,2.467391304347826,1,0.21457705266891292,0.027827648114901255,0,1.0,0.0,0.0,0.0,1.0,0.0,0.0,0.0,0.0,1.0,0.0,0.0,0.0,0.0
48,69.7,8.014550661291555,4,1.4224489795918367,1,0.21457705266891292,0.11158342189160468,0,0.0,1.0,1.0,1.0,0.0,0.0,0.0,0.0,1.0,0.0,0.0,0.0,0.0,0.0
18,73.15,7.175451457345406,0,3.85,0,0.3435006206774251,0.4231860559383867,0,1.0,1.0,0.0,1.0,0.0,1.0,1.0,0.0,0.0,0.0,1.0,0.0,1.0,0.0
23,95.1,7.752356649964447,3,3.9625,0,0.3435006206774251,0.4231860559383867,1,0.0,1.0,0.0,1.0,0.0,0.0,1.0,0.0,0.0,0.0,1.0,0.0,1.0,0.0
70,79.6,8.628815063803575,5,1.1211267605633801,1,0.21457705266891292,0.021602160216021602,0,0.0,0.0,0.0,1.0,0.0,0.0,0.0,0.0,0.0,1.0,0.0,0.0,0.0,0.0
44,19.6,6.660895201050611,0,0.4355555555555556,0,0.22592658272743393,0.42851340373679936,0,0.0,1.0,1.0,1.0,0.0,0.0,0.0,1.0,0.0,0.0,0.0,0.0,0.0,1.0
12,78.3,6.813719287055543,1,6.023076923076923,0,0.3435006206774251,0.42984953233021556,0,0.0,0.0,1.0,1.0,0.0,1.0,1.0,0.0,0.0,0.0,1.0,0.0,1.0,0.0
1,20.15,3.0516399054922867,0,10.075,0,0.22592658272743393,0.44104447164422683,0,1.0,0.0,0.0,1.0,0.0,0.0,0.0,1.0,0.0,0.0,0.0,0.0,0.0,1.0
1,45.15,3.8318969609488613,0,22.575,0,0.3435006206774251,0.44104447164422683,0,0.0,0.0,0.0,1.0,0.0,0.0,0.0,0.0,0.0,0.0,0.0,0.0,1.0,0.0
68,88.85,8.721553435750755,6,1.2876811594202897,1,0.21599574392622806,0.027827648114901255,0,1.0,1.0,1.0,1.0,0.0,1.0,0.0,0.0,0.0,1.0,1.0,1.0,0.0,0.0
68,19.35,7.1652229593403005,0,0.2804347826086957,1,0.21457705266891292,0.03211009174311927,0,0.0,1.0,1.0,1.0,0.0,0.0,0.0,1.0,0.0,1.0,1.0,0.0,0.0,0.0
15,49.1,6.522901294778083,0,3.06875,0,0.3435006206774251,0.42984953233021556,0,0.0,0.0,0.0,1.0,0.0,1.0,0.0,0.0,0.0,0.0,1.0,0.0,1.0,0.0
71,76.05,8.601065479952362,1,1.05625,0,0.3435006206774251,0.024346257889990983,0,0.0,1.0,1.0,1.0,0.0,0.0,1.0,0.0,0.0,1.0,0.0,0.0,1.0,0.0
1,70.2,4.26549281841793,0,35.1,0,0.3435006206774251,0.431938236489232,1,0.0,0.0,0.0,1.0,0.0,0.0,1.0,0.0,0.0,0.0,1.0,0.0,1.0,0.0
26,51.55,7.167346471267392,0,1.9092592592592592,1,0.21599574392622806,0.11266094420600858,0,1.0,0.0,0.0,1.0,0.0,1.0,0.0,0.0,1.0,0.0,1.0,1.0,0.0,0.0
55,85.1,8.434235405694915,2,1.519642857142857,0,0.3435006206774251,0.42851340373679936,0,0.0,1.0,1.0,1.0,0.0,1.0,1.0,0.0,0.0,0.0,1.0,0.0,1.0,0.0
4,29.15,4.709980550340436,1,5.83,0,0.22592658272743393,0.431938236489232,0,0.0,0.0,0.0,0.0,1.0,0.0,0.0,0.0,0.0,0.0,1.0,0.0,0.0,1.0
50,43.05,7.700317837840281,3,0.8441176470588235,1,0.21457705266891292,0.10683760683760683,0,1.0,0.0,1.0,0.0,1.0,0.0,0.0,0.0,1.0,0.0,1.0,0.0,0.0,0.0
10,85.55,6.7484664212987555,1,7.777272727272727,0,0.3435006206774251,0.4231860559383867,1,1.0,1.0,0.0,1.0,0.0,1.0,1.0,0.0,0.0,0.0,0.0,0.0,1.0,0.0
12,20.1,5.452753719852455,0,1.5461538461538462,1,0.21599574392622806,0.431938236489232,0,0.0,1.0,1.0,1.0,0.0,0.0,0.0,1.0,0.0,0.0,1.0,1.0,0.0,0.0
37,58.75,7.698074541294341,3,1.5460526315789473,0,0.22592658272743393,0.10683760683760683,0,1.0,1.0,1.0,1.0,0.0,0.0,0.0,0.0,1.0,0.0,1.0,0.0,0.0,1.0
41,78.45,8.047973255003038,5,1.8678571428571429,0,0.3435006206774251,0.027827648114901255,0,0.0,1.0,1.0,1.0,0.0,0.0,0.0,0.0,0.0,1.0,0.0,0.0,1.0,0.0
69,24.6,7.425983436264869,0,0.3514285714285714,1,0.21599574392622806,0.02787769784172662,0,0.0,0.0,0.0,1.0,0.0,1.0,0.0,1.0,0.0,1.0,0.0,1.0,0.0,0.0
72,20.05,7.261681448499596,0,0.27465753424657535,1,0.21457705266891292,0.027827648114901255,0,0.0,1.0,0.0,1.0,0.0,0.0,0.0,1.0,0.0,1.0,0.0,0.0,0.0,0.0
1,20.25,3.056356895370426,0,10.125,0,0.22592658272743393,0.42984953233021556,0,1.0,0.0,0.0,1.0,0.0,0.0,0.0,1.0,0.0,0.0,1.0,0.0,0.0,1.0
1,20.1,3.0492730404820207,0,10.05,0,0.22592658272743393,0.431938236489232,0,1.0,0.0,0.0,1.0,0.0,0.0,0.0,1.0,0.0,0.0,0.0,0.0,0.0,1.0
1,68.65,4.243482700225814,0,34.325,0,0.3435006206774251,0.431938236489232,0,0.0,0.0,0.0,1.0,0.0,0.0,1.0,0.0,0.0,0.0,0.0,0.0,1.0,0.0
43,79.15,8.179648379792052,5,1.7988636363636366,1,0.21599574392622806,0.027827648114901255,0,1.0,1.0,1.0,1.0,0.0,0.0,0.0,0.0,0.0,1.0,1.0,1.0,0.0,0.0
4,48.75,5.197667958398107,0,9.75,0,0.22592658272743393,0.42984953233021556,1,0.0,0.0,0.0,1.0,0.0,1.0,0.0,0.0,0.0,0.0,0.0,0.0,0.0,1.0
17,102.55,7.463649866115706,4,5.697222222222222,0,0.3435006206774251,0.44104447164422683,0,1.0,1.0,0.0,1.0,0.0,1.0,1.0,0.0,0.0,0.0,1.0,0.0,1.0,0.0
61,25.0,7.315052041919271,0,0.4032258064516129,1,0.21457705266891292,0.021602160216021602,1,1.0,1.0,0.0,1.0,0.0,1.0,0.0,1.0,0.0,1.0,0.0,0.0,0.0,0.0
12,49.4,6.417793810395455,1,3.8,0,0.3435006206774251,0.42984953233021556,0,0.0,0.0,0.0,1.0,0.0,0.0,0.0,0.0,0.0,0.0,1.0,0.0,1.0,0.0
43,84.25,8.171952625103168,3,1.9147727272727273,1,0.21457705266891292,0.11158342189160468,0,1.0,1.0,0.0,1.0,0.0,0.0,1.0,0.0,1.0,0.0,1.0,0.0,0.0,0.0
51,93.65,8.484700990965981,3,1.8009615384615385,1,0.21457705266891292,0.10683760683760683,1,1.0,1.0,0.0,1.0,0.0,1.0,1.0,0.0,1.0,0.0,1.0,0.0,0.0,0.0
40,20.6,6.719375407604218,0,0.5024390243902439,1,0.21457705266891292,0.024346257889990983,0,0.0,0.0,0.0,1.0,0.0,0.0,0.0,1.0,0.0,1.0,1.0,0.0,0.0,0.0
4,24.1,4.3054155323020415,0,4.82,1,0.21599574392622806,0.11882229232386961,0,1.0,1.0,1.0,1.0,0.0,1.0,0.0,1.0,1.0,0.0,0.0,1.0,0.0,0.0
36,54.45,7.546710230458656,1,1.4716216216216218,0,0.22592658272743393,0.121875,0,0.0,0.0,0.0,1.0,0.0,1.0,0.0,0.0,1.0,0.0,0.0,0.0,0.0,1.0
15,20.55,5.693563774461869,0,1.284375,0,0.22592658272743393,0.121875,0,0.0,1.0,1.0,1.0,0.0,0.0,0.0,1.0,1.0,0.0,0.0,0.0,0.0,1.0
64,19.55,7.1237936481663,0,0.3007692307692308,0,0.22592658272743393,0.027827648114901255,0,1.0,0.0,0.0,1.0,0.0,0.0,0.0,1.0,0.0,1.0,0.0,0.0,0.0,1.0
46,24.95,7.062105938812062,0,0.5308510638297872,0,0.22592658272743393,0.11266094420600858,0,0.0,1.0,1.0,1.0,0.0,1.0,0.0,1.0,1.0,0.0,0.0,0.0,0.0,1.0
27,85.9,7.705757847644463,2,3.067857142857143,0,0.3435006206774251,0.10683760683760683,1,1.0,1.0,0.0,1.0,0.0,1.0,1.0,0.0,1.0,0.0,1.0,0.0,1.0,0.0
21,77.5,7.3938782901077555,4,3.522727272727273,0,0.22592658272743393,0.10683760683760683,0,1.0,1.0,1.0,1.0,0.0,1.0,0.0,0.0,1.0,0.0,0.0,0.0,0.0,1.0
24,101.05,7.7802195073157385,3,4.042,0,0.3435006206774251,0.431938236489232,0,1.0,1.0,0.0,1.0,0.0,1.0,1.0,0.0,0.0,0.0,1.0,0.0,1.0,0.0
54,24.75,7.202772880532065,0,0.45,1,0.21457705266891292,0.11158342189160468,0,0.0,1.0,1.0,1.0,0.0,1.0,0.0,1.0,1.0,0.0,1.0,0.0,0.0,0.0
49,88.2,8.333378520481947,3,1.764,0,0.3435006206774251,0.42984953233021556,1,1.0,1.0,0.0,1.0,0.0,1.0,1.0,0.0,0.0,0.0,1.0,0.0,1.0,0.0
24,94.6,7.733749242875133,3,3.784,0,0.3435006206774251,0.44104447164422683,0,0.0,0.0,0.0,1.0,0.0,0.0,1.0,0.0,0.0,0.0,1.0,0.0,1.0,0.0
71,46.35,8.118028195856553,4,0.64375,1,0.21599574392622806,0.024346257889990983,1,1.0,1.0,0.0,0.0,1.0,0.0,0.0,0.0,0.0,1.0,0.0,1.0,0.0,0.0
41,19.85,6.698822770761891,0,0.47261904761904766,0,0.22592658272743393,0.02787769784172662,0,0.0,0.0,0.0,1.0,0.0,0.0,0.0,1.0,0.0,1.0,1.0,0.0,0.0,1.0
40,20.4,6.752153546887564,0,0.49756097560975604,1,0.21457705266891292,0.121875,0,1.0,0.0,1.0,1.0,0.0,0.0,0.0,1.0,1.0,0.0,1.0,0.0,0.0,0.0
16,75.4,7.082044664078827,0,4.435294117647059,0,0.3435006206774251,0.4231860559383867,0,1.0,1.0,0.0,1.0,0.0,1.0,1.0,0.0,0.0,0.0,1.0,0.0,1.0,0.0
10,85.6,6.703004047221998,1,7.781818181818181,0,0.3435006206774251,0.431938236489232,0,1.0,1.0,0.0,1.0,0.0,1.0,1.0,0.0,0.0,0.0,1.0,0.0,1.0,0.0
37,92.95,8.136298737242278,3,2.4460526315789473,0,0.3435006206774251,0.42851340373679936,0,1.0,1.0,1.0,1.0,0.0,1.0,1.0,0.0,0.0,0.0,1.0,0.0,1.0,0.0
2,30.4,4.3776420363560575,1,10.133333333333333,0,0.3435006206774251,0.431938236489232,1,0.0,0.0,0.0,0.0,1.0,0.0,0.0,0.0,0.0,0.0,1.0,0.0,1.0,0.0
70,75.35,8.60130453403489,4,1.0612676056338028,1,0.21599574392622806,0.02787769784172662,0,0.0,1.0,1.0,1.0,0.0,0.0,0.0,0.0,0.0,1.0,0.0,1.0,0.0,0.0
38,84.25,8.091168169342712,3,2.16025641025641,1,0.21599574392622806,0.42984953233021556,0,0.0,0.0,0.0,1.0,0.0,0.0,1.0,0.0,0.0,0.0,1.0,1.0,0.0,0.0
50,80.05,8.30479173663393,5,1.5696078431372549,1,0.21457705266891292,0.11266094420600858,0,0.0,1.0,1.0,1.0,0.0,1.0,0.0,0.0,1.0,0.0,1.0,0.0,0.0,0.0
1,29.9,3.4307561839036995,1,14.95,0,0.22592658272743393,0.431938236489232,0,0.0,0.0,0.0,0.0,1.0,0.0,0.0,0.0,0.0,0.0,0.0,0.0,0.0,1.0
9,19.85,5.19184512203752,0,1.985,0,0.22592658272743393,0.42851340373679936,0,1.0,0.0,0.0,1.0,0.0,0.0,0.0,1.0,0.0,0.0,0.0,0.0,0.0,1.0
40,19.1,6.660703182616252,0,0.4658536585365854,0,0.22592658272743393,0.03211009174311927,0,0.0,1.0,0.0,1.0,0.0,0.0,0.0,1.0,0.0,1.0,0.0,0.0,0.0,1.0
6,20.1,4.618579872898009,0,2.8714285714285714,0,0.22592658272743393,0.021602160216021602,0,0.0,1.0,1.0,1.0,0.0,0.0,0.0,1.0,0.0,1.0,0.0,0.0,0.0,1.0
1,69.65,4.257738109130536,0,34.825,0,0.3435006206774251,0.42984953233021556,1,1.0,0.0,0.0,1.0,0.0,0.0,1.0,0.0,0.0,0.0,1.0,0.0,1.0,0.0
19,73.85,7.2622779083527265,1,3.6925,1,0.21599574392622806,0.44104447164422683,0,1.0,0.0,0.0,1.0,0.0,0.0,1.0,0.0,0.0,0.0,1.0,1.0,0.0,0.0
44,19.5,6.729226520426879,0,0.43333333333333335,1,0.21599574392622806,0.10683760683760683,0,1.0,0.0,0.0,1.0,0.0,0.0,0.0,1.0,1.0,0.0,0.0,1.0,0.0,0.0
70,79.7,8.65596333777646,5,1.1225352112676057,1,0.21457705266891292,0.03211009174311927,0,0.0,1.0,1.0,1.0,0.0,1.0,0.0,0.0,0.0,1.0,0.0,0.0,0.0,0.0
70,57.8,8.304074225623992,5,0.8140845070422534,1,0.21457705266891292,0.03211009174311927,0,0.0,1.0,0.0,0.0,1.0,0.0,0.0,0.0,0.0,1.0,0.0,0.0,0.0,0.0
71,84.8,8.707334097262324,6,1.1777777777777778,1,0.21457705266891292,0.11882229232386961,0,0.0,1.0,0.0,1.0,0.0,0.0,0.0,0.0,1.0,0.0,1.0,0.0,0.0,0.0
1,75.45,4.336636932375072,0,37.725,0,0.3435006206774251,0.431938236489232,0,1.0,0.0,0.0,1.0,0.0,1.0,1.0,0.0,0.0,0.0,1.0,0.0,1.0,0.0
26,88.8,7.729889165705791,2,3.2888888888888888,1,0.21457705266891292,0.42851340373679936,0,0.0,0.0,0.0,1.0,0.0,0.0,1.0,0.0,0.0,0.0,1.0,0.0,0.0,0.0
48,20.0,6.8425765529571425,0,0.40816326530612246,0,0.22592658272743393,0.03211009174311927,0,0.0,1.0,1.0,1.0,0.0,0.0,0.0,1.0,0.0,1.0,0.0,0.0,0.0,1.0
9,84.4,6.597827597583036,1,8.440000000000001,1,0.21599574392622806,0.4231860559383867,1,1.0,0.0,0.0,1.0,0.0,1.0,1.0,0.0,0.0,0.0,1.0,1.0,0.0,0.0
52,96.25,8.515441658377432,3,1.8160377358490567,1,0.21457705266891292,0.021602160216021602,0,1.0,1.0,1.0,1.0,0.0,1.0,1.0,0.0,0.0,1.0,1.0,0.0,0.0,0.0
70,111.15,8.953969610532432,5,1.565492957746479,0,0.22592658272743393,0.02787769784172662,0,0.0,0.0,0.0,1.0,0.0,1.0,1.0,0.0,0.0,1.0,1.0,0.0,0.0,1.0
1,86.6,4.472780997942346,1,43.3,0,0.3435006206774251,0.42851340373679936,0,1.0,0.0,0.0,1.0,0.0,1.0,1.0,0.0,0.0,0.0,1.0,0.0,1.0,0.0
69,113.25,8.974130577893364,6,1.6178571428571429,1,0.21599574392622806,0.03211009174311927,0,0.0,1.0,1.0,1.0,0.0,1.0,1.0,0.0,0.0,1.0,0.0,1.0,0.0,0.0
20,80.7,7.387214066998628,1,3.842857142857143,1,0.21457705266891292,0.42851340373679936,1,0.0,0.0,0.0,1.0,0.0,0.0,1.0,0.0,0.0,0.0,0.0,0.0,0.0,0.0
6,84.4,6.323193408835633,2,12.057142857142859,0,0.3435006206774251,0.44104447164422683,0,1.0,0.0,0.0,1.0,0.0,0.0,1.0,0.0,0.0,0.0,1.0,0.0,1.0,0.0
24,94.1,7.750980571998911,2,3.764,0,0.3435006206774251,0.431938236489232,0,1.0,0.0,0.0,1.0,0.0,1.0,1.0,0.0,0.0,0.0,1.0,0.0,1.0,0.0
16,59.4,6.932350325837517,2,3.4941176470588236,0,0.3435006206774251,0.44104447164422683,1,0.0,0.0,0.0,1.0,0.0,0.0,0.0,0.0,0.0,0.0,0.0,0.0,1.0,0.0
1,19.55,3.022860940942244,0,9.775,0,0.22592658272743393,0.42851340373679936,0,0.0,0.0,0.0,1.0,0.0,0.0,0.0,1.0,0.0,0.0,0.0,0.0,0.0,1.0
10,54.95,6.3453731683017445,2,4.995454545454546,1,0.21599574392622806,0.42984953233021556,0,1.0,1.0,0.0,1.0,0.0,0.0,0.0,0.0,0.0,0.0,1.0,1.0,0.0,0.0
48,95.5,8.440063736099237,4,1.9489795918367347,0,0.22592658272743393,0.021602160216021602,0,0.0,0.0,1.0,1.0,0.0,0.0,1.0,0.0,0.0,1.0,1.0,0.0,0.0,1.0
28,19.9,6.298949246855942,0,0.6862068965517241,0,0.22592658272743393,0.11882229232386961,0,0.0,1.0,1.0,1.0,0.0,0.0,0.0,1.0,1.0,0.0,0.0,0.0,0.0,1.0
17,24.8,6.165942926440911,0,1.3777777777777778,0,0.22592658272743393,0.44104447164422683,0,0.0,0.0,0.0,1.0,0.0,1.0,0.0,1.0,0.0,0.0,0.0,0.0,0.0,1.0
1,35.05,3.584906863730958,1,17.525,0,0.22592658272743393,0.42984953233021556,0,0.0,0.0,0.0,0.0,1.0,0.0,0.0,0.0,0.0,0.0,0.0,0.0,0.0,1.0
71,24.4,7.45379359450387,0,0.33888888888888885,1,0.21599574392622806,0.02787769784172662,0,0.0,1.0,0.0,1.0,0.0,1.0,0.0,1.0,0.0,1.0,1.0,1.0,0.0,0.0
31,21.0,6.549221465558405,0,0.65625,0,0.22592658272743393,0.03211009174311927,0,0.0,1.0,1.0,1.0,0.0,0.0,0.0,1.0,0.0,1.0,0.0,0.0,0.0,1.0
1,89.9,4.509760001183433,2,44.95,0,0.3435006206774251,0.44104447164422683,0,1.0,0.0,0.0,1.0,0.0,0.0,1.0,0.0,0.0,0.0,1.0,0.0,1.0,0.0
12,20.05,5.5909869805108565,0,1.5423076923076924,1,0.21599574392622806,0.11266094420600858,0,1.0,0.0,0.0,1.0,0.0,0.0,0.0,1.0,1.0,0.0,0.0,1.0,0.0,0.0
17,70.5,7.0618488143195375,0,3.9166666666666665,1,0.21457705266891292,0.42984953233021556,0,0.0,0.0,0.0,1.0,0.0,0.0,1.0,0.0,0.0,0.0,0.0,0.0,0.0,0.0
30,79.65,7.7690194406690765,2,2.5693548387096774,0,0.22592658272743393,0.431938236489232,1,1.0,1.0,0.0,1.0,0.0,0.0,1.0,0.0,0.0,0.0,1.0,0.0,0.0,1.0
17,20.65,5.80392942326114,0,1.1472222222222221,0,0.22592658272743393,0.121875,1,0.0,0.0,0.0,1.0,0.0,0.0,0.0,1.0,1.0,0.0,0.0,0.0,0.0,1.0
33,24.9,6.743823587299773,0,0.7323529411764705,1,0.21457705266891292,0.11882229232386961,1,1.0,0.0,0.0,1.0,0.0,1.0,0.0,1.0,1.0,0.0,1.0,0.0,0.0,0.0
56,91.65,8.672888392142482,4,1.6078947368421053,0,0.3435006206774251,0.4231860559383867,1,0.0,0.0,0.0,1.0,0.0,1.0,1.0,0.0,0.0,0.0,0.0,0.0,1.0,0.0
60,105.9,8.763654752450451,4,1.736065573770492,0,0.3435006206774251,0.42851340373679936,0,0.0,0.0,0.0,1.0,0.0,1.0,1.0,0.0,0.0,0.0,1.0,0.0,1.0,0.0
70,115.15,9.018089684104343,6,1.6218309859154931,1,0.21599574392622806,0.03211009174311927,0,0.0,1.0,1.0,1.0,0.0,1.0,1.0,0.0,0.0,1.0,1.0,1.0,0.0,0.0
7,44.75,5.813085209546651,0,5.59375,0,0.3435006206774251,0.431938236489232,0,1.0,1.0,1.0,1.0,0.0,0.0,0.0,0.0,0.0,0.0,0.0,0.0,1.0,0.0
23,86.8,7.589259947758008,1,3.6166666666666667,0,0.3435006206774251,0.431938236489232,1,1.0,1.0,0.0,1.0,0.0,1.0,1.0,0.0,0.0,0.0,0.0,0.0,1.0,0.0
41,19.75,6.6945001754182565,0,0.47023809523809523,0,0.22592658272743393,0.10683760683760683,0,0.0,0.0,0.0,1.0,0.0,0.0,0.0,1.0,1.0,0.0,1.0,0.0,0.0,1.0
19,56.2,6.997961546868286,1,2.81,0,0.3435006206774251,0.431938236489232,0,0.0,0.0,0.0,1.0,0.0,0.0,0.0,0.0,0.0,0.0,1.0,0.0,1.0,0.0
58,94.3,8.632510968596284,3,1.5983050847457627,0,0.3435006206774251,0.121875,0,0.0,1.0,0.0,1.0,0.0,1.0,1.0,0.0,1.0,0.0,1.0,0.0,1.0,0.0
18,56.8,6.980680408996694,1,2.9894736842105263,1,0.21599574392622806,0.4231860559383867,0,1.0,1.0,0.0,1.0,0.0,1.0,0.0,0.0,0.0,0.0,0.0,1.0,0.0,0.0
42,79.9,8.106031890763193,1,1.858139534883721,0,0.3435006206774251,0.42984953233021556,0,1.0,0.0,0.0,1.0,0.0,1.0,1.0,0.0,0.0,0.0,0.0,0.0,1.0,0.0
12,74.75,6.7190735390355,3,5.75,1,0.21457705266891292,0.42984953233021556,0,1.0,0.0,0.0,1.0,0.0,1.0,0.0,0.0,0.0,0.0,0.0,0.0,0.0,0.0
71,66.8,8.453219843871313,6,0.9277777777777777,1,0.21457705266891292,0.121875,0,0.0,1.0,0.0,0.0,1.0,0.0,0.0,0.0,1.0,0.0,0.0,0.0,0.0,0.0
49,30.2,7.28214243151944,1,0.604,1,0.21457705266891292,0.44104447164422683,0,1.0,0.0,0.0,0.0,1.0,0.0,0.0,0.0,0.0,0.0,1.0,0.0,0.0,0.0
72,112.9,8.994978961104028,6,1.5465753424657536,1,0.21599574392622806,0.42851340373679936,1,1.0,1.0,0.0,1.0,0.0,1.0,1.0,0.0,0.0,0.0,1.0,1.0,0.0,0.0
64,99.25,8.78728902855948,4,1.5269230769230768,1,0.21599574392622806,0.021602160216021602,0,1.0,0.0,0.0,1.0,0.0,1.0,1.0,0.0,0.0,1.0,0.0,1.0,0.0,0.0
36,84.1,8.01387266713602,1,2.2729729729729726,0,0.3435006206774251,0.44104447164422683,1,1.0,1.0,0.0,1.0,0.0,1.0,1.0,0.0,0.0,0.0,1.0,0.0,1.0,0.0
7,64.95,6.203850441769232,3,8.11875,0,0.3435006206774251,0.431938236489232,1,0.0,0.0,0.0,1.0,0.0,0.0,0.0,0.0,0.0,0.0,1.0,0.0,1.0,0.0
2,19.5,3.351656936102019,0,6.5,0,0.22592658272743393,0.42984953233021556,0,0.0,0.0,0.0,1.0,0.0,0.0,0.0,1.0,0.0,0.0,0.0,0.0,0.0,1.0
68,86.45,8.659378282550213,2,1.2528985507246377,1,0.21599574392622806,0.11266094420600858,0,0.0,1.0,0.0,1.0,0.0,1.0,1.0,0.0,1.0,0.0,0.0,1.0,0.0,0.0
11,20.45,5.528635121610247,0,1.7041666666666666,0,0.3435006206774251,0.44104447164422683,0,1.0,1.0,1.0,1.0,0.0,0.0,0.0,1.0,0.0,0.0,1.0,0.0,1.0,0.0
72,68.75,8.494783969903107,4,0.9417808219178082,1,0.21599574392622806,0.024346257889990983,0,0.0,1.0,1.0,1.0,0.0,0.0,0.0,0.0,0.0,1.0,0.0,1.0,0.0,0.0
41,45.2,7.519095696837992,0,1.0761904761904764,1,0.21457705266891292,0.44104447164422683,0,0.0,0.0,1.0,1.0,0.0,0.0,0.0,0.0,0.0,0.0,0.0,0.0,0.0,0.0
20,88.7,7.474460165489695,2,4.223809523809524,0,0.3435006206774251,0.4231860559383867,0,1.0,0.0,0.0,1.0,0.0,1.0,1.0,0.0,0.0,0.0,1.0,0.0,1.0,0.0
1,44.75,3.82319179172153,0,22.375,0,0.3435006206774251,0.42984953233021556,0,1.0,0.0,0.0,1.0,0.0,0.0,0.0,0.0,0.0,0.0,1.0,0.0,1.0,0.0
57,19.4,6.968474014016842,0,0.33448275862068966,0,0.22592658272743393,0.11266094420600858,0,1.0,1.0,1.0,1.0,0.0,0.0,0.0,1.0,1.0,0.0,0.0,0.0,0.0,1.0
71,24.55,7.450166775307315,0,0.34097222222222223,0,0.3435006206774251,0.03211009174311927,0,0.0,0.0,0.0,1.0,0.0,1.0,0.0,1.0,0.0,1.0,0.0,0.0,1.0,0.0
57,89.85,8.502353627719575,2,1.5491379310344826,0,0.3435006206774251,0.42851340373679936,1,1.0,1.0,0.0,1.0,0.0,1.0,1.0,0.0,0.0,0.0,1.0,0.0,1.0,0.0
48,111.8,8.60238875414588,6,2.2816326530612243,1,0.21599574392622806,0.02787769784172662,0,1.0,1.0,1.0,1.0,0.0,1.0,1.0,0.0,0.0,1.0,0.0,1.0,0.0,0.0
39,48.95,7.540010614524708,4,1.2237500000000001,1,0.21599574392622806,0.42984953233021556,0,1.0,0.0,0.0,0.0,1.0,0.0,0.0,0.0,0.0,0.0,1.0,1.0,0.0,0.0
7,20.65,5.017279836814924,0,2.58125,0,0.22592658272743393,0.11266094420600858,0,1.0,1.0,1.0,1.0,0.0,0.0,0.0,1.0,1.0,0.0,0.0,0.0,0.0,1.0
66,19.35,7.124317218930792,0,0.28880597014925374,1,0.21457705266891292,0.02787769784172662,0,1.0,0.0,0.0,1.0,0.0,0.0,0.0,1.0,0.0,1.0,0.0,0.0,0.0,0.0
72,115.15,9.030100646666497,6,1.5773972602739728,0,0.3435006206774251,0.024346257889990983,0,0.0,1.0,0.0,1.0,0.0,1.0,1.0,0.0,0.0,1.0,0.0,0.0,1.0,0.0
50,25.2,7.175719220567815,0,0.4941176470588235,0,0.3435006206774251,0.11882229232386961,1,0.0,1.0,0.0,1.0,0.0,1.0,0.0,1.0,1.0,0.0,0.0,0.0,1.0,0.0
60,39.6,7.793792967685271,3,0.6491803278688525,1,0.21457705266891292,0.024346257889990983,0,1.0,0.0,0.0,0.0,1.0,0.0,0.0,0.0,0.0,1.0,0.0,0.0,0.0,0.0
31,20.1,6.380546175965622,0,0.628125,1,0.21599574392622806,0.11266094420600858,0,0.0,0.0,1.0,1.0,0.0,0.0,0.0,1.0,1.0,0.0,0.0,1.0,0.0,0.0
39,54.85,7.692888940154456,4,1.37125,1,0.21457705266891292,0.121875,0,1.0,0.0,1.0,0.0,1.0,0.0,0.0,0.0,1.0,0.0,0.0,0.0,0.0,0.0
37,64.75,7.7605522770716195,2,1.7039473684210527,0,0.3435006206774251,0.4231860559383867,0,0.0,0.0,0.0,1.0,0.0,0.0,0.0,0.0,0.0,0.0,1.0,0.0,1.0,0.0
19,19.9,5.882486384538237,0,0.9949999999999999,0,0.22592658272743393,0.11158342189160468,0,1.0,1.0,1.0,1.0,0.0,0.0,0.0,1.0,1.0,0.0,0.0,0.0,0.0,1.0
64,54.6,8.13871075463796,4,0.84,0,0.3435006206774251,0.021602160216021602,0,0.0,1.0,1.0,0.0,1.0,0.0,0.0,0.0,0.0,1.0,1.0,0.0,1.0,0.0
42,92.15,8.262662166860395,3,2.1430232558139535,0,0.3435006206774251,0.44104447164422683,0,0.0,1.0,1.0,1.0,0.0,0.0,1.0,0.0,0.0,0.0,1.0,0.0,1.0,0.0
65,59.6,8.22705477127775,3,0.9030303030303031,0,0.22592658272743393,0.03211009174311927,0,0.0,0.0,0.0,1.0,0.0,0.0,0.0,0.0,0.0,1.0,1.0,0.0,0.0,1.0
56,36.1,7.587057052720029,2,0.6333333333333333,1,0.21599574392622806,0.11266094420600858,0,1.0,1.0,1.0,0.0,1.0,0.0,0.0,0.0,1.0,0.0,1.0,1.0,0.0,0.0
45,73.55,8.116745475119856,3,1.5989130434782608,0,0.22592658272743393,0.02787769784172662,0,0.0,0.0,0.0,1.0,0.0,1.0,0.0,0.0,0.0,1.0,0.0,0.0,0.0,1.0
14,84.8,7.094151854929231,1,5.653333333333333,0,0.3435006206774251,0.4231860559383867,0,0.0,1.0,1.0,1.0,0.0,1.0,1.0,0.0,0.0,0.0,1.0,0.0,1.0,0.0
72,19.4,7.311518940450544,0,0.2657534246575342,1,0.21457705266891292,0.02787769784172662,0,0.0,1.0,0.0,1.0,0.0,0.0,0.0,1.0,0.0,1.0,0.0,0.0,0.0,0.0
16,96.4,7.366571562587296,2,5.670588235294118,0,0.3435006206774251,0.431938236489232,1,0.0,0.0,0.0,1.0,0.0,1.0,1.0,0.0,0.0,0.0,1.0,0.0,1.0,0.0
1,44.9,3.8264651170664994,0,22.45,0,0.22592658272743393,0.44104447164422683,0,1.0,0.0,0.0,1.0,0.0,0.0,0.0,0.0,0.0,0.0,1.0,0.0,0.0,1.0
65,25.1,7.453561871643373,0,0.3803030303030303,1,0.21457705266891292,0.024346257889990983,0,1.0,0.0,0.0,1.0,0.0,1.0,0.0,1.0,0.0,1.0,1.0,0.0,0.0,0.0
47,98.75,8.419514208211142,4,2.0572916666666665,0,0.3435006206774251,0.44104447164422683,0,0.0,1.0,0.0,1.0,0.0,1.0,1.0,0.0,0.0,0.0,1.0,0.0,1.0,0.0
54,55.0,8.03710690256227,1,1.0,1,0.21599574392622806,0.42984953233021556,0,1.0,0.0,1.0,1.0,0.0,1.0,0.0,0.0,0.0,0.0,1.0,1.0,0.0,0.0
15,59.65,6.766306915397762,2,3.728125,1,0.21457705266891292,0.42984953233021556,0,1.0,1.0,1.0,1.0,0.0,1.0,0.0,0.0,0.0,0.0,1.0,0.0,0.0,0.0
29,94.65,7.88237152115192,3,3.1550000000000002,1,0.21599574392622806,0.4231860559383867,0,1.0,1.0,1.0,1.0,0.0,0.0,1.0,0.0,0.0,0.0,0.0,1.0,0.0,0.0
3,19.75,4.091841432003982,0,4.9375,0,0.3435006206774251,0.431938236489232,0,0.0,0.0,0.0,1.0,0.0,0.0,0.0,1.0,0.0,0.0,0.0,0.0,1.0,0.0
70,20.15,7.252904051082247,0,0.2838028169014084,1,0.21599574392622806,0.021602160216021602,0,0.0,1.0,1.0,1.0,0.0,0.0,0.0,1.0,0.0,1.0,1.0,1.0,0.0,0.0
19,49.6,6.870987554789923,1,2.48,1,0.21457705266891292,0.4231860559383867,0,0.0,1.0,1.0,1.0,0.0,0.0,0.0,0.0,0.0,0.0,1.0,0.0,0.0,0.0
11,90.15,6.896643774227418,2,7.5125,0,0.3435006206774251,0.42984953233021556,0,0.0,0.0,0.0,1.0,0.0,1.0,1.0,0.0,0.0,0.0,0.0,0.0,1.0,0.0
72,110.15,8.972362331703517,5,1.5089041095890412,1,0.21599574392622806,0.03211009174311927,0,0.0,1.0,0.0,1.0,0.0,1.0,1.0,0.0,0.0,1.0,1.0,1.0,0.0,0.0
56,72.6,8.315162682938405,4,1.2736842105263158,1,0.21599574392622806,0.03211009174311927,1,0.0,1.0,1.0,1.0,0.0,0.0,0.0,0.0,0.0,1.0,1.0,1.0,0.0,0.0
8,92.1,6.594345057957625,3,10.233333333333333,0,0.3435006206774251,0.431938236489232,1,0.0,0.0,0.0,1.0,0.0,0.0,1.0,0.0,0.0,0.0,1.0,0.0,1.0,0.0
36,20.35,6.546570179565519,0,0.55,1,0.21599574392622806,0.121875,0,1.0,0.0,0.0,1.0,0.0,0.0,0.0,1.0,1.0,0.0,1.0,1.0,0.0,0.0
61,94.15,8.653968068254212,4,1.5185483870967742,1,0.21599574392622806,0.431938236489232,0,1.0,1.0,0.0,1.0,0.0,0.0,1.0,0.0,0.0,0.0,0.0,1.0,0.0,0.0
60,116.6,8.860853815277284,6,1.9114754098360656,1,0.21599574392622806,0.11266094420600858,0,1.0,0.0,0.0,1.0,0.0,1.0,1.0,0.0,1.0,0.0,1.0,1.0,0.0,0.0
65,91.85,8.689775811678336,2,1.3916666666666666,1,0.21457705266891292,0.42851340373679936,0,1.0,1.0,0.0,1.0,0.0,1.0,1.0,0.0,0.0,0.0,1.0,0.0,0.0,0.0
28,56.05,7.328864051078322,2,1.932758620689655,0,0.3435006206774251,0.44104447164422683,0,0.0,0.0,0.0,1.0,0.0,0.0,0.0,0.0,0.0,0.0,0.0,0.0,1.0,0.0
23,24.8,6.423814983997529,0,1.0333333333333334,1,0.21599574392622806,0.121875,0,0.0,0.0,0.0,1.0,0.0,1.0,0.0,1.0,1.0,0.0,0.0,1.0,0.0,0.0
66,99.5,8.811577751927691,4,1.4850746268656716,0,0.3435006206774251,0.42984953233021556,0,1.0,0.0,0.0,1.0,0.0,0.0,1.0,0.0,0.0,0.0,0.0,0.0,1.0,0.0
7,95.0,6.486922693742851,2,11.875,0,0.22592658272743393,0.44104447164422683,0,1.0,0.0,0.0,1.0,0.0,1.0,1.0,0.0,0.0,0.0,0.0,0.0,0.0,1.0
49,93.65,8.416521665244543,3,1.8730000000000002,0,0.3435006206774251,0.11882229232386961,0,1.0,1.0,1.0,1.0,0.0,1.0,1.0,0.0,1.0,0.0,1.0,0.0,1.0,0.0
4,97.95,5.954541193003384,3,19.59,0,0.3435006206774251,0.4231860559383867,0,0.0,1.0,1.0,1.0,0.0,1.0,1.0,0.0,0.0,0.0,1.0,0.0,1.0,0.0
71,76.9,8.616803204582302,5,1.0680555555555555,1,0.21599574392622806,0.03211009174311927,0,1.0,0.0,1.0,1.0,0.0,0.0,0.0,0.0,0.0,1.0,1.0,1.0,0.0,0.0
8,85.2,6.443176906381466,1,9.466666666666667,1,0.21599574392622806,0.431938236489232,0,0.0,1.0,0.0,1.0,0.0,1.0,1.0,0.0,0.0,0.0,1.0,1.0,0.0,0.0
28,89.9,7.797496675622756,3,3.1,1,0.21599574392622806,0.42984953233021556,0,0.0,1.0,0.0,1.0,0.0,0.0,1.0,0.0,0.0,0.0,0.0,1.0,0.0,0.0
72,109.75,8.978849579174144,5,1.5034246575342465,1,0.21457705266891292,0.024346257889990983,1,1.0,1.0,0.0,1.0,0.0,1.0,1.0,0.0,0.0,1.0,1.0,0.0,0.0,0.0
6,19.0,4.66814498514948,0,2.7142857142857144,1,0.21599574392622806,0.11158342189160468,0,0.0,1.0,1.0,1.0,0.0,0.0,0.0,1.0,1.0,0.0,0.0,1.0,0.0,0.0
22,79.2,7.463793245569676,4,3.4434782608695653,0,0.3435006206774251,0.44104447164422683,0,0.0,1.0,0.0,1.0,0.0,1.0,0.0,0.0,0.0,0.0,1.0,0.0,1.0,0.0
34,109.8,8.18541989745149,5,3.137142857142857,0,0.22592658272743393,0.431938236489232,0,0.0,0.0,0.0,1.0,0.0,1.0,1.0,0.0,0.0,0.0,1.0,0.0,0.0,1.0
33,93.55,8.02502574946878,4,2.751470588235294,0,0.3435006206774251,0.11882229232386961,1,1.0,1.0,0.0,1.0,0.0,0.0,1.0,0.0,1.0,0.0,1.0,0.0,1.0,0.0
61,99.9,8.73911199303063,3,1.6112903225806452,0,0.3435006206774251,0.10683760683760683,0,1.0,1.0,1.0,1.0,0.0,1.0,1.0,0.0,1.0,0.0,1.0,0.0,1.0,0.0
13,29.15,5.88095189306046,1,2.082142857142857,0,0.3435006206774251,0.44104447164422683,0,0.0,0.0,0.0,0.0,1.0,0.0,0.0,0.0,0.0,0.0,0.0,0.0,1.0,0.0
52,23.05,7.135766961693207,0,0.4349056603773585,0,0.3435006206774251,0.03211009174311927,0,0.0,1.0,1.0,1.0,0.0,1.0,0.0,1.0,0.0,1.0,0.0,0.0,1.0,0.0
2,74.95,5.028802598051705,1,24.983333333333334,0,0.3435006206774251,0.431938236489232,0,1.0,0.0,0.0,1.0,0.0,0.0,1.0,0.0,0.0,0.0,0.0,0.0,1.0,0.0
25,99.5,7.770666330953051,4,3.826923076923077,0,0.3435006206774251,0.44104447164422683,0,0.0,0.0,0.0,1.0,0.0,0.0,1.0,0.0,0.0,0.0,1.0,0.0,1.0,0.0
7,69.7,6.248332967823813,3,8.7125,1,0.21599574392622806,0.431938236489232,0,1.0,1.0,1.0,1.0,0.0,0.0,0.0,0.0,0.0,0.0,0.0,1.0,0.0,0.0
2,19.75,3.696351468952637,0,6.583333333333333,0,0.22592658272743393,0.431938236489232,0,1.0,0.0,0.0,1.0,0.0,0.0,0.0,1.0,0.0,0.0,0.0,0.0,0.0,1.0
72,25.65,7.543273346705446,0,0.3513698630136986,1,0.21457705266891292,0.021602160216021602,0,0.0,1.0,0.0,1.0,0.0,1.0,0.0,1.0,0.0,1.0,0.0,0.0,0.0,0.0
55,55.25,8.045876700744959,2,0.9866071428571429,1,0.21599574392622806,0.021602160216021602,0,1.0,1.0,1.0,1.0,0.0,0.0,0.0,0.0,0.0,1.0,1.0,1.0,0.0,0.0
20,51.8,6.932301539400137,1,2.4666666666666663,0,0.22592658272743393,0.4231860559383867,0,1.0,0.0,0.0,1.0,0.0,0.0,0.0,0.0,0.0,0.0,1.0,0.0,0.0,1.0
65,91.55,8.693655952267212,6,1.387121212121212,1,0.21457705266891292,0.027827648114901255,0,0.0,1.0,1.0,1.0,0.0,1.0,0.0,0.0,0.0,1.0,0.0,0.0,0.0,0.0
67,109.7,8.901836352898744,5,1.613235294117647,1,0.21599574392622806,0.11158342189160468,0,0.0,1.0,0.0,1.0,0.0,1.0,1.0,0.0,1.0,0.0,1.0,1.0,0.0,0.0
63,19.55,7.12817512437475,0,0.30546875,0,0.22592658272743393,0.03211009174311927,0,1.0,1.0,1.0,1.0,0.0,0.0,0.0,1.0,0.0,1.0,0.0,0.0,0.0,1.0
41,94.9,8.255568653283746,3,2.2595238095238095,1,0.21457705266891292,0.431938236489232,0,0.0,1.0,1.0,1.0,0.0,0.0,1.0,0.0,0.0,0.0,1.0,0.0,0.0,0.0
52,106.5,8.634593931784867,4,2.009433962264151,0,0.3435006206774251,0.11882229232386961,1,0.0,1.0,0.0,1.0,0.0,1.0,1.0,0.0,1.0,0.0,1.0,0.0,1.0,0.0
52,75.4,8.260092052373597,4,1.4226415094339624,0,0.22592658272743393,0.121875,0,1.0,1.0,0.0,1.0,0.0,0.0,0.0,0.0,1.0,0.0,1.0,0.0,0.0,1.0
13,82.0,7.0283787213058755,1,5.857142857142857,0,0.3435006206774251,0.4231860559383867,1,0.0,0.0,0.0,1.0,0.0,1.0,1.0,0.0,0.0,0.0,1.0,0.0,1.0,0.0
32,91.05,7.991423120264424,2,2.759090909090909,1,0.21457705266891292,0.42984953233021556,0,0.0,1.0,1.0,1.0,0.0,1.0,1.0,0.0,0.0,0.0,1.0,0.0,0.0,0.0
6,84.35,6.165207748127065,1,12.049999999999999,0,0.3435006206774251,0.42851340373679936,1,0.0,1.0,0.0,1.0,0.0,1.0,1.0,0.0,0.0,0.0,1.0,0.0,1.0,0.0
21,28.5,6.446275220677278,1,1.2954545454545454,0,0.3435006206774251,0.4231860559383867,0,0.0,1.0,0.0,0.0,1.0,0.0,0.0,0.0,0.0,0.0,0.0,0.0,1.0,0.0
44,53.95,7.773342016481586,4,1.198888888888889,0,0.22592658272743393,0.11158342189160468,0,1.0,0.0,0.0,0.0,1.0,0.0,0.0,0.0,1.0,0.0,1.0,0.0,0.0,1.0
46,20.2,6.822687466592074,0,0.4297872340425532,0,0.22592658272743393,0.027827648114901255,0,1.0,1.0,1.0,1.0,0.0,0.0,0.0,1.0,0.0,1.0,1.0,0.0,0.0,1.0
21,24.7,6.1487887573848985,0,1.1227272727272728,0,0.22592658272743393,0.4231860559383867,0,1.0,0.0,1.0,1.0,0.0,1.0,0.0,1.0,0.0,0.0,0.0,0.0,0.0,1.0
31,20.9,6.537198715362162,0,0.653125,1,0.21599574392622806,0.021602160216021602,0,0.0,0.0,0.0,1.0,0.0,0.0,0.0,1.0,0.0,1.0,0.0,1.0,0.0,0.0
43,44.15,7.566466282220954,3,1.003409090909091,0,0.3435006206774251,0.10683760683760683,0,1.0,0.0,0.0,0.0,1.0,0.0,0.0,0.0,1.0,0.0,0.0,0.0,1.0,0.0
11,74.35,6.727671217128374,0,6.195833333333333,0,0.3435006206774251,0.42984953233021556,0,1.0,1.0,1.0,1.0,0.0,1.0,1.0,0.0,0.0,0.0,1.0,0.0,1.0,0.0
35,99.25,8.169902647359145,4,2.7569444444444446,0,0.3435006206774251,0.11882229232386961,0,0.0,0.0,0.0,1.0,0.0,0.0,1.0,0.0,1.0,0.0,1.0,0.0,1.0,0.0
14,25.55,5.922784126803076,0,1.7033333333333334,0,0.22592658272743393,0.42984953233021556,0,0.0,1.0,1.0,1.0,0.0,1.0,0.0,1.0,0.0,0.0,0.0,0.0,0.0,1.0
13,19.65,5.504518197131935,0,1.4035714285714285,0,0.3435006206774251,0.11158342189160468,0,0.0,0.0,0.0,1.0,0.0,0.0,0.0,1.0,1.0,0.0,0.0,0.0,1.0,0.0
65,45.25,7.984445696341958,3,0.6856060606060606,0,0.22592658272743393,0.02787769784172662,0,0.0,0.0,1.0,0.0,1.0,0.0,0.0,0.0,0.0,1.0,0.0,0.0,0.0,1.0
10,25.7,5.531807209916391,0,2.3363636363636364,1,0.21457705266891292,0.024346257889990983,0,1.0,0.0,0.0,1.0,0.0,1.0,0.0,1.0,0.0,1.0,0.0,0.0,0.0,0.0
1,90.85,4.520156811661135,2,45.425,1,0.21599574392622806,0.42984953233021556,0,1.0,0.0,0.0,1.0,0.0,1.0,1.0,0.0,0.0,0.0,1.0,1.0,0.0,0.0
45,50.25,7.706410464322853,1,1.0923913043478262,1,0.21599574392622806,0.44104447164422683,0,0.0,1.0,0.0,1.0,0.0,0.0,0.0,0.0,0.0,0.0,1.0,1.0,0.0,0.0
45,107.75,8.49367888435117,4,2.342391304347826,1,0.21457705266891292,0.42851340373679936,0,1.0,1.0,0.0,1.0,0.0,1.0,1.0,0.0,0.0,0.0,1.0,0.0,0.0,0.0
27,19.4,6.133940195354737,0,0.6928571428571428,1,0.21599574392622806,0.431938236489232,0,1.0,0.0,0.0,1.0,0.0,0.0,0.0,1.0,0.0,0.0,1.0,1.0,0.0,0.0
71,104.05,8.911199564935444,3,1.4451388888888888,1,0.21457705266891292,0.027827648114901255,1,0.0,0.0,0.0,1.0,0.0,1.0,1.0,0.0,0.0,1.0,0.0,0.0,0.0,0.0
26,98.35,7.830544847596122,3,3.6425925925925924,0,0.3435006206774251,0.431938236489232,0,1.0,0.0,0.0,1.0,0.0,1.0,1.0,0.0,0.0,0.0,1.0,0.0,1.0,0.0
19,100.95,7.537190263570481,3,5.0475,0,0.3435006206774251,0.11266094420600858,0,1.0,1.0,1.0,1.0,0.0,1.0,1.0,0.0,1.0,0.0,1.0,0.0,1.0,0.0
14,80.35,6.965174769849623,1,5.3566666666666665,1,0.21457705266891292,0.42984953233021556,1,0.0,0.0,0.0,1.0,0.0,1.0,1.0,0.0,0.0,0.0,1.0,0.0,0.0,0.0
12,84.6,6.867870345283222,3,6.507692307692308,0,0.3435006206774251,0.4231860559383867,0,1.0,1.0,0.0,1.0,0.0,0.0,1.0,0.0,0.0,0.0,1.0,0.0,1.0,0.0
19,24.7,6.146008006929935,0,1.2349999999999999,1,0.21457705266891292,0.42851340373679936,0,0.0,0.0,0.0,1.0,0.0,1.0,0.0,1.0,0.0,0.0,0.0,0.0,0.0,0.0
32,80.3,7.817645571675264,1,2.433333333333333,1,0.21599574392622806,0.42984953233021556,1,1.0,1.0,0.0,1.0,0.0,0.0,1.0,0.0,0.0,0.0,1.0,1.0,0.0,0.0
29,94.45,7.884068098244135,2,3.1483333333333334,0,0.3435006206774251,0.44104447164422683,1,1.0,1.0,0.0,1.0,0.0,1.0,1.0,0.0,0.0,0.0,1.0,0.0,1.0,0.0
1,50.45,3.9406104622800586,1,25.225,0,0.22592658272743393,0.4231860559383867,0,0.0,1.0,1.0,1.0,0.0,0.0,0.0,0.0,0.0,0.0,0.0,0.0,0.0,1.0
65,61.35,8.26232674790608,3,0.9295454545454546,1,0.21457705266891292,0.11158342189160468,0,0.0,1.0,1.0,1.0,0.0,0.0,0.0,0.0,1.0,0.0,0.0,0.0,0.0,0.0
22,95.9,7.7124214726654,3,4.1695652173913045,1,0.21599574392622806,0.42984953233021556,0,1.0,1.0,0.0,1.0,0.0,1.0,1.0,0.0,0.0,0.0,0.0,1.0,0.0,0.0
70,79.4,8.617925011170238,5,1.1183098591549296,0,0.3435006206774251,0.11882229232386961,0,1.0,1.0,0.0,1.0,0.0,1.0,0.0,0.0,1.0,0.0,0.0,0.0,1.0,0.0
71,113.65,9.007954873746483,6,1.5784722222222223,1,0.21599574392622806,0.021602160216021602,0,0.0,1.0,1.0,1.0,0.0,1.0,1.0,0.0,0.0,1.0,0.0,1.0,0.0,0.0
12,79.95,6.951197836824974,1,6.15,1,0.21457705266891292,0.44104447164422683,0,1.0,0.0,0.0,1.0,0.0,0.0,1.0,0.0,0.0,0.0,1.0,0.0,0.0,0.0
25,60.35,7.2482551082379425,1,2.3211538461538463,0,0.3435006206774251,0.4231860559383867,0,1.0,1.0,1.0,1.0,0.0,1.0,0.0,0.0,0.0,0.0,0.0,0.0,1.0,0.0
72,26.25,7.595412416798443,0,0.3595890410958904,1,0.21457705266891292,0.024346257889990983,0,0.0,1.0,1.0,1.0,0.0,1.0,0.0,1.0,0.0,1.0,1.0,0.0,0.0,0.0
5,85.2,6.164997597868857,1,14.200000000000001,0,0.3435006206774251,0.44104447164422683,0,0.0,0.0,0.0,1.0,0.0,1.0,1.0,0.0,0.0,0.0,1.0,0.0,1.0,0.0
69,61.45,8.326565231778707,2,0.8778571428571429,1,0.21599574392622806,0.021602160216021602,0,0.0,1.0,0.0,1.0,0.0,0.0,0.0,0.0,0.0,1.0,1.0,1.0,0.0,0.0
1,76.4,4.3489867805956814,1,38.2,0,0.22592658272743393,0.4231860559383867,1,0.0,1.0,0.0,1.0,0.0,0.0,1.0,0.0,0.0,0.0,1.0,0.0,0.0,1.0
4,94.75,6.048317358700765,3,18.95,0,0.3435006206774251,0.42984953233021556,1,1.0,0.0,0.0,1.0,0.0,0.0,1.0,0.0,0.0,0.0,1.0,0.0,1.0,0.0
20,61.6,7.069321254563527,1,2.9333333333333336,0,0.22592658272743393,0.44104447164422683,1,0.0,0.0,0.0,1.0,0.0,1.0,0.0,0.0,0.0,0.0,1.0,0.0,0.0,1.0
65,84.2,8.580261882883221,5,1.2757575757575759,1,0.21457705266891292,0.027827648114901255,0,1.0,1.0,1.0,1.0,0.0,1.0,0.0,0.0,0.0,1.0,1.0,0.0,0.0,0.0
1,19.65,3.027715319407042,0,9.825,0,0.22592658272743393,0.44104447164422683,0,0.0,0.0,0.0,1.0,0.0,0.0,0.0,1.0,0.0,0.0,0.0,0.0,0.0,1.0
6,84.2,6.254117231516904,2,12.028571428571428,0,0.3435006206774251,0.431938236489232,1,1.0,1.0,0.0,1.0,0.0,0.0,1.0,0.0,0.0,0.0,1.0,0.0,1.0,0.0
16,53.9,6.727611349435956,2,3.1705882352941175,0,0.22592658272743393,0.4231860559383867,0,0.0,0.0,0.0,1.0,0.0,0.0,0.0,0.0,0.0,0.0,1.0,0.0,0.0,1.0
6,74.1,6.1134609164172335,1,10.585714285714285,0,0.3435006206774251,0.42984953233021556,1,0.0,0.0,0.0,1.0,0.0,0.0,1.0,0.0,0.0,0.0,1.0,0.0,1.0,0.0
45,112.2,8.523741703034002,6,2.4391304347826086,1,0.21599574392622806,0.121875,0,1.0,0.0,0.0,1.0,0.0,0.0,1.0,0.0,1.0,0.0,0.0,1.0,0.0,0.0
4,100.2,6.04310778025982,3,20.04,0,0.3435006206774251,0.44104447164422683,0,1.0,1.0,0.0,1.0,0.0,1.0,1.0,0.0,0.0,0.0,1.0,0.0,1.0,0.0
42,79.35,8.115251867481689,1,1.845348837209302,1,0.21457705266891292,0.431938236489232,1,1.0,0.0,0.0,1.0,0.0,1.0,1.0,0.0,0.0,0.0,1.0,0.0,0.0,0.0
1,49.9,3.929862923556477,1,24.95,0,0.3435006206774251,0.431938236489232,0,0.0,0.0,0.0,1.0,0.0,0.0,0.0,0.0,0.0,0.0,1.0,0.0,1.0,0.0
44,61.9,7.98106685353695,3,1.3755555555555554,0,0.22592658272743393,0.431938236489232,0,1.0,1.0,1.0,1.0,0.0,0.0,0.0,0.0,0.0,0.0,1.0,0.0,0.0,1.0
33,59.45,7.54202786802895,5,1.7485294117647059,1,0.21457705266891292,0.42984953233021556,1,0.0,0.0,0.0,0.0,1.0,0.0,0.0,0.0,0.0,0.0,1.0,0.0,0.0,0.0
7,44.4,5.586499314041468,3,5.55,0,0.3435006206774251,0.42851340373679936,1,1.0,0.0,0.0,0.0,1.0,0.0,0.0,0.0,0.0,0.0,1.0,0.0,1.0,0.0
64,68.3,8.38475834022749,4,1.0507692307692307,0,0.22592658272743393,0.027827648114901255,0,0.0,1.0,0.0,1.0,0.0,0.0,0.0,0.0,0.0,1.0,1.0,0.0,0.0,1.0
16,39.0,6.5233420175705845,2,2.2941176470588234,0,0.22592658272743393,0.42851340373679936,1,1.0,0.0,0.0,0.0,1.0,0.0,0.0,0.0,0.0,0.0,1.0,0.0,0.0,1.0
33,88.95,8.015872254664492,3,2.6161764705882353,0,0.3435006206774251,0.024346257889990983,0,1.0,0.0,0.0,1.0,0.0,0.0,1.0,0.0,0.0,1.0,1.0,0.0,1.0,0.0
39,50.65,7.552971925784532,3,1.2662499999999999,1,0.21599574392622806,0.42851340373679936,0,0.0,0.0,0.0,0.0,1.0,0.0,0.0,0.0,0.0,0.0,1.0,1.0,0.0,0.0
54,99.1,8.601185014136982,4,1.8018181818181818,0,0.3435006206774251,0.11266094420600858,1,0.0,1.0,0.0,1.0,0.0,0.0,1.0,0.0,1.0,0.0,1.0,0.0,1.0,0.0
8,65.5,6.337445008381255,3,7.277777777777778,0,0.22592658272743393,0.021602160216021602,0,0.0,1.0,0.0,1.0,0.0,0.0,0.0,0.0,0.0,1.0,0.0,0.0,0.0,1.0
23,64.9,7.320394590838302,2,2.704166666666667,1,0.21457705266891292,0.11266094420600858,0,1.0,0.0,0.0,1.0,0.0,0.0,0.0,0.0,1.0,0.0,1.0,0.0,0.0,0.0
71,91.05,8.747471231631046,6,1.2645833333333334,0,0.22592658272743393,0.03211009174311927,0,0.0,1.0,1.0,1.0,0.0,1.0,0.0,0.0,0.0,1.0,0.0,0.0,0.0,1.0
45,24.45,6.993244664997552,0,0.5315217391304348,0,0.22592658272743393,0.021602160216021602,0,1.0,1.0,1.0,1.0,0.0,1.0,0.0,1.0,0.0,1.0,0.0,0.0,0.0,1.0
5,20.45,4.681204872264089,0,3.408333333333333,0,0.22592658272743393,0.024346257889990983,0,1.0,0.0,1.0,1.0,0.0,0.0,0.0,1.0,0.0,1.0,0.0,0.0,0.0,1.0
61,106.35,8.817645871425219,4,1.7153225806451613,0,0.3435006206774251,0.4231860559383867,0,0.0,1.0,0.0,1.0,0.0,1.0,1.0,0.0,0.0,0.0,1.0,0.0,1.0,0.0
60,74.35,8.401625200735404,0,1.2188524590163934,1,0.21457705266891292,0.42984953233021556,0,1.0,1.0,1.0,1.0,0.0,1.0,1.0,0.0,0.0,0.0,0.0,0.0,0.0,0.0
10,98.9,6.9716216993105515,4,8.990909090909092,0,0.3435006206774251,0.10683760683760683,0,1.0,0.0,0.0,1.0,0.0,0.0,1.0,0.0,1.0,0.0,1.0,0.0,1.0,0.0
35,100.5,8.203673517791433,4,2.7916666666666665,1,0.21457705266891292,0.4231860559383867,1,0.0,1.0,0.0,1.0,0.0,1.0,1.0,0.0,0.0,0.0,1.0,0.0,0.0,0.0
57,89.55,8.51985963329828,6,1.5439655172413793,0,0.22592658272743393,0.027827648114901255,0,1.0,0.0,1.0,1.0,0.0,1.0,0.0,0.0,0.0,1.0,0.0,0.0,0.0,1.0
1,19.9,3.039749158970765,0,9.95,0,0.22592658272743393,0.42984953233021556,0,0.0,0.0,0.0,1.0,0.0,0.0,0.0,1.0,0.0,0.0,0.0,0.0,0.0,1.0
2,19.35,3.8575668196320874,0,6.45,0,0.22592658272743393,0.42984953233021556,0,1.0,0.0,0.0,1.0,0.0,0.0,0.0,1.0,0.0,0.0,0.0,0.0,0.0,1.0
68,101.35,8.869503624719881,4,1.468840579710145,1,0.21457705266891292,0.11158342189160468,0,1.0,0.0,0.0,1.0,0.0,1.0,1.0,0.0,1.0,0.0,0.0,0.0,0.0,0.0
18,55.95,6.988228663132014,1,2.944736842105263,0,0.22592658272743393,0.431938236489232,0,0.0,1.0,1.0,1.0,0.0,0.0,0.0,0.0,0.0,0.0,0.0,0.0,0.0,1.0
3,98.7,5.685788211283922,4,24.675,0,0.3435006206774251,0.431938236489232,0,1.0,0.0,0.0,1.0,0.0,0.0,1.0,0.0,0.0,0.0,1.0,0.0,1.0,0.0
1,70.15,4.264790324535862,0,35.075,0,0.3435006206774251,0.4231860559383867,1,0.0,0.0,0.0,1.0,0.0,0.0,1.0,0.0,0.0,0.0,1.0,0.0,1.0,0.0
2,80.15,5.2758161012015234,2,26.71666666666667,0,0.3435006206774251,0.44104447164422683,0,0.0,1.0,0.0,1.0,0.0,0.0,1.0,0.0,0.0,0.0,1.0,0.0,1.0,0.0
44,59.85,7.8651687601452975,3,1.33,1,0.21457705266891292,0.11158342189160468,0,1.0,1.0,0.0,1.0,0.0,0.0,0.0,0.0,1.0,0.0,1.0,0.0,0.0,0.0
1,19.8,3.0349529867072724,0,9.9,1,0.21599574392622806,0.4231860559383867,0,0.0,0.0,0.0,1.0,0.0,0.0,0.0,1.0,0.0,0.0,0.0,1.0,0.0,0.0
8,19.95,5.146912912388804,0,2.216666666666667,0,0.22592658272743393,0.4231860559383867,0,0.0,0.0,1.0,1.0,0.0,0.0,0.0,1.0,0.0,0.0,0.0,0.0,0.0,1.0
16,98.75,7.370576929449647,3,5.8088235294117645,0,0.3435006206774251,0.4231860559383867,1,1.0,1.0,0.0,1.0,0.0,1.0,1.0,0.0,0.0,0.0,1.0,0.0,1.0,0.0
21,104.35,7.72878982959402,4,4.743181818181818,0,0.3435006206774251,0.4231860559383867,1,1.0,0.0,0.0,1.0,0.0,1.0,1.0,0.0,0.0,0.0,1.0,0.0,1.0,0.0
66,109.25,8.865523414819405,5,1.6305970149253732,1,0.21457705266891292,0.03211009174311927,0,0.0,1.0,1.0,1.0,0.0,1.0,1.0,0.0,0.0,1.0,0.0,0.0,0.0,0.0
43,25.1,6.976488116663229,0,0.5704545454545454,0,0.3435006206774251,0.024346257889990983,0,0.0,0.0,1.0,1.0,0.0,1.0,0.0,1.0,0.0,1.0,1.0,0.0,1.0,0.0
42,63.7,7.924560804946156,3,1.4813953488372094,1,0.21599574392622806,0.11158342189160468,0,1.0,1.0,1.0,1.0,0.0,0.0,0.0,0.0,1.0,0.0,0.0,1.0,0.0,0.0
10,98.5,6.945773346169658,3,8.954545454545455,0,0.3435006206774251,0.42984953233021556,0,1.0,1.0,0.0,1.0,0.0,1.0,1.0,0.0,0.0,0.0,1.0,0.0,1.0,0.0
15,80.2,7.1051706817236155,1,5.0125,0,0.3435006206774251,0.4231860559383867,1,1.0,0.0,0.0,1.0,0.0,1.0,1.0,0.0,0.0,0.0,1.0,0.0,1.0,0.0
20,78.8,7.403852977343515,1,3.7523809523809524,0,0.3435006206774251,0.431938236489232,0,1.0,0.0,0.0,1.0,0.0,0.0,1.0,0.0,0.0,0.0,0.0,0.0,1.0,0.0
22,75.8,7.387771118354598,0,3.2956521739130435,1,0.21457705266891292,0.4231860559383867,0,0.0,1.0,1.0,1.0,0.0,1.0,1.0,0.0,0.0,0.0,1.0,0.0,0.0,0.0
24,99.3,7.796613147205047,4,3.972,1,0.21599574392622806,0.4231860559383867,0,0.0,1.0,0.0,1.0,0.0,0.0,1.0,0.0,0.0,0.0,1.0,1.0,0.0,0.0
1,78.65,4.3776420363560575,1,39.325,0,0.3435006206774251,0.44104447164422683,0,0.0,0.0,1.0,1.0,0.0,0.0,1.0,0.0,0.0,0.0,0.0,0.0,1.0,0.0
5,39.5,5.355406333532164,2,6.583333333333333,0,0.3435006206774251,0.4231860559383867,0,0.0,0.0,0.0,0.0,1.0,0.0,0.0,0.0,0.0,0.0,0.0,0.0,1.0,0.0
67,25.6,7.487677768827454,0,0.3764705882352941,1,0.21599574392622806,0.024346257889990983,0,1.0,1.0,0.0,1.0,0.0,1.0,0.0,1.0,0.0,1.0,0.0,1.0,0.0,0.0
31,73.55,7.647619046764605,1,2.2984375,1,0.21599574392622806,0.42984953233021556,1,0.0,0.0,0.0,1.0,0.0,0.0,1.0,0.0,0.0,0.0,1.0,1.0,0.0,0.0
37,35.8,7.183794839649844,1,0.9421052631578947,1,0.21599574392622806,0.03211009174311927,0,1.0,0.0,0.0,0.0,1.0,0.0,0.0,0.0,0.0,1.0,0.0,1.0,0.0,0.0
20,19.6,5.878155861600981,0,0.9333333333333333,1,0.21599574392622806,0.42851340373679936,0,1.0,0.0,0.0,1.0,0.0,0.0,0.0,1.0,0.0,0.0,1.0,1.0,0.0,0.0
2,55.1,4.73926392046879,2,18.366666666666667,0,0.22592658272743393,0.4231860559383867,0,1.0,0.0,0.0,1.0,0.0,0.0,0.0,0.0,0.0,0.0,1.0,0.0,0.0,1.0
8,54.75,6.102222967827401,2,6.083333333333333,0,0.22592658272743393,0.42851340373679936,0,1.0,1.0,0.0,1.0,0.0,0.0,0.0,0.0,0.0,0.0,1.0,0.0,0.0,1.0
1,70.05,4.263383854543109,0,35.025,0,0.3435006206774251,0.42851340373679936,1,1.0,0.0,0.0,1.0,0.0,0.0,1.0,0.0,0.0,0.0,1.0,0.0,1.0,0.0
23,75.0,7.484087704950247,1,3.125,1,0.21457705266891292,0.44104447164422683,0,0.0,0.0,0.0,1.0,0.0,0.0,1.0,0.0,0.0,0.0,1.0,0.0,0.0,0.0
59,41.05,7.8053523684090385,2,0.6841666666666666,1,0.21457705266891292,0.42851340373679936,0,1.0,1.0,0.0,0.0,1.0,0.0,0.0,0.0,0.0,0.0,1.0,0.0,0.0,0.0
72,25.1,7.490975980163478,0,0.3438356164383562,1,0.21599574392622806,0.027827648114901255,0,1.0,1.0,1.0,1.0,0.0,1.0,0.0,1.0,0.0,1.0,1.0,1.0,0.0,0.0
23,55.3,7.158669627241704,2,2.3041666666666667,1,0.21457705266891292,0.44104447164422683,0,1.0,0.0,1.0,1.0,0.0,0.0,0.0,0.0,0.0,0.0,1.0,0.0,0.0,0.0
3,80.3,5.5256521224807145,1,20.075,0,0.3435006206774251,0.431938236489232,0,0.0,1.0,1.0,1.0,0.0,0.0,1.0,0.0,0.0,0.0,1.0,0.0,1.0,0.0
23,91.65,7.502103701719397,1,3.81875,1,0.21599574392622806,0.121875,0,0.0,1.0,1.0,1.0,0.0,1.0,1.0,0.0,1.0,0.0,0.0,1.0,0.0,0.0
70,98.3,8.83353560436123,3,1.384507042253521,1,0.21457705266891292,0.021602160216021602,0,1.0,1.0,1.0,1.0,0.0,1.0,1.0,0.0,0.0,1.0,0.0,0.0,0.0,0.0
8,100.85,6.709974847125637,3,11.205555555555556,0,0.3435006206774251,0.431938236489232,0,1.0,0.0,0.0,1.0,0.0,1.0,1.0,0.0,0.0,0.0,0.0,0.0,1.0,0.0
55,45.05,7.809378973812888,0,0.8044642857142856,1,0.21457705266891292,0.11266094420600858,0,0.0,0.0,0.0,1.0,0.0,0.0,0.0,0.0,1.0,0.0,0.0,0.0,0.0,0.0
67,75.7,8.529487308109715,0,1.113235294117647,0,0.22592658272743393,0.42851340373679936,1,1.0,0.0,0.0,1.0,0.0,1.0,1.0,0.0,0.0,0.0,1.0,0.0,0.0,1.0
54,20.0,7.048082279073415,0,0.36363636363636365,0,0.22592658272743393,0.024346257889990983,0,1.0,0.0,0.0,1.0,0.0,0.0,0.0,1.0,0.0,1.0,0.0,0.0,0.0,1.0
18,83.25,7.385323970846676,5,4.381578947368421,0,0.3435006206774251,0.4231860559383867,0,1.0,1.0,1.0,1.0,0.0,0.0,0.0,0.0,0.0,0.0,0.0,0.0,1.0,0.0
2,46.05,4.3987608336650466,0,15.35,1,0.21457705266891292,0.431938236489232,0,1.0,0.0,0.0,1.0,0.0,0.0,0.0,0.0,0.0,0.0,0.0,0.0,0.0,0.0
22,50.35,7.002929085851732,3,2.1891304347826086,0,0.3435006206774251,0.42851340373679936,0,0.0,0.0,0.0,0.0,1.0,0.0,0.0,0.0,0.0,0.0,1.0,0.0,1.0,0.0
46,55.65,7.8972407089593375,1,1.1840425531914893,1,0.21599574392622806,0.11158342189160468,0,0.0,0.0,0.0,1.0,0.0,0.0,0.0,0.0,1.0,0.0,0.0,1.0,0.0,0.0
5,94.45,6.2128064764755635,3,15.741666666666667,0,0.3435006206774251,0.44104447164422683,0,1.0,1.0,0.0,1.0,0.0,0.0,1.0,0.0,0.0,0.0,1.0,0.0,1.0,0.0
35,55.25,7.562733193424579,1,1.5347222222222223,0,0.22592658272743393,0.02787769784172662,0,1.0,0.0,0.0,1.0,0.0,1.0,0.0,0.0,0.0,1.0,0.0,0.0,0.0,1.0
3,80.35,5.540478923698008,1,20.0875,0,0.3435006206774251,0.4231860559383867,0,1.0,0.0,0.0,1.0,0.0,0.0,1.0,0.0,0.0,0.0,1.0,0.0,1.0,0.0
17,66.7,6.982909132582561,3,3.7055555555555557,0,0.22592658272743393,0.4231860559383867,0,1.0,1.0,1.0,1.0,0.0,1.0,0.0,0.0,0.0,0.0,1.0,0.0,0.0,1.0
11,104.05,7.034079512315632,4,8.670833333333333,1,0.21457705266891292,0.431938236489232,1,0.0,1.0,0.0,1.0,0.0,1.0,1.0,0.0,0.0,0.0,1.0,0.0,0.0,0.0
10,74.75,6.6854238977684854,0,6.795454545454546,0,0.3435006206774251,0.4231860559383867,0,0.0,0.0,0.0,1.0,0.0,1.0,1.0,0.0,0.0,0.0,1.0,0.0,1.0,0.0
47,66.05,8.01382303975493,3,1.3760416666666666,1,0.21599574392622806,0.11266094420600858,0,0.0,1.0,0.0,1.0,0.0,0.0,0.0,0.0,1.0,0.0,1.0,1.0,0.0,0.0
30,99.7,7.995761521863022,3,3.2161290322580647,0,0.3435006206774251,0.44104447164422683,1,0.0,0.0,0.0,1.0,0.0,1.0,1.0,0.0,0.0,0.0,1.0,0.0,1.0,0.0
72,84.45,8.705181992336072,6,1.156849315068493,0,0.22592658272743393,0.021602160216021602,0,1.0,1.0,0.0,1.0,0.0,0.0,0.0,0.0,0.0,1.0,0.0,0.0,0.0,1.0
72,95.1,8.831149551779507,3,1.3027397260273972,0,0.3435006206774251,0.03211009174311927,0,0.0,1.0,1.0,1.0,0.0,1.0,1.0,0.0,0.0,1.0,1.0,0.0,1.0,0.0
72,84.3,8.69919803139405,5,1.154794520547945,1,0.21599574392622806,0.027827648114901255,0,1.0,0.0,0.0,1.0,0.0,1.0,0.0,0.0,0.0,1.0,0.0,1.0,0.0,0.0
1,49.55,3.9229629454664803,1,24.775,1,0.21457705266891292,0.4231860559383867,0,0.0,0.0,0.0,1.0,0.0,0.0,0.0,0.0,0.0,0.0,0.0,0.0,0.0,0.0
71,58.25,8.330116346138421,5,0.8090277777777778,1,0.21457705266891292,0.02787769784172662,0,0.0,1.0,0.0,0.0,1.0,0.0,0.0,0.0,0.0,1.0,0.0,0.0,0.0,0.0
40,102.65,8.320971473449527,4,2.503658536585366,0,0.22592658272743393,0.42984953233021556,0,1.0,0.0,0.0,1.0,0.0,1.0,1.0,0.0,0.0,0.0,1.0,0.0,0.0,1.0
1,46.0,3.8501476017100584,0,23.0,0,0.3435006206774251,0.431938236489232,1,0.0,1.0,0.0,1.0,0.0,0.0,0.0,0.0,0.0,0.0,0.0,0.0,1.0,0.0
1,70.85,4.274580612525034,0,35.425,0,0.3435006206774251,0.44104447164422683,0,0.0,0.0,0.0,1.0,0.0,0.0,1.0,0.0,0.0,0.0,1.0,0.0,1.0,0.0
2,19.2,3.6428355156125294,0,6.3999999999999995,0,0.3435006206774251,0.42851340373679936,1,1.0,0.0,0.0,1.0,0.0,0.0,0.0,1.0,0.0,0.0,0.0,0.0,1.0,0.0
12,26.4,5.755583973219464,0,2.0307692307692307,0,0.22592658272743393,0.10683760683760683,0,1.0,1.0,1.0,1.0,0.0,1.0,0.0,1.0,1.0,0.0,0.0,0.0,0.0,1.0
67,19.4,7.158669627241704,0,0.2852941176470588,1,0.21599574392622806,0.027827648114901255,0,1.0,1.0,1.0,1.0,0.0,0.0,0.0,1.0,0.0,1.0,1.0,1.0,0.0,0.0
70,116.55,9.006178032257257,6,1.6415492957746478,1,0.21599574392622806,0.021602160216021602,0,1.0,1.0,1.0,1.0,0.0,1.0,1.0,0.0,0.0,1.0,1.0,1.0,0.0,0.0
34,67.65,7.758034405262377,4,1.932857142857143,1,0.21599574392622806,0.03211009174311927,0,0.0,0.0,1.0,1.0,0.0,0.0,0.0,0.0,0.0,1.0,0.0,1.0,0.0,0.0
7,84.55,6.47365918807482,1,10.56875,0,0.3435006206774251,0.431938236489232,1,0.0,1.0,0.0,1.0,0.0,1.0,1.0,0.0,0.0,0.0,1.0,0.0,1.0,0.0
23,19.8,6.14515083340697,0,0.8250000000000001,0,0.22592658272743393,0.11158342189160468,0,1.0,0.0,1.0,1.0,0.0,0.0,0.0,1.0,1.0,0.0,0.0,0.0,0.0,1.0
23,79.35,7.515507956525134,1,3.30625,0,0.22592658272743393,0.44104447164422683,1,0.0,0.0,0.0,1.0,0.0,1.0,1.0,0.0,0.0,0.0,1.0,0.0,0.0,1.0
2,95.1,5.199877293734784,4,31.7,1,0.21599574392622806,0.4231860559383867,1,1.0,0.0,0.0,1.0,0.0,0.0,1.0,0.0,0.0,0.0,1.0,1.0,0.0,0.0
64,100.3,8.795551936407135,4,1.543076923076923,1,0.21599574392622806,0.11158342189160468,0,1.0,0.0,0.0,1.0,0.0,0.0,1.0,0.0,1.0,0.0,1.0,1.0,0.0,0.0
60,103.75,8.6946613227052,4,1.7008196721311475,1,0.21457705266891292,0.44104447164422683,0,1.0,1.0,1.0,1.0,0.0,1.0,1.0,0.0,0.0,0.0,1.0,0.0,0.0,0.0
1,25.25,3.2676659890376327,0,12.625,0,0.3435006206774251,0.42984953233021556,1,0.0,0.0,0.0,0.0,1.0,0.0,0.0,0.0,0.0,0.0,0.0,0.0,1.0,0.0
1,19.9,3.039749158970765,0,9.95,0,0.22592658272743393,0.42984953233021556,0,1.0,1.0,1.0,1.0,0.0,0.0,0.0,1.0,0.0,0.0,0.0,0.0,0.0,1.0
57,55.7,8.062306719974355,2,0.960344827586207,0,0.3435006206774251,0.42984953233021556,0,1.0,1.0,0.0,1.0,0.0,0.0,0.0,0.0,0.0,0.0,0.0,0.0,1.0,0.0
3,74.75,5.440250862436703,0,18.6875,1,0.21599574392622806,0.4231860559383867,0,0.0,1.0,0.0,1.0,0.0,1.0,1.0,0.0,0.0,0.0,1.0,1.0,0.0,0.0
53,94.85,8.517433162620845,3,1.7564814814814813,1,0.21457705266891292,0.11158342189160468,0,0.0,1.0,0.0,1.0,0.0,0.0,1.0,0.0,1.0,0.0,1.0,0.0,0.0,0.0
68,25.8,7.556166565700691,0,0.3739130434782609,1,0.21599574392622806,0.027827648114901255,0,0.0,1.0,0.0,1.0,0.0,1.0,0.0,1.0,0.0,1.0,0.0,1.0,0.0,0.0
15,46.3,6.462171054277145,0,2.89375,0,0.3435006206774251,0.42984953233021556,0,0.0,1.0,1.0,1.0,0.0,0.0,0.0,0.0,0.0,0.0,0.0,0.0,1.0,0.0
4,45.9,5.302060352826871,0,9.18,0,0.3435006206774251,0.44104447164422683,0,1.0,0.0,0.0,1.0,0.0,0.0,0.0,0.0,0.0,0.0,1.0,0.0,1.0,0.0
61,24.4,7.257637202513267,0,0.39354838709677414,0,0.22592658272743393,0.03211009174311927,0,0.0,1.0,0.0,1.0,0.0,1.0,0.0,1.0,0.0,1.0,0.0,0.0,0.0,1.0
30,82.05,7.852127994983248,2,2.646774193548387,1,0.21457705266891292,0.4231860559383867,0,1.0,1.0,1.0,1.0,0.0,0.0,1.0,0.0,0.0,0.0,0.0,0.0,0.0,0.0
19,25.6,6.188058763188655,0,1.28,0,0.22592658272743393,0.03211009174311927,0,0.0,1.0,1.0,1.0,0.0,1.0,0.0,1.0,0.0,1.0,0.0,0.0,0.0,1.0
72,105.25,8.937317000533062,4,1.4417808219178083,1,0.21457705266891292,0.027827648114901255,0,1.0,1.0,1.0,1.0,0.0,1.0,1.0,0.0,0.0,1.0,0.0,0.0,0.0,0.0
71,23.9,7.41728005701508,0,0.33194444444444443,1,0.21599574392622806,0.02787769784172662,0,0.0,1.0,1.0,1.0,0.0,1.0,0.0,1.0,0.0,1.0,0.0,1.0,0.0,0.0
1,90.55,4.51688527112052,2,45.275,0,0.3435006206774251,0.44104447164422683,0,0.0,0.0,0.0,1.0,0.0,0.0,1.0,0.0,0.0,0.0,0.0,0.0,1.0,0.0
57,59.3,8.094180012588144,3,1.0224137931034483,0,0.22592658272743393,0.121875,0,0.0,1.0,1.0,1.0,0.0,0.0,0.0,0.0,1.0,0.0,1.0,0.0,0.0,1.0
44,54.9,7.843887853069831,2,1.22,1,0.21457705266891292,0.4231860559383867,0,1.0,1.0,1.0,1.0,0.0,0.0,0.0,0.0,0.0,0.0,1.0,0.0,0.0,0.0
70,19.8,7.2432627646664995,0,0.27887323943661974,1,0.21457705266891292,0.021602160216021602,0,0.0,1.0,0.0,1.0,0.0,0.0,0.0,1.0,0.0,1.0,0.0,0.0,0.0,0.0
23,57.75,7.157618654995728,3,2.40625,0,0.22592658272743393,0.10683760683760683,0,0.0,1.0,1.0,1.0,0.0,0.0,0.0,0.0,1.0,0.0,1.0,0.0,0.0,1.0
10,91.1,6.872490729881826,3,8.281818181818181,0,0.3435006206774251,0.4231860559383867,0,0.0,0.0,1.0,1.0,0.0,0.0,1.0,0.0,0.0,0.0,1.0,0.0,1.0,0.0
17,104.2,7.464223260626829,4,5.788888888888889,0,0.3435006206774251,0.42851340373679936,0,0.0,1.0,1.0,1.0,0.0,1.0,1.0,0.0,0.0,0.0,1.0,0.0,1.0,0.0
5,85.3,6.052442047831802,2,14.216666666666667,0,0.3435006206774251,0.4231860559383867,0,1.0,0.0,0.0,1.0,0.0,1.0,1.0,0.0,0.0,0.0,1.0,0.0,1.0,0.0
60,95.75,8.65589370110576,3,1.569672131147541,0,0.3435006206774251,0.42851340373679936,0,1.0,1.0,0.0,1.0,0.0,1.0,1.0,0.0,0.0,0.0,1.0,0.0,1.0,0.0
64,65.8,8.31115254800169,3,1.0123076923076924,0,0.22592658272743393,0.10683760683760683,0,0.0,1.0,1.0,1.0,0.0,0.0,0.0,0.0,1.0,0.0,0.0,0.0,0.0,1.0
7,23.5,5.159055299214529,0,2.9375,0,0.22592658272743393,0.431938236489232,0,1.0,0.0,0.0,1.0,0.0,1.0,0.0,1.0,0.0,0.0,0.0,0.0,0.0,1.0
9,20.15,5.477090970126306,0,2.0149999999999997,1,0.21457705266891292,0.44104447164422683,0,0.0,0.0,0.0,1.0,0.0,0.0,0.0,1.0,0.0,0.0,0.0,0.0,0.0,0.0
9,18.95,5.228967288413243,0,1.895,0,0.22592658272743393,0.42851340373679936,0,1.0,0.0,0.0,1.0,0.0,0.0,0.0,1.0,0.0,0.0,1.0,0.0,0.0,1.0
70,106.05,8.929971492818627,4,1.4936619718309858,0,0.3435006206774251,0.431938236489232,0,1.0,1.0,1.0,1.0,0.0,1.0,1.0,0.0,0.0,0.0,1.0,0.0,1.0,0.0
5,82.75,6.037274083139276,2,13.791666666666666,0,0.3435006206774251,0.44104447164422683,0,0.0,0.0,0.0,1.0,0.0,1.0,1.0,0.0,0.0,0.0,1.0,0.0,1.0,0.0
60,60.8,8.189924472198971,5,0.9967213114754098,1,0.21599574392622806,0.024346257889990983,0,0.0,1.0,0.0,0.0,1.0,0.0,0.0,0.0,0.0,1.0,0.0,1.0,0.0,0.0
48,117.45,8.60151595732809,6,2.396938775510204,0,0.3435006206774251,0.42984953233021556,1,0.0,1.0,0.0,1.0,0.0,1.0,1.0,0.0,0.0,0.0,0.0,0.0,1.0,0.0
64,53.85,8.13178067935946,1,0.8284615384615385,1,0.21457705266891292,0.11882229232386961,0,0.0,1.0,1.0,1.0,0.0,1.0,0.0,0.0,1.0,0.0,1.0,0.0,0.0,0.0
2,95.5,5.207571753241291,3,31.833333333333332,1,0.21599574392622806,0.42851340373679936,1,1.0,1.0,0.0,1.0,0.0,0.0,1.0,0.0,0.0,0.0,1.0,1.0,0.0,0.0
18,88.85,7.375099124136167,2,4.6763157894736835,0,0.3435006206774251,0.42851340373679936,0,0.0,1.0,0.0,1.0,0.0,1.0,1.0,0.0,0.0,0.0,1.0,0.0,1.0,0.0
59,81.25,8.442566623276399,2,1.3541666666666667,1,0.21599574392622806,0.11158342189160468,0,0.0,1.0,0.0,1.0,0.0,0.0,1.0,0.0,1.0,0.0,1.0,1.0,0.0,0.0
13,20.45,5.543222409643759,0,1.4607142857142856,0,0.22592658272743393,0.42851340373679936,0,0.0,1.0,1.0,1.0,0.0,0.0,0.0,1.0,0.0,0.0,1.0,0.0,0.0,1.0
41,35.45,7.238963685928251,2,0.8440476190476192,0,0.22592658272743393,0.11882229232386961,0,0.0,1.0,0.0,0.0,1.0,0.0,0.0,0.0,1.0,0.0,0.0,0.0,0.0,1.0
1,60.1,4.11251186617755,2,30.05,0,0.22592658272743393,0.4231860559383867,0,1.0,0.0,0.0,1.0,0.0,1.0,0.0,0.0,0.0,0.0,0.0,0.0,0.0,1.0
29,80.15,7.7258817620690605,1,2.671666666666667,1,0.21457705266891292,0.44104447164422683,0,1.0,1.0,0.0,1.0,0.0,1.0,1.0,0.0,0.0,0.0,1.0,0.0,0.0,0.0
48,20.05,6.9440872082295275,0,0.4091836734693878,0,0.22592658272743393,0.02787769784172662,0,1.0,1.0,0.0,1.0,0.0,0.0,0.0,1.0,0.0,1.0,1.0,0.0,0.0,1.0
60,61.35,8.234087298929344,3,1.0057377049180327,0,0.22592658272743393,0.024346257889990983,0,1.0,1.0,0.0,1.0,0.0,0.0,0.0,0.0,0.0,1.0,1.0,0.0,0.0,1.0
24,64.35,7.352216716096984,3,2.574,0,0.3435006206774251,0.021602160216021602,0,0.0,1.0,1.0,1.0,0.0,1.0,0.0,0.0,0.0,1.0,0.0,0.0,1.0,0.0
71,105.25,8.894635982950636,5,1.4618055555555556,0,0.3435006206774251,0.03211009174311927,0,1.0,1.0,0.0,1.0,0.0,0.0,1.0,0.0,0.0,1.0,1.0,0.0,1.0,0.0
59,107.0,8.724743802255968,5,1.7833333333333334,1,0.21599574392622806,0.121875,0,0.0,1.0,0.0,1.0,0.0,1.0,1.0,0.0,1.0,0.0,1.0,1.0,0.0,0.0
4,65.6,5.5258512661635395,2,13.12,0,0.3435006206774251,0.4231860559383867,0,1.0,1.0,0.0,1.0,0.0,1.0,0.0,0.0,0.0,0.0,0.0,0.0,1.0,0.0
9,99.45,6.824808358161211,3,9.945,1,0.21599574392622806,0.42984953233021556,1,1.0,0.0,0.0,1.0,0.0,1.0,1.0,0.0,0.0,0.0,1.0,1.0,0.0,0.0
7,69.15,6.193690850166804,0,8.64375,1,0.21457705266891292,0.44104447164422683,0,1.0,0.0,0.0,1.0,0.0,0.0,1.0,0.0,0.0,0.0,0.0,0.0,0.0,0.0
38,99.25,8.23698975082014,3,2.5448717948717947,1,0.21457705266891292,0.431938236489232,0,1.0,0.0,1.0,1.0,0.0,1.0,1.0,0.0,0.0,0.0,1.0,0.0,0.0,0.0
67,19.65,7.197585043491377,0,0.2889705882352941,0,0.22592658272743393,0.03211009174311927,0,0.0,1.0,0.0,1.0,0.0,0.0,0.0,1.0,0.0,1.0,0.0,0.0,0.0,1.0
55,89.8,8.509281980144902,2,1.6035714285714284,1,0.21457705266891292,0.42984953233021556,0,0.0,1.0,0.0,1.0,0.0,1.0,1.0,0.0,0.0,0.0,1.0,0.0,0.0,0.0
3,19.85,4.1705337005796475,0,4.9625,0,0.22592658272743393,0.42851340373679936,0,0.0,0.0,0.0,1.0,0.0,0.0,0.0,1.0,0.0,0.0,0.0,0.0,0.0,1.0
25,95.7,7.757628391986576,3,3.680769230769231,1,0.21599574392622806,0.42851340373679936,0,1.0,1.0,0.0,1.0,0.0,0.0,1.0,0.0,0.0,0.0,1.0,1.0,0.0,0.0
9,70.05,6.33753344525949,3,7.005,0,0.22592658272743393,0.4231860559383867,0,1.0,1.0,0.0,1.0,0.0,0.0,0.0,0.0,0.0,0.0,1.0,0.0,0.0,1.0
1,55.8,4.039536325727106,2,27.9,0,0.3435006206774251,0.42984953233021556,1,0.0,0.0,0.0,1.0,0.0,0.0,0.0,0.0,0.0,0.0,1.0,0.0,1.0,0.0
5,51.0,5.662265794453267,1,8.5,0,0.22592658272743393,0.431938236489232,0,0.0,0.0,1.0,1.0,0.0,0.0,0.0,0.0,0.0,0.0,1.0,0.0,0.0,1.0
64,94.6,8.691096077100468,3,1.4553846153846153,1,0.21599574392622806,0.027827648114901255,0,0.0,1.0,0.0,1.0,0.0,1.0,1.0,0.0,0.0,1.0,1.0,1.0,0.0,0.0
2,82.0,5.2238631806230895,1,27.333333333333332,0,0.3435006206774251,0.4231860559383867,0,1.0,0.0,0.0,1.0,0.0,1.0,1.0,0.0,0.0,0.0,1.0,0.0,1.0,0.0
29,45.0,7.125645053347799,4,1.5,0,0.22592658272743393,0.4231860559383867,0,1.0,0.0,1.0,0.0,1.0,0.0,0.0,0.0,0.0,0.0,1.0,0.0,0.0,1.0
1,93.55,4.549128795104466,2,46.775,0,0.3435006206774251,0.431938236489232,1,1.0,0.0,0.0,1.0,0.0,1.0,1.0,0.0,0.0,0.0,1.0,0.0,1.0,0.0
54,69.9,8.264698066387169,4,1.270909090909091,0,0.22592658272743393,0.42984953233021556,0,1.0,0.0,0.0,1.0,0.0,0.0,0.0,0.0,0.0,0.0,1.0,0.0,0.0,1.0
16,88.45,7.2605928696896145,2,5.202941176470588,0,0.3435006206774251,0.42851340373679936,0,0.0,0.0,0.0,1.0,0.0,1.0,1.0,0.0,0.0,0.0,1.0,0.0,1.0,0.0
50,93.5,8.465584057683007,4,1.8333333333333333,1,0.21599574392622806,0.44104447164422683,0,1.0,0.0,0.0,1.0,0.0,0.0,1.0,0.0,0.0,0.0,1.0,1.0,0.0,0.0
11,100.75,7.030636408357952,3,8.395833333333334,0,0.3435006206774251,0.4231860559383867,0,0.0,0.0,0.0,1.0,0.0,1.0,1.0,0.0,0.0,0.0,1.0,0.0,1.0,0.0
71,77.55,8.62611037462678,4,1.0770833333333334,1,0.21599574392622806,0.024346257889990983,0,0.0,1.0,1.0,1.0,0.0,0.0,0.0,0.0,0.0,1.0,0.0,1.0,0.0,0.0
16,20.4,5.775793010632473,0,1.2,0,0.3435006206774251,0.431938236489232,0,0.0,1.0,1.0,1.0,0.0,0.0,0.0,1.0,0.0,0.0,0.0,0.0,1.0,0.0
12,49.85,6.426731146452936,3,3.8346153846153848,1,0.21457705266891292,0.42851340373679936,0,0.0,1.0,0.0,0.0,1.0,0.0,0.0,0.0,0.0,0.0,1.0,0.0,0.0,0.0
41,19.3,6.6507963791731965,0,0.45952380952380956,1,0.21457705266891292,0.027827648114901255,0,0.0,1.0,1.0,1.0,0.0,0.0,0.0,1.0,0.0,1.0,0.0,0.0,0.0,0.0
37,91.15,8.122742204571173,2,2.3986842105263158,0,0.3435006206774251,0.42851340373679936,0,1.0,0.0,0.0,1.0,0.0,1.0,1.0,0.0,0.0,0.0,1.0,0.0,1.0,0.0
35,60.55,7.592668654614979,3,1.6819444444444445,0,0.3435006206774251,0.431938236489232,0,0.0,0.0,0.0,1.0,0.0,0.0,0.0,0.0,0.0,0.0,0.0,0.0,1.0,0.0
32,19.4,6.464821921259065,0,0.5878787878787879,1,0.21457705266891292,0.42851340373679936,0,0.0,1.0,0.0,1.0,0.0,0.0,0.0,1.0,0.0,0.0,0.0,0.0,0.0,0.0
1,70.5,4.269697449699962,0,35.25,0,0.3435006206774251,0.44104447164422683,0,0.0,0.0,0.0,1.0,0.0,0.0,1.0,0.0,0.0,0.0,0.0,0.0,1.0,0.0
71,84.4,8.694552456380377,6,1.1722222222222223,1,0.21599574392622806,0.02787769784172662,0,0.0,1.0,0.0,1.0,0.0,0.0,0.0,0.0,0.0,1.0,1.0,1.0,0.0,0.0
72,20.55,7.267909164380298,0,0.28150684931506853,0,0.3435006206774251,0.027827648114901255,0,1.0,1.0,1.0,1.0,0.0,0.0,0.0,1.0,0.0,1.0,0.0,0.0,1.0,0.0
24,21.05,6.277676789889175,0,0.8420000000000001,1,0.21457705266891292,0.10683760683760683,0,0.0,0.0,1.0,1.0,0.0,0.0,0.0,1.0,1.0,0.0,0.0,0.0,0.0,0.0
53,85.7,8.437522081358422,5,1.587037037037037,0,0.3435006206774251,0.42851340373679936,0,1.0,1.0,1.0,1.0,0.0,1.0,0.0,0.0,0.0,0.0,0.0,0.0,1.0,0.0
38,19.3,6.62870253322841,0,0.4948717948717949,0,0.22592658272743393,0.11882229232386961,0,0.0,0.0,0.0,1.0,0.0,0.0,0.0,1.0,1.0,0.0,0.0,0.0,0.0,1.0
68,118.6,8.986077444394057,6,1.718840579710145,0,0.22592658272743393,0.03211009174311927,0,0.0,1.0,0.0,1.0,0.0,1.0,1.0,0.0,0.0,1.0,0.0,0.0,0.0,1.0
11,51.0,6.367672474149028,1,4.25,1,0.21457705266891292,0.431938236489232,0,0.0,1.0,1.0,1.0,0.0,0.0,0.0,0.0,0.0,0.0,0.0,0.0,0.0,0.0
25,26.8,6.599258066816436,0,1.0307692307692309,0,0.22592658272743393,0.11266094420600858,0,0.0,1.0,0.0,1.0,0.0,1.0,0.0,1.0,1.0,0.0,1.0,0.0,0.0,1.0
48,24.0,7.076696044282031,0,0.4897959183673469,1,0.21599574392622806,0.03211009174311927,0,0.0,0.0,0.0,1.0,0.0,1.0,0.0,1.0,0.0,1.0,0.0,1.0,0.0,0.0
7,20.15,4.979144627004885,0,2.51875,0,0.22592658272743393,0.42851340373679936,0,1.0,1.0,1.0,1.0,0.0,0.0,0.0,1.0,0.0,0.0,0.0,0.0,0.0,1.0
44,30.35,7.215754552196813,1,0.6744444444444445,0,0.3435006206774251,0.42984953233021556,1,1.0,1.0,0.0,0.0,1.0,0.0,0.0,0.0,0.0,0.0,1.0,0.0,1.0,0.0
54,56.05,8.341040567567811,4,1.019090909090909,1,0.21457705266891292,0.02787769784172662,0,1.0,1.0,0.0,1.0,0.0,0.0,0.0,0.0,0.0,1.0,1.0,0.0,0.0,0.0
65,71.0,8.386446489367994,4,1.0757575757575757,1,0.21457705266891292,0.027827648114901255,0,0.0,1.0,0.0,1.0,0.0,0.0,0.0,0.0,0.0,1.0,0.0,0.0,0.0,0.0
38,19.95,6.629891515467694,0,0.5115384615384615,0,0.22592658272743393,0.02787769784172662,0,0.0,1.0,1.0,1.0,0.0,0.0,0.0,1.0,0.0,1.0,1.0,0.0,0.0,1.0
38,95.1,8.21397776533647,3,2.4384615384615382,1,0.21599574392622806,0.44104447164422683,0,1.0,0.0,0.0,1.0,0.0,1.0,1.0,0.0,0.0,0.0,1.0,1.0,0.0,0.0
57,53.35,8.03626611799611,4,0.9198275862068965,1,0.21599574392622806,0.021602160216021602,0,1.0,0.0,0.0,0.0,1.0,0.0,0.0,0.0,0.0,1.0,0.0,1.0,0.0,0.0
2,68.95,4.793722292532682,0,22.983333333333334,0,0.3435006206774251,0.42984953233021556,0,0.0,0.0,0.0,1.0,0.0,0.0,1.0,0.0,0.0,0.0,0.0,0.0,1.0,0.0
23,83.2,7.617415367916296,3,3.466666666666667,1,0.21457705266891292,0.44104447164422683,0,0.0,0.0,0.0,1.0,0.0,0.0,1.0,0.0,0.0,0.0,0.0,0.0,0.0,0.0
45,54.65,7.8456900789141635,2,1.1880434782608695,1,0.21457705266891292,0.021602160216021602,0,1.0,1.0,1.0,1.0,0.0,0.0,0.0,0.0,0.0,1.0,0.0,0.0,0.0,0.0
25,40.65,6.878892734297036,2,1.5634615384615385,1,0.21599574392622806,0.11158342189160468,0,1.0,0.0,1.0,0.0,1.0,0.0,0.0,0.0,1.0,0.0,1.0,1.0,0.0,0.0
4,50.55,5.466582256352257,1,10.11,1,0.21457705266891292,0.431938236489232,0,0.0,0.0,0.0,1.0,0.0,0.0,0.0,0.0,0.0,0.0,1.0,0.0,0.0,0.0
24,49.7,7.06373286043649,1,1.9880000000000002,0,0.22592658272743393,0.4231860559383867,0,1.0,0.0,0.0,1.0,0.0,0.0,0.0,0.0,0.0,0.0,1.0,0.0,0.0,1.0
9,91.65,6.632791978938131,1,9.165000000000001,0,0.3435006206774251,0.431938236489232,0,1.0,0.0,0.0,1.0,0.0,1.0,1.0,0.0,0.0,0.0,1.0,0.0,1.0,0.0
72,78.45,8.645278531179455,5,1.0746575342465754,1,0.21457705266891292,0.027827648114901255,1,0.0,1.0,0.0,1.0,0.0,1.0,0.0,0.0,0.0,1.0,0.0,0.0,0.0,0.0
15,75.65,7.045471652345971,0,4.728125,0,0.3435006206774251,0.431938236489232,1,1.0,0.0,0.0,1.0,0.0,1.0,1.0,0.0,0.0,0.0,0.0,0.0,1.0,0.0
7,29.8,5.312959643284906,1,3.725,0,0.22592658272743393,0.431938236489232,0,0.0,0.0,1.0,0.0,1.0,0.0,0.0,0.0,0.0,0.0,0.0,0.0,0.0,1.0
72,114.5,9.027972814124196,6,1.5684931506849316,0,0.22592658272743393,0.024346257889990983,1,1.0,1.0,0.0,1.0,0.0,1.0,1.0,0.0,0.0,1.0,1.0,0.0,0.0,1.0
32,79.25,7.870986847024712,1,2.4015151515151514,0,0.3435006206774251,0.121875,0,1.0,1.0,0.0,1.0,0.0,1.0,1.0,0.0,1.0,0.0,1.0,0.0,1.0,0.0
72,111.65,8.980228850646334,5,1.5294520547945207,0,0.3435006206774251,0.03211009174311927,1,0.0,0.0,0.0,1.0,0.0,1.0,1.0,0.0,0.0,1.0,0.0,0.0,1.0,0.0
27,79.5,7.687790912310173,1,2.8392857142857144,0,0.3435006206774251,0.431938236489232,0,1.0,0.0,1.0,1.0,0.0,1.0,1.0,0.0,0.0,0.0,1.0,0.0,1.0,0.0
44,96.1,8.38139637751873,2,2.1355555555555554,0,0.3435006206774251,0.4231860559383867,0,0.0,1.0,0.0,1.0,0.0,1.0,1.0,0.0,0.0,0.0,1.0,0.0,1.0,0.0
1,49.95,3.9308447596687337,1,24.975,0,0.3435006206774251,0.42851340373679936,0,0.0,0.0,0.0,1.0,0.0,0.0,0.0,0.0,0.0,0.0,0.0,0.0,1.0,0.0
65,19.35,7.1861064536924415,0,0.2931818181818182,1,0.21457705266891292,0.03211009174311927,0,0.0,1.0,0.0,1.0,0.0,0.0,0.0,1.0,0.0,1.0,0.0,0.0,0.0,0.0
44,19.55,6.710462206258037,0,0.43444444444444447,1,0.21457705266891292,0.021602160216021602,0,1.0,0.0,1.0,1.0,0.0,0.0,0.0,1.0,0.0,1.0,0.0,0.0,0.0,0.0
2,46.0,4.448516375942715,0,15.333333333333334,1,0.21599574392622806,0.42984953233021556,0,1.0,0.0,0.0,1.0,0.0,0.0,0.0,0.0,0.0,0.0,1.0,1.0,0.0,0.0
26,19.15,6.247559198561878,0,0.7092592592592593,1,0.21599574392622806,0.027827648114901255,0,1.0,1.0,1.0,1.0,0.0,0.0,0.0,1.0,0.0,1.0,1.0,1.0,0.0,0.0
70,58.4,8.32218753041356,5,0.8225352112676056,1,0.21457705266891292,0.11158342189160468,0,0.0,1.0,1.0,0.0,1.0,0.0,0.0,0.0,1.0,0.0,1.0,0.0,0.0,0.0
70,84.7,8.69818886962152,5,1.1929577464788732,0,0.22592658272743393,0.021602160216021602,0,0.0,0.0,0.0,1.0,0.0,1.0,0.0,0.0,0.0,1.0,0.0,0.0,0.0,1.0
68,110.2,8.918449454750347,5,1.5971014492753624,0,0.3435006206774251,0.027827648114901255,0,1.0,1.0,1.0,1.0,0.0,1.0,1.0,0.0,0.0,1.0,1.0,0.0,1.0,0.0
2,45.0,4.5081084731449605,0,15.0,0,0.3435006206774251,0.4231860559383867,0,0.0,1.0,0.0,1.0,0.0,0.0,0.0,0.0,0.0,0.0,1.0,0.0,1.0,0.0
27,20.25,6.290086559598097,0,0.7232142857142857,1,0.21457705266891292,0.027827648114901255,0,0.0,0.0,0.0,1.0,0.0,0.0,0.0,1.0,0.0,1.0,1.0,0.0,0.0,0.0
37,104.5,8.237214703349489,4,2.75,1,0.21599574392622806,0.121875,0,1.0,0.0,0.0,1.0,0.0,1.0,1.0,0.0,1.0,0.0,1.0,1.0,0.0,0.0
54,94.1,8.529497185872401,3,1.7109090909090907,1,0.21599574392622806,0.11158342189160468,0,0.0,0.0,0.0,1.0,0.0,0.0,1.0,0.0,1.0,0.0,1.0,1.0,0.0,0.0
13,83.2,6.967532483017997,2,5.942857142857143,0,0.3435006206774251,0.44104447164422683,0,1.0,0.0,0.0,1.0,0.0,0.0,1.0,0.0,0.0,0.0,1.0,0.0,1.0,0.0
8,20.25,5.168493378711836,0,2.25,0,0.22592658272743393,0.021602160216021602,0,0.0,0.0,0.0,1.0,0.0,0.0,0.0,1.0,0.0,1.0,0.0,0.0,0.0,1.0
29,80.1,7.702013960910494,4,2.67,1,0.21599574392622806,0.42984953233021556,0,1.0,1.0,1.0,1.0,0.0,1.0,0.0,0.0,0.0,0.0,0.0,1.0,0.0,0.0
6,19.5,4.9924713234685845,0,2.7857142857142856,1,0.21457705266891292,0.42984953233021556,0,0.0,1.0,0.0,1.0,0.0,0.0,0.0,1.0,0.0,0.0,0.0,0.0,0.0,0.0
3,58.7,5.133442723357803,2,14.675,1,0.21599574392622806,0.44104447164422683,0,0.0,1.0,1.0,1.0,0.0,0.0,0.0,0.0,0.0,0.0,1.0,1.0,0.0,0.0
29,20.65,6.485932104261154,0,0.6883333333333332,0,0.22592658272743393,0.4231860559383867,0,1.0,1.0,1.0,1.0,0.0,0.0,0.0,1.0,0.0,0.0,1.0,0.0,0.0,1.0
32,79.3,7.852050207265889,1,2.403030303030303,0,0.22592658272743393,0.42851340373679936,1,0.0,1.0,0.0,1.0,0.0,1.0,1.0,0.0,0.0,0.0,0.0,0.0,0.0,1.0
14,44.6,6.464977635989993,0,2.9733333333333336,0,0.3435006206774251,0.10683760683760683,0,1.0,1.0,0.0,1.0,0.0,0.0,0.0,0.0,1.0,0.0,0.0,0.0,1.0,0.0
72,78.85,8.659412980375532,5,1.08013698630137,1,0.21457705266891292,0.03211009174311927,0,1.0,1.0,0.0,1.0,0.0,1.0,0.0,0.0,0.0,1.0,0.0,0.0,0.0,0.0
10,35.75,5.968195920168628,2,3.25,0,0.3435006206774251,0.4231860559383867,0,1.0,0.0,0.0,0.0,1.0,0.0,0.0,0.0,0.0,0.0,0.0,0.0,1.0,0.0
12,29.2,5.736894826106403,1,2.246153846153846,0,0.22592658272743393,0.431938236489232,0,0.0,1.0,1.0,0.0,1.0,0.0,0.0,0.0,0.0,0.0,0.0,0.0,0.0,1.0
22,20.05,6.155282632337377,0,0.8717391304347827,0,0.22592658272743393,0.4231860559383867,0,0.0,0.0,0.0,1.0,0.0,0.0,0.0,1.0,0.0,0.0,1.0,0.0,0.0,1.0
3,101.55,5.701613457371361,3,25.3875,1,0.21457705266891292,0.4231860559383867,0,1.0,0.0,0.0,1.0,0.0,1.0,1.0,0.0,0.0,0.0,1.0,0.0,0.0,0.0
53,77.4,8.332536911275563,4,1.4333333333333333,1,0.21457705266891292,0.11158342189160468,0,1.0,1.0,0.0,1.0,0.0,1.0,0.0,0.0,1.0,0.0,0.0,0.0,0.0,0.0
64,86.4,8.60209484450261,6,1.3292307692307692,1,0.21599574392622806,0.021602160216021602,0,0.0,0.0,0.0,1.0,0.0,1.0,0.0,0.0,0.0,1.0,1.0,1.0,0.0,0.0
4,78.9,5.7062793548547885,1,15.780000000000001,0,0.22592658272743393,0.431938236489232,0,0.0,1.0,1.0,1.0,0.0,0.0,1.0,0.0,0.0,0.0,1.0,0.0,0.0,1.0
43,51.25,7.674431692830198,4,1.1647727272727273,1,0.21457705266891292,0.11158342189160468,0,0.0,1.0,1.0,0.0,1.0,0.0,0.0,0.0,1.0,0.0,1.0,0.0,0.0,0.0
3,20.4,4.161224091061645,0,5.1,0,0.22592658272743393,0.4231860559383867,0,0.0,0.0,0.0,1.0,0.0,0.0,0.0,1.0,0.0,0.0,0.0,0.0,0.0,1.0
12,30.25,5.913097518033877,1,2.326923076923077,1,0.21599574392622806,0.11158342189160468,0,0.0,1.0,1.0,0.0,1.0,0.0,0.0,0.0,1.0,0.0,0.0,1.0,0.0,0.0
1,20.55,3.070375816549757,0,10.275,1,0.21599574392622806,0.4231860559383867,0,1.0,0.0,0.0,1.0,0.0,0.0,0.0,1.0,0.0,0.0,0.0,1.0,0.0,0.0
2,44.35,4.409763389645481,0,14.783333333333333,0,0.3435006206774251,0.42984953233021556,0,1.0,0.0,0.0,1.0,0.0,0.0,0.0,0.0,0.0,0.0,0.0,0.0,1.0,0.0
7,51.3,6.041087697581306,1,6.4125,0,0.22592658272743393,0.431938236489232,1,0.0,0.0,0.0,1.0,0.0,0.0,0.0,0.0,0.0,0.0,1.0,0.0,0.0,1.0
1,19.85,3.0373539482448106,0,9.925,0,0.22592658272743393,0.44104447164422683,0,1.0,0.0,1.0,1.0,0.0,0.0,0.0,1.0,0.0,0.0,0.0,0.0,0.0,1.0
11,55.6,6.366126746061101,1,4.633333333333334,0,0.3435006206774251,0.431938236489232,1,0.0,0.0,0.0,1.0,0.0,1.0,0.0,0.0,0.0,0.0,1.0,0.0,1.0,0.0
72,88.55,8.758310247220596,6,1.213013698630137,1,0.21599574392622806,0.02787769784172662,0,1.0,0.0,0.0,1.0,0.0,1.0,0.0,0.0,0.0,1.0,0.0,1.0,0.0,0.0
1,69.25,4.2520603082138555,0,34.625,0,0.3435006206774251,0.4231860559383867,1,0.0,1.0,1.0,1.0,0.0,0.0,1.0,0.0,0.0,0.0,1.0,0.0,1.0,0.0
28,59.9,7.4119791591135655,3,2.06551724137931,0,0.3435006206774251,0.10683760683760683,0,0.0,0.0,0.0,1.0,0.0,0.0,0.0,0.0,1.0,0.0,1.0,0.0,1.0,0.0
11,19.7,5.38081858805978,0,1.6416666666666666,1,0.21599574392622806,0.44104447164422683,0,0.0,0.0,1.0,1.0,0.0,0.0,0.0,1.0,0.0,0.0,0.0,1.0,0.0,0.0
40,78.85,8.04810114655118,1,1.923170731707317,1,0.21599574392622806,0.42984953233021556,0,0.0,1.0,0.0,1.0,0.0,1.0,1.0,0.0,0.0,0.0,1.0,1.0,0.0,0.0
42,69.4,8.02594141060735,3,1.6139534883720932,1,0.21457705266891292,0.4231860559383867,0,1.0,1.0,1.0,1.0,0.0,1.0,0.0,0.0,0.0,0.0,1.0,0.0,0.0,0.0
72,61.2,8.387369203580036,5,0.8383561643835616,1,0.21599574392622806,0.027827648114901255,0,1.0,0.0,0.0,0.0,1.0,0.0,0.0,0.0,0.0,1.0,1.0,1.0,0.0,0.0
59,90.3,8.555461528126088,6,1.505,1,0.21599574392622806,0.024346257889990983,0,0.0,1.0,1.0,1.0,0.0,1.0,0.0,0.0,0.0,1.0,0.0,1.0,0.0,0.0
35,106.9,8.2314958148187,5,2.9694444444444446,0,0.3435006206774251,0.42851340373679936,0,0.0,1.0,1.0,1.0,0.0,0.0,1.0,0.0,0.0,0.0,1.0,0.0,1.0,0.0
3,69.55,5.304299438225584,0,17.3875,0,0.3435006206774251,0.42984953233021556,0,0.0,1.0,1.0,1.0,0.0,0.0,1.0,0.0,0.0,0.0,1.0,0.0,1.0,0.0
14,50.45,6.641769464612117,1,3.3633333333333337,0,0.3435006206774251,0.42851340373679936,0,0.0,0.0,0.0,1.0,0.0,0.0,0.0,0.0,0.0,0.0,0.0,0.0,1.0,0.0
12,24.0,5.600826473242987,0,1.8461538461538463,1,0.21457705266891292,0.03211009174311927,0,1.0,1.0,1.0,1.0,0.0,1.0,0.0,1.0,0.0,1.0,1.0,0.0,0.0,0.0
58,20.5,7.083723361803917,0,0.3474576271186441,1,0.21599574392622806,0.03211009174311927,0,0.0,1.0,1.0,1.0,0.0,0.0,0.0,1.0,0.0,1.0,0.0,1.0,0.0,0.0
48,83.45,8.265868763085331,5,1.703061224489796,1,0.21599574392622806,0.121875,0,0.0,0.0,0.0,1.0,0.0,1.0,0.0,0.0,1.0,0.0,1.0,1.0,0.0,0.0
64,104.65,8.837942467572214,4,1.61,1,0.21599574392622806,0.11158342189160468,0,1.0,0.0,0.0,1.0,0.0,1.0,1.0,0.0,1.0,0.0,1.0,1.0,0.0,0.0
54,65.3,8.164481810743938,3,1.1872727272727273,1,0.21457705266891292,0.03211009174311927,0,1.0,0.0,0.0,1.0,0.0,0.0,0.0,0.0,0.0,1.0,1.0,0.0,0.0,0.0
56,24.45,7.234790267386486,0,0.42894736842105263,0,0.22592658272743393,0.02787769784172662,0,0.0,1.0,1.0,1.0,0.0,1.0,0.0,1.0,0.0,1.0,1.0,0.0,0.0,1.0
11,29.6,5.8506207697603365,1,2.466666666666667,0,0.3435006206774251,0.44104447164422683,0,0.0,1.0,1.0,0.0,1.0,0.0,0.0,0.0,0.0,0.0,1.0,0.0,1.0,0.0
1,50.45,3.9406104622800586,0,25.225,0,0.3435006206774251,0.42984953233021556,0,1.0,0.0,0.0,1.0,0.0,1.0,0.0,0.0,0.0,0.0,1.0,0.0,1.0,0.0
70,92.2,8.775773382222358,6,1.2985915492957747,1,0.21457705266891292,0.02787769784172662,1,0.0,1.0,0.0,1.0,0.0,1.0,0.0,0.0,0.0,1.0,1.0,0.0,0.0,0.0
70,97.65,8.851305502745825,3,1.3753521126760564,0,0.3435006206774251,0.121875,0,0.0,1.0,0.0,1.0,0.0,1.0,1.0,0.0,1.0,0.0,1.0,0.0,1.0,0.0
3,19.65,4.239166146760841,0,4.9125,0,0.22592658272743393,0.4231860559383867,0,1.0,0.0,0.0,1.0,0.0,0.0,0.0,1.0,0.0,0.0,1.0,0.0,0.0,1.0
71,66.85,8.465836737139407,3,0.9284722222222221,1,0.21599574392622806,0.11158342189160468,0,1.0,1.0,1.0,1.0,0.0,1.0,0.0,0.0,1.0,0.0,1.0,1.0,0.0,0.0
68,54.45,8.213042926257149,1,0.7891304347826087,0,0.22592658272743393,0.44104447164422683,0,0.0,0.0,0.0,1.0,0.0,1.0,0.0,0.0,0.0,0.0,0.0,0.0,0.0,1.0
44,89.15,8.291985010219811,3,1.9811111111111113,1,0.21599574392622806,0.11882229232386961,1,0.0,0.0,0.0,1.0,0.0,0.0,1.0,0.0,1.0,0.0,0.0,1.0,0.0,0.0
72,23.75,7.4266978708500755,0,0.3253424657534247,1,0.21457705266891292,0.02787769784172662,0,0.0,1.0,1.0,1.0,0.0,1.0,0.0,1.0,0.0,1.0,0.0,0.0,0.0,0.0
24,78.85,7.4805693000821964,1,3.154,0,0.3435006206774251,0.42984953233021556,1,1.0,1.0,0.0,1.0,0.0,1.0,1.0,0.0,0.0,0.0,1.0,0.0,1.0,0.0
1,69.8,4.259859000699674,0,34.9,0,0.3435006206774251,0.44104447164422683,0,1.0,0.0,0.0,1.0,0.0,0.0,1.0,0.0,0.0,0.0,1.0,0.0,1.0,0.0
38,70.45,7.862728117448636,0,1.8064102564102564,1,0.21457705266891292,0.11158342189160468,0,1.0,0.0,0.0,1.0,0.0,0.0,1.0,0.0,1.0,0.0,1.0,0.0,0.0,0.0
4,20.15,4.448516375942715,0,4.029999999999999,0,0.22592658272743393,0.42984953233021556,0,0.0,0.0,0.0,1.0,0.0,0.0,0.0,1.0,0.0,0.0,0.0,0.0,0.0,1.0
36,19.45,6.627379781712794,0,0.5256756756756756,1,0.21599574392622806,0.024346257889990983,0,1.0,1.0,1.0,1.0,0.0,0.0,0.0,1.0,0.0,1.0,0.0,1.0,0.0,0.0
24,25.15,6.317164686747284,0,1.006,1,0.21599574392622806,0.021602160216021602,0,0.0,0.0,0.0,1.0,0.0,1.0,0.0,1.0,0.0,1.0,0.0,1.0,0.0,0.0
45,100.15,8.40308340112615,3,2.1771739130434784,1,0.21457705266891292,0.11882229232386961,1,0.0,0.0,0.0,1.0,0.0,1.0,1.0,0.0,1.0,0.0,1.0,0.0,0.0,0.0
29,30.6,6.75384623662486,1,1.02,0,0.3435006206774251,0.44104447164422683,0,0.0,0.0,0.0,0.0,1.0,0.0,0.0,0.0,0.0,0.0,1.0,0.0,1.0,0.0
66,85.25,8.619632444337945,5,1.2723880597014925,0,0.3435006206774251,0.03211009174311927,0,1.0,1.0,0.0,1.0,0.0,1.0,0.0,0.0,0.0,1.0,0.0,0.0,1.0,0.0
60,101.4,8.728685125509973,3,1.6622950819672133,1,0.21457705266891292,0.11266094420600858,1,0.0,0.0,0.0,1.0,0.0,1.0,1.0,0.0,1.0,0.0,1.0,0.0,0.0,0.0
46,89.15,8.353862167553196,2,1.896808510638298,1,0.21599574392622806,0.44104447164422683,0,1.0,0.0,0.0,1.0,0.0,1.0,1.0,0.0,0.0,0.0,1.0,1.0,0.0,0.0
5,80.0,6.024657514463746,1,13.333333333333334,0,0.3435006206774251,0.42984953233021556,0,0.0,0.0,0.0,1.0,0.0,0.0,1.0,0.0,0.0,0.0,1.0,0.0,1.0,0.0
71,58.65,8.329959590261263,5,0.8145833333333333,0,0.22592658272743393,0.02787769784172662,0,0.0,1.0,1.0,0.0,1.0,0.0,0.0,0.0,0.0,1.0,0.0,0.0,0.0,1.0
64,81.05,8.544097989465381,2,1.2469230769230768,0,0.3435006206774251,0.44104447164422683,0,1.0,1.0,1.0,1.0,0.0,0.0,1.0,0.0,0.0,0.0,0.0,0.0,1.0,0.0
3,45.0,4.852811208902689,0,11.25,0,0.3435006206774251,0.44104447164422683,1,0.0,0.0,0.0,1.0,0.0,0.0,0.0,0.0,0.0,0.0,0.0,0.0,1.0,0.0
45,97.05,8.386184328821656,4,2.109782608695652,0,0.3435006206774251,0.42851340373679936,1,0.0,0.0,0.0,1.0,0.0,1.0,1.0,0.0,0.0,0.0,1.0,0.0,1.0,0.0
71,82.7,8.671149566653297,5,1.1486111111111112,1,0.21457705266891292,0.024346257889990983,1,0.0,1.0,0.0,1.0,0.0,1.0,0.0,0.0,0.0,1.0,1.0,0.0,0.0,0.0
10,89.5,6.7616885028473535,2,8.136363636363637,0,0.3435006206774251,0.42851340373679936,0,1.0,0.0,0.0,1.0,0.0,0.0,1.0,0.0,0.0,0.0,1.0,0.0,1.0,0.0
70,114.95,8.950565252777409,6,1.6190140845070422,1,0.21457705266891292,0.024346257889990983,0,1.0,0.0,0.0,1.0,0.0,1.0,1.0,0.0,0.0,1.0,1.0,0.0,0.0,0.0
13,102.25,7.215239978730097,3,7.303571428571429,1,0.21599574392622806,0.431938236489232,0,1.0,1.0,0.0,1.0,0.0,1.0,1.0,0.0,0.0,0.0,1.0,1.0,0.0,0.0
28,54.4,7.324885418620805,2,1.8758620689655172,1,0.21599574392622806,0.121875,0,1.0,0.0,1.0,1.0,0.0,0.0,0.0,0.0,1.0,0.0,1.0,1.0,0.0,0.0
72,25.1,7.527713295923721,0,0.3438356164383562,1,0.21457705266891292,0.03211009174311927,0,0.0,1.0,1.0,1.0,0.0,1.0,0.0,1.0,0.0,1.0,0.0,0.0,0.0,0.0
55,73.1,8.32987517307146,0,1.3053571428571427,0,0.3435006206774251,0.431938236489232,0,0.0,0.0,0.0,1.0,0.0,1.0,1.0,0.0,0.0,0.0,1.0,0.0,1.0,0.0
61,64.05,8.269654483267306,2,1.0330645161290322,1,0.21457705266891292,0.11882229232386961,1,1.0,1.0,0.0,1.0,0.0,1.0,0.0,0.0,1.0,0.0,0.0,0.0,0.0,0.0
41,20.65,6.728808022827132,0,0.49166666666666664,0,0.22592658272743393,0.03211009174311927,0,0.0,0.0,0.0,1.0,0.0,0.0,0.0,1.0,0.0,1.0,0.0,0.0,0.0,1.0
69,60.05,8.33751613484719,5,0.8578571428571428,1,0.21457705266891292,0.027827648114901255,0,1.0,0.0,0.0,0.0,1.0,0.0,0.0,0.0,0.0,1.0,1.0,0.0,0.0,0.0
1,59.85,4.108411819433536,1,29.925,0,0.3435006206774251,0.4231860559383867,0,1.0,0.0,0.0,1.0,0.0,1.0,0.0,0.0,0.0,0.0,1.0,0.0,1.0,0.0
2,70.35,4.941999501706118,0,23.45,0,0.3435006206774251,0.431938236489232,1,0.0,0.0,0.0,1.0,0.0,0.0,1.0,0.0,0.0,0.0,1.0,0.0,1.0,0.0
31,20.65,6.555428013036825,0,0.6453125,0,0.3435006206774251,0.431938236489232,0,1.0,1.0,1.0,1.0,0.0,0.0,0.0,1.0,0.0,0.0,1.0,0.0,1.0,0.0
11,60.9,6.5359666972333565,3,5.075,0,0.3435006206774251,0.42851340373679936,0,1.0,0.0,0.0,1.0,0.0,0.0,0.0,0.0,0.0,0.0,1.0,0.0,1.0,0.0
1,20.2,3.054001181677967,0,10.1,1,0.21457705266891292,0.42984953233021556,0,1.0,0.0,0.0,1.0,0.0,0.0,0.0,1.0,0.0,0.0,0.0,0.0,0.0,0.0
66,104.55,8.821739755538518,5,1.5604477611940297,1,0.21457705266891292,0.11266094420600858,0,0.0,0.0,0.0,1.0,0.0,1.0,1.0,0.0,1.0,0.0,1.0,0.0,0.0,0.0
3,75.0,5.347583607850955,0,18.75,0,0.22592658272743393,0.431938236489232,0,1.0,0.0,0.0,1.0,0.0,1.0,1.0,0.0,0.0,0.0,0.0,0.0,0.0,1.0
15,18.8,5.690190521136734,0,1.175,0,0.22592658272743393,0.10683760683760683,0,1.0,1.0,0.0,1.0,0.0,0.0,0.0,1.0,1.0,0.0,0.0,0.0,0.0,1.0
15,83.05,7.138311290011801,2,5.190625,0,0.3435006206774251,0.431938236489232,1,0.0,1.0,0.0,1.0,0.0,1.0,1.0,0.0,0.0,0.0,1.0,0.0,1.0,0.0
72,86.05,8.749993961323483,5,1.1787671232876713,1,0.21599574392622806,0.024346257889990983,0,1.0,0.0,0.0,1.0,0.0,1.0,0.0,0.0,0.0,1.0,0.0,1.0,0.0,0.0
52,80.2,8.366044667273176,1,1.5132075471698114,0,0.22592658272743393,0.11266094420600858,0,0.0,0.0,0.0,1.0,0.0,1.0,1.0,0.0,1.0,0.0,1.0,0.0,0.0,1.0
11,102.0,7.044338260768671,3,8.5,0,0.3435006206774251,0.44104447164422683,0,0.0,1.0,0.0,1.0,0.0,1.0,1.0,0.0,0.0,0.0,1.0,0.0,1.0,0.0
19,45.0,6.764865951431896,0,2.25,1,0.21457705266891292,0.4231860559383867,0,1.0,0.0,0.0,1.0,0.0,0.0,0.0,0.0,0.0,0.0,1.0,0.0,0.0,0.0
72,106.3,8.931466063705376,4,1.4561643835616438,1,0.21457705266891292,0.027827648114901255,0,1.0,1.0,0.0,1.0,0.0,1.0,1.0,0.0,0.0,1.0,1.0,0.0,0.0,0.0
64,90.25,8.635891363762832,2,1.3884615384615384,1,0.21599574392622806,0.11158342189160468,0,1.0,1.0,1.0,1.0,0.0,1.0,1.0,0.0,1.0,0.0,0.0,1.0,0.0,0.0
37,40.2,7.299696010270414,2,1.0578947368421054,1,0.21599574392622806,0.4231860559383867,0,0.0,0.0,0.0,0.0,1.0,0.0,0.0,0.0,0.0,0.0,1.0,1.0,0.0,0.0
13,19.45,5.60285655606624,0,1.3892857142857142,0,0.22592658272743393,0.10683760683760683,0,1.0,0.0,0.0,1.0,0.0,0.0,0.0,1.0,1.0,0.0,0.0,0.0,0.0,1.0
52,84.05,8.372814608737682,3,1.5858490566037735,1,0.21457705266891292,0.42984953233021556,0,0.0,1.0,1.0,1.0,0.0,0.0,1.0,0.0,0.0,0.0,1.0,0.0,0.0,0.0
34,116.15,8.280939070951932,6,3.318571428571429,1,0.21599574392622806,0.03211009174311927,0,0.0,0.0,1.0,1.0,0.0,1.0,1.0,0.0,0.0,1.0,1.0,1.0,0.0,0.0
53,71.85,8.250332834656755,3,1.3305555555555555,0,0.3435006206774251,0.4231860559383867,0,1.0,1.0,1.0,1.0,0.0,1.0,0.0,0.0,0.0,0.0,0.0,0.0,1.0,0.0
68,76.9,8.521981708148035,4,1.1144927536231886,1,0.21599574392622806,0.10683760683760683,0,1.0,0.0,0.0,1.0,0.0,1.0,0.0,0.0,1.0,0.0,1.0,1.0,0.0,0.0
34,20.8,6.45661265737732,0,0.5942857142857143,0,0.22592658272743393,0.42851340373679936,0,1.0,1.0,1.0,1.0,0.0,0.0,0.0,1.0,0.0,0.0,0.0,0.0,0.0,1.0
8,75.0,6.490875268058674,1,8.333333333333334,0,0.22592658272743393,0.431938236489232,0,1.0,1.0,0.0,1.0,0.0,0.0,1.0,0.0,0.0,0.0,1.0,0.0,0.0,1.0
44,65.4,7.928604204740065,3,1.4533333333333334,0,0.3435006206774251,0.121875,0,1.0,0.0,0.0,1.0,0.0,0.0,0.0,0.0,1.0,0.0,0.0,0.0,1.0,0.0
69,105.4,8.853658285154797,4,1.5057142857142858,1,0.21599574392622806,0.027827648114901255,1,0.0,1.0,0.0,1.0,0.0,1.0,1.0,0.0,0.0,1.0,0.0,1.0,0.0,0.0
72,82.65,8.686150847752058,5,1.132191780821918,1,0.21599574392622806,0.027827648114901255,0,0.0,1.0,0.0,1.0,0.0,1.0,0.0,0.0,0.0,1.0,1.0,1.0,0.0,0.0
2,47.8,4.537426533901572,1,15.933333333333332,0,0.3435006206774251,0.44104447164422683,0,1.0,0.0,0.0,1.0,0.0,0.0,0.0,0.0,0.0,0.0,1.0,0.0,1.0,0.0
66,102.45,8.797268908756067,4,1.5291044776119402,1,0.21599574392622806,0.11882229232386961,0,0.0,1.0,1.0,1.0,0.0,1.0,1.0,0.0,1.0,0.0,1.0,1.0,0.0,0.0
66,108.1,8.87946544117072,5,1.6134328358208954,1,0.21599574392622806,0.11266094420600858,1,0.0,1.0,0.0,1.0,0.0,1.0,1.0,0.0,1.0,0.0,1.0,1.0,0.0,0.0
35,26.2,6.862653305069717,0,0.7277777777777777,1,0.21457705266891292,0.11158342189160468,0,1.0,0.0,0.0,1.0,0.0,1.0,0.0,1.0,1.0,0.0,0.0,0.0,0.0,0.0
70,25.35,7.447838688815063,0,0.3570422535211268,0,0.22592658272743393,0.02787769784172662,0,1.0,1.0,1.0,1.0,0.0,1.0,0.0,1.0,0.0,1.0,0.0,0.0,0.0,1.0
72,117.6,9.025202854082744,6,1.6109589041095889,1,0.21457705266891292,0.027827648114901255,0,0.0,1.0,1.0,1.0,0.0,1.0,1.0,0.0,0.0,1.0,1.0,0.0,0.0,0.0
1,100.8,4.623010104116422,3,50.4,0,0.3435006206774251,0.42984953233021556,1,0.0,1.0,0.0,1.0,0.0,1.0,1.0,0.0,0.0,0.0,1.0,0.0,1.0,0.0
1,55.0,4.02535169073515,1,27.5,1,0.21599574392622806,0.44104447164422683,0,0.0,0.0,0.0,1.0,0.0,0.0,0.0,0.0,0.0,0.0,1.0,1.0,0.0,0.0
34,100.05,8.15507488781144,3,2.8585714285714285,0,0.3435006206774251,0.42984953233021556,0,1.0,1.0,0.0,1.0,0.0,1.0,1.0,0.0,0.0,0.0,1.0,0.0,1.0,0.0
1,56.05,3.816612820623488,0,28.025,0,0.22592658272743393,0.42851340373679936,0,0.0,0.0,0.0,1.0,0.0,0.0,0.0,0.0,0.0,0.0,1.0,0.0,0.0,1.0
49,84.5,8.270704244607035,1,1.69,0,0.3435006206774251,0.4231860559383867,0,0.0,0.0,0.0,1.0,0.0,1.0,1.0,0.0,0.0,0.0,1.0,0.0,1.0,0.0
44,74.85,8.09225470180455,4,1.663333333333333,1,0.21457705266891292,0.11158342189160468,1,0.0,0.0,0.0,1.0,0.0,0.0,0.0,0.0,1.0,0.0,0.0,0.0,0.0,0.0
53,105.25,8.626460067304281,4,1.9490740740740742,0,0.3435006206774251,0.10683760683760683,0,1.0,1.0,1.0,1.0,0.0,1.0,1.0,0.0,1.0,0.0,1.0,0.0,1.0,0.0
72,108.65,8.952521262624083,6,1.4883561643835617,1,0.21457705266891292,0.024346257889990983,0,0.0,1.0,1.0,1.0,0.0,0.0,1.0,0.0,0.0,1.0,1.0,0.0,0.0,0.0
56,85.65,8.481659273672951,6,1.5026315789473685,1,0.21457705266891292,0.027827648114901255,1,1.0,1.0,0.0,1.0,0.0,0.0,0.0,0.0,0.0,1.0,1.0,0.0,0.0,0.0
43,115.05,8.49619424882018,6,2.6147727272727272,1,0.21599574392622806,0.02787769784172662,0,0.0,0.0,0.0,1.0,0.0,1.0,1.0,0.0,0.0,1.0,0.0,1.0,0.0,0.0
8,20.35,5.191288793789513,0,2.261111111111111,0,0.22592658272743393,0.431938236489232,0,1.0,0.0,1.0,1.0,0.0,0.0,0.0,1.0,0.0,0.0,0.0,0.0,0.0,1.0
72,113.4,9.007624252726995,6,1.5534246575342467,1,0.21457705266891292,0.024346257889990983,0,1.0,0.0,0.0,1.0,0.0,1.0,1.0,0.0,0.0,1.0,0.0,0.0,0.0,0.0
37,19.85,6.666002138418756,0,0.5223684210526316,0,0.22592658272743393,0.03211009174311927,0,0.0,0.0,0.0,1.0,0.0,0.0,0.0,1.0,0.0,1.0,0.0,0.0,0.0,1.0
57,19.6,7.0660829373614416,0,0.33793103448275863,0,0.22592658272743393,0.027827648114901255,0,1.0,0.0,1.0,1.0,0.0,0.0,0.0,1.0,0.0,1.0,1.0,0.0,0.0,1.0
27,30.75,6.692207804289556,1,1.0982142857142858,1,0.21599574392622806,0.42984953233021556,1,1.0,1.0,0.0,0.0,1.0,0.0,0.0,0.0,0.0,0.0,0.0,1.0,0.0,0.0
9,69.4,6.349925395369821,3,6.94,1,0.21599574392622806,0.44104447164422683,0,0.0,0.0,1.0,1.0,0.0,0.0,0.0,0.0,0.0,0.0,1.0,1.0,0.0,0.0
22,74.4,7.434611719820655,0,3.2347826086956526,1,0.21457705266891292,0.431938236489232,1,0.0,0.0,0.0,1.0,0.0,1.0,1.0,0.0,0.0,0.0,1.0,0.0,0.0,0.0
24,19.55,6.155282632337377,0,0.782,1,0.21457705266891292,0.027827648114901255,0,0.0,0.0,0.0,1.0,0.0,0.0,0.0,1.0,0.0,1.0,1.0,0.0,0.0,0.0
69,19.9,7.213547370606236,0,0.28428571428571425,1,0.21457705266891292,0.027827648114901255,0,1.0,1.0,1.0,1.0,0.0,0.0,0.0,1.0,0.0,1.0,0.0,0.0,0.0,0.0
37,100.3,8.172559742514318,3,2.639473684210526,1,0.21599574392622806,0.42851340373679936,0,0.0,0.0,0.0,1.0,0.0,1.0,1.0,0.0,0.0,0.0,0.0,1.0,0.0,0.0
5,80.15,5.955837369464831,1,13.358333333333334,0,0.3435006206774251,0.431938236489232,0,1.0,1.0,1.0,1.0,0.0,1.0,1.0,0.0,0.0,0.0,1.0,0.0,1.0,0.0
57,97.55,8.630343289348893,4,1.681896551724138,1,0.21599574392622806,0.10683760683760683,0,1.0,1.0,1.0,1.0,0.0,0.0,1.0,0.0,1.0,0.0,1.0,1.0,0.0,0.0
24,84.35,7.5699534413980665,2,3.3739999999999997,0,0.3435006206774251,0.42851340373679936,0,0.0,0.0,0.0,1.0,0.0,1.0,1.0,0.0,0.0,0.0,1.0,0.0,1.0,0.0
3,76.1,5.555282466337757,0,19.025,0,0.3435006206774251,0.42984953233021556,0,0.0,0.0,0.0,1.0,0.0,1.0,1.0,0.0,0.0,0.0,0.0,0.0,1.0,0.0
4,73.9,5.6413750145275845,1,14.780000000000001,0,0.3435006206774251,0.4231860559383867,0,1.0,0.0,0.0,1.0,0.0,0.0,1.0,0.0,0.0,0.0,1.0,0.0,1.0,0.0
5,70.25,5.807842144580979,0,11.708333333333334,0,0.22592658272743393,0.4231860559383867,1,1.0,0.0,0.0,1.0,0.0,0.0,1.0,0.0,0.0,0.0,1.0,0.0,0.0,1.0
1,91.3,4.525044141508807,2,45.65,0,0.3435006206774251,0.44104447164422683,1,0.0,0.0,0.0,1.0,0.0,0.0,1.0,0.0,0.0,0.0,1.0,0.0,1.0,0.0
21,86.55,7.5273904636054025,2,3.934090909090909,1,0.21457705266891292,0.4231860559383867,1,1.0,1.0,0.0,1.0,0.0,0.0,1.0,0.0,0.0,0.0,0.0,0.0,0.0,0.0
22,20.75,6.116664454092065,0,0.9021739130434783,1,0.21457705266891292,0.10683760683760683,0,0.0,1.0,1.0,1.0,0.0,0.0,0.0,1.0,1.0,0.0,0.0,0.0,0.0,0.0
24,35.75,6.723592027308811,2,1.43,0,0.22592658272743393,0.02787769784172662,0,1.0,0.0,1.0,0.0,1.0,0.0,0.0,0.0,0.0,1.0,0.0,0.0,0.0,1.0
6,19.7,4.724285666878253,0,2.814285714285714,0,0.22592658272743393,0.42851340373679936,0,1.0,0.0,1.0,1.0,0.0,0.0,0.0,1.0,0.0,0.0,0.0,0.0,0.0,1.0
72,64.95,8.42222295382501,6,0.8897260273972604,1,0.21599574392622806,0.03211009174311927,1,1.0,1.0,0.0,0.0,1.0,0.0,0.0,0.0,0.0,1.0,1.0,1.0,0.0,0.0
54,79.95,8.38092663306253,2,1.4536363636363636,1,0.21457705266891292,0.021602160216021602,0,1.0,1.0,1.0,1.0,0.0,0.0,1.0,0.0,0.0,1.0,1.0,0.0,0.0,0.0
53,93.9,8.523215023734732,3,1.738888888888889,0,0.3435006206774251,0.431938236489232,0,1.0,1.0,0.0,1.0,0.0,1.0,1.0,0.0,0.0,0.0,0.0,0.0,1.0,0.0
72,109.55,9.007746717702165,5,1.5006849315068493,0,0.3435006206774251,0.02787769784172662,0,0.0,1.0,0.0,1.0,0.0,1.0,1.0,0.0,0.0,1.0,1.0,0.0,1.0,0.0
46,74.8,8.174505679927726,1,1.5914893617021275,1,0.21599574392622806,0.42984953233021556,0,0.0,0.0,0.0,1.0,0.0,0.0,1.0,0.0,0.0,0.0,1.0,1.0,0.0,0.0
71,109.6,8.968924646624515,5,1.5222222222222221,0,0.3435006206774251,0.11266094420600858,0,1.0,1.0,0.0,1.0,0.0,1.0,1.0,0.0,1.0,0.0,1.0,0.0,1.0,0.0
31,78.45,7.798174203288721,2,2.4515625,0,0.3435006206774251,0.4231860559383867,0,1.0,0.0,0.0,1.0,0.0,0.0,1.0,0.0,0.0,0.0,1.0,0.0,1.0,0.0
9,94.4,6.754895432337801,2,9.440000000000001,0,0.3435006206774251,0.42984953233021556,0,0.0,0.0,0.0,1.0,0.0,1.0,1.0,0.0,0.0,0.0,0.0,0.0,1.0,0.0
20,89.95,7.408197177993388,2,4.283333333333333,0,0.3435006206774251,0.4231860559383867,1,1.0,0.0,0.0,1.0,0.0,0.0,1.0,0.0,0.0,0.0,0.0,0.0,1.0,0.0
48,20.2,6.935613607110533,0,0.4122448979591837,1,0.21457705266891292,0.03211009174311927,0,0.0,1.0,1.0,1.0,0.0,0.0,0.0,1.0,0.0,1.0,0.0,0.0,0.0,0.0
19,25.15,6.1513487587830005,0,1.2574999999999998,1,0.21457705266891292,0.42984953233021556,0,1.0,0.0,0.0,0.0,1.0,0.0,0.0,0.0,0.0,0.0,1.0,0.0,0.0,0.0
2,19.6,3.6068556186353455,0,6.533333333333334,0,0.3435006206774251,0.4231860559383867,0,0.0,0.0,1.0,1.0,0.0,0.0,0.0,1.0,0.0,0.0,1.0,0.0,1.0,0.0
39,25.45,6.866360203615751,0,0.63625,1,0.21457705266891292,0.11266094420600858,0,1.0,0.0,1.0,1.0,0.0,1.0,0.0,1.0,1.0,0.0,0.0,0.0,0.0,0.0
18,64.8,7.062791281081669,2,3.4105263157894736,0,0.3435006206774251,0.42984953233021556,0,0.0,0.0,1.0,1.0,0.0,1.0,0.0,0.0,0.0,0.0,0.0,0.0,1.0,0.0
10,86.45,6.723652136105752,1,7.859090909090909,0,0.3435006206774251,0.44104447164422683,0,0.0,0.0,0.0,1.0,0.0,1.0,1.0,0.0,0.0,0.0,0.0,0.0,1.0,0.0
23,54.25,7.108694120308154,2,2.2604166666666665,0,0.3435006206774251,0.42984953233021556,0,0.0,1.0,0.0,1.0,0.0,0.0,0.0,0.0,0.0,0.0,0.0,0.0,1.0,0.0
65,25.3,7.467113890993524,0,0.38333333333333336,1,0.21457705266891292,0.024346257889990983,0,0.0,1.0,1.0,1.0,0.0,1.0,0.0,1.0,0.0,1.0,1.0,0.0,0.0,0.0
13,19.3,5.635860458170742,0,1.3785714285714286,0,0.22592658272743393,0.431938236489232,0,0.0,0.0,0.0,1.0,0.0,0.0,0.0,1.0,0.0,0.0,1.0,0.0,0.0,1.0
3,25.25,4.092676505121403,0,6.3125,0,0.3435006206774251,0.44104447164422683,0,0.0,0.0,0.0,0.0,1.0,0.0,0.0,0.0,0.0,0.0,0.0,0.0,1.0,0.0
58,71.1,8.366416812227929,4,1.2050847457627119,1,0.21599574392622806,0.11882229232386961,0,0.0,0.0,0.0,1.0,0.0,1.0,0.0,0.0,1.0,0.0,1.0,1.0,0.0,0.0
70,80.4,8.651523015209746,5,1.1323943661971831,1,0.21457705266891292,0.021602160216021602,0,0.0,1.0,1.0,1.0,0.0,0.0,0.0,0.0,0.0,1.0,1.0,0.0,0.0,0.0
55,85.45,8.492018962867517,2,1.5258928571428572,0,0.3435006206774251,0.42851340373679936,1,0.0,1.0,0.0,1.0,0.0,1.0,1.0,0.0,0.0,0.0,1.0,0.0,1.0,0.0
46,80.0,8.2350159395989,1,1.702127659574468,1,0.21457705266891292,0.42984953233021556,0,1.0,1.0,1.0,1.0,0.0,1.0,1.0,0.0,0.0,0.0,1.0,0.0,0.0,0.0
55,90.45,8.526311493060765,3,1.6151785714285716,0,0.3435006206774251,0.44104447164422683,1,0.0,1.0,0.0,1.0,0.0,1.0,1.0,0.0,0.0,0.0,0.0,0.0,1.0,0.0
72,90.95,8.802890796113749,6,1.2458904109589042,1,0.21599574392622806,0.02787769784172662,0,0.0,1.0,1.0,1.0,0.0,1.0,0.0,0.0,0.0,1.0,0.0,1.0,0.0,0.0
13,63.15,6.706617807930542,3,4.510714285714285,0,0.22592658272743393,0.4231860559383867,0,0.0,1.0,1.0,1.0,0.0,0.0,0.0,0.0,0.0,0.0,1.0,0.0,0.0,1.0
16,49.95,6.698514632836919,3,2.9382352941176473,0,0.3435006206774251,0.4231860559383867,0,0.0,1.0,0.0,0.0,1.0,0.0,0.0,0.0,0.0,0.0,1.0,0.0,1.0,0.0
32,93.95,7.9594331804610325,3,2.846969696969697,0,0.22592658272743393,0.42984953233021556,1,1.0,1.0,1.0,1.0,0.0,0.0,1.0,0.0,0.0,0.0,1.0,0.0,0.0,1.0
7,58.85,6.14568665295577,5,7.35625,0,0.22592658272743393,0.42984953233021556,0,1.0,1.0,1.0,0.0,1.0,0.0,0.0,0.0,0.0,0.0,0.0,0.0,0.0,1.0
72,103.2,8.904344962684448,4,1.4136986301369863,1,0.21599574392622806,0.10683760683760683,0,0.0,1.0,1.0,1.0,0.0,1.0,1.0,0.0,1.0,0.0,1.0,1.0,0.0,0.0
4,74.95,5.735604086979157,0,14.99,0,0.3435006206774251,0.44104447164422683,1,1.0,1.0,0.0,1.0,0.0,1.0,1.0,0.0,0.0,0.0,0.0,0.0,1.0,0.0
39,95.55,8.214424553545985,4,2.38875,0,0.3435006206774251,0.11266094420600858,0,0.0,0.0,0.0,1.0,0.0,0.0,1.0,0.0,1.0,0.0,1.0,0.0,1.0,0.0
24,74.8,7.507799841279758,3,2.992,0,0.22592658272743393,0.11882229232386961,0,1.0,1.0,1.0,1.0,0.0,1.0,0.0,0.0,1.0,0.0,0.0,0.0,0.0,1.0
2,44.6,4.401216329067023,0,14.866666666666667,1,0.21599574392622806,0.42851340373679936,0,0.0,1.0,0.0,1.0,0.0,0.0,0.0,0.0,0.0,0.0,1.0,1.0,0.0,0.0
1,70.65,4.271793154274181,0,35.325,0,0.22592658272743393,0.44104447164422683,0,1.0,1.0,1.0,1.0,0.0,0.0,1.0,0.0,0.0,0.0,1.0,0.0,0.0,1.0
72,68.15,8.478389991092344,4,0.9335616438356165,0,0.22592658272743393,0.027827648114901255,0,1.0,1.0,0.0,1.0,0.0,1.0,0.0,0.0,0.0,1.0,0.0,0.0,0.0,1.0
39,25.0,6.913091018571656,0,0.625,0,0.22592658272743393,0.02787769784172662,0,1.0,0.0,1.0,1.0,0.0,1.0,0.0,1.0,0.0,1.0,0.0,0.0,0.0,1.0
16,78.75,7.105991194590162,1,4.632352941176471,0,0.3435006206774251,0.44104447164422683,1,1.0,0.0,0.0,1.0,0.0,0.0,1.0,0.0,0.0,0.0,1.0,0.0,1.0,0.0
2,55.3,4.697293474863897,1,18.433333333333334,0,0.3435006206774251,0.44104447164422683,0,1.0,0.0,1.0,1.0,0.0,0.0,0.0,0.0,0.0,0.0,1.0,0.0,1.0,0.0
6,78.95,6.206475115192003,2,11.278571428571428,0,0.3435006206774251,0.4231860559383867,0,1.0,0.0,0.0,1.0,0.0,0.0,1.0,0.0,0.0,0.0,1.0,0.0,1.0,0.0
9,48.75,6.094021135433074,3,4.875,0,0.3435006206774251,0.42851340373679936,0,0.0,1.0,0.0,0.0,1.0,0.0,0.0,0.0,0.0,0.0,1.0,0.0,1.0,0.0
12,19.2,5.480638923341991,0,1.4769230769230768,0,0.3435006206774251,0.4231860559383867,0,1.0,1.0,1.0,1.0,0.0,0.0,0.0,1.0,0.0,0.0,1.0,0.0,1.0,0.0
46,19.4,6.866047475582347,0,0.4127659574468085,1,0.21599574392622806,0.027827648114901255,0,0.0,1.0,1.0,1.0,0.0,0.0,0.0,1.0,0.0,1.0,0.0,1.0,0.0,0.0
1,18.8,2.9856819377004897,0,9.4,0,0.22592658272743393,0.11882229232386961,0,1.0,1.0,1.0,1.0,0.0,0.0,0.0,1.0,1.0,0.0,0.0,0.0,0.0,1.0
35,50.15,7.412371665270384,0,1.3930555555555555,0,0.22592658272743393,0.44104447164422683,0,0.0,0.0,1.0,1.0,0.0,1.0,0.0,0.0,0.0,0.0,0.0,0.0,0.0,1.0
68,89.05,8.730173269163984,6,1.2905797101449274,1,0.21457705266891292,0.024346257889990983,0,0.0,1.0,1.0,1.0,0.0,1.0,0.0,0.0,0.0,1.0,1.0,0.0,0.0,0.0
9,20.25,5.190175207928333,0,2.025,0,0.22592658272743393,0.4231860559383867,0,1.0,0.0,0.0,1.0,0.0,0.0,0.0,1.0,0.0,0.0,0.0,0.0,0.0,1.0
46,30.75,7.306732720954747,1,0.6542553191489362,1,0.21457705266891292,0.121875,0,1.0,0.0,0.0,0.0,1.0,0.0,0.0,0.0,1.0,0.0,1.0,0.0,0.0,0.0
62,56.15,8.15735611033029,2,0.8912698412698412,1,0.21457705266891292,0.121875,0,1.0,0.0,1.0,1.0,0.0,0.0,0.0,0.0,1.0,0.0,0.0,0.0,0.0,0.0
39,89.55,8.153479246017834,3,2.23875,0,0.3435006206774251,0.11882229232386961,0,0.0,1.0,1.0,1.0,0.0,1.0,1.0,0.0,1.0,0.0,1.0,0.0,1.0,0.0
8,20.0,4.960043507980195,0,2.2222222222222223,0,0.22592658272743393,0.03211009174311927,0,0.0,0.0,0.0,1.0,0.0,0.0,0.0,1.0,0.0,1.0,0.0,0.0,0.0,1.0
10,70.0,6.608000625296087,0,6.363636363636363,0,0.3435006206774251,0.42851340373679936,0,1.0,0.0,0.0,1.0,0.0,0.0,1.0,0.0,0.0,0.0,1.0,0.0,1.0,0.0
1,44.9,3.8264651170664994,0,22.45,1,0.21457705266891292,0.42984953233021556,0,0.0,0.0,0.0,1.0,0.0,0.0,0.0,0.0,0.0,0.0,1.0,0.0,0.0,0.0
1,54.75,4.020877410340228,1,27.375,0,0.22592658272743393,0.42984953233021556,0,0.0,0.0,0.0,1.0,0.0,0.0,0.0,0.0,0.0,0.0,1.0,0.0,0.0,1.0
72,92.0,8.822196874810368,6,1.2602739726027397,1,0.21599574392622806,0.027827648114901255,0,1.0,1.0,0.0,1.0,0.0,1.0,0.0,0.0,0.0,1.0,1.0,1.0,0.0,0.0
39,51.05,7.633853559681768,1,1.2762499999999999,1,0.21599574392622806,0.42984953233021556,0,0.0,1.0,1.0,1.0,0.0,0.0,0.0,0.0,0.0,0.0,0.0,1.0,0.0,0.0
4,79.9,5.784747833479305,1,15.98,0,0.3435006206774251,0.431938236489232,0,1.0,0.0,0.0,1.0,0.0,0.0,1.0,0.0,0.0,0.0,1.0,0.0,1.0,0.0
53,20.2,6.974619219235644,0,0.37407407407407406,1,0.21599574392622806,0.11882229232386961,0,1.0,1.0,1.0,1.0,0.0,0.0,0.0,1.0,1.0,0.0,0.0,1.0,0.0,0.0
38,24.85,6.863542124305812,0,0.6371794871794872,0,0.3435006206774251,0.42984953233021556,1,1.0,1.0,0.0,0.0,1.0,0.0,0.0,0.0,0.0,0.0,1.0,0.0,1.0,0.0
5,93.9,6.1900079815539595,2,15.65,0,0.22592658272743393,0.431938236489232,0,0.0,0.0,0.0,1.0,0.0,1.0,1.0,0.0,0.0,0.0,1.0,0.0,0.0,1.0
63,99.7,8.75327665972029,4,1.5578125,1,0.21599574392622806,0.021602160216021602,0,1.0,1.0,0.0,1.0,0.0,0.0,1.0,0.0,0.0,1.0,0.0,1.0,0.0,0.0
62,23.4,7.265884165434008,0,0.3714285714285714,1,0.21457705266891292,0.03211009174311927,0,1.0,0.0,0.0,1.0,0.0,1.0,0.0,1.0,0.0,1.0,0.0,0.0,0.0,0.0
36,60.7,7.7122425617849055,5,1.6405405405405407,1,0.21599574392622806,0.11882229232386961,0,1.0,1.0,1.0,0.0,1.0,0.0,0.0,0.0,1.0,0.0,0.0,1.0,0.0,0.0
24,54.6,7.125484197594848,1,2.184,1,0.21457705266891292,0.11882229232386961,0,1.0,0.0,0.0,1.0,0.0,1.0,0.0,0.0,1.0,0.0,0.0,0.0,0.0,0.0
2,70.95,4.934114156188513,0,23.650000000000002,0,0.3435006206774251,0.42851340373679936,0,0.0,0.0,0.0,1.0,0.0,0.0,1.0,0.0,0.0,0.0,1.0,0.0,1.0,0.0
55,19.15,6.906854873738973,0,0.34196428571428567,1,0.21599574392622806,0.10683760683760683,0,0.0,1.0,1.0,1.0,0.0,0.0,0.0,1.0,1.0,0.0,0.0,1.0,0.0,0.0
6,82.85,6.133940195354737,1,11.835714285714285,0,0.3435006206774251,0.44104447164422683,0,1.0,1.0,0.0,1.0,0.0,1.0,1.0,0.0,0.0,0.0,1.0,0.0,1.0,0.0
29,58.0,7.4590508353018405,3,1.9333333333333333,1,0.21599574392622806,0.121875,0,0.0,0.0,0.0,1.0,0.0,0.0,0.0,0.0,1.0,0.0,0.0,1.0,0.0,0.0
71,89.3,8.762434772788538,6,1.2402777777777778,0,0.3435006206774251,0.021602160216021602,0,0.0,1.0,0.0,1.0,0.0,1.0,0.0,0.0,0.0,1.0,0.0,0.0,1.0,0.0
22,84.15,7.508211346984919,1,3.6586956521739133,1,0.21457705266891292,0.44104447164422683,0,0.0,0.0,0.0,1.0,0.0,1.0,1.0,0.0,0.0,0.0,1.0,0.0,0.0,0.0
42,66.5,7.924343732171656,3,1.5465116279069768,1,0.21599574392622806,0.024346257889990983,0,0.0,0.0,0.0,1.0,0.0,0.0,0.0,0.0,0.0,1.0,0.0,1.0,0.0,0.0
18,56.25,6.878171976440463,1,2.960526315789474,0,0.22592658272743393,0.4231860559383867,0,1.0,0.0,0.0,1.0,0.0,1.0,0.0,0.0,0.0,0.0,0.0,0.0,0.0,1.0
49,20.45,6.804503649171663,0,0.409,1,0.21457705266891292,0.11882229232386961,0,0.0,1.0,0.0,1.0,0.0,0.0,0.0,1.0,1.0,0.0,0.0,0.0,0.0,0.0
2,20.05,3.6951100038645723,0,6.683333333333334,0,0.22592658272743393,0.431938236489232,0,0.0,0.0,0.0,1.0,0.0,0.0,0.0,1.0,0.0,0.0,1.0,0.0,0.0,1.0
59,19.5,7.109593474469011,0,0.325,1,0.21599574392622806,0.024346257889990983,0,0.0,1.0,1.0,1.0,0.0,0.0,0.0,1.0,0.0,1.0,0.0,1.0,0.0,0.0
5,19.95,4.682594082952895,0,3.3249999999999997,0,0.22592658272743393,0.42984953233021556,0,1.0,0.0,0.0,1.0,0.0,0.0,0.0,1.0,0.0,0.0,0.0,0.0,0.0,1.0
15,79.4,7.0536721538822915,1,4.9625,0,0.3435006206774251,0.4231860559383867,1,1.0,0.0,0.0,1.0,0.0,0.0,1.0,0.0,0.0,0.0,1.0,0.0,1.0,0.0
71,115.05,8.989394404205461,6,1.5979166666666667,1,0.21457705266891292,0.024346257889990983,1,1.0,1.0,0.0,1.0,0.0,1.0,1.0,0.0,0.0,1.0,1.0,0.0,0.0,0.0
5,19.45,4.466482666214198,0,3.2416666666666667,0,0.3435006206774251,0.42851340373679936,0,1.0,1.0,1.0,1.0,0.0,0.0,0.0,1.0,0.0,0.0,0.0,0.0,1.0,0.0
1,20.1,3.0492730404820207,0,10.05,0,0.22592658272743393,0.42984953233021556,0,1.0,0.0,0.0,1.0,0.0,0.0,0.0,1.0,0.0,0.0,1.0,0.0,0.0,1.0
1,55.7,4.037774210733707,2,27.85,0,0.22592658272743393,0.44104447164422683,0,1.0,1.0,0.0,1.0,0.0,0.0,0.0,0.0,0.0,0.0,0.0,0.0,0.0,1.0
64,24.05,7.352537249467252,0,0.37,0,0.22592658272743393,0.03211009174311927,0,0.0,1.0,1.0,1.0,0.0,1.0,0.0,1.0,0.0,1.0,1.0,0.0,0.0,1.0
51,23.95,7.104431644081176,0,0.46057692307692305,0,0.22592658272743393,0.11882229232386961,0,1.0,1.0,1.0,1.0,0.0,1.0,0.0,1.0,1.0,0.0,1.0,0.0,0.0,1.0
12,20.05,5.581803146868408,0,1.5423076923076924,0,0.3435006206774251,0.03211009174311927,0,0.0,1.0,0.0,1.0,0.0,0.0,0.0,1.0,0.0,1.0,1.0,0.0,1.0,0.0
15,19.8,5.612945607984424,0,1.2375,0,0.22592658272743393,0.44104447164422683,0,0.0,1.0,1.0,1.0,0.0,0.0,0.0,1.0,0.0,0.0,0.0,0.0,0.0,1.0
65,105.05,8.816593832447202,4,1.5916666666666666,1,0.21457705266891292,0.11266094420600858,0,0.0,0.0,0.0,1.0,0.0,1.0,1.0,0.0,1.0,0.0,1.0,0.0,0.0,0.0
3,70.3,5.346392989779599,0,17.575,0,0.3435006206774251,0.44104447164422683,0,1.0,1.0,0.0,1.0,0.0,0.0,1.0,0.0,0.0,0.0,1.0,0.0,1.0,0.0
34,65.0,7.677168814995532,2,1.8571428571428572,0,0.22592658272743393,0.44104447164422683,0,0.0,0.0,0.0,1.0,0.0,1.0,0.0,0.0,0.0,0.0,0.0,0.0,0.0,1.0
14,91.65,7.171656822768514,2,6.11,0,0.3435006206774251,0.42984953233021556,0,0.0,1.0,1.0,1.0,0.0,1.0,1.0,0.0,0.0,0.0,1.0,0.0,1.0,0.0
38,95.0,8.186534026109316,3,2.4358974358974357,1,0.21599574392622806,0.10683760683760683,1,0.0,1.0,0.0,1.0,0.0,1.0,1.0,0.0,1.0,0.0,0.0,1.0,0.0,0.0
72,78.5,8.63110206552402,1,1.0753424657534247,1,0.21457705266891292,0.03211009174311927,1,0.0,1.0,0.0,1.0,0.0,1.0,1.0,0.0,0.0,1.0,0.0,0.0,0.0,0.0
70,88.55,8.749494680515213,6,1.2471830985915493,1,0.21599574392622806,0.021602160216021602,1,1.0,1.0,0.0,1.0,0.0,1.0,0.0,0.0,0.0,1.0,1.0,1.0,0.0,0.0
37,95.15,8.170143207157103,3,2.503947368421053,0,0.3435006206774251,0.42851340373679936,0,0.0,1.0,1.0,1.0,0.0,1.0,1.0,0.0,0.0,0.0,1.0,0.0,1.0,0.0
9,74.05,6.521283647366507,0,7.404999999999999,0,0.3435006206774251,0.42851340373679936,1,1.0,0.0,0.0,1.0,0.0,1.0,1.0,0.0,0.0,0.0,1.0,0.0,1.0,0.0
72,117.5,9.06775093600585,6,1.6095890410958904,1,0.21599574392622806,0.024346257889990983,0,0.0,1.0,1.0,1.0,0.0,1.0,1.0,0.0,0.0,1.0,0.0,1.0,0.0,0.0
1,74.35,4.3221439250725044,1,37.175,0,0.3435006206774251,0.4231860559383867,0,0.0,0.0,0.0,1.0,0.0,0.0,1.0,0.0,0.0,0.0,0.0,0.0,1.0,0.0
69,20.2,7.253930291064735,0,0.28857142857142853,1,0.21457705266891292,0.021602160216021602,0,0.0,1.0,1.0,1.0,0.0,0.0,0.0,1.0,0.0,1.0,0.0,0.0,0.0,0.0
17,19.45,5.913638131643475,0,1.0805555555555555,1,0.21599574392622806,0.03211009174311927,0,1.0,0.0,0.0,1.0,0.0,0.0,0.0,1.0,0.0,1.0,0.0,1.0,0.0,0.0
1,50.1,3.933784497209659,0,25.05,0,0.3435006206774251,0.4231860559383867,0,0.0,0.0,0.0,1.0,0.0,1.0,0.0,0.0,0.0,0.0,1.0,0.0,1.0,0.0
46,100.7,8.421166755161494,4,2.1425531914893616,0,0.3435006206774251,0.4231860559383867,1,1.0,1.0,1.0,1.0,0.0,1.0,1.0,0.0,0.0,0.0,1.0,0.0,1.0,0.0
56,20.15,7.292949650247942,0,0.35350877192982455,1,0.21599574392622806,0.02787769784172662,0,0.0,1.0,1.0,1.0,0.0,1.0,0.0,1.0,0.0,1.0,1.0,1.0,0.0,0.0
45,102.15,8.463022075860248,3,2.220652173913044,1,0.21457705266891292,0.11882229232386961,1,0.0,0.0,0.0,1.0,0.0,1.0,1.0,0.0,1.0,0.0,1.0,0.0,0.0,0.0
17,44.6,6.52561599617747,0,2.477777777777778,0,0.3435006206774251,0.10683760683760683,0,1.0,0.0,1.0,1.0,0.0,0.0,0.0,0.0,1.0,0.0,0.0,0.0,1.0,0.0
72,108.05,8.962852897272455,5,1.4801369863013698,1,0.21599574392622806,0.027827648114901255,0,0.0,0.0,0.0,1.0,0.0,1.0,1.0,0.0,0.0,1.0,1.0,1.0,0.0,0.0
8,20.7,4.931592086755803,0,2.3,0,0.22592658272743393,0.42851340373679936,0,0.0,0.0,0.0,1.0,0.0,0.0,0.0,1.0,0.0,0.0,1.0,0.0,0.0,1.0
22,65.05,7.264415222808369,3,2.8282608695652174,0,0.22592658272743393,0.42984953233021556,0,1.0,0.0,0.0,1.0,0.0,1.0,0.0,0.0,0.0,0.0,0.0,0.0,0.0,1.0
7,95.35,6.495114487124877,3,11.91875,0,0.3435006206774251,0.4231860559383867,0,0.0,0.0,0.0,1.0,0.0,0.0,1.0,0.0,0.0,0.0,1.0,0.0,1.0,0.0
1,55.7,4.037774210733707,1,27.85,0,0.22592658272743393,0.42984953233021556,0,1.0,0.0,0.0,1.0,0.0,0.0,0.0,0.0,0.0,0.0,1.0,0.0,0.0,1.0
2,49.25,4.514698282824016,3,16.416666666666668,0,0.3435006206774251,0.44104447164422683,0,1.0,0.0,0.0,0.0,1.0,0.0,0.0,0.0,0.0,0.0,1.0,0.0,1.0,0.0
2,20.5,3.6699514442284173,0,6.833333333333333,1,0.21457705266891292,0.10683760683760683,0,0.0,0.0,1.0,1.0,0.0,0.0,0.0,1.0,1.0,0.0,0.0,0.0,0.0,0.0
29,101.45,7.989424846919935,4,3.381666666666667,1,0.21457705266891292,0.42851340373679936,1,1.0,0.0,0.0,1.0,0.0,0.0,1.0,0.0,0.0,0.0,1.0,0.0,0.0,0.0
52,108.1,8.6725374443659,5,2.039622641509434,1,0.21599574392622806,0.431938236489232,1,0.0,0.0,0.0,1.0,0.0,1.0,1.0,0.0,0.0,0.0,0.0,1.0,0.0,0.0
67,36.15,7.7978868233704945,2,0.5316176470588235,1,0.21457705266891292,0.021602160216021602,0,0.0,1.0,1.0,0.0,1.0,0.0,0.0,0.0,0.0,1.0,0.0,0.0,0.0,0.0
1,69.9,4.2612704335380815,0,34.95,0,0.3435006206774251,0.44104447164422683,0,1.0,0.0,0.0,1.0,0.0,0.0,1.0,0.0,0.0,0.0,1.0,0.0,1.0,0.0
39,100.55,8.26779549645639,3,2.51375,0,0.22592658272743393,0.03211009174311927,0,1.0,0.0,1.0,1.0,0.0,1.0,1.0,0.0,0.0,1.0,0.0,0.0,0.0,1.0
1,76.2,4.3463994570307305,1,38.1,0,0.3435006206774251,0.42851340373679936,0,1.0,1.0,0.0,1.0,0.0,0.0,1.0,0.0,0.0,0.0,0.0,0.0,1.0,0.0
10,70.15,6.601909235902685,0,6.377272727272728,0,0.22592658272743393,0.42851340373679936,0,1.0,0.0,0.0,1.0,0.0,0.0,1.0,0.0,0.0,0.0,0.0,0.0,0.0,1.0
63,91.35,8.659681847708468,2,1.42734375,0,0.3435006206774251,0.11266094420600858,0,1.0,1.0,1.0,1.0,0.0,1.0,1.0,0.0,1.0,0.0,1.0,0.0,1.0,0.0
64,43.85,7.920083199053234,3,0.6746153846153846,0,0.3435006206774251,0.42851340373679936,1,0.0,0.0,0.0,0.0,1.0,0.0,0.0,0.0,0.0,0.0,1.0,0.0,1.0,0.0
30,25.1,6.672728905756154,0,0.8096774193548387,0,0.22592658272743393,0.03211009174311927,0,0.0,1.0,1.0,1.0,0.0,1.0,0.0,1.0,0.0,1.0,1.0,0.0,0.0,1.0
46,105.2,8.481327643396213,5,2.2382978723404254,1,0.21457705266891292,0.10683760683760683,0,0.0,0.0,1.0,1.0,0.0,0.0,1.0,0.0,1.0,0.0,1.0,0.0,0.0,0.0
13,79.25,7.014499836412125,2,5.660714285714286,0,0.3435006206774251,0.431938236489232,0,0.0,0.0,0.0,1.0,0.0,0.0,1.0,0.0,0.0,0.0,1.0,0.0,1.0,0.0
63,109.25,8.830893826266571,5,1.70703125,1,0.21457705266891292,0.021602160216021602,0,0.0,1.0,0.0,1.0,0.0,1.0,1.0,0.0,0.0,1.0,1.0,0.0,0.0,0.0
23,74.95,7.445096243403855,0,3.122916666666667,0,0.3435006206774251,0.431938236489232,0,1.0,0.0,0.0,1.0,0.0,1.0,1.0,0.0,0.0,0.0,1.0,0.0,1.0,0.0
37,19.85,6.5771657055190795,0,0.5223684210526316,1,0.21457705266891292,0.10683760683760683,0,0.0,1.0,0.0,1.0,0.0,0.0,0.0,1.0,1.0,0.0,1.0,0.0,0.0,0.0
36,90.85,8.06705493259633,2,2.455405405405405,0,0.3435006206774251,0.44104447164422683,1,1.0,0.0,0.0,1.0,0.0,1.0,1.0,0.0,0.0,0.0,1.0,0.0,1.0,0.0
1,69.55,4.256321678298823,0,34.775,0,0.22592658272743393,0.42984953233021556,0,0.0,0.0,0.0,1.0,0.0,0.0,1.0,0.0,0.0,0.0,0.0,0.0,0.0,1.0
1,69.95,4.261975403606051,0,34.975,0,0.22592658272743393,0.431938236489232,0,0.0,0.0,0.0,1.0,0.0,0.0,1.0,0.0,0.0,0.0,1.0,0.0,0.0,1.0
72,114.65,9.028212796366661,6,1.5705479452054796,1,0.21457705266891292,0.027827648114901255,1,0.0,1.0,0.0,1.0,0.0,1.0,1.0,0.0,0.0,1.0,1.0,0.0,0.0,0.0
23,25.1,6.417467306433695,0,1.0458333333333334,0,0.22592658272743393,0.02787769784172662,0,0.0,1.0,1.0,1.0,0.0,1.0,0.0,1.0,0.0,1.0,0.0,0.0,0.0,1.0
1,43.95,3.8055507609176296,0,21.975,1,0.21599574392622806,0.42851340373679936,0,0.0,0.0,0.0,1.0,0.0,0.0,0.0,0.0,0.0,0.0,0.0,1.0,0.0,0.0
3,36.85,4.697749367281185,2,9.2125,0,0.22592658272743393,0.42851340373679936,0,1.0,0.0,0.0,0.0,1.0,0.0,0.0,0.0,0.0,0.0,1.0,0.0,0.0,1.0
66,104.9,8.83818188860976,4,1.5656716417910448,0,0.3435006206774251,0.10683760683760683,1,0.0,1.0,1.0,1.0,0.0,1.0,1.0,0.0,1.0,0.0,1.0,0.0,1.0,0.0
21,61.65,7.24036291478691,2,2.8022727272727272,0,0.3435006206774251,0.431938236489232,0,1.0,0.0,0.0,1.0,0.0,0.0,0.0,0.0,0.0,0.0,0.0,0.0,1.0,0.0
42,54.75,7.76193653719278,5,1.2732558139534884,0,0.3435006206774251,0.10683760683760683,0,0.0,0.0,0.0,0.0,1.0,0.0,0.0,0.0,1.0,0.0,1.0,0.0,1.0,0.0
32,74.75,7.733661679117716,3,2.265151515151515,0,0.22592658272743393,0.121875,0,0.0,0.0,0.0,1.0,0.0,1.0,0.0,0.0,1.0,0.0,0.0,0.0,0.0,1.0
47,95.2,8.425954710981966,2,1.9833333333333334,1,0.21599574392622806,0.11158342189160468,0,1.0,1.0,0.0,1.0,0.0,1.0,1.0,0.0,1.0,0.0,1.0,1.0,0.0,0.0
54,109.75,8.71787843222715,6,1.9954545454545454,1,0.21457705266891292,0.03211009174311927,0,1.0,1.0,0.0,1.0,0.0,0.0,1.0,0.0,0.0,1.0,0.0,0.0,0.0,0.0
45,89.3,8.29850221267205,2,1.941304347826087,1,0.21599574392622806,0.4231860559383867,0,0.0,0.0,0.0,1.0,0.0,1.0,1.0,0.0,0.0,0.0,1.0,1.0,0.0,0.0
72,19.8,7.292847597282364,0,0.27123287671232876,1,0.21599574392622806,0.02787769784172662,0,1.0,0.0,0.0,1.0,0.0,0.0,0.0,1.0,0.0,1.0,1.0,1.0,0.0,0.0
2,87.15,5.2190035598283115,2,29.05,1,0.21457705266891292,0.4231860559383867,0,0.0,0.0,0.0,1.0,0.0,0.0,1.0,0.0,0.0,0.0,1.0,0.0,0.0,0.0
43,50.2,7.682666761344722,1,1.1409090909090909,0,0.22592658272743393,0.44104447164422683,0,0.0,1.0,1.0,1.0,0.0,0.0,0.0,0.0,0.0,0.0,0.0,0.0,0.0,1.0
24,54.15,7.123874215359383,4,2.166,1,0.21599574392622806,0.431938236489232,0,0.0,0.0,0.0,0.0,1.0,0.0,0.0,0.0,0.0,0.0,1.0,1.0,0.0,0.0
37,19.6,6.5913993459457485,0,0.5157894736842106,0,0.22592658272743393,0.121875,1,0.0,1.0,0.0,1.0,0.0,0.0,0.0,1.0,1.0,0.0,0.0,0.0,0.0,1.0
42,40.15,7.394523838154337,2,0.9337209302325581,1,0.21457705266891292,0.431938236489232,0,1.0,1.0,0.0,0.0,1.0,0.0,0.0,0.0,0.0,0.0,1.0,0.0,0.0,0.0
33,20.1,6.509290610518717,0,0.5911764705882353,0,0.22592658272743393,0.024346257889990983,0,0.0,1.0,1.0,1.0,0.0,0.0,0.0,1.0,0.0,1.0,0.0,0.0,0.0,1.0
30,90.4,7.945077099207139,3,2.916129032258065,1,0.21457705266891292,0.121875,0,1.0,0.0,0.0,1.0,0.0,1.0,1.0,0.0,1.0,0.0,0.0,0.0,0.0,0.0
65,94.55,8.712718855693774,4,1.4325757575757576,1,0.21599574392622806,0.03211009174311927,0,1.0,1.0,1.0,1.0,0.0,1.0,1.0,0.0,0.0,1.0,0.0,1.0,0.0,0.0
13,67.8,6.73726347394176,4,4.8428571428571425,1,0.21457705266891292,0.44104447164422683,0,0.0,0.0,0.0,1.0,0.0,0.0,0.0,0.0,0.0,0.0,0.0,0.0,0.0,0.0
54,114.65,8.707896192238108,6,2.0845454545454545,0,0.22592658272743393,0.11266094420600858,0,0.0,1.0,0.0,1.0,0.0,1.0,1.0,0.0,1.0,0.0,1.0,0.0,0.0,1.0
31,79.45,7.8589110981823715,4,2.4828125,0,0.22592658272743393,0.11266094420600858,0,1.0,0.0,1.0,1.0,0.0,1.0,0.0,0.0,1.0,0.0,1.0,0.0,0.0,1.0
12,96.0,6.968944447294559,3,7.384615384615385,0,0.3435006206774251,0.42851340373679936,0,0.0,0.0,0.0,1.0,0.0,0.0,1.0,0.0,0.0,0.0,1.0,0.0,1.0,0.0
33,79.0,7.854691600970679,2,2.323529411764706,1,0.21599574392622806,0.4231860559383867,0,1.0,0.0,0.0,1.0,0.0,0.0,1.0,0.0,0.0,0.0,1.0,1.0,0.0,0.0
63,110.1,8.81086230571214,6,1.7203125,1,0.21599574392622806,0.024346257889990983,0,1.0,1.0,0.0,1.0,0.0,0.0,1.0,0.0,0.0,1.0,1.0,1.0,0.0,0.0
42,99.0,8.366242386524114,4,2.302325581395349,0,0.3435006206774251,0.121875,0,1.0,0.0,0.0,1.0,0.0,1.0,1.0,0.0,1.0,0.0,1.0,0.0,1.0,0.0
46,110.0,8.492039472532698,5,2.3404255319148937,0,0.3435006206774251,0.11882229232386961,1,0.0,0.0,0.0,1.0,0.0,1.0,1.0,0.0,1.0,0.0,1.0,0.0,1.0,0.0
35,110.8,8.252524273273457,6,3.0777777777777775,1,0.21457705266891292,0.11158342189160468,1,0.0,0.0,0.0,1.0,0.0,1.0,1.0,0.0,1.0,0.0,1.0,0.0,0.0,0.0
51,19.6,6.876161407390958,0,0.37692307692307697,1,0.21599574392622806,0.024346257889990983,1,0.0,0.0,0.0,1.0,0.0,0.0,0.0,1.0,0.0,1.0,0.0,1.0,0.0,0.0
12,99.95,7.033286001429347,3,7.688461538461539,0,0.22592658272743393,0.42984953233021556,0,1.0,0.0,0.0,1.0,0.0,1.0,1.0,0.0,0.0,0.0,1.0,0.0,0.0,1.0
67,108.75,8.875874122017708,5,1.599264705882353,1,0.21599574392622806,0.021602160216021602,0,0.0,1.0,1.0,1.0,0.0,1.0,1.0,0.0,0.0,1.0,1.0,1.0,0.0,0.0
72,79.5,8.64165608925585,5,1.0890410958904109,1,0.21457705266891292,0.027827648114901255,0,0.0,1.0,1.0,1.0,0.0,1.0,0.0,0.0,0.0,1.0,1.0,0.0,0.0,0.0
9,19.7,5.202356975402125,0,1.97,1,0.21599574392622806,0.42851340373679936,0,1.0,0.0,0.0,1.0,0.0,0.0,0.0,1.0,0.0,0.0,0.0,1.0,0.0,0.0
63,104.75,8.785310108373178,4,1.63671875,1,0.21457705266891292,0.024346257889990983,0,1.0,0.0,0.0,1.0,0.0,1.0,1.0,0.0,0.0,1.0,1.0,0.0,0.0,0.0
72,92.45,8.770477899642435,6,1.2664383561643835,1,0.21599574392622806,0.021602160216021602,1,0.0,1.0,1.0,1.0,0.0,1.0,0.0,0.0,0.0,1.0,0.0,1.0,0.0,0.0
44,88.4,8.272289598319464,2,1.9644444444444447,0,0.22592658272743393,0.121875,1,1.0,1.0,0.0,1.0,0.0,1.0,1.0,0.0,1.0,0.0,0.0,0.0,0.0,1.0
33,91.65,8.03689677268507,3,2.695588235294118,0,0.3435006206774251,0.4231860559383867,0,1.0,1.0,0.0,1.0,0.0,1.0,1.0,0.0,0.0,0.0,1.0,0.0,1.0,0.0
15,25.2,5.963322241161702,0,1.575,0,0.22592658272743393,0.03211009174311927,0,0.0,1.0,0.0,1.0,0.0,1.0,0.0,1.0,0.0,1.0,0.0,0.0,0.0,1.0
13,98.0,7.121938808924836,4,7.0,0,0.3435006206774251,0.431938236489232,1,1.0,1.0,0.0,1.0,0.0,0.0,1.0,0.0,0.0,0.0,1.0,0.0,1.0,0.0
10,59.65,6.4613900483018005,2,5.422727272727273,0,0.22592658272743393,0.42984953233021556,0,1.0,0.0,0.0,1.0,0.0,0.0,0.0,0.0,0.0,0.0,1.0,0.0,0.0,1.0
18,33.6,6.312369816204687,2,1.7684210526315791,0,0.22592658272743393,0.42851340373679936,0,1.0,0.0,0.0,0.0,1.0,0.0,0.0,0.0,0.0,0.0,0.0,0.0,0.0,1.0
47,94.8,8.419988217623041,3,1.9749999999999999,1,0.21457705266891292,0.11882229232386961,0,1.0,0.0,0.0,1.0,0.0,1.0,1.0,0.0,1.0,0.0,0.0,0.0,0.0,0.0
67,75.5,8.562252595422573,3,1.1102941176470589,0,0.3435006206774251,0.024346257889990983,0,0.0,1.0,1.0,1.0,0.0,1.0,0.0,0.0,0.0,1.0,1.0,0.0,1.0,0.0
3,19.9,3.844814255734696,0,4.975,0,0.22592658272743393,0.42851340373679936,0,0.0,1.0,0.0,1.0,0.0,0.0,0.0,1.0,0.0,0.0,1.0,0.0,0.0,1.0
72,91.65,9.011108640708287,6,1.2554794520547945,1,0.21599574392622806,0.027827648114901255,0,0.0,0.0,0.0,1.0,0.0,1.0,1.0,0.0,0.0,1.0,1.0,1.0,0.0,0.0
42,97.1,8.298477323429179,3,2.2581395348837208,0,0.3435006206774251,0.121875,0,1.0,1.0,1.0,1.0,0.0,1.0,1.0,0.0,1.0,0.0,0.0,0.0,1.0,0.0
68,113.15,8.969160133175821,6,1.6398550724637682,0,0.3435006206774251,0.027827648114901255,0,1.0,1.0,1.0,1.0,0.0,1.0,1.0,0.0,0.0,1.0,1.0,0.0,1.0,0.0
72,112.1,8.983057013472635,6,1.5356164383561643,1,0.21599574392622806,0.021602160216021602,0,0.0,1.0,0.0,1.0,0.0,1.0,1.0,0.0,0.0,1.0,0.0,1.0,0.0,0.0
72,38.5,7.92443418488756,3,0.5273972602739726,1,0.21599574392622806,0.03211009174311927,0,1.0,1.0,1.0,0.0,1.0,0.0,0.0,0.0,0.0,1.0,0.0,1.0,0.0,0.0
6,19.65,4.623991940228679,0,2.807142857142857,0,0.22592658272743393,0.44104447164422683,0,1.0,0.0,1.0,1.0,0.0,0.0,0.0,1.0,0.0,0.0,0.0,0.0,0.0,1.0
62,20.0,7.131778443323355,0,0.31746031746031744,1,0.21457705266891292,0.021602160216021602,0,1.0,0.0,1.0,1.0,0.0,0.0,0.0,1.0,0.0,1.0,0.0,0.0,0.0,0.0
27,95.55,7.828516005527744,3,3.4125,0,0.3435006206774251,0.431938236489232,1,1.0,1.0,0.0,1.0,0.0,1.0,1.0,0.0,0.0,0.0,1.0,0.0,1.0,0.0
59,113.75,8.789088810936143,6,1.8958333333333333,0,0.3435006206774251,0.027827648114901255,0,1.0,1.0,0.0,1.0,0.0,1.0,1.0,0.0,0.0,1.0,0.0,0.0,1.0,0.0
38,94.65,8.19569232248516,3,2.426923076923077,0,0.3435006206774251,0.42851340373679936,0,1.0,1.0,1.0,1.0,0.0,1.0,1.0,0.0,0.0,0.0,1.0,0.0,1.0,0.0
10,18.85,5.101085197018328,0,1.7136363636363638,0,0.22592658272743393,0.42851340373679936,0,0.0,0.0,0.0,1.0,0.0,0.0,0.0,1.0,0.0,0.0,0.0,0.0,0.0,1.0
66,116.25,8.969955285966561,6,1.7350746268656716,0,0.3435006206774251,0.121875,1,1.0,1.0,1.0,1.0,0.0,1.0,1.0,0.0,1.0,0.0,1.0,0.0,1.0,0.0
1,75.5,4.33729074083249,4,37.75,0,0.3435006206774251,0.431938236489232,0,1.0,0.0,0.0,1.0,0.0,0.0,0.0,0.0,0.0,0.0,1.0,0.0,1.0,0.0
19,19.65,5.88374012852081,0,0.9824999999999999,0,0.22592658272743393,0.02787769784172662,0,1.0,0.0,0.0,1.0,0.0,0.0,0.0,1.0,0.0,1.0,0.0,0.0,0.0,1.0
40,20.15,6.696972517366147,0,0.49146341463414633,0,0.22592658272743393,0.021602160216021602,0,1.0,1.0,1.0,1.0,0.0,0.0,0.0,1.0,0.0,1.0,0.0,0.0,0.0,1.0
55,59.45,8.057694194815587,2,1.061607142857143,1,0.21599574392622806,0.121875,0,1.0,1.0,1.0,1.0,0.0,0.0,0.0,0.0,1.0,0.0,0.0,1.0,0.0,0.0
61,20.4,7.1126941256415,0,0.3290322580645161,0,0.22592658272743393,0.10683760683760683,0,1.0,1.0,1.0,1.0,0.0,0.0,0.0,1.0,1.0,0.0,0.0,0.0,0.0,1.0
52,109.1,8.639224966161997,5,2.0584905660377357,0,0.3435006206774251,0.42851340373679936,1,0.0,1.0,0.0,1.0,0.0,1.0,1.0,0.0,0.0,0.0,1.0,0.0,1.0,0.0
21,103.9,7.720993939799903,4,4.722727272727273,0,0.3435006206774251,0.4231860559383867,0,0.0,1.0,0.0,1.0,0.0,1.0,1.0,0.0,0.0,0.0,1.0,0.0,1.0,0.0
12,53.75,6.4764337563287455,2,4.134615384615385,0,0.22592658272743393,0.431938236489232,0,1.0,0.0,0.0,1.0,0.0,0.0,0.0,0.0,0.0,0.0,1.0,0.0,0.0,1.0
1,19.65,3.027715319407042,0,9.825,1,0.21457705266891292,0.4231860559383867,0,1.0,0.0,0.0,1.0,0.0,0.0,0.0,1.0,0.0,0.0,0.0,0.0,0.0,0.0
15,74.9,7.010537473625163,0,4.68125,1,0.21457705266891292,0.42851340373679936,0,1.0,1.0,1.0,1.0,0.0,1.0,1.0,0.0,0.0,0.0,1.0,0.0,0.0,0.0
7,94.7,6.513378467859393,3,11.8375,1,0.21599574392622806,0.42851340373679936,1,1.0,1.0,0.0,1.0,0.0,1.0,1.0,0.0,0.0,0.0,1.0,1.0,0.0,0.0
54,20.5,6.943797870329067,0,0.37272727272727274,0,0.22592658272743393,0.027827648114901255,0,0.0,0.0,0.0,1.0,0.0,0.0,0.0,1.0,0.0,1.0,1.0,0.0,0.0,1.0
72,65.1,8.467015064471957,6,0.8917808219178082,1,0.21599574392622806,0.021602160216021602,0,1.0,1.0,1.0,0.0,1.0,0.0,0.0,0.0,0.0,1.0,1.0,1.0,0.0,0.0
56,100.3,8.633277006436819,3,1.7596491228070175,1,0.21599574392622806,0.121875,0,1.0,1.0,0.0,1.0,0.0,1.0,1.0,0.0,1.0,0.0,0.0,1.0,0.0,0.0
1,70.6,4.2710950739666,0,35.3,0,0.22592658272743393,0.42851340373679936,1,0.0,0.0,0.0,1.0,0.0,0.0,1.0,0.0,0.0,0.0,1.0,0.0,0.0,1.0
25,20.15,6.286649651287163,0,0.7749999999999999,0,0.22592658272743393,0.44104447164422683,0,1.0,0.0,0.0,1.0,0.0,0.0,0.0,1.0,0.0,0.0,1.0,0.0,0.0,1.0
13,79.8,6.881873209268033,2,5.7,0,0.3435006206774251,0.4231860559383867,0,1.0,0.0,0.0,1.0,0.0,0.0,1.0,0.0,0.0,0.0,1.0,0.0,1.0,0.0
3,26.4,4.8060681283549815,0,6.6,0,0.22592658272743393,0.03211009174311927,0,1.0,0.0,1.0,1.0,0.0,1.0,0.0,1.0,0.0,1.0,1.0,0.0,0.0,1.0
22,85.35,7.582025403772393,1,3.710869565217391,1,0.21457705266891292,0.44104447164422683,1,0.0,1.0,1.0,1.0,0.0,1.0,1.0,0.0,0.0,0.0,0.0,0.0,0.0,0.0
63,99.9,8.722254235179681,3,1.5609375,1,0.21457705266891292,0.10683760683760683,0,0.0,0.0,0.0,1.0,0.0,1.0,1.0,0.0,1.0,0.0,0.0,0.0,0.0,0.0
27,49.0,7.164217545489172,0,1.75,0,0.22592658272743393,0.431938236489232,0,1.0,0.0,0.0,1.0,0.0,1.0,0.0,0.0,0.0,0.0,0.0,0.0,0.0,1.0
17,49.8,6.7302421431804875,3,2.7666666666666666,0,0.3435006206774251,0.42984953233021556,0,1.0,1.0,0.0,0.0,1.0,0.0,0.0,0.0,0.0,0.0,1.0,0.0,1.0,0.0
71,54.5,8.237267626003042,2,0.7569444444444444,1,0.21457705266891292,0.024346257889990983,0,1.0,1.0,0.0,1.0,0.0,0.0,0.0,0.0,0.0,1.0,0.0,0.0,0.0,0.0
37,76.5,7.961771097640099,0,2.013157894736842,0,0.3435006206774251,0.431938236489232,1,0.0,1.0,0.0,1.0,0.0,1.0,1.0,0.0,0.0,0.0,1.0,0.0,1.0,0.0
18,50.3,6.818158745170381,0,2.6473684210526316,0,0.3435006206774251,0.42851340373679936,0,0.0,0.0,0.0,1.0,0.0,1.0,0.0,0.0,0.0,0.0,1.0,0.0,1.0,0.0
1,84.3,4.446174454497633,2,42.15,0,0.3435006206774251,0.431938236489232,0,0.0,0.0,0.0,1.0,0.0,0.0,1.0,0.0,0.0,0.0,0.0,0.0,1.0,0.0
39,100.0,8.252328804244902,3,2.5,0,0.3435006206774251,0.11158342189160468,0,1.0,1.0,1.0,1.0,0.0,1.0,1.0,0.0,1.0,0.0,0.0,0.0,1.0,0.0
45,25.5,7.022912648369585,0,0.5543478260869565,0,0.22592658272743393,0.02787769784172662,0,0.0,1.0,0.0,1.0,0.0,1.0,0.0,1.0,0.0,1.0,0.0,0.0,0.0,1.0
2,56.55,4.781222129768451,1,18.849999999999998,1,0.21599574392622806,0.42851340373679936,1,0.0,0.0,0.0,1.0,0.0,1.0,0.0,0.0,0.0,0.0,1.0,1.0,0.0,0.0
1,25.25,3.2676659890376327,0,12.625,1,0.21457705266891292,0.4231860559383867,0,0.0,0.0,0.0,0.0,1.0,0.0,0.0,0.0,0.0,0.0,0.0,0.0,0.0,0.0
58,110.65,8.78380228001052,5,1.8754237288135593,1,0.21599574392622806,0.10683760683760683,0,0.0,1.0,0.0,1.0,0.0,1.0,1.0,0.0,1.0,0.0,1.0,1.0,0.0,0.0
45,93.9,8.343137379039316,2,2.0413043478260873,1,0.21457705266891292,0.42851340373679936,1,1.0,0.0,0.0,1.0,0.0,1.0,1.0,0.0,0.0,0.0,1.0,0.0,0.0,0.0
27,104.65,7.994632311431825,4,3.7375000000000003,1,0.21457705266891292,0.11158342189160468,1,1.0,0.0,0.0,1.0,0.0,1.0,1.0,0.0,1.0,0.0,1.0,0.0,0.0,0.0
3,91.05,5.670225691127358,2,22.7625,0,0.3435006206774251,0.431938236489232,1,1.0,0.0,0.0,1.0,0.0,1.0,1.0,0.0,0.0,0.0,0.0,0.0,1.0,0.0
32,72.8,7.755360235067772,3,2.206060606060606,1,0.21599574392622806,0.11882229232386961,0,1.0,1.0,0.0,1.0,0.0,1.0,0.0,0.0,1.0,0.0,1.0,1.0,0.0,0.0
1,62.05,4.143928062410929,2,31.025,0,0.22592658272743393,0.4231860559383867,0,1.0,0.0,0.0,1.0,0.0,1.0,0.0,0.0,0.0,0.0,0.0,0.0,0.0,1.0
3,69.6,5.339459309879212,0,17.4,0,0.22592658272743393,0.4231860559383867,0,1.0,0.0,0.0,1.0,0.0,0.0,1.0,0.0,0.0,0.0,1.0,0.0,0.0,1.0
1,74.7,4.3267781604434035,1,37.35,0,0.3435006206774251,0.44104447164422683,1,1.0,0.0,0.0,1.0,0.0,0.0,1.0,0.0,0.0,0.0,0.0,0.0,1.0,0.0
45,84.55,8.220120498111084,2,1.8380434782608694,0,0.22592658272743393,0.431938236489232,0,1.0,1.0,0.0,1.0,0.0,1.0,1.0,0.0,0.0,0.0,1.0,0.0,0.0,1.0
54,99.05,8.574839264109055,3,1.8009090909090908,1,0.21599574392622806,0.44104447164422683,1,1.0,1.0,0.0,1.0,0.0,1.0,1.0,0.0,0.0,0.0,1.0,1.0,0.0,0.0
54,74.0,8.273885197358533,0,1.3454545454545455,1,0.21457705266891292,0.4231860559383867,1,1.0,1.0,0.0,1.0,0.0,1.0,1.0,0.0,0.0,0.0,0.0,0.0,0.0,0.0
56,94.45,8.542002870324811,3,1.6570175438596493,0,0.3435006206774251,0.4231860559383867,0,1.0,0.0,0.0,1.0,0.0,1.0,1.0,0.0,0.0,0.0,1.0,0.0,1.0,0.0
62,103.75,8.761604962188237,4,1.6468253968253967,0,0.3435006206774251,0.11266094420600858,1,1.0,1.0,0.0,1.0,0.0,1.0,1.0,0.0,1.0,0.0,1.0,0.0,1.0,0.0
9,19.85,5.2157506428910745,0,1.985,1,0.21599574392622806,0.11158342189160468,1,1.0,1.0,0.0,1.0,0.0,0.0,0.0,1.0,1.0,0.0,0.0,1.0,0.0,0.0
47,20.25,6.93809047877821,0,0.421875,1,0.21599574392622806,0.021602160216021602,0,0.0,0.0,0.0,1.0,0.0,0.0,0.0,1.0,0.0,1.0,0.0,1.0,0.0,0.0
17,85.35,7.28923502433979,2,4.741666666666666,1,0.21457705266891292,0.44104447164422683,1,0.0,1.0,0.0,1.0,0.0,1.0,1.0,0.0,0.0,0.0,1.0,0.0,0.0,0.0
67,85.25,8.650884571242125,5,1.2536764705882353,0,0.22592658272743393,0.024346257889990983,0,0.0,0.0,0.0,1.0,0.0,1.0,0.0,0.0,0.0,1.0,1.0,0.0,0.0,1.0
5,84.5,6.119747817398232,2,14.083333333333334,0,0.3435006206774251,0.42984953233021556,0,1.0,1.0,1.0,1.0,0.0,1.0,1.0,0.0,0.0,0.0,1.0,0.0,1.0,0.0
10,56.75,6.223072176834322,1,5.159090909090909,1,0.21457705266891292,0.4231860559383867,0,1.0,0.0,0.0,1.0,0.0,0.0,0.0,0.0,0.0,0.0,1.0,0.0,0.0,0.0
48,79.65,8.2613456469289,4,1.6255102040816327,0,0.3435006206774251,0.021602160216021602,0,0.0,1.0,1.0,1.0,0.0,1.0,0.0,0.0,0.0,1.0,0.0,0.0,1.0,0.0
13,25.0,5.809642865355678,0,1.7857142857142858,1,0.21457705266891292,0.021602160216021602,0,0.0,1.0,1.0,1.0,0.0,1.0,0.0,1.0,0.0,1.0,1.0,0.0,0.0,0.0
7,19.45,5.114094002464486,0,2.43125,0,0.22592658272743393,0.03211009174311927,0,1.0,0.0,0.0,1.0,0.0,0.0,0.0,1.0,0.0,1.0,0.0,0.0,0.0,1.0
1,71.15,4.27874728521988,0,35.575,0,0.3435006206774251,0.42984953233021556,1,0.0,0.0,0.0,1.0,0.0,0.0,1.0,0.0,0.0,0.0,1.0,0.0,1.0,0.0
5,20.35,4.54063166485052,0,3.391666666666667,0,0.22592658272743393,0.42984953233021556,0,1.0,0.0,0.0,1.0,0.0,0.0,0.0,1.0,0.0,0.0,0.0,0.0,0.0,1.0
5,44.05,5.313944622433736,0,7.341666666666666,1,0.21599574392622806,0.42851340373679936,0,0.0,0.0,0.0,1.0,0.0,0.0,0.0,0.0,0.0,0.0,1.0,1.0,0.0,0.0
33,70.4,7.786177982412396,0,2.070588235294118,1,0.21457705266891292,0.431938236489232,0,0.0,0.0,0.0,1.0,0.0,0.0,1.0,0.0,0.0,0.0,1.0,0.0,0.0,0.0
72,25.2,7.4954863867854336,0,0.34520547945205476,1,0.21457705266891292,0.02787769784172662,0,1.0,1.0,1.0,1.0,0.0,1.0,0.0,1.0,0.0,1.0,1.0,0.0,0.0,0.0
58,50.3,7.9653893109216884,1,0.8525423728813559,1,0.21599574392622806,0.121875,0,1.0,1.0,0.0,1.0,0.0,0.0,0.0,0.0,1.0,0.0,0.0,1.0,0.0,0.0
59,94.05,8.609754141002568,4,1.5675,0,0.3435006206774251,0.121875,1,0.0,1.0,0.0,1.0,0.0,1.0,1.0,0.0,1.0,0.0,1.0,0.0,1.0,0.0
60,109.45,8.790854936805346,5,1.7942622950819673,1,0.21457705266891292,0.42984953233021556,0,1.0,1.0,0.0,1.0,0.0,1.0,1.0,0.0,0.0,0.0,1.0,0.0,0.0,0.0
72,65.2,8.473335343352353,6,0.8931506849315068,1,0.21599574392622806,0.024346257889990983,0,0.0,1.0,1.0,0.0,1.0,0.0,0.0,0.0,0.0,1.0,1.0,1.0,0.0,0.0
24,54.8,7.164178855531146,1,2.1919999999999997,1,0.21599574392622806,0.44104447164422683,1,1.0,0.0,0.0,1.0,0.0,1.0,0.0,0.0,0.0,0.0,0.0,1.0,0.0,0.0
17,92.55,7.387523578282785,2,5.141666666666667,0,0.3435006206774251,0.431938236489232,1,0.0,1.0,0.0,1.0,0.0,1.0,1.0,0.0,0.0,0.0,1.0,0.0,1.0,0.0
42,19.8,6.746294612855512,0,0.4604651162790698,1,0.21457705266891292,0.11158342189160468,0,1.0,0.0,0.0,1.0,0.0,0.0,0.0,1.0,1.0,0.0,0.0,0.0,0.0,0.0
50,114.35,8.664250199109881,6,2.242156862745098,1,0.21599574392622806,0.11158342189160468,0,1.0,0.0,0.0,1.0,0.0,1.0,1.0,0.0,1.0,0.0,0.0,1.0,0.0,0.0
32,76.3,7.7853675506573,5,2.312121212121212,1,0.21457705266891292,0.42851340373679936,0,0.0,1.0,1.0,1.0,0.0,0.0,0.0,0.0,0.0,0.0,0.0,0.0,0.0,0.0
60,102.5,8.725604757969933,4,1.680327868852459,1,0.21457705266891292,0.11158342189160468,0,1.0,1.0,0.0,1.0,0.0,1.0,1.0,0.0,1.0,0.0,0.0,0.0,0.0,0.0
20,20.05,6.008936028019987,0,0.9547619047619048,0,0.22592658272743393,0.42984953233021556,0,0.0,1.0,1.0,1.0,0.0,0.0,0.0,1.0,0.0,0.0,0.0,0.0,0.0,1.0
63,96.0,8.717804794223362,3,1.5,0,0.3435006206774251,0.11158342189160468,0,0.0,1.0,0.0,1.0,0.0,0.0,1.0,0.0,1.0,0.0,1.0,0.0,1.0,0.0
29,98.65,7.959887233767705,3,3.2883333333333336,0,0.3435006206774251,0.431938236489232,1,0.0,0.0,0.0,1.0,0.0,1.0,1.0,0.0,0.0,0.0,0.0,0.0,1.0,0.0
35,62.15,7.703662095843597,2,1.7263888888888888,1,0.21457705266891292,0.11158342189160468,0,0.0,1.0,0.0,1.0,0.0,0.0,0.0,0.0,1.0,0.0,1.0,0.0,0.0,0.0
27,95.6,7.861823375190322,2,3.414285714285714,1,0.21457705266891292,0.42851340373679936,0,0.0,0.0,0.0,1.0,0.0,1.0,1.0,0.0,0.0,0.0,1.0,0.0,0.0,0.0
10,72.15,6.678656530629254,2,6.5590909090909095,1,0.21599574392622806,0.44104447164422683,0,1.0,0.0,0.0,1.0,0.0,1.0,0.0,0.0,0.0,0.0,1.0,1.0,0.0,0.0
16,72.65,7.086152478883935,0,4.273529411764706,0,0.3435006206774251,0.42984953233021556,0,0.0,0.0,0.0,1.0,0.0,1.0,1.0,0.0,0.0,0.0,0.0,0.0,1.0,0.0
1,19.5,3.0204248861443626,0,9.75,0,0.22592658272743393,0.42851340373679936,0,1.0,0.0,0.0,1.0,0.0,0.0,0.0,1.0,0.0,0.0,1.0,0.0,0.0,1.0
70,89.0,8.74738385341438,6,1.2535211267605635,1,0.21457705266891292,0.024346257889990983,0,0.0,1.0,1.0,1.0,0.0,1.0,0.0,0.0,0.0,1.0,1.0,0.0,0.0,0.0
41,104.7,8.377333244238764,4,2.492857142857143,0,0.3435006206774251,0.4231860559383867,0,1.0,0.0,0.0,1.0,0.0,1.0,1.0,0.0,0.0,0.0,1.0,0.0,1.0,0.0
18,73.55,7.215570806353545,1,3.871052631578947,0,0.3435006206774251,0.42851340373679936,1,0.0,0.0,0.0,1.0,0.0,0.0,1.0,0.0,0.0,0.0,1.0,0.0,1.0,0.0
23,104.45,7.689760047900884,4,4.352083333333334,0,0.3435006206774251,0.431938236489232,1,1.0,1.0,0.0,1.0,0.0,1.0,1.0,0.0,0.0,0.0,1.0,0.0,1.0,0.0
2,20.0,3.735285826928092,0,6.666666666666667,0,0.22592658272743393,0.44104447164422683,0,0.0,0.0,0.0,1.0,0.0,0.0,0.0,1.0,0.0,0.0,1.0,0.0,0.0,1.0
9,20.4,5.20839265902005,0,2.04,0,0.22592658272743393,0.42984953233021556,0,1.0,0.0,0.0,1.0,0.0,0.0,0.0,1.0,0.0,0.0,0.0,0.0,0.0,1.0
14,65.45,6.844389403360317,3,4.363333333333333,0,0.3435006206774251,0.431938236489232,0,1.0,1.0,1.0,1.0,0.0,0.0,0.0,0.0,0.0,0.0,1.0,0.0,1.0,0.0
70,80.6,8.605423824810597,4,1.1352112676056336,1,0.21457705266891292,0.021602160216021602,0,0.0,1.0,1.0,1.0,0.0,1.0,0.0,0.0,0.0,1.0,1.0,0.0,0.0,0.0
24,79.85,7.601901959875166,1,3.194,1,0.21599574392622806,0.431938236489232,0,1.0,0.0,0.0,1.0,0.0,0.0,1.0,0.0,0.0,0.0,1.0,1.0,0.0,0.0
15,59.45,6.795314199636388,2,3.715625,0,0.3435006206774251,0.4231860559383867,0,0.0,0.0,0.0,1.0,0.0,0.0,0.0,0.0,0.0,0.0,1.0,0.0,1.0,0.0
12,84.05,6.874767103155157,1,6.4653846153846155,0,0.3435006206774251,0.42851340373679936,0,0.0,0.0,1.0,1.0,0.0,1.0,1.0,0.0,0.0,0.0,1.0,0.0,1.0,0.0
22,100.65,7.790261693687688,3,4.376086956521739,0,0.3435006206774251,0.431938236489232,0,1.0,0.0,0.0,1.0,0.0,1.0,1.0,0.0,0.0,0.0,1.0,0.0,1.0,0.0
17,54.6,6.8414017784321155,4,3.033333333333333,0,0.3435006206774251,0.11266094420600858,0,1.0,1.0,0.0,0.0,1.0,0.0,0.0,0.0,1.0,0.0,0.0,0.0,1.0,0.0
55,90.15,8.500647055990012,6,1.6098214285714287,0,0.3435006206774251,0.121875,0,0.0,1.0,0.0,1.0,0.0,1.0,0.0,0.0,1.0,0.0,1.0,0.0,1.0,0.0
26,20.05,6.228313745478304,0,0.7425925925925926,1,0.21457705266891292,0.121875,0,1.0,1.0,1.0,1.0,0.0,0.0,0.0,1.0,1.0,0.0,1.0,0.0,0.0,0.0
11,50.55,6.339212261646723,3,4.2124999999999995,0,0.3435006206774251,0.42851340373679936,0,0.0,1.0,1.0,0.0,1.0,0.0,0.0,0.0,0.0,0.0,0.0,0.0,1.0,0.0
60,106.0,8.770656420481336,4,1.7377049180327868,0,0.3435006206774251,0.11158342189160468,1,0.0,0.0,0.0,1.0,0.0,1.0,1.0,0.0,1.0,0.0,1.0,0.0,1.0,0.0
20,20.0,6.03416477664001,0,0.9523809523809523,0,0.22592658272743393,0.10683760683760683,0,0.0,1.0,0.0,1.0,0.0,0.0,0.0,1.0,1.0,0.0,1.0,0.0,0.0,1.0
67,109.4,8.893243220287545,5,1.6088235294117648,0,0.3435006206774251,0.11266094420600858,0,0.0,1.0,1.0,1.0,0.0,1.0,1.0,0.0,1.0,0.0,1.0,0.0,1.0,0.0
30,90.5,7.862054451041998,2,2.9193548387096775,1,0.21599574392622806,0.42984953233021556,1,1.0,0.0,0.0,1.0,0.0,1.0,1.0,0.0,0.0,0.0,1.0,1.0,0.0,0.0
15,84.35,7.172923301551579,2,5.271875,1,0.21599574392622806,0.4231860559383867,0,0.0,0.0,0.0,1.0,0.0,1.0,1.0,0.0,0.0,0.0,1.0,1.0,0.0,0.0
18,74.8,7.27173845263536,1,3.9368421052631577,0,0.3435006206774251,0.431938236489232,0,0.0,1.0,0.0,1.0,0.0,0.0,1.0,0.0,0.0,0.0,0.0,0.0,1.0,0.0
14,59.1,6.6513780563587686,2,3.94,1,0.21599574392622806,0.11882229232386961,0,0.0,0.0,0.0,1.0,0.0,0.0,0.0,0.0,1.0,0.0,0.0,1.0,0.0,0.0
2,83.8,5.104125637183595,2,27.933333333333334,1,0.21457705266891292,0.431938236489232,1,0.0,0.0,0.0,1.0,0.0,0.0,1.0,0.0,0.0,0.0,1.0,0.0,0.0,0.0
17,86.75,7.2522311154638714,2,4.819444444444445,0,0.3435006206774251,0.10683760683760683,0,1.0,0.0,0.0,1.0,0.0,1.0,1.0,0.0,1.0,0.0,0.0,0.0,1.0,0.0
9,64.95,6.307734076411675,3,6.495,0,0.22592658272743393,0.42851340373679936,0,1.0,0.0,0.0,1.0,0.0,0.0,0.0,0.0,0.0,0.0,0.0,0.0,0.0,1.0
15,93.35,7.2763143263943215,2,5.834375,0,0.3435006206774251,0.42851340373679936,0,1.0,0.0,0.0,1.0,0.0,1.0,1.0,0.0,0.0,0.0,1.0,0.0,1.0,0.0
6,44.7,5.625820933186489,0,6.385714285714286,1,0.21599574392622806,0.4231860559383867,1,1.0,0.0,0.0,1.0,0.0,0.0,0.0,0.0,0.0,0.0,0.0,1.0,0.0,0.0
58,19.55,7.011935097891801,0,0.3313559322033898,0,0.3435006206774251,0.11158342189160468,0,1.0,1.0,1.0,1.0,0.0,0.0,0.0,1.0,1.0,0.0,1.0,0.0,1.0,0.0
63,19.25,7.121777355846786,0,0.30078125,0,0.22592658272743393,0.024346257889990983,0,1.0,1.0,0.0,1.0,0.0,0.0,0.0,1.0,0.0,1.0,0.0,0.0,0.0,1.0
21,94.25,7.588197087044528,2,4.284090909090909,0,0.3435006206774251,0.42851340373679936,1,0.0,0.0,0.0,1.0,0.0,1.0,1.0,0.0,0.0,0.0,1.0,0.0,1.0,0.0
70,102.95,8.868202113728342,4,1.45,0,0.3435006206774251,0.42984953233021556,1,1.0,1.0,0.0,1.0,0.0,1.0,1.0,0.0,0.0,0.0,1.0,0.0,1.0,0.0
62,54.75,8.139250833619391,2,0.8690476190476191,1,0.21599574392622806,0.10683760683760683,0,0.0,1.0,1.0,1.0,0.0,0.0,0.0,0.0,1.0,0.0,0.0,1.0,0.0,0.0
41,81.3,8.068293303434988,1,1.9357142857142857,1,0.21599574392622806,0.44104447164422683,0,0.0,0.0,0.0,1.0,0.0,1.0,1.0,0.0,0.0,0.0,1.0,1.0,0.0,0.0
1,44.6,3.8199077165203406,0,22.3,0,0.22592658272743393,0.42851340373679936,0,1.0,0.0,0.0,1.0,0.0,0.0,0.0,0.0,0.0,0.0,0.0,0.0,0.0,1.0
1,79.15,4.383899879055562,1,39.575,0,0.3435006206774251,0.42851340373679936,0,1.0,0.0,0.0,1.0,0.0,1.0,1.0,0.0,0.0,0.0,1.0,0.0,1.0,0.0
42,84.65,8.172545627690223,1,1.9686046511627908,0,0.3435006206774251,0.431938236489232,1,0.0,0.0,0.0,1.0,0.0,1.0,1.0,0.0,0.0,0.0,1.0,0.0,1.0,0.0
44,68.85,7.992927655283545,0,1.5299999999999998,1,0.21599574392622806,0.42984953233021556,0,1.0,0.0,0.0,1.0,0.0,0.0,1.0,0.0,0.0,0.0,0.0,1.0,0.0,0.0
72,25.2,7.489048686017753,0,0.34520547945205476,1,0.21457705266891292,0.02787769784172662,0,0.0,1.0,1.0,1.0,0.0,1.0,0.0,1.0,0.0,1.0,0.0,0.0,0.0,0.0
5,78.95,5.938591057500914,1,13.158333333333333,0,0.3435006206774251,0.42851340373679936,1,0.0,0.0,0.0,1.0,0.0,0.0,1.0,0.0,0.0,0.0,0.0,0.0,1.0,0.0
66,92.15,8.709118484352887,2,1.3753731343283584,1,0.21457705266891292,0.121875,0,0.0,0.0,0.0,1.0,0.0,1.0,1.0,0.0,1.0,0.0,1.0,0.0,0.0,0.0
4,84.8,5.921310287184775,2,16.96,1,0.21457705266891292,0.4231860559383867,0,1.0,1.0,1.0,1.0,0.0,1.0,1.0,0.0,0.0,0.0,1.0,0.0,0.0,0.0
72,106.85,8.94616647110398,4,1.4636986301369863,1,0.21457705266891292,0.11158342189160468,1,0.0,1.0,0.0,1.0,0.0,1.0,1.0,0.0,1.0,0.0,1.0,0.0,0.0,0.0
2,59.5,4.879006851617819,3,19.833333333333332,0,0.22592658272743393,0.03211009174311927,0,1.0,1.0,1.0,1.0,0.0,0.0,0.0,0.0,0.0,1.0,0.0,0.0,0.0,1.0
8,19.7,4.877103901471733,0,2.1888888888888887,0,0.22592658272743393,0.02787769784172662,0,1.0,1.0,1.0,1.0,0.0,0.0,0.0,1.0,0.0,1.0,0.0,0.0,0.0,1.0
14,39.7,6.541534922199873,3,2.646666666666667,0,0.22592658272743393,0.024346257889990983,1,0.0,0.0,0.0,0.0,1.0,0.0,0.0,0.0,0.0,1.0,0.0,0.0,0.0,1.0
34,88.85,8.006784147535463,2,2.5385714285714283,0,0.22592658272743393,0.44104447164422683,0,1.0,1.0,0.0,1.0,0.0,1.0,1.0,0.0,0.0,0.0,0.0,0.0,0.0,1.0
10,40.7,6.109914027307526,3,3.7,1,0.21457705266891292,0.4231860559383867,0,0.0,0.0,0.0,0.0,1.0,0.0,0.0,0.0,0.0,0.0,0.0,0.0,0.0,0.0
3,89.45,5.486662412319551,2,22.3625,0,0.3435006206774251,0.44104447164422683,0,0.0,0.0,0.0,1.0,0.0,0.0,1.0,0.0,0.0,0.0,1.0,0.0,1.0,0.0
13,19.95,5.552959584921617,0,1.425,0,0.22592658272743393,0.121875,0,1.0,0.0,0.0,1.0,0.0,0.0,0.0,1.0,1.0,0.0,1.0,0.0,0.0,1.0
70,19.2,7.245940333607025,0,0.2704225352112676,0,0.22592658272743393,0.024346257889990983,0,0.0,1.0,1.0,1.0,0.0,0.0,0.0,1.0,0.0,1.0,1.0,0.0,0.0,1.0
8,81.25,6.374939637324531,1,9.027777777777779,0,0.3435006206774251,0.42984953233021556,1,1.0,0.0,0.0,1.0,0.0,1.0,1.0,0.0,0.0,0.0,1.0,0.0,1.0,0.0
58,84.3,8.500535214520095,5,1.428813559322034,0,0.3435006206774251,0.024346257889990983,0,0.0,1.0,0.0,1.0,0.0,1.0,0.0,0.0,0.0,1.0,1.0,0.0,1.0,0.0
18,84.3,7.338823154469806,1,4.436842105263158,1,0.21457705266891292,0.44104447164422683,0,1.0,0.0,0.0,1.0,0.0,1.0,1.0,0.0,0.0,0.0,0.0,0.0,0.0,0.0
1,45.85,3.846951008684431,0,22.925,0,0.22592658272743393,0.42851340373679936,0,1.0,0.0,0.0,1.0,0.0,0.0,0.0,0.0,0.0,0.0,1.0,0.0,0.0,1.0
71,86.7,8.729130183152282,3,1.2041666666666666,1,0.21457705266891292,0.11158342189160468,1,1.0,1.0,1.0,1.0,0.0,0.0,1.0,0.0,1.0,0.0,1.0,0.0,0.0,0.0
23,20.45,6.1781515614115765,0,0.8520833333333333,0,0.22592658272743393,0.11266094420600858,0,1.0,0.0,0.0,1.0,0.0,0.0,0.0,1.0,1.0,0.0,0.0,0.0,0.0,1.0
42,78.45,8.12397280972451,4,1.8244186046511628,1,0.21599574392622806,0.024346257889990983,0,0.0,0.0,0.0,1.0,0.0,1.0,0.0,0.0,0.0,1.0,1.0,1.0,0.0,0.0
1,54.5,4.0163830207523885,2,27.25,0,0.3435006206774251,0.44104447164422683,0,0.0,0.0,1.0,1.0,0.0,0.0,0.0,0.0,0.0,0.0,0.0,0.0,1.0,0.0
40,98.15,8.323074319142645,5,2.3939024390243904,1,0.21599574392622806,0.11882229232386961,1,1.0,1.0,0.0,1.0,0.0,0.0,1.0,0.0,1.0,0.0,1.0,1.0,0.0,0.0
38,68.15,7.885065848682237,3,1.7474358974358977,1,0.21599574392622806,0.44104447164422683,0,0.0,0.0,0.0,1.0,0.0,1.0,0.0,0.0,0.0,0.0,0.0,1.0,0.0,0.0
64,105.4,8.82405269577028,4,1.6215384615384616,1,0.21457705266891292,0.02787769784172662,0,0.0,1.0,0.0,1.0,0.0,1.0,1.0,0.0,0.0,1.0,1.0,0.0,0.0,0.0
62,74.3,8.455115639608026,4,1.1793650793650794,1,0.21599574392622806,0.10683760683760683,0,1.0,0.0,0.0,1.0,0.0,0.0,0.0,0.0,1.0,0.0,1.0,1.0,0.0,0.0
4,19.95,4.237000862623624,0,3.9899999999999998,0,0.22592658272743393,0.11882229232386961,0,1.0,0.0,0.0,1.0,0.0,0.0,0.0,1.0,1.0,0.0,0.0,0.0,0.0,1.0
15,19.75,5.744924417987376,0,1.234375,0,0.22592658272743393,0.42851340373679936,0,1.0,0.0,0.0,1.0,0.0,0.0,0.0,1.0,0.0,0.0,0.0,0.0,0.0,1.0
14,91.65,7.138866999945524,2,6.11,1,0.21457705266891292,0.4231860559383867,0,0.0,1.0,1.0,1.0,0.0,1.0,1.0,0.0,0.0,0.0,1.0,0.0,0.0,0.0
2,19.3,3.3775875160230218,0,6.433333333333334,1,0.21599574392622806,0.10683760683760683,0,1.0,0.0,0.0,1.0,0.0,0.0,0.0,1.0,1.0,0.0,0.0,1.0,0.0,0.0
2,45.15,4.600157644164547,0,15.049999999999999,0,0.3435006206774251,0.42851340373679936,0,1.0,0.0,0.0,1.0,0.0,0.0,0.0,0.0,0.0,0.0,1.0,0.0,1.0,0.0
26,54.75,7.249854511468482,2,2.0277777777777777,1,0.21599574392622806,0.44104447164422683,0,0.0,0.0,0.0,1.0,0.0,0.0,0.0,0.0,0.0,0.0,1.0,1.0,0.0,0.0
1,24.8,3.250374491927572,0,12.4,1,0.21457705266891292,0.4231860559383867,0,1.0,0.0,0.0,0.0,1.0,0.0,0.0,0.0,0.0,0.0,0.0,0.0,0.0,0.0
72,64.8,8.459722964261687,6,0.8876712328767122,1,0.21599574392622806,0.03211009174311927,0,1.0,1.0,1.0,0.0,1.0,0.0,0.0,0.0,0.0,1.0,1.0,1.0,0.0,0.0
61,106.0,8.787021835648426,4,1.7096774193548387,0,0.3435006206774251,0.11158342189160468,0,1.0,1.0,1.0,1.0,0.0,1.0,1.0,0.0,1.0,0.0,1.0,0.0,1.0,0.0
10,49.55,6.16688736221078,1,4.504545454545454,0,0.22592658272743393,0.10683760683760683,0,1.0,1.0,1.0,1.0,0.0,0.0,0.0,0.0,1.0,0.0,0.0,0.0,0.0,1.0
42,84.3,8.185740336595176,2,1.9604651162790696,0,0.3435006206774251,0.431938236489232,0,0.0,1.0,0.0,1.0,0.0,1.0,1.0,0.0,0.0,0.0,1.0,0.0,1.0,0.0
38,66.15,7.833362477493641,3,1.6961538461538463,1,0.21457705266891292,0.42851340373679936,0,0.0,0.0,0.0,1.0,0.0,1.0,0.0,0.0,0.0,0.0,1.0,0.0,0.0,0.0
3,78.5,5.493267183491464,1,19.625,0,0.3435006206774251,0.42984953233021556,0,1.0,0.0,0.0,1.0,0.0,0.0,1.0,0.0,0.0,0.0,1.0,0.0,1.0,0.0
71,64.05,8.410476200606286,4,0.8895833333333333,1,0.21599574392622806,0.024346257889990983,0,0.0,1.0,1.0,1.0,0.0,0.0,0.0,0.0,0.0,1.0,0.0,1.0,0.0,0.0
3,90.4,5.596382844379506,3,22.6,0,0.3435006206774251,0.42851340373679936,0,1.0,0.0,0.0,1.0,0.0,0.0,1.0,0.0,0.0,0.0,0.0,0.0,1.0,0.0
11,95.0,7.022244005466835,3,7.916666666666667,0,0.3435006206774251,0.42851340373679936,1,0.0,0.0,0.0,1.0,0.0,0.0,1.0,0.0,0.0,0.0,1.0,0.0,1.0,0.0
8,66.05,6.355239228161937,3,7.338888888888889,1,0.21457705266891292,0.42851340373679936,0,0.0,0.0,0.0,1.0,0.0,0.0,0.0,0.0,0.0,0.0,0.0,0.0,0.0,0.0
7,20.25,5.168777995193051,0,2.53125,1,0.21457705266891292,0.431938236489232,0,1.0,1.0,1.0,1.0,0.0,0.0,0.0,1.0,0.0,0.0,1.0,0.0,0.0,0.0
1,19.75,3.0325462466767075,0,9.875,0,0.22592658272743393,0.44104447164422683,0,1.0,0.0,0.0,1.0,0.0,0.0,0.0,1.0,0.0,0.0,1.0,0.0,0.0,1.0
1,71.25,4.2801323269925415,0,35.625,0,0.3435006206774251,0.44104447164422683,1,0.0,0.0,0.0,1.0,0.0,0.0,1.0,0.0,0.0,0.0,1.0,0.0,1.0,0.0
1,74.2,4.320151230955794,0,37.1,0,0.3435006206774251,0.4231860559383867,1,0.0,0.0,0.0,1.0,0.0,1.0,1.0,0.0,0.0,0.0,1.0,0.0,1.0,0.0
37,72.25,7.854167761408815,0,1.9013157894736843,1,0.21457705266891292,0.4231860559383867,1,1.0,1.0,0.0,1.0,0.0,0.0,1.0,0.0,0.0,0.0,1.0,0.0,0.0,0.0
42,73.15,8.0356836219843,4,1.7011627906976745,0,0.3435006206774251,0.11882229232386961,0,1.0,1.0,1.0,1.0,0.0,0.0,0.0,0.0,1.0,0.0,0.0,0.0,1.0,0.0
60,79.05,8.447714487646177,5,1.2959016393442622,1,0.21599574392622806,0.431938236489232,0,1.0,1.0,1.0,1.0,0.0,0.0,0.0,0.0,0.0,0.0,1.0,1.0,0.0,0.0
16,19.75,5.690021559406164,0,1.161764705882353,1,0.21599574392622806,0.42984953233021556,0,1.0,0.0,0.0,1.0,0.0,0.0,0.0,1.0,0.0,0.0,0.0,1.0,0.0,0.0
9,69.05,6.480811139196849,0,6.904999999999999,0,0.3435006206774251,0.42851340373679936,0,0.0,0.0,0.0,1.0,0.0,0.0,1.0,0.0,0.0,0.0,0.0,0.0,1.0,0.0
1,45.25,3.834061463958434,0,22.625,1,0.21457705266891292,0.4231860559383867,1,1.0,0.0,0.0,1.0,0.0,0.0,0.0,0.0,0.0,0.0,0.0,0.0,0.0,0.0
5,56.15,5.678293711889035,2,9.358333333333333,0,0.3435006206774251,0.44104447164422683,0,1.0,0.0,0.0,1.0,0.0,0.0,0.0,0.0,0.0,0.0,0.0,0.0,1.0,0.0
30,19.55,6.412638948921326,0,0.6306451612903226,1,0.21457705266891292,0.11882229232386961,0,0.0,1.0,1.0,1.0,0.0,0.0,0.0,1.0,1.0,0.0,0.0,0.0,0.0,0.0
2,54.4,4.745801315727837,1,18.133333333333333,0,0.22592658272743393,0.4231860559383867,0,1.0,0.0,0.0,1.0,0.0,1.0,0.0,0.0,0.0,0.0,1.0,0.0,0.0,1.0
33,95.0,8.009412925836207,3,2.7941176470588234,1,0.21599574392622806,0.42851340373679936,0,0.0,1.0,0.0,1.0,0.0,1.0,1.0,0.0,0.0,0.0,1.0,1.0,0.0,0.0
3,76.95,5.435467204695271,0,19.2375,0,0.3435006206774251,0.44104447164422683,0,1.0,0.0,0.0,1.0,0.0,1.0,1.0,0.0,0.0,0.0,1.0,0.0,1.0,0.0
17,96.65,7.371017485816518,3,5.3694444444444445,1,0.21457705266891292,0.11882229232386961,0,1.0,1.0,0.0,1.0,0.0,0.0,1.0,0.0,1.0,0.0,1.0,0.0,0.0,0.0
72,80.45,8.680646184540727,5,1.1020547945205479,1,0.21457705266891292,0.02787769784172662,0,0.0,1.0,1.0,1.0,0.0,0.0,0.0,0.0,0.0,1.0,1.0,0.0,0.0,0.0
72,80.45,8.65497055712555,1,1.1020547945205479,1,0.21457705266891292,0.02787769784172662,0,0.0,1.0,0.0,1.0,0.0,1.0,1.0,0.0,0.0,1.0,0.0,0.0,0.0,0.0
30,85.45,7.828416446573827,1,2.7564516129032257,0,0.3435006206774251,0.4231860559383867,0,1.0,1.0,1.0,1.0,0.0,1.0,1.0,0.0,0.0,0.0,0.0,0.0,1.0,0.0
61,94.35,8.648922962094131,3,1.521774193548387,1,0.21457705266891292,0.02787769784172662,0,0.0,1.0,0.0,1.0,0.0,1.0,1.0,0.0,0.0,1.0,1.0,0.0,0.0,0.0
5,69.95,5.802571444930988,0,11.658333333333333,0,0.3435006206774251,0.42984953233021556,0,0.0,1.0,0.0,1.0,0.0,0.0,1.0,0.0,0.0,0.0,0.0,0.0,1.0,0.0
48,19.95,6.913240209212707,0,0.40714285714285714,1,0.21457705266891292,0.11266094420600858,0,1.0,0.0,0.0,1.0,0.0,0.0,0.0,1.0,1.0,0.0,0.0,0.0,0.0,0.0
1,45.3,3.835141961092188,0,22.65,0,0.3435006206774251,0.4231860559383867,0,0.0,0.0,0.0,1.0,0.0,0.0,0.0,0.0,0.0,0.0,1.0,0.0,1.0,0.0
15,45.9,6.543120165362228,4,2.86875,0,0.22592658272743393,0.11158342189160468,0,0.0,0.0,0.0,0.0,1.0,0.0,0.0,0.0,1.0,0.0,0.0,0.0,0.0,1.0
10,78.15,6.641377973024185,1,7.104545454545455,1,0.21599574392622806,0.44104447164422683,0,0.0,1.0,0.0,1.0,0.0,1.0,1.0,0.0,0.0,0.0,1.0,1.0,0.0,0.0
38,20.4,6.612712852124064,0,0.523076923076923,1,0.21457705266891292,0.021602160216021602,0,1.0,1.0,0.0,1.0,0.0,0.0,0.0,1.0,0.0,1.0,0.0,0.0,0.0,0.0
6,19.55,4.864452783918174,0,2.792857142857143,0,0.22592658272743393,0.42984953233021556,0,1.0,0.0,1.0,1.0,0.0,0.0,0.0,1.0,0.0,0.0,0.0,0.0,0.0,1.0
67,81.35,8.594080155734671,5,1.1963235294117647,1,0.21599574392622806,0.021602160216021602,0,1.0,1.0,1.0,1.0,0.0,0.0,0.0,0.0,0.0,1.0,0.0,1.0,0.0,0.0
39,59.3,7.700815665511677,2,1.4825,0,0.3435006206774251,0.121875,0,0.0,0.0,0.0,1.0,0.0,0.0,0.0,0.0,1.0,0.0,0.0,0.0,1.0,0.0
36,92.9,8.125704950238868,6,2.510810810810811,1,0.21599574392622806,0.02787769784172662,0,0.0,1.0,1.0,1.0,0.0,1.0,0.0,0.0,0.0,1.0,1.0,1.0,0.0,0.0
72,79.05,8.653767449825429,1,1.082876712328767,1,0.21457705266891292,0.021602160216021602,0,0.0,1.0,1.0,1.0,0.0,1.0,1.0,0.0,0.0,1.0,0.0,0.0,0.0,0.0
12,43.65,6.269001582252524,3,3.3576923076923078,0,0.3435006206774251,0.42851340373679936,1,1.0,0.0,0.0,0.0,1.0,0.0,0.0,0.0,0.0,0.0,1.0,0.0,1.0,0.0
29,95.9,7.917973416887651,3,3.1966666666666668,0,0.3435006206774251,0.44104447164422683,1,1.0,1.0,0.0,1.0,0.0,1.0,1.0,0.0,0.0,0.0,1.0,0.0,1.0,0.0
50,94.4,8.500230128737776,3,1.8509803921568628,1,0.21599574392622806,0.44104447164422683,0,1.0,1.0,0.0,1.0,0.0,1.0,1.0,0.0,0.0,0.0,1.0,1.0,0.0,0.0
1,83.4,4.4355674016019115,3,41.7,0,0.22592658272743393,0.42984953233021556,0,0.0,0.0,0.0,1.0,0.0,0.0,1.0,0.0,0.0,0.0,1.0,0.0,0.0,1.0
11,74.95,6.71744187225863,0,6.245833333333334,0,0.3435006206774251,0.431938236489232,0,1.0,1.0,0.0,1.0,0.0,1.0,1.0,0.0,0.0,0.0,1.0,0.0,1.0,0.0
2,75.55,5.119788607992779,0,25.183333333333334,0,0.3435006206774251,0.44104447164422683,0,0.0,0.0,0.0,1.0,0.0,1.0,1.0,0.0,0.0,0.0,1.0,0.0,1.0,0.0
1,80.05,4.395066248181685,1,40.025,0,0.22592658272743393,0.42851340373679936,0,0.0,1.0,1.0,1.0,0.0,0.0,1.0,0.0,0.0,0.0,1.0,0.0,0.0,1.0
1,19.65,3.027715319407042,0,9.825,0,0.22592658272743393,0.4231860559383867,0,1.0,0.0,0.0,1.0,0.0,0.0,0.0,1.0,0.0,0.0,0.0,0.0,0.0,1.0
41,99.65,8.347910261084566,4,2.3726190476190476,1,0.21599574392622806,0.02787769784172662,0,1.0,0.0,0.0,1.0,0.0,0.0,1.0,0.0,0.0,1.0,1.0,1.0,0.0,0.0
4,20.05,4.5266679578331335,0,4.01,0,0.3435006206774251,0.44104447164422683,1,0.0,0.0,0.0,1.0,0.0,0.0,0.0,1.0,0.0,0.0,0.0,0.0,1.0,0.0
10,75.3,6.581263075743265,1,6.845454545454545,0,0.3435006206774251,0.44104447164422683,1,1.0,1.0,0.0,1.0,0.0,0.0,1.0,0.0,0.0,0.0,0.0,0.0,1.0,0.0
66,79.4,8.547838781530624,5,1.1850746268656718,1,0.21599574392622806,0.024346257889990983,1,1.0,1.0,1.0,1.0,0.0,1.0,0.0,0.0,0.0,1.0,0.0,1.0,0.0,0.0
34,97.7,8.134760782418645,3,2.7914285714285714,1,0.21457705266891292,0.44104447164422683,0,1.0,1.0,1.0,1.0,0.0,1.0,1.0,0.0,0.0,0.0,1.0,0.0,0.0,0.0
1,55.05,4.026244149518169,2,27.525,0,0.22592658272743393,0.44104447164422683,0,1.0,0.0,0.0,1.0,0.0,0.0,0.0,0.0,0.0,0.0,0.0,0.0,0.0,1.0
59,88.75,8.584786417189287,2,1.4791666666666667,1,0.21599574392622806,0.4231860559383867,1,0.0,1.0,1.0,1.0,0.0,1.0,1.0,0.0,0.0,0.0,1.0,1.0,0.0,0.0
1,74.9,4.3294166844015844,1,37.45,0,0.3435006206774251,0.42984953233021556,0,0.0,0.0,0.0,1.0,0.0,0.0,1.0,0.0,0.0,0.0,1.0,0.0,1.0,0.0
27,56.2,7.357906904712707,2,2.007142857142857,0,0.22592658272743393,0.121875,0,1.0,0.0,1.0,1.0,0.0,0.0,0.0,0.0,1.0,0.0,0.0,0.0,0.0,1.0
1,50.65,3.9444901955656477,1,25.325,0,0.22592658272743393,0.42984953233021556,0,1.0,0.0,0.0,1.0,0.0,0.0,0.0,0.0,0.0,0.0,0.0,0.0,0.0,1.0
3,79.65,5.532400857900581,1,19.9125,1,0.21457705266891292,0.42851340373679936,0,1.0,1.0,0.0,1.0,0.0,1.0,1.0,0.0,0.0,0.0,1.0,0.0,0.0,0.0
64,100.05,8.741168396810304,3,1.5392307692307692,1,0.21599574392622806,0.11882229232386961,0,0.0,0.0,0.0,1.0,0.0,1.0,1.0,0.0,1.0,0.0,1.0,1.0,0.0,0.0
6,50.8,5.666599683528485,1,7.257142857142857,1,0.21457705266891292,0.44104447164422683,0,0.0,0.0,0.0,1.0,0.0,0.0,0.0,0.0,0.0,0.0,1.0,0.0,0.0,0.0
21,35.1,6.648207045774128,2,1.5954545454545455,0,0.22592658272743393,0.024346257889990983,0,0.0,0.0,0.0,0.0,1.0,0.0,0.0,0.0,0.0,1.0,0.0,0.0,0.0,1.0
17,80.85,7.277213171784299,5,4.491666666666666,0,0.3435006206774251,0.11158342189160468,0,1.0,0.0,1.0,1.0,0.0,0.0,0.0,0.0,1.0,0.0,0.0,0.0,1.0,0.0
63,97.45,8.740976538017787,3,1.52265625,1,0.21457705266891292,0.024346257889990983,0,0.0,0.0,0.0,1.0,0.0,1.0,1.0,0.0,0.0,1.0,0.0,0.0,0.0,0.0
3,83.75,5.514436302925282,2,20.9375,0,0.3435006206774251,0.42851340373679936,0,0.0,0.0,0.0,1.0,0.0,0.0,1.0,0.0,0.0,0.0,0.0,0.0,1.0,0.0
68,82.85,8.661717687848864,5,1.2007246376811593,1,0.21457705266891292,0.027827648114901255,0,1.0,1.0,1.0,1.0,0.0,0.0,0.0,0.0,0.0,1.0,0.0,0.0,0.0,0.0
20,68.7,7.256438372991317,3,3.2714285714285714,0,0.3435006206774251,0.11158342189160468,0,1.0,0.0,0.0,1.0,0.0,1.0,0.0,0.0,1.0,0.0,1.0,0.0,1.0,0.0
42,20.7,6.721244961566728,0,0.4813953488372093,0,0.22592658272743393,0.02787769784172662,0,1.0,1.0,1.0,1.0,0.0,0.0,0.0,1.0,0.0,1.0,0.0,0.0,0.0,1.0
1,69.95,4.261975403606051,0,34.975,0,0.3435006206774251,0.42851340373679936,1,0.0,0.0,0.0,1.0,0.0,0.0,1.0,0.0,0.0,0.0,1.0,0.0,1.0,0.0
64,58.35,8.2314958148187,2,0.8976923076923077,1,0.21457705266891292,0.11882229232386961,0,0.0,1.0,0.0,1.0,0.0,1.0,0.0,0.0,1.0,0.0,0.0,0.0,0.0,0.0
56,95.65,8.607536511313839,4,1.6780701754385965,0,0.3435006206774251,0.11882229232386961,1,0.0,1.0,0.0,1.0,0.0,1.0,1.0,0.0,1.0,0.0,0.0,0.0,1.0,0.0
72,56.05,8.488042405924537,4,0.7678082191780822,1,0.21457705266891292,0.02787769784172662,0,1.0,1.0,1.0,1.0,0.0,0.0,0.0,0.0,0.0,1.0,0.0,0.0,0.0,0.0
53,92.55,8.472289963313811,3,1.7138888888888888,0,0.3435006206774251,0.44104447164422683,0,1.0,1.0,1.0,1.0,0.0,0.0,1.0,0.0,0.0,0.0,1.0,0.0,1.0,0.0
69,19.8,7.27097376716188,0,0.28285714285714286,1,0.21599574392622806,0.03211009174311927,0,0.0,1.0,1.0,1.0,0.0,0.0,0.0,1.0,0.0,1.0,0.0,1.0,0.0,0.0
72,116.75,9.021362712396742,6,1.5993150684931507,1,0.21599574392622806,0.021602160216021602,1,0.0,1.0,0.0,1.0,0.0,1.0,1.0,0.0,0.0,1.0,1.0,1.0,0.0,0.0
11,74.95,6.70502691241052,1,6.245833333333334,0,0.3435006206774251,0.4231860559383867,0,1.0,0.0,0.0,1.0,0.0,0.0,1.0,0.0,0.0,0.0,0.0,0.0,1.0,0.0
56,24.8,7.262067433731681,0,0.43508771929824563,0,0.22592658272743393,0.02787769784172662,0,1.0,0.0,1.0,1.0,0.0,1.0,0.0,1.0,0.0,1.0,1.0,0.0,0.0,1.0
1,50.15,3.9347624923976356,1,25.075,0,0.3435006206774251,0.44104447164422683,0,0.0,0.0,0.0,1.0,0.0,0.0,0.0,0.0,0.0,0.0,0.0,0.0,1.0,0.0
13,54.8,6.596190266067024,2,3.914285714285714,0,0.3435006206774251,0.42984953233021556,1,0.0,0.0,0.0,1.0,0.0,0.0,0.0,0.0,0.0,0.0,1.0,0.0,1.0,0.0
65,100.75,8.806221856804648,3,1.5265151515151516,0,0.3435006206774251,0.11266094420600858,1,1.0,1.0,0.0,1.0,0.0,1.0,1.0,0.0,1.0,0.0,1.0,0.0,1.0,0.0
1,80.8,4.404277243608702,1,40.4,0,0.3435006206774251,0.42984953233021556,0,1.0,0.0,0.0,1.0,0.0,0.0,1.0,0.0,0.0,0.0,1.0,0.0,1.0,0.0
4,44.55,5.1664987919271885,2,8.91,0,0.3435006206774251,0.42851340373679936,0,1.0,0.0,0.0,0.0,1.0,0.0,0.0,0.0,0.0,0.0,1.0,0.0,1.0,0.0
1,19.2,3.005682604407159,0,9.6,0,0.22592658272743393,0.44104447164422683,0,1.0,0.0,0.0,1.0,0.0,0.0,0.0,1.0,0.0,0.0,0.0,0.0,0.0,1.0
40,65.1,7.8582541821860294,3,1.5878048780487803,0,0.22592658272743393,0.44104447164422683,0,0.0,0.0,0.0,1.0,0.0,0.0,0.0,0.0,0.0,0.0,0.0,0.0,0.0,1.0
16,19.35,5.623656430176916,0,1.1382352941176472,0,0.22592658272743393,0.44104447164422683,0,0.0,1.0,1.0,1.0,0.0,0.0,0.0,1.0,0.0,0.0,0.0,0.0,0.0,1.0
29,20.35,6.427054640188066,0,0.6783333333333333,0,0.22592658272743393,0.11882229232386961,0,0.0,0.0,0.0,1.0,0.0,0.0,0.0,1.0,1.0,0.0,0.0,0.0,0.0,1.0
4,87.1,5.836125661643914,2,17.419999999999998,0,0.22592658272743393,0.44104447164422683,0,0.0,0.0,1.0,1.0,0.0,1.0,1.0,0.0,0.0,0.0,1.0,0.0,0.0,1.0
68,44.95,8.03474444191656,3,0.6514492753623189,0,0.3435006206774251,0.42984953233021556,0,0.0,0.0,0.0,0.0,1.0,0.0,0.0,0.0,0.0,0.0,0.0,0.0,1.0,0.0
69,20.15,7.199304862960407,0,0.2878571428571428,1,0.21457705266891292,0.024346257889990983,0,0.0,1.0,1.0,1.0,0.0,0.0,0.0,1.0,0.0,1.0,0.0,0.0,0.0,0.0
69,108.4,8.898256311365326,5,1.5485714285714287,1,0.21457705266891292,0.027827648114901255,1,1.0,1.0,0.0,1.0,0.0,1.0,1.0,0.0,0.0,1.0,1.0,0.0,0.0,0.0
35,40.9,7.233166568243925,2,1.136111111111111,0,0.22592658272743393,0.11158342189160468,0,0.0,1.0,1.0,0.0,1.0,0.0,0.0,0.0,1.0,0.0,0.0,0.0,0.0,1.0
42,19.35,6.7665372770665995,0,0.45,0,0.22592658272743393,0.02787769784172662,0,1.0,1.0,1.0,1.0,0.0,0.0,0.0,1.0,0.0,1.0,0.0,0.0,0.0,1.0
19,48.95,6.863385331246197,1,2.4475000000000002,1,0.21457705266891292,0.121875,0,1.0,1.0,1.0,1.0,0.0,0.0,0.0,0.0,1.0,0.0,1.0,0.0,0.0,0.0
72,100.9,8.917317395588213,4,1.382191780821918,1,0.21457705266891292,0.024346257889990983,0,1.0,0.0,0.0,1.0,0.0,1.0,1.0,0.0,0.0,1.0,1.0,0.0,0.0,0.0
65,74.2,8.47775565475844,4,1.1242424242424243,1,0.21599574392622806,0.021602160216021602,0,1.0,0.0,0.0,1.0,0.0,1.0,0.0,0.0,0.0,1.0,1.0,1.0,0.0,0.0
72,90.35,8.789416388805472,3,1.2376712328767123,1,0.21457705266891292,0.021602160216021602,0,0.0,1.0,1.0,1.0,0.0,1.0,1.0,0.0,0.0,1.0,1.0,0.0,0.0,0.0
7,24.7,5.010968571886377,0,3.0875,0,0.3435006206774251,0.44104447164422683,0,0.0,1.0,1.0,0.0,1.0,0.0,0.0,0.0,0.0,0.0,1.0,0.0,1.0,0.0
47,100.5,8.457039708596394,3,2.09375,0,0.3435006206774251,0.42851340373679936,0,0.0,1.0,0.0,1.0,0.0,1.0,1.0,0.0,0.0,0.0,1.0,0.0,1.0,0.0
32,98.85,8.054173120264645,3,2.995454545454545,1,0.21599574392622806,0.44104447164422683,0,1.0,1.0,0.0,1.0,0.0,1.0,1.0,0.0,0.0,0.0,1.0,1.0,0.0,0.0
67,25.25,7.458272658789441,0,0.3713235294117647,1,0.21599574392622806,0.027827648114901255,0,0.0,1.0,0.0,1.0,0.0,1.0,0.0,1.0,0.0,1.0,1.0,1.0,0.0,0.0
58,92.85,8.576602957947669,3,1.573728813559322,0,0.3435006206774251,0.44104447164422683,0,1.0,1.0,1.0,1.0,0.0,0.0,1.0,0.0,0.0,0.0,1.0,0.0,1.0,0.0
28,100.35,7.937374696163295,4,3.4603448275862068,1,0.21457705266891292,0.11158342189160468,0,1.0,1.0,1.0,1.0,0.0,0.0,1.0,0.0,1.0,0.0,0.0,0.0,0.0,0.0
51,75.2,8.269308588838523,3,1.4461538461538461,1,0.21457705266891292,0.02787769784172662,0,1.0,1.0,0.0,1.0,0.0,1.0,0.0,0.0,0.0,1.0,1.0,0.0,0.0,0.0
2,95.65,5.12574810119676,3,31.883333333333336,0,0.3435006206774251,0.42851340373679936,0,1.0,0.0,0.0,1.0,0.0,0.0,1.0,0.0,0.0,0.0,0.0,0.0,1.0,0.0
25,105.5,7.8961992165555,5,4.0576923076923075,0,0.3435006206774251,0.44104447164422683,0,1.0,0.0,0.0,1.0,0.0,0.0,1.0,0.0,0.0,0.0,1.0,0.0,1.0,0.0
40,94.55,8.200137232958184,2,2.30609756097561,1,0.21599574392622806,0.4231860559383867,1,0.0,1.0,1.0,1.0,0.0,1.0,1.0,0.0,0.0,0.0,1.0,1.0,0.0,0.0
72,60.95,8.422893500895606,5,0.834931506849315,1,0.21457705266891292,0.02787769784172662,0,1.0,1.0,1.0,0.0,1.0,0.0,0.0,0.0,0.0,1.0,0.0,0.0,0.0,0.0
42,95.25,8.284087684181289,3,2.2151162790697674,1,0.21457705266891292,0.42984953233021556,0,1.0,1.0,0.0,1.0,0.0,1.0,1.0,0.0,0.0,0.0,1.0,0.0,0.0,0.0
37,61.45,7.742119863957441,3,1.6171052631578948,1,0.21599574392622806,0.024346257889990983,0,1.0,0.0,1.0,1.0,0.0,0.0,0.0,0.0,0.0,1.0,0.0,1.0,0.0,0.0
39,86.3,8.09162741160107,2,2.1574999999999998,0,0.22592658272743393,0.42984953233021556,0,1.0,1.0,1.0,1.0,0.0,0.0,1.0,0.0,0.0,0.0,1.0,0.0,0.0,1.0
19,103.3,7.60772910488436,4,5.165,0,0.3435006206774251,0.44104447164422683,0,1.0,1.0,1.0,1.0,0.0,1.0,1.0,0.0,0.0,0.0,0.0,0.0,1.0,0.0
47,90.5,8.370860206954506,6,1.8854166666666667,0,0.22592658272743393,0.024346257889990983,0,1.0,1.0,1.0,1.0,0.0,1.0,0.0,0.0,0.0,1.0,1.0,0.0,0.0,1.0
1,70.7,4.272490747605575,0,35.35,0,0.22592658272743393,0.44104447164422683,0,0.0,0.0,0.0,1.0,0.0,0.0,1.0,0.0,0.0,0.0,1.0,0.0,0.0,1.0
1,50.75,3.9464244321454784,1,25.375,0,0.3435006206774251,0.44104447164422683,0,1.0,0.0,0.0,1.0,0.0,0.0,0.0,0.0,0.0,0.0,1.0,0.0,1.0,0.0
28,70.4,7.59749666640725,0,2.427586206896552,1,0.21457705266891292,0.11158342189160468,0,0.0,1.0,1.0,1.0,0.0,0.0,1.0,0.0,1.0,0.0,1.0,0.0,0.0,0.0
4,75.35,5.826295049131593,0,15.069999999999999,0,0.3435006206774251,0.42984953233021556,0,0.0,0.0,0.0,1.0,0.0,1.0,1.0,0.0,0.0,0.0,0.0,0.0,1.0,0.0
25,74.3,7.530909087721548,5,2.8576923076923078,0,0.22592658272743393,0.11266094420600858,0,0.0,0.0,0.0,1.0,0.0,0.0,0.0,0.0,1.0,0.0,0.0,0.0,0.0,1.0
31,35.4,6.983326465829211,2,1.10625,1,0.21457705266891292,0.42984953233021556,0,1.0,1.0,1.0,0.0,1.0,0.0,0.0,0.0,0.0,0.0,0.0,0.0,0.0,0.0
42,49.55,7.639618237544757,1,1.1523255813953488,0,0.3435006206774251,0.44104447164422683,0,0.0,0.0,0.0,1.0,0.0,0.0,0.0,0.0,0.0,0.0,1.0,0.0,1.0,0.0
52,89.45,8.429181314093023,2,1.687735849056604,1,0.21599574392622806,0.02787769784172662,0,1.0,0.0,0.0,1.0,0.0,1.0,1.0,0.0,0.0,1.0,1.0,1.0,0.0,0.0
1,20.2,3.054001181677967,0,10.1,1,0.21457705266891292,0.4231860559383867,0,0.0,0.0,0.0,1.0,0.0,0.0,0.0,1.0,0.0,0.0,1.0,0.0,0.0,0.0
63,63.55,8.297842438340723,4,0.99296875,0,0.22592658272743393,0.02787769784172662,0,0.0,1.0,1.0,1.0,0.0,0.0,0.0,0.0,0.0,1.0,0.0,0.0,0.0,1.0
3,19.8,4.080076590424396,0,4.95,0,0.22592658272743393,0.44104447164422683,0,1.0,0.0,0.0,1.0,0.0,0.0,0.0,1.0,0.0,0.0,1.0,0.0,0.0,1.0
19,24.85,6.07718342251052,0,1.2425000000000002,0,0.22592658272743393,0.44104447164422683,0,0.0,1.0,1.0,0.0,1.0,0.0,0.0,0.0,0.0,0.0,1.0,0.0,0.0,1.0
6,83.9,6.211703885274802,2,11.985714285714286,0,0.3435006206774251,0.4231860559383867,0,0.0,0.0,0.0,1.0,0.0,0.0,1.0,0.0,0.0,0.0,0.0,0.0,1.0,0.0
12,25.4,5.749392985908253,0,1.9538461538461538,1,0.21457705266891292,0.03211009174311927,0,1.0,1.0,1.0,1.0,0.0,1.0,0.0,1.0,0.0,1.0,1.0,0.0,0.0,0.0
62,108.15,8.828589349076104,6,1.7166666666666668,0,0.22592658272743393,0.021602160216021602,0,1.0,1.0,1.0,1.0,0.0,0.0,1.0,0.0,0.0,1.0,0.0,0.0,0.0,1.0
71,87.95,8.75878158590973,6,1.2215277777777778,1,0.21457705266891292,0.027827648114901255,0,0.0,1.0,0.0,1.0,0.0,1.0,0.0,0.0,0.0,1.0,0.0,0.0,0.0,0.0
51,95.15,8.517403169369324,3,1.8298076923076925,0,0.22592658272743393,0.11882229232386961,0,0.0,1.0,1.0,1.0,0.0,1.0,1.0,0.0,1.0,0.0,1.0,0.0,0.0,1.0
68,84.7,8.65033325748251,2,1.227536231884058,1,0.21457705266891292,0.027827648114901255,0,0.0,1.0,0.0,1.0,0.0,1.0,1.0,0.0,0.0,1.0,1.0,0.0,0.0,0.0
61,50.7,8.035845460469845,4,0.817741935483871,1,0.21457705266891292,0.10683760683760683,0,0.0,1.0,1.0,0.0,1.0,0.0,0.0,0.0,1.0,0.0,1.0,0.0,0.0,0.0
72,26.1,7.524264366252684,0,0.3575342465753425,0,0.22592658272743393,0.021602160216021602,0,1.0,1.0,1.0,1.0,0.0,1.0,0.0,1.0,0.0,1.0,0.0,0.0,0.0,1.0
1,70.3,4.26689632742025,0,35.15,0,0.3435006206774251,0.4231860559383867,0,0.0,0.0,0.0,1.0,0.0,0.0,1.0,0.0,0.0,0.0,1.0,0.0,1.0,0.0
45,78.8,8.188272370947859,5,1.7130434782608694,1,0.21457705266891292,0.11158342189160468,0,1.0,1.0,0.0,1.0,0.0,0.0,0.0,0.0,1.0,0.0,0.0,0.0,0.0,0.0
8,45.45,6.022842082800238,0,5.050000000000001,0,0.3435006206774251,0.44104447164422683,0,0.0,1.0,1.0,1.0,0.0,0.0,0.0,0.0,0.0,0.0,1.0,0.0,1.0,0.0
9,102.6,6.801004909035257,4,10.26,1,0.21599574392622806,0.42851340373679936,0,1.0,1.0,1.0,1.0,0.0,1.0,1.0,0.0,0.0,0.0,1.0,1.0,0.0,0.0
6,20.15,4.879006851617819,0,2.8785714285714286,1,0.21457705266891292,0.4231860559383867,0,1.0,0.0,0.0,1.0,0.0,0.0,0.0,1.0,0.0,0.0,0.0,0.0,0.0,0.0
19,24.9,6.14996290492866,0,1.2449999999999999,1,0.21457705266891292,0.03211009174311927,0,0.0,1.0,1.0,1.0,0.0,1.0,0.0,1.0,0.0,1.0,1.0,0.0,0.0,0.0
51,111.5,8.64896679002568,5,2.144230769230769,0,0.3435006206774251,0.121875,0,0.0,0.0,0.0,1.0,0.0,1.0,1.0,0.0,1.0,0.0,1.0,0.0,1.0,0.0
52,91.6,8.440052934221871,3,1.7283018867924527,1,0.21599574392622806,0.027827648114901255,0,1.0,1.0,0.0,1.0,0.0,1.0,1.0,0.0,0.0,1.0,1.0,1.0,0.0,0.0
70,104.8,8.89699171277515,4,1.476056338028169,0,0.3435006206774251,0.11266094420600858,1,1.0,1.0,0.0,1.0,0.0,1.0,1.0,0.0,1.0,0.0,1.0,0.0,1.0,0.0
32,54.2,7.461985160355414,1,1.6424242424242426,0,0.3435006206774251,0.431938236489232,0,0.0,0.0,0.0,1.0,0.0,1.0,0.0,0.0,0.0,0.0,1.0,0.0,1.0,0.0
1,70.75,4.273187854639731,0,35.375,0,0.22592658272743393,0.42984953233021556,0,0.0,0.0,0.0,1.0,0.0,0.0,1.0,0.0,0.0,0.0,0.0,0.0,0.0,1.0
72,25.55,7.53299828092821,0,0.35000000000000003,1,0.21599574392622806,0.03211009174311927,0,1.0,1.0,1.0,1.0,0.0,1.0,0.0,1.0,0.0,1.0,0.0,1.0,0.0,0.0
12,98.9,7.022823521809812,4,7.607692307692308,1,0.21457705266891292,0.4231860559383867,0,0.0,0.0,0.0,1.0,0.0,0.0,1.0,0.0,0.0,0.0,1.0,0.0,0.0,0.0
14,80.9,7.050816121822789,1,5.3933333333333335,1,0.21457705266891292,0.42984953233021556,0,0.0,1.0,1.0,1.0,0.0,0.0,1.0,0.0,0.0,0.0,1.0,0.0,0.0,0.0
63,109.4,8.858290430491598,5,1.709375,1,0.21457705266891292,0.42851340373679936,1,1.0,0.0,0.0,1.0,0.0,1.0,1.0,0.0,0.0,0.0,1.0,0.0,0.0,0.0
56,103.2,8.656146110968495,4,1.8105263157894738,1,0.21457705266891292,0.021602160216021602,0,0.0,1.0,0.0,1.0,0.0,1.0,1.0,0.0,0.0,1.0,0.0,0.0,0.0,0.0
31,84.75,7.868789904665684,2,2.6484375,1,0.21599574392622806,0.431938236489232,0,0.0,0.0,0.0,1.0,0.0,1.0,1.0,0.0,0.0,0.0,1.0,1.0,0.0,0.0
14,19.35,5.786283696167945,0,1.29,0,0.22592658272743393,0.11158342189160468,0,1.0,0.0,0.0,1.0,0.0,0.0,0.0,1.0,1.0,0.0,0.0,0.0,0.0,1.0
1,19.4,3.0155349008501706,0,9.7,1,0.21599574392622806,0.4231860559383867,0,0.0,0.0,0.0,1.0,0.0,0.0,0.0,1.0,0.0,0.0,0.0,1.0,0.0,0.0
24,93.0,7.718263183815343,2,3.72,0,0.3435006206774251,0.4231860559383867,0,1.0,1.0,0.0,1.0,0.0,1.0,1.0,0.0,0.0,0.0,1.0,0.0,1.0,0.0
13,66.4,6.724733477073789,2,4.742857142857143,1,0.21599574392622806,0.42851340373679936,0,1.0,0.0,1.0,1.0,0.0,0.0,0.0,0.0,0.0,0.0,0.0,1.0,0.0,0.0
43,89.55,8.257839390951315,2,2.0352272727272727,0,0.22592658272743393,0.4231860559383867,1,1.0,0.0,0.0,1.0,0.0,0.0,1.0,0.0,0.0,0.0,1.0,0.0,0.0,1.0
32,30.15,6.833731918633351,1,0.9136363636363636,0,0.22592658272743393,0.11266094420600858,0,0.0,0.0,0.0,0.0,1.0,0.0,0.0,0.0,1.0,0.0,0.0,0.0,0.0,1.0
25,69.75,7.456078979168212,0,2.6826923076923075,0,0.3435006206774251,0.431938236489232,0,1.0,0.0,0.0,1.0,0.0,0.0,1.0,0.0,0.0,0.0,0.0,0.0,1.0,0.0
27,70.55,7.57296584084906,0,2.519642857142857,0,0.3435006206774251,0.431938236489232,1,1.0,1.0,0.0,1.0,0.0,0.0,1.0,0.0,0.0,0.0,1.0,0.0,1.0,0.0
13,56.05,5.979138897417345,1,4.003571428571428,1,0.21457705266891292,0.44104447164422683,0,0.0,0.0,0.0,0.0,1.0,0.0,0.0,0.0,0.0,0.0,1.0,0.0,0.0,0.0
47,54.25,7.839604349772144,1,1.1302083333333333,0,0.3435006206774251,0.44104447164422683,0,1.0,1.0,1.0,1.0,0.0,1.0,0.0,0.0,0.0,0.0,0.0,0.0,1.0,0.0
44,85.15,8.208355576891664,3,1.8922222222222222,0,0.3435006206774251,0.431938236489232,1,0.0,1.0,0.0,1.0,0.0,0.0,1.0,0.0,0.0,0.0,1.0,0.0,1.0,0.0
72,24.85,7.535216613812627,0,0.3404109589041096,1,0.21599574392622806,0.021602160216021602,0,0.0,1.0,0.0,1.0,0.0,1.0,0.0,1.0,0.0,1.0,0.0,1.0,0.0,0.0
9,75.6,6.496096026710645,1,7.56,0,0.3435006206774251,0.431938236489232,0,1.0,0.0,0.0,1.0,0.0,0.0,1.0,0.0,0.0,0.0,0.0,0.0,1.0,0.0
30,105.7,8.06551659150338,5,3.4096774193548387,1,0.21457705266891292,0.431938236489232,1,1.0,1.0,0.0,1.0,0.0,1.0,1.0,0.0,0.0,0.0,1.0,0.0,0.0,0.0
1,54.35,4.013676659154646,1,27.175,0,0.3435006206774251,0.431938236489232,0,1.0,0.0,0.0,1.0,0.0,1.0,0.0,0.0,0.0,0.0,0.0,0.0,1.0,0.0
15,26.35,5.939118066735773,0,1.646875,0,0.3435006206774251,0.44104447164422683,0,1.0,0.0,0.0,1.0,0.0,1.0,0.0,1.0,0.0,0.0,1.0,0.0,1.0,0.0
61,56.05,7.658321950409569,2,0.904032258064516,1,0.21457705266891292,0.42851340373679936,0,1.0,1.0,1.0,0.0,1.0,0.0,0.0,0.0,0.0,0.0,0.0,0.0,0.0,0.0
9,72.9,6.4806578707468585,4,7.290000000000001,0,0.22592658272743393,0.42851340373679936,0,0.0,0.0,1.0,1.0,0.0,0.0,0.0,0.0,0.0,0.0,1.0,0.0,0.0,1.0
4,94.3,6.0531474322955665,2,18.86,0,0.3435006206774251,0.42984953233021556,1,0.0,0.0,0.0,1.0,0.0,1.0,1.0,0.0,0.0,0.0,1.0,0.0,1.0,0.0
22,94.65,7.652331994648445,2,4.115217391304348,1,0.21599574392622806,0.431938236489232,0,1.0,0.0,0.0,1.0,0.0,1.0,1.0,0.0,0.0,0.0,1.0,1.0,0.0,0.0
5,81.3,6.033805387597507,1,13.549999999999999,0,0.3435006206774251,0.4231860559383867,0,1.0,1.0,0.0,1.0,0.0,1.0,1.0,0.0,0.0,0.0,1.0,0.0,1.0,0.0
23,57.2,7.2614708482882175,2,2.3833333333333333,1,0.21599574392622806,0.11882229232386961,0,1.0,1.0,1.0,1.0,0.0,0.0,0.0,0.0,1.0,0.0,0.0,1.0,0.0,0.0
21,99.15,7.5793723409917195,4,4.506818181818182,1,0.21457705266891292,0.42851340373679936,0,0.0,0.0,0.0,1.0,0.0,0.0,1.0,0.0,0.0,0.0,1.0,0.0,0.0,0.0
17,20.15,5.871131387648096,0,1.1194444444444445,0,0.22592658272743393,0.11158342189160468,0,0.0,0.0,0.0,1.0,0.0,0.0,0.0,1.0,1.0,0.0,0.0,0.0,0.0,1.0
14,19.55,5.688668836846153,0,1.3033333333333335,0,0.22592658272743393,0.11882229232386961,0,0.0,1.0,1.0,1.0,0.0,0.0,0.0,1.0,1.0,0.0,0.0,0.0,0.0,1.0
7,19.9,5.159916996812011,0,2.4875,0,0.22592658272743393,0.10683760683760683,0,0.0,0.0,0.0,1.0,0.0,0.0,0.0,1.0,1.0,0.0,0.0,0.0,0.0,1.0
16,80.75,7.187127923562777,2,4.75,1,0.21457705266891292,0.42984953233021556,0,1.0,1.0,0.0,1.0,0.0,0.0,1.0,0.0,0.0,0.0,0.0,0.0,0.0,0.0
49,35.8,7.48605261786314,2,0.716,1,0.21599574392622806,0.11158342189160468,0,0.0,1.0,1.0,0.0,1.0,0.0,0.0,0.0,1.0,0.0,1.0,1.0,0.0,0.0
40,64.1,7.808465258889269,3,1.5634146341463413,1,0.21599574392622806,0.44104447164422683,0,0.0,0.0,1.0,1.0,0.0,0.0,0.0,0.0,0.0,0.0,1.0,1.0,0.0,0.0
18,19.55,5.9667875593955415,0,1.0289473684210526,0,0.22592658272743393,0.431938236489232,0,0.0,0.0,0.0,1.0,0.0,0.0,0.0,1.0,0.0,0.0,1.0,0.0,0.0,1.0
33,100.0,8.108201873531515,3,2.9411764705882355,0,0.3435006206774251,0.42851340373679936,0,0.0,0.0,0.0,1.0,0.0,1.0,1.0,0.0,0.0,0.0,1.0,0.0,1.0,0.0
2,69.8,4.994844608189932,0,23.266666666666666,0,0.3435006206774251,0.42984953233021556,0,1.0,0.0,0.0,1.0,0.0,0.0,1.0,0.0,0.0,0.0,1.0,0.0,1.0,0.0
8,74.85,6.351670748810531,0,8.316666666666666,0,0.3435006206774251,0.4231860559383867,0,1.0,0.0,0.0,1.0,0.0,1.0,1.0,0.0,0.0,0.0,1.0,0.0,1.0,0.0
46,104.4,8.498051145887871,5,2.221276595744681,1,0.21457705266891292,0.024346257889990983,0,0.0,0.0,0.0,1.0,0.0,0.0,1.0,0.0,0.0,1.0,1.0,0.0,0.0,0.0
25,55.55,7.248717420876202,1,2.1365384615384615,1,0.21599574392622806,0.4231860559383867,0,1.0,1.0,0.0,1.0,0.0,1.0,0.0,0.0,0.0,0.0,0.0,1.0,0.0,0.0
15,55.2,6.763365143022739,2,3.45,1,0.21599574392622806,0.121875,0,1.0,0.0,1.0,1.0,0.0,0.0,0.0,0.0,1.0,0.0,0.0,1.0,0.0,0.0
65,104.3,8.813780494338536,4,1.5803030303030303,1,0.21599574392622806,0.03211009174311927,0,0.0,1.0,1.0,1.0,0.0,1.0,1.0,0.0,0.0,1.0,1.0,1.0,0.0,0.0
57,53.45,8.024207485778577,2,0.9215517241379311,0,0.3435006206774251,0.121875,0,0.0,1.0,1.0,1.0,0.0,0.0,0.0,0.0,1.0,0.0,0.0,0.0,1.0,0.0
7,20.0,4.931592086755803,0,2.5,1,0.21457705266891292,0.4231860559383867,0,0.0,0.0,0.0,1.0,0.0,0.0,0.0,1.0,0.0,0.0,0.0,0.0,0.0,0.0
10,65.9,6.493829479956106,3,5.990909090909091,0,0.22592658272743393,0.10683760683760683,0,0.0,1.0,1.0,1.0,0.0,0.0,0.0,0.0,1.0,0.0,1.0,0.0,0.0,1.0
23,40.65,6.854776354191251,3,1.6937499999999999,1,0.21457705266891292,0.10683760683760683,0,1.0,0.0,1.0,0.0,1.0,0.0,0.0,0.0,1.0,0.0,0.0,0.0,0.0,0.0
27,71.6,7.579729894309281,3,2.557142857142857,1,0.21457705266891292,0.4231860559383867,0,1.0,1.0,1.0,1.0,0.0,1.0,0.0,0.0,0.0,0.0,0.0,0.0,0.0,0.0
41,74.55,8.014517599068448,4,1.775,1,0.21599574392622806,0.42984953233021556,0,1.0,1.0,1.0,1.0,0.0,1.0,0.0,0.0,0.0,0.0,1.0,1.0,0.0,0.0
69,26.0,7.494179905620015,0,0.37142857142857144,1,0.21457705266891292,0.021602160216021602,0,1.0,1.0,1.0,1.0,0.0,1.0,0.0,1.0,0.0,1.0,1.0,0.0,0.0,0.0
65,104.1,8.810019509518233,4,1.5772727272727272,1,0.21457705266891292,0.03211009174311927,0,1.0,1.0,1.0,1.0,0.0,1.0,1.0,0.0,0.0,1.0,1.0,0.0,0.0,0.0
64,80.3,8.520926215005344,2,1.2353846153846153,1,0.21599574392622806,0.10683760683760683,1,1.0,1.0,0.0,1.0,0.0,0.0,1.0,0.0,1.0,0.0,0.0,1.0,0.0,0.0
31,20.45,6.460764804045402,0,0.6390625,0,0.22592658272743393,0.024346257889990983,0,1.0,0.0,0.0,1.0,0.0,0.0,0.0,1.0,0.0,1.0,0.0,0.0,0.0,1.0
20,94.55,7.549951211913027,2,4.502380952380952,0,0.3435006206774251,0.42851340373679936,1,1.0,1.0,0.0,1.0,0.0,1.0,1.0,0.0,0.0,0.0,1.0,0.0,1.0,0.0
39,19.75,6.631935899072868,0,0.49375,0,0.22592658272743393,0.024346257889990983,0,0.0,1.0,1.0,1.0,0.0,0.0,0.0,1.0,0.0,1.0,0.0,0.0,0.0,1.0
3,75.85,5.551407994230199,0,18.9625,0,0.3435006206774251,0.44104447164422683,0,0.0,1.0,0.0,1.0,0.0,1.0,1.0,0.0,0.0,0.0,1.0,0.0,1.0,0.0
9,94.75,6.792232187726598,2,9.475,0,0.3435006206774251,0.431938236489232,0,0.0,0.0,0.0,1.0,0.0,1.0,1.0,0.0,0.0,0.0,1.0,0.0,1.0,0.0
72,89.75,8.794355120702646,6,1.2294520547945205,1,0.21599574392622806,0.027827648114901255,0,0.0,1.0,1.0,1.0,0.0,1.0,0.0,0.0,0.0,1.0,0.0,1.0,0.0,0.0
33,24.25,6.732806476517595,0,0.7132352941176471,1,0.21457705266891292,0.44104447164422683,0,0.0,1.0,1.0,1.0,0.0,1.0,0.0,1.0,0.0,0.0,0.0,0.0,0.0,0.0
10,80.25,6.741700694652055,1,7.295454545454546,1,0.21457705266891292,0.4231860559383867,0,0.0,0.0,0.0,1.0,0.0,0.0,1.0,0.0,0.0,0.0,1.0,0.0,0.0,0.0
20,19.25,5.930253816063085,0,0.9166666666666666,1,0.21457705266891292,0.44104447164422683,0,0.0,1.0,0.0,1.0,0.0,0.0,0.0,1.0,0.0,0.0,0.0,0.0,0.0,0.0
3,84.75,5.582932239950347,1,21.1875,1,0.21457705266891292,0.431938236489232,0,0.0,1.0,1.0,1.0,0.0,1.0,1.0,0.0,0.0,0.0,1.0,0.0,0.0,0.0
25,54.3,7.168425802187068,2,2.088461538461538,0,0.3435006206774251,0.4231860559383867,0,1.0,1.0,1.0,1.0,0.0,0.0,0.0,0.0,0.0,0.0,0.0,0.0,1.0,0.0
7,20.65,4.9056450802386244,0,2.58125,0,0.22592658272743393,0.121875,0,0.0,1.0,1.0,1.0,0.0,0.0,0.0,1.0,1.0,0.0,0.0,0.0,0.0,1.0
8,84.95,6.506381788777226,2,9.43888888888889,0,0.3435006206774251,0.42984953233021556,0,0.0,0.0,0.0,1.0,0.0,0.0,1.0,0.0,0.0,0.0,0.0,0.0,1.0,0.0
13,19.45,5.4514675460417115,0,1.3892857142857142,1,0.21599574392622806,0.4231860559383867,0,0.0,0.0,0.0,1.0,0.0,0.0,0.0,1.0,0.0,0.0,0.0,1.0,0.0,0.0
44,84.8,8.25934172892313,2,1.8844444444444444,1,0.21457705266891292,0.42984953233021556,0,0.0,0.0,0.0,1.0,0.0,1.0,1.0,0.0,0.0,0.0,1.0,0.0,0.0,0.0
11,40.4,6.048789613727251,3,3.3666666666666667,1,0.21599574392622806,0.11158342189160468,0,0.0,0.0,0.0,0.0,1.0,0.0,0.0,0.0,1.0,0.0,1.0,1.0,0.0,0.0
43,101.0,8.386947822468757,3,2.2954545454545454,0,0.3435006206774251,0.431938236489232,1,1.0,1.0,0.0,1.0,0.0,1.0,1.0,0.0,0.0,0.0,1.0,0.0,1.0,0.0
34,56.95,7.544596623330987,2,1.6271428571428572,0,0.22592658272743393,0.11266094420600858,0,1.0,0.0,0.0,1.0,0.0,0.0,0.0,0.0,1.0,0.0,0.0,0.0,0.0,1.0
2,35.1,4.244917420701475,1,11.700000000000001,0,0.3435006206774251,0.42984953233021556,0,0.0,1.0,0.0,0.0,1.0,0.0,0.0,0.0,0.0,0.0,1.0,0.0,1.0,0.0
1,75.8,4.341204640153626,1,37.9,0,0.3435006206774251,0.431938236489232,0,0.0,0.0,0.0,1.0,0.0,0.0,1.0,0.0,0.0,0.0,0.0,0.0,1.0,0.0
68,83.0,8.645902978761542,1,1.2028985507246377,0,0.3435006206774251,0.11266094420600858,0,0.0,1.0,1.0,1.0,0.0,1.0,1.0,0.0,1.0,0.0,1.0,0.0,1.0,0.0
22,20.25,6.192873606276185,0,0.8804347826086957,0,0.3435006206774251,0.11882229232386961,0,1.0,1.0,1.0,1.0,0.0,0.0,0.0,1.0,1.0,0.0,0.0,0.0,1.0,0.0
69,84.45,8.674128561819776,2,1.2064285714285714,1,0.21457705266891292,0.11158342189160468,0,0.0,1.0,1.0,1.0,0.0,1.0,1.0,0.0,1.0,0.0,0.0,0.0,0.0,0.0
71,24.65,7.444920938079968,0,0.3423611111111111,1,0.21457705266891292,0.024346257889990983,0,0.0,1.0,0.0,1.0,0.0,1.0,0.0,1.0,0.0,1.0,1.0,0.0,0.0,0.0
56,20.05,6.994941640661053,0,0.3517543859649123,0,0.22592658272743393,0.021602160216021602,0,0.0,1.0,1.0,1.0,0.0,0.0,0.0,1.0,0.0,1.0,0.0,0.0,0.0,1.0
33,74.75,7.805596867187762,4,2.198529411764706,1,0.21599574392622806,0.11266094420600858,0,1.0,1.0,1.0,1.0,0.0,0.0,0.0,0.0,1.0,0.0,0.0,1.0,0.0,0.0
50,70.35,8.170355417755697,0,1.3794117647058823,1,0.21599574392622806,0.02787769784172662,0,0.0,0.0,1.0,1.0,0.0,0.0,1.0,0.0,0.0,1.0,0.0,1.0,0.0,0.0
62,100.15,8.766339715935429,3,1.5896825396825398,0,0.3435006206774251,0.121875,0,0.0,0.0,1.0,1.0,0.0,1.0,1.0,0.0,1.0,0.0,1.0,0.0,1.0,0.0
57,93.75,8.635251744669718,3,1.6163793103448276,0,0.3435006206774251,0.02787769784172662,1,1.0,0.0,0.0,1.0,0.0,1.0,1.0,0.0,0.0,1.0,0.0,0.0,1.0,0.0
30,19.8,6.358968148929027,0,0.6387096774193549,1,0.21599574392622806,0.121875,0,1.0,1.0,0.0,1.0,0.0,0.0,0.0,1.0,1.0,0.0,0.0,1.0,0.0,0.0
48,99.0,8.46492047017834,3,2.020408163265306,0,0.3435006206774251,0.11266094420600858,1,1.0,0.0,0.0,1.0,0.0,1.0,1.0,0.0,1.0,0.0,1.0,0.0,1.0,0.0
66,104.6,8.827680731065456,4,1.5611940298507463,1,0.21599574392622806,0.11882229232386961,1,0.0,1.0,0.0,1.0,0.0,1.0,1.0,0.0,1.0,0.0,0.0,1.0,0.0,0.0
44,54.0,7.8002654821908886,4,1.2,0,0.3435006206774251,0.121875,0,1.0,0.0,0.0,0.0,1.0,0.0,0.0,0.0,1.0,0.0,1.0,0.0,1.0,0.0
1,85.05,4.454928522657548,1,42.525,0,0.3435006206774251,0.431938236489232,1,0.0,0.0,0.0,1.0,0.0,1.0,1.0,0.0,0.0,0.0,1.0,0.0,1.0,0.0
72,24.05,7.444336364947839,0,0.32945205479452055,1,0.21457705266891292,0.024346257889990983,0,0.0,1.0,1.0,1.0,0.0,1.0,0.0,1.0,0.0,1.0,1.0,0.0,0.0,0.0
46,85.0,8.286622124273231,2,1.8085106382978724,0,0.3435006206774251,0.42851340373679936,1,1.0,0.0,0.0,1.0,0.0,0.0,1.0,0.0,0.0,0.0,0.0,0.0,1.0,0.0
71,100.45,8.876363020539099,4,1.395138888888889,0,0.3435006206774251,0.03211009174311927,0,0.0,1.0,1.0,1.0,0.0,1.0,1.0,0.0,0.0,1.0,0.0,0.0,1.0,0.0
16,95.6,7.350291355299401,3,5.623529411764705,1,0.21599574392622806,0.44104447164422683,0,0.0,0.0,0.0,1.0,0.0,1.0,1.0,0.0,0.0,0.0,1.0,1.0,0.0,0.0
31,99.45,8.042667352375865,4,3.1078125,1,0.21457705266891292,0.03211009174311927,0,1.0,0.0,0.0,1.0,0.0,0.0,1.0,0.0,0.0,1.0,0.0,0.0,0.0,0.0
50,103.85,8.520966065168736,4,2.0362745098039214,1,0.21457705266891292,0.431938236489232,0,1.0,1.0,1.0,1.0,0.0,1.0,1.0,0.0,0.0,0.0,1.0,0.0,0.0,0.0
52,98.15,8.516072563747533,4,1.8518867924528304,1,0.21457705266891292,0.4231860559383867,0,0.0,1.0,1.0,1.0,0.0,1.0,1.0,0.0,0.0,0.0,0.0,0.0,0.0,0.0
63,81.15,8.561305766034558,2,1.26796875,1,0.21599574392622806,0.10683760683760683,0,0.0,1.0,0.0,1.0,0.0,0.0,1.0,0.0,1.0,0.0,1.0,1.0,0.0,0.0
72,65.65,8.447950288674077,6,0.8993150684931508,1,0.21457705266891292,0.024346257889990983,0,1.0,1.0,1.0,0.0,1.0,0.0,0.0,0.0,0.0,1.0,1.0,0.0,0.0,0.0
69,106.4,8.889156667870047,5,1.52,1,0.21599574392622806,0.10683760683760683,0,0.0,1.0,0.0,1.0,0.0,0.0,1.0,0.0,1.0,0.0,1.0,1.0,0.0,0.0
55,79.4,8.352188822830897,2,1.417857142857143,0,0.3435006206774251,0.4231860559383867,0,1.0,1.0,1.0,1.0,0.0,0.0,1.0,0.0,0.0,0.0,0.0,0.0,1.0,0.0
38,20.05,6.520915634997138,0,0.5141025641025642,0,0.22592658272743393,0.11266094420600858,0,0.0,0.0,0.0,1.0,0.0,0.0,0.0,1.0,1.0,0.0,0.0,0.0,0.0,1.0
39,19.9,6.674750767821052,0,0.49749999999999994,0,0.22592658272743393,0.11882229232386961,0,1.0,0.0,0.0,1.0,0.0,0.0,0.0,1.0,1.0,0.0,0.0,0.0,0.0,1.0
3,50.15,5.086669980372253,1,12.5375,0,0.22592658272743393,0.44104447164422683,0,1.0,0.0,0.0,1.0,0.0,0.0,0.0,0.0,0.0,0.0,1.0,0.0,0.0,1.0
64,94.25,8.713154633914227,3,1.45,0,0.3435006206774251,0.4231860559383867,1,1.0,1.0,0.0,1.0,0.0,1.0,1.0,0.0,0.0,0.0,1.0,0.0,1.0,0.0
9,34.7,5.694068782468562,1,3.47,1,0.21599574392622806,0.4231860559383867,0,1.0,0.0,0.0,0.0,1.0,0.0,0.0,0.0,0.0,0.0,1.0,1.0,0.0,0.0
61,19.1,7.042985228242241,0,0.3080645161290323,1,0.21599574392622806,0.11882229232386961,0,0.0,1.0,1.0,1.0,0.0,0.0,0.0,1.0,1.0,0.0,0.0,1.0,0.0,0.0
58,59.9,8.16225958760722,2,1.0152542372881355,1,0.21599574392622806,0.027827648114901255,0,0.0,1.0,0.0,1.0,0.0,1.0,0.0,0.0,0.0,1.0,1.0,1.0,0.0,0.0
1,68.95,4.24778070111149,0,34.475,0,0.3435006206774251,0.42851340373679936,0,0.0,1.0,0.0,1.0,0.0,0.0,1.0,0.0,0.0,0.0,1.0,0.0,1.0,0.0
3,29.2,4.600157644164547,1,7.3,0,0.22592658272743393,0.42984953233021556,0,0.0,0.0,0.0,0.0,1.0,0.0,0.0,0.0,0.0,0.0,0.0,0.0,0.0,1.0
2,20.0,3.517497837358316,0,6.666666666666667,0,0.22592658272743393,0.431938236489232,0,1.0,0.0,0.0,1.0,0.0,0.0,0.0,1.0,0.0,0.0,0.0,0.0,0.0,1.0
72,90.8,8.781524750259768,2,1.2438356164383562,1,0.21599574392622806,0.02787769784172662,0,1.0,1.0,1.0,1.0,0.0,1.0,1.0,0.0,0.0,1.0,1.0,1.0,0.0,0.0
41,20.45,6.654925417297567,0,0.4869047619047619,0,0.3435006206774251,0.431938236489232,0,0.0,0.0,0.0,1.0,0.0,0.0,0.0,1.0,0.0,0.0,0.0,0.0,1.0,0.0
17,70.4,7.102540507191292,0,3.9111111111111114,1,0.21457705266891292,0.42851340373679936,0,1.0,1.0,0.0,1.0,0.0,0.0,1.0,0.0,0.0,0.0,1.0,0.0,0.0,0.0
47,20.45,6.8501261661455,0,0.42604166666666665,1,0.21457705266891292,0.02787769784172662,0,1.0,0.0,0.0,1.0,0.0,0.0,0.0,1.0,0.0,1.0,0.0,0.0,0.0,0.0
2,80.55,5.220896219579452,1,26.849999999999998,0,0.3435006206774251,0.42984953233021556,0,0.0,0.0,0.0,1.0,0.0,0.0,1.0,0.0,0.0,0.0,0.0,0.0,1.0,0.0
54,105.2,8.63743542299231,4,1.9127272727272728,0,0.3435006206774251,0.11882229232386961,0,1.0,1.0,1.0,1.0,0.0,1.0,1.0,0.0,1.0,0.0,1.0,0.0,1.0,0.0
4,83.25,5.733503076105283,1,16.65,0,0.3435006206774251,0.431938236489232,1,0.0,1.0,0.0,1.0,0.0,1.0,1.0,0.0,0.0,0.0,1.0,0.0,1.0,0.0
58,94.7,8.599943000811983,3,1.605084745762712,1,0.21599574392622806,0.10683760683760683,0,1.0,1.0,1.0,1.0,0.0,1.0,1.0,0.0,1.0,0.0,1.0,1.0,0.0,0.0
30,100.2,8.001288021906948,3,3.232258064516129,0,0.3435006206774251,0.42851340373679936,0,0.0,0.0,0.0,1.0,0.0,1.0,1.0,0.0,0.0,0.0,1.0,0.0,1.0,0.0
71,73.5,8.586486017912186,4,1.0208333333333333,1,0.21599574392622806,0.02787769784172662,0,1.0,1.0,0.0,1.0,0.0,1.0,0.0,0.0,0.0,1.0,0.0,1.0,0.0,0.0
70,90.25,8.762012125129507,3,1.2711267605633803,1,0.21457705266891292,0.11158342189160468,0,0.0,0.0,0.0,1.0,0.0,1.0,1.0,0.0,1.0,0.0,1.0,0.0,0.0,0.0
71,90.35,8.752462922528288,6,1.254861111111111,0,0.3435006206774251,0.021602160216021602,0,1.0,1.0,1.0,1.0,0.0,1.0,0.0,0.0,0.0,1.0,0.0,0.0,1.0,0.0
67,100.9,8.81494687449521,4,1.4838235294117648,1,0.21599574392622806,0.11266094420600858,0,1.0,1.0,0.0,1.0,0.0,0.0,1.0,0.0,1.0,0.0,1.0,1.0,0.0,0.0
72,64.45,8.442922129040952,6,0.8828767123287672,1,0.21599574392622806,0.024346257889990983,1,1.0,1.0,0.0,0.0,1.0,0.0,0.0,0.0,0.0,1.0,1.0,1.0,0.0,0.0
35,24.3,6.712470055796324,0,0.675,1,0.21457705266891292,0.03211009174311927,0,0.0,1.0,1.0,1.0,0.0,1.0,0.0,1.0,0.0,1.0,0.0,0.0,0.0,0.0
10,55.2,6.271649838789389,2,5.0181818181818185,1,0.21599574392622806,0.4231860559383867,0,0.0,1.0,1.0,1.0,0.0,0.0,0.0,0.0,0.0,0.0,0.0,1.0,0.0,0.0
40,50.85,7.61950338469122,3,1.2402439024390244,0,0.3435006206774251,0.4231860559383867,0,0.0,1.0,1.0,0.0,1.0,0.0,0.0,0.0,0.0,0.0,1.0,0.0,1.0,0.0
2,76.5,5.09650713317022,0,25.5,0,0.3435006206774251,0.42984953233021556,0,1.0,0.0,0.0,1.0,0.0,1.0,1.0,0.0,0.0,0.0,1.0,0.0,1.0,0.0
16,74.75,7.030282598261829,0,4.397058823529412,1,0.21599574392622806,0.4231860559383867,0,0.0,0.0,0.0,1.0,0.0,1.0,1.0,0.0,0.0,0.0,1.0,1.0,0.0,0.0
2,59.0,4.746235626266694,2,19.666666666666668,0,0.3435006206774251,0.431938236489232,0,0.0,0.0,0.0,1.0,0.0,0.0,0.0,0.0,0.0,0.0,1.0,0.0,1.0,0.0
16,69.65,6.951102083485503,0,4.097058823529412,0,0.3435006206774251,0.431938236489232,1,1.0,0.0,0.0,1.0,0.0,0.0,1.0,0.0,0.0,0.0,0.0,0.0,1.0,0.0
42,54.55,7.806309647365994,2,1.2686046511627906,0,0.3435006206774251,0.44104447164422683,0,0.0,0.0,0.0,1.0,0.0,0.0,0.0,0.0,0.0,0.0,0.0,0.0,1.0,0.0
58,19.55,6.985317990929928,0,0.3313559322033898,1,0.21599574392622806,0.03211009174311927,0,0.0,1.0,1.0,1.0,0.0,0.0,0.0,1.0,0.0,1.0,0.0,1.0,0.0,0.0
50,104.4,8.562911977061184,4,2.047058823529412,0,0.22592658272743393,0.11882229232386961,0,0.0,1.0,0.0,1.0,0.0,1.0,1.0,0.0,1.0,0.0,1.0,0.0,0.0,1.0
54,115.6,8.769048584460428,6,2.1018181818181816,1,0.21457705266891292,0.11158342189160468,1,0.0,1.0,0.0,1.0,0.0,1.0,1.0,0.0,1.0,0.0,1.0,0.0,0.0,0.0
29,87.8,7.871978664611595,2,2.9266666666666667,1,0.21599574392622806,0.42851340373679936,0,0.0,1.0,1.0,1.0,0.0,0.0,1.0,0.0,0.0,0.0,1.0,1.0,0.0,0.0
36,19.25,6.523268577259164,0,0.5202702702702703,1,0.21457705266891292,0.11266094420600858,0,0.0,0.0,0.0,1.0,0.0,0.0,0.0,1.0,1.0,0.0,1.0,0.0,0.0,0.0
7,80.3,6.268527940411622,1,10.0375,0,0.22592658272743393,0.431938236489232,0,0.0,0.0,0.0,1.0,0.0,0.0,1.0,0.0,0.0,0.0,1.0,0.0,0.0,1.0
4,25.45,4.44500143383527,0,5.09,0,0.22592658272743393,0.431938236489232,0,0.0,0.0,1.0,1.0,0.0,1.0,0.0,1.0,0.0,0.0,1.0,0.0,0.0,1.0
12,45.4,6.25363648538967,0,3.4923076923076923,1,0.21457705266891292,0.42984953233021556,0,1.0,0.0,0.0,1.0,0.0,0.0,0.0,0.0,0.0,0.0,1.0,0.0,0.0,0.0
5,69.95,5.772686453303412,0,11.658333333333333,1,0.21599574392622806,0.44104447164422683,0,0.0,1.0,1.0,1.0,0.0,0.0,1.0,0.0,0.0,0.0,0.0,1.0,0.0,0.0
32,70.5,7.6974618587468395,4,2.1363636363636362,0,0.22592658272743393,0.11266094420600858,0,1.0,1.0,0.0,1.0,0.0,0.0,0.0,0.0,1.0,0.0,0.0,0.0,0.0,1.0
47,74.05,8.15974652120194,4,1.5427083333333333,0,0.22592658272743393,0.027827648114901255,0,0.0,0.0,0.0,1.0,0.0,1.0,0.0,0.0,0.0,1.0,0.0,0.0,0.0,1.0
18,95.45,7.4693975835734765,2,5.023684210526316,0,0.3435006206774251,0.4231860559383867,1,1.0,0.0,0.0,1.0,0.0,1.0,1.0,0.0,0.0,0.0,1.0,0.0,1.0,0.0
2,24.35,3.7577056450437887,0,8.116666666666667,0,0.3435006206774251,0.4231860559383867,1,0.0,0.0,0.0,0.0,1.0,0.0,0.0,0.0,0.0,0.0,0.0,0.0,1.0,0.0
50,108.55,8.632608982915363,5,2.1284313725490196,0,0.3435006206774251,0.10683760683760683,0,0.0,1.0,0.0,1.0,0.0,1.0,1.0,0.0,1.0,0.0,0.0,0.0,1.0,0.0
17,20.75,6.038467400703318,0,1.1527777777777777,0,0.22592658272743393,0.11882229232386961,0,0.0,1.0,1.0,1.0,0.0,0.0,0.0,1.0,1.0,0.0,0.0,0.0,0.0,1.0
4,35.0,4.91815444130209,2,7.0,0,0.22592658272743393,0.42984953233021556,0,0.0,0.0,0.0,0.0,1.0,0.0,0.0,0.0,0.0,0.0,0.0,0.0,0.0,1.0
19,19.9,5.909576387635298,0,0.9949999999999999,0,0.22592658272743393,0.42851340373679936,0,0.0,0.0,0.0,1.0,0.0,0.0,0.0,1.0,0.0,0.0,0.0,0.0,0.0,1.0
35,25.75,6.783947883254065,0,0.7152777777777778,0,0.3435006206774251,0.42984953233021556,0,0.0,1.0,1.0,1.0,0.0,1.0,0.0,1.0,0.0,0.0,1.0,0.0,1.0,0.0
4,38.55,5.056882545261575,2,7.709999999999999,1,0.21599574392622806,0.42984953233021556,0,1.0,1.0,1.0,0.0,1.0,0.0,0.0,0.0,0.0,0.0,0.0,1.0,0.0,0.0
27,48.7,7.260346897483234,1,1.7392857142857143,1,0.21599574392622806,0.11158342189160468,0,1.0,1.0,0.0,1.0,0.0,0.0,0.0,0.0,1.0,0.0,0.0,1.0,0.0,0.0
70,114.75,8.967414943150516,6,1.6161971830985915,1,0.21599574392622806,0.027827648114901255,0,1.0,1.0,1.0,1.0,0.0,1.0,1.0,0.0,0.0,1.0,0.0,1.0,0.0,0.0
8,20.15,5.1149953094204985,0,2.238888888888889,0,0.22592658272743393,0.027827648114901255,0,1.0,1.0,1.0,1.0,0.0,0.0,0.0,1.0,0.0,1.0,0.0,0.0,0.0,1.0
55,77.75,8.402713443891228,1,1.3883928571428572,0,0.3435006206774251,0.42851340373679936,0,0.0,1.0,0.0,1.0,0.0,1.0,1.0,0.0,0.0,0.0,1.0,0.0,1.0,0.0
4,56.05,5.4785534168509695,1,11.209999999999999,0,0.22592658272743393,0.44104447164422683,0,1.0,0.0,0.0,1.0,0.0,0.0,0.0,0.0,0.0,0.0,1.0,0.0,0.0,1.0
21,19.6,5.969730054961976,0,0.890909090909091,0,0.22592658272743393,0.03211009174311927,0,1.0,0.0,0.0,1.0,0.0,0.0,0.0,1.0,0.0,1.0,0.0,0.0,0.0,1.0
24,20.8,6.154114717993229,0,0.8320000000000001,1,0.21599574392622806,0.11882229232386961,0,1.0,1.0,1.0,1.0,0.0,0.0,0.0,1.0,1.0,0.0,1.0,1.0,0.0,0.0
72,107.45,8.943675874746871,5,1.4719178082191782,1,0.21599574392622806,0.021602160216021602,0,0.0,1.0,1.0,1.0,0.0,1.0,1.0,0.0,0.0,1.0,0.0,1.0,0.0,0.0
24,24.6,6.407292442251693,0,0.9840000000000001,1,0.21457705266891292,0.121875,0,0.0,0.0,0.0,1.0,0.0,1.0,0.0,1.0,1.0,0.0,0.0,0.0,0.0,0.0
25,19.15,6.170865175474273,0,0.7365384615384615,0,0.22592658272743393,0.42984953233021556,0,1.0,1.0,1.0,1.0,0.0,0.0,0.0,1.0,0.0,0.0,1.0,0.0,0.0,1.0
19,90.6,7.415175109613295,2,4.529999999999999,0,0.3435006206774251,0.42984953233021556,1,1.0,0.0,0.0,1.0,0.0,1.0,1.0,0.0,0.0,0.0,1.0,0.0,1.0,0.0
47,86.95,8.32842691193826,6,1.8114583333333334,1,0.21457705266891292,0.11158342189160468,0,1.0,0.0,0.0,1.0,0.0,0.0,0.0,0.0,1.0,0.0,1.0,0.0,0.0,0.0
72,75.4,8.609088456120492,4,1.0328767123287672,1,0.21457705266891292,0.03211009174311927,0,1.0,1.0,1.0,1.0,0.0,0.0,0.0,0.0,0.0,1.0,1.0,0.0,0.0,0.0
59,85.55,8.53417812725548,1,1.4258333333333333,0,0.3435006206774251,0.121875,0,1.0,1.0,0.0,1.0,0.0,1.0,1.0,0.0,1.0,0.0,0.0,0.0,1.0,0.0
8,20.85,5.091600652919361,0,2.316666666666667,0,0.22592658272743393,0.027827648114901255,0,0.0,0.0,0.0,1.0,0.0,0.0,0.0,1.0,0.0,1.0,0.0,0.0,0.0,1.0
7,61.4,6.086547428354674,3,7.675,0,0.3435006206774251,0.4231860559383867,0,0.0,0.0,0.0,1.0,0.0,0.0,0.0,0.0,0.0,0.0,0.0,0.0,1.0,0.0
2,71.3,5.067330637772801,0,23.766666666666666,1,0.21599574392622806,0.42851340373679936,0,1.0,0.0,0.0,1.0,0.0,0.0,1.0,0.0,0.0,0.0,1.0,1.0,0.0,0.0
19,19.8,5.844992643207725,0,0.99,0,0.22592658272743393,0.11266094420600858,0,1.0,1.0,1.0,1.0,0.0,0.0,0.0,1.0,1.0,0.0,0.0,0.0,0.0,1.0
72,20.7,7.302024614329567,0,0.28356164383561644,0,0.22592658272743393,0.03211009174311927,0,0.0,1.0,1.0,1.0,0.0,0.0,0.0,1.0,0.0,1.0,1.0,0.0,0.0,1.0
54,20.05,7.00615160083833,0,0.36454545454545456,1,0.21599574392622806,0.03211009174311927,0,0.0,1.0,0.0,1.0,0.0,0.0,0.0,1.0,0.0,1.0,0.0,1.0,0.0,0.0
1,80.55,4.401216329067023,1,40.275,0,0.3435006206774251,0.42851340373679936,0,1.0,1.0,0.0,1.0,0.0,0.0,1.0,0.0,0.0,0.0,1.0,0.0,1.0,0.0
2,69.8,4.9104465668408235,0,23.266666666666666,1,0.21599574392622806,0.42984953233021556,0,1.0,0.0,0.0,1.0,0.0,0.0,1.0,0.0,0.0,0.0,1.0,1.0,0.0,0.0
16,20.5,5.675211517668165,0,1.2058823529411764,0,0.22592658272743393,0.024346257889990983,0,1.0,1.0,1.0,1.0,0.0,0.0,0.0,1.0,0.0,1.0,0.0,0.0,0.0,1.0
37,20.35,6.549149901526457,0,0.5355263157894737,1,0.21457705266891292,0.42851340373679936,0,1.0,1.0,0.0,1.0,0.0,0.0,0.0,1.0,0.0,0.0,0.0,0.0,0.0,0.0
69,56.55,8.282394481856118,4,0.8078571428571428,1,0.21599574392622806,0.024346257889990983,1,1.0,1.0,0.0,0.0,1.0,0.0,0.0,0.0,0.0,1.0,0.0,1.0,0.0,0.0
1,43.8,3.8022081394209395,0,21.9,0,0.3435006206774251,0.42984953233021556,0,0.0,0.0,0.0,1.0,0.0,0.0,0.0,0.0,0.0,0.0,0.0,0.0,1.0,0.0
49,40.65,7.636148939729152,2,0.813,1,0.21457705266891292,0.431938236489232,0,0.0,1.0,0.0,0.0,1.0,0.0,0.0,0.0,0.0,0.0,0.0,0.0,0.0,0.0
63,40.6,7.859393849487934,3,0.634375,1,0.21457705266891292,0.11266094420600858,0,1.0,0.0,1.0,0.0,1.0,0.0,0.0,0.0,1.0,0.0,1.0,0.0,0.0,0.0
72,109.7,8.974548415778346,5,1.5027397260273974,1,0.21599574392622806,0.02787769784172662,1,1.0,1.0,0.0,1.0,0.0,1.0,1.0,0.0,0.0,1.0,0.0,1.0,0.0,0.0
24,89.85,7.680660511320358,2,3.594,0,0.22592658272743393,0.4231860559383867,0,1.0,0.0,0.0,1.0,0.0,1.0,1.0,0.0,0.0,0.0,1.0,0.0,0.0,1.0
1,75.35,4.335328031664641,0,37.675,0,0.3435006206774251,0.4231860559383867,1,1.0,0.0,0.0,1.0,0.0,1.0,1.0,0.0,0.0,0.0,1.0,0.0,1.0,0.0
42,54.5,7.7415987478887605,2,1.2674418604651163,0,0.22592658272743393,0.42984953233021556,0,1.0,1.0,1.0,1.0,0.0,0.0,0.0,0.0,0.0,0.0,0.0,0.0,0.0,1.0
29,19.35,6.401253626696201,0,0.645,1,0.21599574392622806,0.44104447164422683,0,0.0,0.0,0.0,1.0,0.0,0.0,0.0,1.0,0.0,0.0,0.0,1.0,0.0,0.0
63,84.0,8.581209701329653,6,1.3125,1,0.21457705266891292,0.11158342189160468,1,1.0,1.0,0.0,1.0,0.0,0.0,0.0,0.0,1.0,0.0,1.0,0.0,0.0,0.0
13,45.55,6.393590753950631,3,3.2535714285714286,1,0.21599574392622806,0.4231860559383867,0,1.0,0.0,0.0,0.0,1.0,0.0,0.0,0.0,0.0,0.0,1.0,1.0,0.0,0.0
59,94.75,8.630280776232281,3,1.5791666666666666,0,0.3435006206774251,0.42984953233021556,0,0.0,1.0,0.0,1.0,0.0,1.0,1.0,0.0,0.0,0.0,1.0,0.0,1.0,0.0
62,104.85,8.750508831171802,4,1.6642857142857141,0,0.3435006206774251,0.10683760683760683,1,0.0,1.0,0.0,1.0,0.0,1.0,1.0,0.0,1.0,0.0,1.0,0.0,1.0,0.0
13,100.35,7.215129678529607,3,7.167857142857143,0,0.3435006206774251,0.42984953233021556,0,0.0,0.0,0.0,1.0,0.0,1.0,1.0,0.0,0.0,0.0,1.0,0.0,1.0,0.0
27,95.0,7.809358678104415,2,3.392857142857143,1,0.21599574392622806,0.4231860559383867,0,0.0,1.0,0.0,1.0,0.0,1.0,1.0,0.0,0.0,0.0,0.0,1.0,0.0,0.0
1,25.2,3.265759410767051,0,12.6,0,0.3435006206774251,0.44104447164422683,1,0.0,0.0,0.0,0.0,1.0,0.0,0.0,0.0,0.0,0.0,1.0,0.0,1.0,0.0
45,20.35,6.835399616789997,0,0.44239130434782614,0,0.22592658272743393,0.024346257889990983,0,1.0,1.0,1.0,1.0,0.0,0.0,0.0,1.0,0.0,1.0,0.0,0.0,0.0,1.0
57,69.85,8.295049140435111,4,1.204310344827586,1,0.21457705266891292,0.024346257889990983,1,0.0,0.0,0.0,1.0,0.0,0.0,0.0,0.0,0.0,1.0,0.0,0.0,0.0,0.0
59,64.05,8.265611584589179,5,1.0675,1,0.21599574392622806,0.024346257889990983,1,1.0,1.0,0.0,0.0,1.0,0.0,0.0,0.0,0.0,1.0,1.0,1.0,0.0,0.0
58,50.0,7.97962994879255,4,0.847457627118644,0,0.22592658272743393,0.11158342189160468,0,1.0,1.0,1.0,0.0,1.0,0.0,0.0,0.0,1.0,0.0,0.0,0.0,0.0,1.0
53,54.45,7.957019748019907,4,1.0083333333333333,0,0.3435006206774251,0.431938236489232,1,1.0,0.0,0.0,0.0,1.0,0.0,0.0,0.0,0.0,0.0,1.0,0.0,1.0,0.0
1,19.2,3.005682604407159,0,9.6,0,0.3435006206774251,0.44104447164422683,0,1.0,0.0,0.0,1.0,0.0,0.0,0.0,1.0,0.0,0.0,0.0,0.0,1.0,0.0
1,20.95,3.08876713952118,0,10.475,0,0.22592658272743393,0.4231860559383867,0,0.0,0.0,0.0,1.0,0.0,0.0,0.0,1.0,0.0,0.0,0.0,0.0,0.0,1.0
6,20.2,4.825509809969567,0,2.8857142857142857,0,0.22592658272743393,0.42984953233021556,0,0.0,0.0,0.0,1.0,0.0,0.0,0.0,1.0,0.0,0.0,0.0,0.0,0.0,1.0
4,70.2,5.639599445879288,0,14.040000000000001,0,0.3435006206774251,0.42984953233021556,1,1.0,1.0,0.0,1.0,0.0,0.0,1.0,0.0,0.0,0.0,1.0,0.0,1.0,0.0
71,19.6,7.235943296015653,0,0.27222222222222225,1,0.21457705266891292,0.027827648114901255,0,1.0,1.0,1.0,1.0,0.0,0.0,0.0,1.0,0.0,1.0,1.0,0.0,0.0,0.0
7,24.35,5.022893191491757,0,3.04375,1,0.21599574392622806,0.10683760683760683,0,1.0,0.0,0.0,0.0,1.0,0.0,0.0,0.0,1.0,0.0,1.0,1.0,0.0,0.0
44,54.3,7.779655155521484,4,1.2066666666666666,1,0.21457705266891292,0.027827648114901255,0,1.0,1.0,0.0,0.0,1.0,0.0,0.0,0.0,0.0,1.0,0.0,0.0,0.0,0.0
67,59.55,8.319936661053873,5,0.8757352941176471,0,0.3435006206774251,0.024346257889990983,0,0.0,1.0,1.0,0.0,1.0,0.0,0.0,0.0,0.0,1.0,1.0,0.0,1.0,0.0
43,63.95,7.915001267186403,3,1.4534090909090909,0,0.3435006206774251,0.431938236489232,0,0.0,0.0,1.0,1.0,0.0,0.0,0.0,0.0,0.0,0.0,1.0,0.0,1.0,0.0
1,30.5,3.449987545831587,1,15.25,1,0.21457705266891292,0.431938236489232,0,0.0,1.0,1.0,0.0,1.0,0.0,0.0,0.0,0.0,0.0,0.0,0.0,0.0,0.0
4,55.5,5.430879539631008,1,11.1,1,0.21599574392622806,0.4231860559383867,0,0.0,0.0,0.0,1.0,0.0,0.0,0.0,0.0,0.0,0.0,0.0,1.0,0.0,0.0
2,20.45,3.7716108517114013,0,6.816666666666666,0,0.3435006206774251,0.44104447164422683,0,0.0,0.0,0.0,1.0,0.0,0.0,0.0,1.0,0.0,0.0,1.0,0.0,1.0,0.0
10,19.95,5.395897694886901,0,1.8136363636363635,1,0.21457705266891292,0.121875,0,1.0,0.0,1.0,1.0,0.0,0.0,0.0,1.0,1.0,0.0,1.0,0.0,0.0,0.0
35,19.6,6.5337161608738255,0,0.5444444444444445,0,0.22592658272743393,0.027827648114901255,0,1.0,1.0,1.0,1.0,0.0,0.0,0.0,1.0,0.0,1.0,0.0,0.0,0.0,1.0
27,104.3,7.9616316738088555,4,3.725,1,0.21457705266891292,0.44104447164422683,1,0.0,1.0,0.0,1.0,0.0,1.0,1.0,0.0,0.0,0.0,1.0,0.0,0.0,0.0
70,105.35,8.924376822018367,5,1.4838028169014084,1,0.21599574392622806,0.021602160216021602,1,1.0,1.0,0.0,1.0,0.0,0.0,1.0,0.0,0.0,1.0,0.0,1.0,0.0,0.0
1,45.95,3.849083205654272,0,22.975,0,0.22592658272743393,0.42984953233021556,0,0.0,0.0,0.0,1.0,0.0,0.0,0.0,0.0,0.0,0.0,0.0,0.0,0.0,1.0
9,55.35,6.110912862083427,1,5.535,0,0.3435006206774251,0.42984953233021556,0,1.0,0.0,1.0,1.0,0.0,0.0,0.0,0.0,0.0,0.0,0.0,0.0,1.0,0.0
56,21.2,7.122584360692262,0,0.3719298245614035,0,0.22592658272743393,0.10683760683760683,0,1.0,0.0,1.0,1.0,0.0,0.0,0.0,1.0,1.0,0.0,1.0,0.0,0.0,1.0
67,105.05,8.878037431746998,5,1.5448529411764707,0,0.3435006206774251,0.02787769784172662,1,1.0,0.0,0.0,1.0,0.0,0.0,1.0,0.0,0.0,1.0,1.0,0.0,1.0,0.0
63,19.15,7.071615808132508,0,0.29921875,0,0.22592658272743393,0.03211009174311927,0,1.0,1.0,1.0,1.0,0.0,0.0,0.0,1.0,0.0,1.0,1.0,0.0,0.0,1.0
62,26.0,7.402268577255823,0,0.4126984126984127,1,0.21457705266891292,0.02787769784172662,0,0.0,0.0,1.0,1.0,0.0,1.0,0.0,1.0,0.0,1.0,0.0,0.0,0.0,0.0
11,25.2,5.7747068129929,0,2.1,0,0.3435006206774251,0.44104447164422683,0,0.0,0.0,1.0,0.0,1.0,0.0,0.0,0.0,0.0,0.0,0.0,0.0,1.0,0.0
24,19.7,6.117105517060953,0,0.7879999999999999,0,0.22592658272743393,0.027827648114901255,0,0.0,1.0,1.0,1.0,0.0,0.0,0.0,1.0,0.0,1.0,0.0,0.0,0.0,1.0
70,49.85,8.123024043049924,4,0.7021126760563381,1,0.21457705266891292,0.027827648114901255,0,0.0,1.0,0.0,0.0,1.0,0.0,0.0,0.0,0.0,1.0,1.0,0.0,0.0,0.0
53,73.9,8.283809892371835,4,1.3685185185185187,1,0.21457705266891292,0.027827648114901255,0,1.0,0.0,0.0,1.0,0.0,1.0,0.0,0.0,0.0,1.0,1.0,0.0,0.0,0.0
12,75.85,6.7516276462706575,3,5.834615384615384,0,0.3435006206774251,0.11158342189160468,0,0.0,0.0,0.0,1.0,0.0,1.0,0.0,0.0,1.0,0.0,1.0,0.0,1.0,0.0
1,74.25,4.3208159036289855,0,37.125,0,0.22592658272743393,0.42851340373679936,0,1.0,0.0,0.0,1.0,0.0,1.0,1.0,0.0,0.0,0.0,1.0,0.0,0.0,1.0
44,49.05,7.725771441587952,3,1.0899999999999999,0,0.3435006206774251,0.11882229232386961,0,0.0,0.0,0.0,0.0,1.0,0.0,0.0,0.0,1.0,0.0,1.0,0.0,1.0,0.0
13,45.3,6.271838731876463,2,3.2357142857142853,0,0.3435006206774251,0.431938236489232,1,0.0,1.0,0.0,0.0,1.0,0.0,0.0,0.0,0.0,0.0,0.0,0.0,1.0,0.0
30,66.3,7.562421472723801,3,2.138709677419355,1,0.21457705266891292,0.42851340373679936,0,0.0,1.0,1.0,1.0,0.0,0.0,0.0,0.0,0.0,0.0,0.0,0.0,0.0,0.0
61,25.3,7.349809435320917,0,0.4080645161290323,1,0.21457705266891292,0.03211009174311927,0,0.0,1.0,0.0,1.0,0.0,1.0,0.0,1.0,0.0,1.0,0.0,0.0,0.0,0.0
2,24.85,4.143134726391533,0,8.283333333333333,0,0.22592658272743393,0.42851340373679936,0,1.0,0.0,0.0,1.0,0.0,1.0,0.0,1.0,0.0,0.0,0.0,0.0,0.0,1.0
26,74.95,7.51531733769414,0,2.775925925925926,1,0.21457705266891292,0.44104447164422683,0,0.0,0.0,0.0,1.0,0.0,1.0,1.0,0.0,0.0,0.0,1.0,0.0,0.0,0.0
1,79.05,4.382651439442724,1,39.525,0,0.3435006206774251,0.44104447164422683,0,1.0,0.0,0.0,1.0,0.0,0.0,1.0,0.0,0.0,0.0,1.0,0.0,1.0,0.0
58,24.5,7.31248678473655,0,0.4152542372881356,1,0.21599574392622806,0.10683760683760683,0,0.0,1.0,1.0,1.0,0.0,1.0,0.0,1.0,1.0,0.0,1.0,1.0,0.0,0.0
11,19.5,5.428468051013081,0,1.625,0,0.22592658272743393,0.11158342189160468,0,1.0,0.0,0.0,1.0,0.0,0.0,0.0,1.0,1.0,0.0,0.0,0.0,0.0,1.0
32,90.8,8.014616782458617,3,2.7515151515151515,0,0.3435006206774251,0.11266094420600858,0,1.0,1.0,1.0,1.0,0.0,0.0,1.0,0.0,1.0,0.0,1.0,0.0,1.0,0.0
1,19.95,3.0421386463681466,0,9.975,0,0.3435006206774251,0.4231860559383867,0,1.0,0.0,0.0,1.0,0.0,0.0,0.0,1.0,0.0,0.0,0.0,0.0,1.0,0.0
31,59.05,7.5410462923887165,1,1.8453125,1,0.21599574392622806,0.44104447164422683,0,1.0,1.0,0.0,1.0,0.0,1.0,0.0,0.0,0.0,0.0,1.0,1.0,0.0,0.0
62,43.7,7.870662385484872,4,0.6936507936507937,1,0.21457705266891292,0.03211009174311927,0,1.0,0.0,0.0,0.0,1.0,0.0,0.0,0.0,0.0,1.0,1.0,0.0,0.0,0.0
72,26.45,7.557733964140704,0,0.36232876712328765,1,0.21599574392622806,0.024346257889990983,0,0.0,1.0,0.0,1.0,0.0,1.0,0.0,1.0,0.0,1.0,0.0,1.0,0.0,0.0
4,20.45,4.429029488269218,0,4.09,1,0.21599574392622806,0.42984953233021556,0,0.0,0.0,0.0,1.0,0.0,0.0,0.0,1.0,0.0,0.0,0.0,1.0,0.0,0.0
6,80.25,6.203344906143481,5,11.464285714285714,0,0.22592658272743393,0.02787769784172662,0,1.0,0.0,0.0,1.0,0.0,0.0,0.0,0.0,0.0,1.0,1.0,0.0,0.0,1.0
25,20.95,6.20687830036025,0,0.8057692307692308,1,0.21457705266891292,0.11266094420600858,0,1.0,1.0,0.0,1.0,0.0,0.0,0.0,1.0,1.0,0.0,1.0,0.0,0.0,0.0
69,104.0,8.857870858519963,4,1.4857142857142858,0,0.3435006206774251,0.03211009174311927,0,0.0,0.0,0.0,1.0,0.0,1.0,1.0,0.0,0.0,1.0,0.0,0.0,1.0,0.0
36,89.65,8.116446932008014,5,2.422972972972973,1,0.21599574392622806,0.121875,0,0.0,0.0,0.0,1.0,0.0,1.0,0.0,0.0,1.0,0.0,1.0,1.0,0.0,0.0
34,94.25,8.0766862265592,3,2.692857142857143,0,0.3435006206774251,0.42984953233021556,1,0.0,1.0,0.0,1.0,0.0,1.0,1.0,0.0,0.0,0.0,1.0,0.0,1.0,0.0
51,77.5,8.244951303452334,1,1.4903846153846154,0,0.3435006206774251,0.44104447164422683,1,0.0,1.0,0.0,1.0,0.0,1.0,1.0,0.0,0.0,0.0,1.0,0.0,1.0,0.0
22,80.0,7.4427563084393356,1,3.4782608695652173,1,0.21599574392622806,0.4231860559383867,0,0.0,1.0,0.0,1.0,0.0,0.0,1.0,0.0,0.0,0.0,1.0,1.0,0.0,0.0
49,71.8,8.152788449415564,4,1.436,0,0.3435006206774251,0.11882229232386961,0,0.0,1.0,0.0,1.0,0.0,1.0,0.0,0.0,1.0,0.0,0.0,0.0,1.0,0.0
1,56.05,3.828641396489095,0,28.025,0,0.3435006206774251,0.42984953233021556,0,0.0,1.0,0.0,1.0,0.0,0.0,0.0,0.0,0.0,0.0,1.0,0.0,1.0,0.0
11,20.35,5.376435145811989,0,1.6958333333333335,0,0.22592658272743393,0.42984953233021556,0,1.0,0.0,0.0,1.0,0.0,0.0,0.0,1.0,0.0,0.0,0.0,0.0,0.0,1.0
3,24.75,4.218772140597153,0,6.1875,0,0.3435006206774251,0.4231860559383867,0,1.0,0.0,0.0,0.0,1.0,0.0,0.0,0.0,0.0,0.0,0.0,0.0,1.0,0.0
72,55.65,8.263861014563423,5,0.7623287671232877,1,0.21599574392622806,0.024346257889990983,0,0.0,1.0,1.0,0.0,1.0,0.0,0.0,0.0,0.0,1.0,0.0,1.0,0.0,0.0
46,70.6,8.080871889818352,4,1.502127659574468,0,0.22592658272743393,0.11882229232386961,0,0.0,1.0,0.0,1.0,0.0,0.0,0.0,0.0,1.0,0.0,0.0,0.0,0.0,1.0
10,79.85,6.682421831594891,1,7.259090909090909,0,0.3435006206774251,0.4231860559383867,0,1.0,0.0,0.0,1.0,0.0,1.0,1.0,0.0,0.0,0.0,0.0,0.0,1.0,0.0
1,70.6,4.2710950739666,0,35.3,0,0.3435006206774251,0.42851340373679936,0,0.0,0.0,0.0,1.0,0.0,0.0,1.0,0.0,0.0,0.0,1.0,0.0,1.0,0.0
9,90.8,6.697959745187427,2,9.08,1,0.21457705266891292,0.44104447164422683,0,0.0,0.0,0.0,1.0,0.0,0.0,1.0,0.0,0.0,0.0,1.0,0.0,0.0,0.0
72,80.85,8.653200267007206,5,1.1075342465753424,1,0.21457705266891292,0.021602160216021602,0,1.0,1.0,1.0,1.0,0.0,1.0,0.0,0.0,0.0,1.0,1.0,0.0,0.0,0.0
72,21.0,7.309714247761014,0,0.2876712328767123,1,0.21457705266891292,0.027827648114901255,0,1.0,1.0,1.0,1.0,0.0,0.0,0.0,1.0,0.0,1.0,0.0,0.0,0.0,0.0
5,83.15,6.102670445181327,1,13.858333333333334,1,0.21599574392622806,0.4231860559383867,1,0.0,0.0,0.0,1.0,0.0,1.0,1.0,0.0,0.0,0.0,1.0,1.0,0.0,0.0
35,49.2,7.439941139869458,3,1.3666666666666667,0,0.3435006206774251,0.42851340373679936,0,1.0,0.0,0.0,0.0,1.0,0.0,0.0,0.0,0.0,0.0,0.0,0.0,1.0,0.0
17,85.45,7.281110333172068,1,4.747222222222223,0,0.3435006206774251,0.4231860559383867,0,0.0,1.0,1.0,1.0,0.0,1.0,1.0,0.0,0.0,0.0,1.0,0.0,1.0,0.0
3,64.6,5.165928178502291,2,16.15,0,0.3435006206774251,0.42851340373679936,0,0.0,0.0,0.0,1.0,0.0,1.0,0.0,0.0,0.0,0.0,0.0,0.0,1.0,0.0
6,40.55,5.3867860145356445,3,5.792857142857143,0,0.22592658272743393,0.02787769784172662,0,0.0,1.0,1.0,0.0,1.0,0.0,0.0,0.0,0.0,1.0,0.0,0.0,0.0,1.0
60,59.85,8.156065491514608,3,0.9811475409836066,1,0.21457705266891292,0.03211009174311927,0,0.0,1.0,0.0,1.0,0.0,0.0,0.0,0.0,0.0,1.0,0.0,0.0,0.0,0.0
34,64.4,7.6447997205792655,3,1.84,0,0.22592658272743393,0.11158342189160468,0,0.0,0.0,0.0,1.0,0.0,1.0,0.0,0.0,1.0,0.0,1.0,0.0,0.0,1.0
70,64.55,8.413142928113883,6,0.9091549295774648,1,0.21457705266891292,0.03211009174311927,0,0.0,1.0,0.0,0.0,1.0,0.0,0.0,0.0,0.0,1.0,0.0,0.0,0.0,0.0
13,20.0,5.391579997007726,0,1.4285714285714286,0,0.22592658272743393,0.11266094420600858,0,1.0,1.0,1.0,1.0,0.0,0.0,0.0,1.0,1.0,0.0,0.0,0.0,0.0,1.0
4,90.05,5.911067610035953,2,18.009999999999998,0,0.3435006206774251,0.4231860559383867,0,1.0,0.0,0.0,1.0,0.0,1.0,1.0,0.0,0.0,0.0,1.0,0.0,1.0,0.0
1,69.35,4.253482783560398,0,34.675,0,0.3435006206774251,0.431938236489232,0,1.0,0.0,0.0,1.0,0.0,0.0,1.0,0.0,0.0,0.0,1.0,0.0,1.0,0.0
1,78.45,4.375127892982725,1,39.225,0,0.3435006206774251,0.44104447164422683,1,0.0,0.0,0.0,1.0,0.0,0.0,1.0,0.0,0.0,0.0,0.0,0.0,1.0,0.0
26,91.25,7.763361387239786,2,3.3796296296296298,0,0.3435006206774251,0.431938236489232,1,0.0,0.0,0.0,1.0,0.0,0.0,1.0,0.0,0.0,0.0,1.0,0.0,1.0,0.0
32,19.9,6.401170649473401,0,0.603030303030303,1,0.21457705266891292,0.42984953233021556,0,0.0,0.0,0.0,1.0,0.0,0.0,0.0,1.0,0.0,0.0,0.0,0.0,0.0,0.0
1,71.1,4.278054044290903,0,35.55,0,0.22592658272743393,0.431938236489232,0,0.0,0.0,0.0,1.0,0.0,0.0,1.0,0.0,0.0,0.0,0.0,0.0,0.0,1.0
43,110.75,8.452953292353323,5,2.5170454545454546,1,0.21457705266891292,0.42984953233021556,1,1.0,1.0,1.0,1.0,0.0,1.0,1.0,0.0,0.0,0.0,1.0,0.0,0.0,0.0
13,73.35,6.837922769383456,4,5.239285714285714,0,0.22592658272743393,0.44104447164422683,0,1.0,0.0,0.0,1.0,0.0,0.0,0.0,0.0,0.0,0.0,0.0,0.0,0.0,1.0
3,55.8,5.046967223343646,2,13.95,0,0.22592658272743393,0.4231860559383867,0,1.0,1.0,0.0,1.0,0.0,0.0,0.0,0.0,0.0,0.0,1.0,0.0,0.0,1.0
1,29.7,3.4242626545931514,1,14.85,0,0.22592658272743393,0.42851340373679936,0,1.0,0.0,0.0,0.0,1.0,0.0,0.0,0.0,0.0,0.0,0.0,0.0,0.0,1.0
11,82.9,6.781114378014739,2,6.908333333333334,0,0.3435006206774251,0.42851340373679936,1,0.0,1.0,0.0,1.0,0.0,0.0,1.0,0.0,0.0,0.0,1.0,0.0,1.0,0.0
24,50.6,7.162203680124759,3,2.024,0,0.22592658272743393,0.11882229232386961,0,1.0,0.0,0.0,0.0,1.0,0.0,0.0,0.0,1.0,0.0,1.0,0.0,0.0,1.0
27,66.15,7.536603909609118,4,2.3625000000000003,0,0.22592658272743393,0.11266094420600858,0,0.0,1.0,1.0,1.0,0.0,0.0,0.0,0.0,1.0,0.0,0.0,0.0,0.0,1.0
4,61.3,5.523059639225943,2,12.26,0,0.3435006206774251,0.42851340373679936,0,1.0,0.0,0.0,1.0,0.0,0.0,0.0,0.0,0.0,0.0,1.0,0.0,1.0,0.0
2,19.5,3.4827773686545784,0,6.5,0,0.22592658272743393,0.42984953233021556,0,0.0,0.0,0.0,1.0,0.0,0.0,0.0,1.0,0.0,0.0,0.0,0.0,0.0,1.0
1,50.8,3.9473901492654373,1,25.4,0,0.3435006206774251,0.44104447164422683,0,0.0,0.0,0.0,1.0,0.0,0.0,0.0,0.0,0.0,0.0,1.0,0.0,1.0,0.0
13,73.75,6.86448236674867,1,5.267857142857143,1,0.21599574392622806,0.4231860559383867,0,1.0,0.0,0.0,1.0,0.0,0.0,1.0,0.0,0.0,0.0,1.0,1.0,0.0,0.0
1,95.1,4.565389315976247,2,47.55,0,0.3435006206774251,0.4231860559383867,1,1.0,1.0,0.0,1.0,0.0,1.0,1.0,0.0,0.0,0.0,1.0,0.0,1.0,0.0
3,29.6,4.387635873438392,1,7.4,0,0.3435006206774251,0.42851340373679936,0,1.0,0.0,0.0,0.0,1.0,0.0,0.0,0.0,0.0,0.0,1.0,0.0,1.0,0.0
59,54.15,8.044674401804834,1,0.9025,1,0.21599574392622806,0.021602160216021602,0,1.0,0.0,0.0,1.0,0.0,1.0,0.0,0.0,0.0,1.0,0.0,1.0,0.0,0.0
33,80.1,7.864919204065872,1,2.355882352941176,1,0.21457705266891292,0.11266094420600858,0,1.0,0.0,0.0,1.0,0.0,1.0,1.0,0.0,1.0,0.0,0.0,0.0,0.0,0.0
69,66.9,8.429214073589186,3,0.9557142857142858,0,0.22592658272743393,0.03211009174311927,0,0.0,0.0,0.0,1.0,0.0,1.0,0.0,0.0,0.0,1.0,1.0,0.0,0.0,1.0
63,83.0,8.564849379544466,5,1.296875,1,0.21457705266891292,0.10683760683760683,1,0.0,0.0,0.0,1.0,0.0,1.0,0.0,0.0,1.0,0.0,0.0,0.0,0.0,0.0
43,49.05,7.638776111970164,3,1.1147727272727272,1,0.21457705266891292,0.42851340373679936,0,0.0,0.0,0.0,0.0,1.0,0.0,0.0,0.0,0.0,0.0,1.0,0.0,0.0,0.0
72,76.8,8.606933341914624,3,1.0520547945205478,1,0.21457705266891292,0.021602160216021602,0,0.0,1.0,1.0,1.0,0.0,1.0,0.0,0.0,0.0,1.0,1.0,0.0,0.0,0.0
10,19.3,5.226821364842967,0,1.7545454545454546,0,0.22592658272743393,0.11882229232386961,0,0.0,0.0,0.0,1.0,0.0,0.0,0.0,1.0,1.0,0.0,1.0,0.0,0.0,1.0
71,89.85,8.747423571732076,6,1.2479166666666666,0,0.22592658272743393,0.02787769784172662,1,0.0,0.0,0.0,1.0,0.0,1.0,0.0,0.0,0.0,1.0,0.0,0.0,0.0,1.0
35,91.5,8.082510372888098,2,2.5416666666666665,1,0.21599574392622806,0.44104447164422683,0,1.0,1.0,0.0,1.0,0.0,1.0,1.0,0.0,0.0,0.0,1.0,1.0,0.0,0.0
45,98.7,8.417770567091786,4,2.1456521739130436,1,0.21457705266891292,0.121875,1,1.0,1.0,0.0,1.0,0.0,1.0,1.0,0.0,1.0,0.0,1.0,0.0,0.0,0.0
72,89.7,8.75468136492377,6,1.2287671232876713,1,0.21599574392622806,0.03211009174311927,0,1.0,1.0,1.0,1.0,0.0,1.0,0.0,0.0,0.0,1.0,0.0,1.0,0.0,0.0
4,48.25,5.31443674842792,4,9.65,0,0.22592658272743393,0.4231860559383867,0,0.0,0.0,0.0,0.0,1.0,0.0,0.0,0.0,0.0,0.0,0.0,0.0,0.0,1.0
64,69.25,8.400378436824402,4,1.0653846153846154,0,0.22592658272743393,0.024346257889990983,0,1.0,1.0,1.0,1.0,0.0,0.0,0.0,0.0,0.0,1.0,0.0,0.0,0.0,1.0
62,23.75,7.277800441859041,0,0.376984126984127,1,0.21599574392622806,0.10683760683760683,0,1.0,1.0,0.0,1.0,0.0,1.0,0.0,1.0,1.0,0.0,1.0,1.0,0.0,0.0
71,89.45,8.769701351360352,3,1.2423611111111112,1,0.21599574392622806,0.03211009174311927,1,0.0,1.0,0.0,1.0,0.0,0.0,1.0,0.0,0.0,1.0,0.0,1.0,0.0,0.0
58,97.8,8.605167438031424,3,1.6576271186440676,1,0.21457705266891292,0.121875,1,0.0,1.0,0.0,1.0,0.0,1.0,1.0,0.0,1.0,0.0,1.0,0.0,0.0,0.0
72,107.4,8.955415863762575,5,1.4712328767123288,1,0.21457705266891292,0.02787769784172662,1,0.0,0.0,0.0,1.0,0.0,1.0,1.0,0.0,0.0,1.0,1.0,0.0,0.0,0.0
69,79.2,8.598155476149158,1,1.1314285714285715,1,0.21599574392622806,0.03211009174311927,0,1.0,1.0,1.0,1.0,0.0,1.0,1.0,0.0,0.0,1.0,1.0,1.0,0.0,0.0
13,20.0,5.596382844379506,0,1.4285714285714286,1,0.21599574392622806,0.02787769784172662,0,1.0,0.0,0.0,1.0,0.0,0.0,0.0,1.0,0.0,1.0,0.0,1.0,0.0,0.0
62,69.4,8.35196471204846,4,1.1015873015873017,1,0.21457705266891292,0.02787769784172662,0,1.0,0.0,0.0,1.0,0.0,1.0,0.0,0.0,0.0,1.0,0.0,0.0,0.0,0.0
29,20.2,6.327579577081353,0,0.6733333333333333,0,0.22592658272743393,0.021602160216021602,0,0.0,1.0,1.0,1.0,0.0,0.0,0.0,1.0,0.0,1.0,0.0,0.0,0.0,1.0
36,95.0,8.143590056456818,2,2.5675675675675675,1,0.21457705266891292,0.44104447164422683,0,1.0,1.0,0.0,1.0,0.0,1.0,1.0,0.0,0.0,0.0,1.0,0.0,0.0,0.0
2,75.7,5.24807615011129,1,25.233333333333334,0,0.3435006206774251,0.4231860559383867,0,1.0,0.0,0.0,1.0,0.0,0.0,1.0,0.0,0.0,0.0,1.0,0.0,1.0,0.0
51,24.75,7.119311961044427,0,0.47596153846153844,0,0.22592658272743393,0.027827648114901255,0,1.0,0.0,0.0,1.0,0.0,1.0,0.0,1.0,0.0,1.0,0.0,0.0,0.0,1.0
41,89.55,8.224364564811577,3,2.132142857142857,0,0.3435006206774251,0.11266094420600858,0,1.0,0.0,0.0,1.0,0.0,0.0,1.0,0.0,1.0,0.0,1.0,0.0,1.0,0.0
37,20.15,6.667910535944516,0,0.5302631578947368,1,0.21599574392622806,0.11158342189160468,0,1.0,0.0,0.0,1.0,0.0,0.0,0.0,1.0,1.0,0.0,0.0,1.0,0.0,0.0
72,20.1,7.190864411463781,0,0.2753424657534247,1,0.21599574392622806,0.024346257889990983,0,0.0,1.0,1.0,1.0,0.0,0.0,0.0,1.0,0.0,1.0,1.0,1.0,0.0,0.0
21,71.05,7.330306910813801,4,3.2295454545454545,1,0.21599574392622806,0.024346257889990983,0,0.0,0.0,0.0,1.0,0.0,0.0,0.0,0.0,0.0,1.0,0.0,1.0,0.0,0.0
11,79.0,6.835507114774513,1,6.583333333333333,1,0.21457705266891292,0.44104447164422683,0,0.0,0.0,0.0,1.0,0.0,1.0,1.0,0.0,0.0,0.0,1.0,0.0,0.0,0.0
72,116.05,9.036689119229727,6,1.5897260273972602,1,0.21457705266891292,0.024346257889990983,1,1.0,1.0,0.0,1.0,0.0,1.0,1.0,0.0,0.0,1.0,1.0,0.0,0.0,0.0
39,20.15,6.717804695023691,0,0.5037499999999999,0,0.22592658272743393,0.03211009174311927,0,0.0,0.0,0.0,1.0,0.0,0.0,0.0,1.0,0.0,1.0,0.0,0.0,0.0,1.0
50,20.55,6.97415144862182,0,0.40294117647058825,0,0.22592658272743393,0.02787769784172662,0,1.0,1.0,0.0,1.0,0.0,0.0,0.0,1.0,0.0,1.0,0.0,0.0,0.0,1.0
59,19.3,7.084813006100993,0,0.32166666666666666,1,0.21599574392622806,0.02787769784172662,0,1.0,1.0,1.0,1.0,0.0,0.0,0.0,1.0,0.0,1.0,0.0,1.0,0.0,0.0
26,80.5,7.644823646600011,1,2.9814814814814814,0,0.3435006206774251,0.4231860559383867,0,1.0,0.0,0.0,1.0,0.0,1.0,1.0,0.0,0.0,0.0,1.0,0.0,1.0,0.0
15,101.35,7.349198669755537,4,6.334375,0,0.3435006206774251,0.42984953233021556,0,1.0,0.0,0.0,1.0,0.0,0.0,1.0,0.0,0.0,0.0,1.0,0.0,1.0,0.0
29,90.1,7.885216366086096,3,3.003333333333333,1,0.21457705266891292,0.121875,1,1.0,1.0,0.0,1.0,0.0,0.0,1.0,0.0,1.0,0.0,0.0,0.0,0.0,0.0
19,87.7,7.454112125787783,2,4.385,1,0.21599574392622806,0.11882229232386961,0,1.0,0.0,0.0,1.0,0.0,0.0,1.0,0.0,1.0,0.0,1.0,1.0,0.0,0.0
16,100.0,7.336774140044037,3,5.882352941176471,0,0.3435006206774251,0.44104447164422683,0,0.0,1.0,0.0,1.0,0.0,1.0,1.0,0.0,0.0,0.0,1.0,0.0,1.0,0.0
25,25.5,6.448256282381487,0,0.9807692307692307,1,0.21599574392622806,0.027827648114901255,0,1.0,1.0,1.0,1.0,0.0,1.0,0.0,1.0,0.0,1.0,0.0,1.0,0.0,0.0
24,76.1,7.446410054666804,0,3.0439999999999996,0,0.3435006206774251,0.431938236489232,1,1.0,0.0,0.0,1.0,0.0,1.0,1.0,0.0,0.0,0.0,1.0,0.0,1.0,0.0
71,25.45,7.490333961411227,0,0.3534722222222222,1,0.21599574392622806,0.021602160216021602,1,1.0,1.0,0.0,1.0,0.0,1.0,0.0,1.0,0.0,1.0,0.0,1.0,0.0,0.0
12,95.7,7.077498053569231,3,7.361538461538462,0,0.3435006206774251,0.11158342189160468,0,1.0,0.0,0.0,1.0,0.0,0.0,1.0,0.0,1.0,0.0,0.0,0.0,1.0,0.0
15,24.8,5.78428661431516,0,1.55,0,0.3435006206774251,0.4231860559383867,0,1.0,0.0,1.0,1.0,0.0,1.0,0.0,1.0,0.0,0.0,1.0,0.0,1.0,0.0
6,80.5,6.222278604726411,1,11.5,0,0.3435006206774251,0.431938236489232,0,0.0,1.0,1.0,1.0,0.0,1.0,1.0,0.0,0.0,0.0,1.0,0.0,1.0,0.0
50,75.5,8.300677626392249,4,1.4803921568627452,0,0.3435006206774251,0.121875,0,1.0,1.0,1.0,1.0,0.0,0.0,0.0,0.0,1.0,0.0,0.0,0.0,1.0,0.0
60,49.75,8.029579409644032,3,0.8155737704918032,0,0.3435006206774251,0.431938236489232,0,0.0,1.0,1.0,0.0,1.0,0.0,0.0,0.0,0.0,0.0,1.0,0.0,1.0,0.0
1,50.1,3.933784497209659,0,25.05,0,0.22592658272743393,0.431938236489232,0,0.0,0.0,0.0,1.0,0.0,1.0,0.0,0.0,0.0,0.0,1.0,0.0,0.0,1.0
42,101.75,8.36041071812334,3,2.366279069767442,0,0.3435006206774251,0.42984953233021556,0,1.0,0.0,0.0,1.0,0.0,1.0,1.0,0.0,0.0,0.0,1.0,0.0,1.0,0.0
72,84.1,8.72105605919792,5,1.152054794520548,1,0.21599574392622806,0.021602160216021602,1,0.0,1.0,0.0,1.0,0.0,1.0,0.0,0.0,0.0,1.0,1.0,1.0,0.0,0.0
72,19.55,7.28923502433979,0,0.2678082191780822,1,0.21457705266891292,0.02787769784172662,0,0.0,1.0,1.0,1.0,0.0,0.0,0.0,1.0,0.0,1.0,0.0,0.0,0.0,0.0
72,116.45,8.989013918738845,6,1.595205479452055,1,0.21457705266891292,0.024346257889990983,0,0.0,0.0,0.0,1.0,0.0,1.0,1.0,0.0,0.0,1.0,1.0,0.0,0.0,0.0
62,39.0,7.757243595710077,2,0.6190476190476191,1,0.21457705266891292,0.02787769784172662,0,1.0,1.0,0.0,0.0,1.0,0.0,0.0,0.0,0.0,1.0,1.0,0.0,0.0,0.0
72,84.9,8.710504143009794,5,1.1630136986301371,1,0.21457705266891292,0.027827648114901255,0,0.0,1.0,0.0,1.0,0.0,1.0,0.0,0.0,0.0,1.0,1.0,0.0,0.0,0.0
21,79.2,7.463621187757827,2,3.6,0,0.3435006206774251,0.10683760683760683,0,0.0,1.0,0.0,1.0,0.0,0.0,1.0,0.0,1.0,0.0,0.0,0.0,1.0,0.0
50,83.4,8.322321206443823,2,1.635294117647059,0,0.3435006206774251,0.431938236489232,1,0.0,0.0,0.0,1.0,0.0,1.0,1.0,0.0,0.0,0.0,1.0,0.0,1.0,0.0
69,108.75,8.921864651335644,5,1.5535714285714286,1,0.21457705266891292,0.11158342189160468,0,0.0,1.0,1.0,1.0,0.0,1.0,1.0,0.0,1.0,0.0,1.0,0.0,0.0,0.0
8,91.65,6.477971863222766,1,10.183333333333334,0,0.3435006206774251,0.42984953233021556,0,1.0,0.0,0.0,1.0,0.0,1.0,1.0,0.0,0.0,0.0,1.0,0.0,1.0,0.0
57,19.75,7.1491708750837955,0,0.34051724137931033,1,0.21457705266891292,0.03211009174311927,0,0.0,1.0,1.0,1.0,0.0,0.0,0.0,1.0,0.0,1.0,0.0,0.0,0.0,0.0
1,45.85,3.846951008684431,0,22.925,0,0.22592658272743393,0.42984953233021556,0,1.0,1.0,1.0,1.0,0.0,0.0,0.0,0.0,0.0,0.0,1.0,0.0,0.0,1.0
2,70.4,4.998225274019575,0,23.46666666666667,0,0.3435006206774251,0.42851340373679936,0,0.0,1.0,1.0,1.0,0.0,0.0,1.0,0.0,0.0,0.0,0.0,0.0,1.0,0.0
58,99.25,8.673795150117357,4,1.6822033898305084,1,0.21599574392622806,0.121875,0,0.0,1.0,1.0,1.0,0.0,0.0,1.0,0.0,1.0,0.0,0.0,1.0,0.0,0.0
3,36.45,4.550714000192032,1,9.1125,0,0.22592658272743393,0.4231860559383867,1,1.0,1.0,0.0,0.0,1.0,0.0,0.0,0.0,0.0,0.0,1.0,0.0,0.0,1.0
8,90.25,6.613048591593392,2,10.027777777777779,0,0.3435006206774251,0.431938236489232,0,0.0,1.0,0.0,1.0,0.0,1.0,1.0,0.0,0.0,0.0,1.0,0.0,1.0,0.0
1,74.0,4.31748811353631,1,37.0,0,0.3435006206774251,0.42984953233021556,0,1.0,0.0,0.0,1.0,0.0,0.0,1.0,0.0,0.0,0.0,0.0,0.0,1.0,0.0
7,69.55,6.258337861283517,0,8.69375,0,0.3435006206774251,0.44104447164422683,0,1.0,0.0,0.0,1.0,0.0,0.0,1.0,0.0,0.0,0.0,1.0,0.0,1.0,0.0
1,51.2,3.955082494888593,1,25.6,0,0.22592658272743393,0.44104447164422683,0,0.0,0.0,1.0,1.0,0.0,0.0,0.0,0.0,0.0,0.0,0.0,0.0,0.0,1.0
4,74.45,5.688499617791684,0,14.89,0,0.3435006206774251,0.4231860559383867,1,0.0,0.0,0.0,1.0,0.0,1.0,1.0,0.0,0.0,0.0,1.0,0.0,1.0,0.0
54,24.05,7.116312971967928,0,0.4372727272727273,1,0.21457705266891292,0.021602160216021602,0,1.0,1.0,1.0,1.0,0.0,1.0,0.0,1.0,0.0,1.0,1.0,0.0,0.0,0.0
59,96.65,8.627266584002568,3,1.6108333333333333,1,0.21457705266891292,0.42851340373679936,0,0.0,1.0,1.0,1.0,0.0,1.0,1.0,0.0,0.0,0.0,1.0,0.0,0.0,0.0
70,79.25,8.653968068254212,5,1.1161971830985915,1,0.21457705266891292,0.03211009174311927,0,1.0,1.0,1.0,1.0,0.0,1.0,0.0,0.0,0.0,1.0,1.0,0.0,0.0,0.0
10,94.9,6.956402575803658,3,8.627272727272727,0,0.3435006206774251,0.44104447164422683,0,1.0,0.0,0.0,1.0,0.0,0.0,1.0,0.0,0.0,0.0,1.0,0.0,1.0,0.0
45,62.7,7.934692530943356,3,1.3630434782608696,1,0.21599574392622806,0.10683760683760683,1,1.0,0.0,0.0,1.0,0.0,0.0,0.0,0.0,1.0,0.0,0.0,1.0,0.0,0.0
66,62.5,8.327822850208948,6,0.9328358208955224,1,0.21457705266891292,0.021602160216021602,0,0.0,0.0,0.0,0.0,1.0,0.0,0.0,0.0,0.0,1.0,1.0,0.0,0.0,0.0
52,19.6,6.921066293041809,0,0.369811320754717,1,0.21599574392622806,0.10683760683760683,0,0.0,1.0,1.0,1.0,0.0,0.0,0.0,1.0,1.0,0.0,0.0,1.0,0.0,0.0
2,19.65,3.4719664525503626,0,6.55,0,0.3435006206774251,0.44104447164422683,0,1.0,0.0,0.0,1.0,0.0,0.0,0.0,1.0,0.0,0.0,1.0,0.0,1.0,0.0
15,91.0,7.266163719547021,2,5.6875,0,0.3435006206774251,0.44104447164422683,0,1.0,0.0,1.0,1.0,0.0,1.0,1.0,0.0,0.0,0.0,1.0,0.0,1.0,0.0
46,110.2,8.51179866709893,5,2.34468085106383,0,0.3435006206774251,0.44104447164422683,1,0.0,1.0,1.0,1.0,0.0,1.0,1.0,0.0,0.0,0.0,1.0,0.0,1.0,0.0
1,70.1,4.264087336809195,0,35.05,0,0.3435006206774251,0.44104447164422683,0,0.0,0.0,0.0,1.0,0.0,0.0,1.0,0.0,0.0,0.0,1.0,0.0,1.0,0.0
38,69.95,7.885536140365803,4,1.7935897435897437,0,0.3435006206774251,0.4231860559383867,0,1.0,0.0,0.0,1.0,0.0,1.0,0.0,0.0,0.0,0.0,0.0,0.0,1.0,0.0
1,25.05,3.260017768199376,0,12.525,0,0.3435006206774251,0.42851340373679936,1,1.0,1.0,0.0,0.0,1.0,0.0,0.0,0.0,0.0,0.0,0.0,0.0,1.0,0.0
10,54.25,6.369900982828227,2,4.931818181818182,0,0.3435006206774251,0.4231860559383867,0,0.0,0.0,0.0,1.0,0.0,0.0,0.0,0.0,0.0,0.0,0.0,0.0,1.0,0.0
20,79.15,7.327714833240754,1,3.7690476190476194,0,0.3435006206774251,0.42851340373679936,1,0.0,0.0,0.0,1.0,0.0,1.0,1.0,0.0,0.0,0.0,1.0,0.0,1.0,0.0
44,91.65,8.384655590531366,4,2.0366666666666666,1,0.21457705266891292,0.024346257889990983,0,1.0,0.0,0.0,1.0,0.0,0.0,1.0,0.0,0.0,1.0,0.0,0.0,0.0,0.0
41,65.0,7.837080689126748,2,1.5476190476190477,0,0.22592658272743393,0.11266094420600858,0,1.0,0.0,0.0,1.0,0.0,1.0,0.0,0.0,1.0,0.0,0.0,0.0,0.0,1.0
41,106.3,8.399411405759073,4,2.530952380952381,0,0.3435006206774251,0.4231860559383867,0,0.0,0.0,0.0,1.0,0.0,1.0,1.0,0.0,0.0,0.0,1.0,0.0,1.0,0.0
54,56.05,8.417383905796736,5,1.019090909090909,0,0.3435006206774251,0.42984953233021556,0,0.0,1.0,1.0,1.0,0.0,1.0,0.0,0.0,0.0,0.0,1.0,0.0,1.0,0.0
51,30.05,7.333317088789424,1,0.5778846153846154,1,0.21599574392622806,0.42851340373679936,0,1.0,1.0,0.0,0.0,1.0,0.0,0.0,0.0,0.0,0.0,1.0,1.0,0.0,0.0
23,49.45,7.021396415471186,1,2.060416666666667,0,0.3435006206774251,0.10683760683760683,0,0.0,0.0,1.0,1.0,0.0,0.0,0.0,0.0,1.0,0.0,1.0,0.0,1.0,0.0
70,95.0,8.795415662587395,3,1.3380281690140845,1,0.21457705266891292,0.11882229232386961,0,1.0,1.0,0.0,1.0,0.0,1.0,1.0,0.0,1.0,0.0,1.0,0.0,0.0,0.0
46,19.2,6.812510097065403,0,0.4085106382978723,1,0.21599574392622806,0.03211009174311927,0,1.0,0.0,0.0,1.0,0.0,0.0,0.0,1.0,0.0,1.0,0.0,1.0,0.0,0.0
46,79.2,8.187243635784219,4,1.6851063829787234,0,0.22592658272743393,0.027827648114901255,0,0.0,0.0,0.0,1.0,0.0,1.0,0.0,0.0,0.0,1.0,0.0,0.0,0.0,1.0
51,19.85,6.905703174856006,0,0.38173076923076926,1,0.21457705266891292,0.10683760683760683,0,0.0,0.0,0.0,1.0,0.0,0.0,0.0,1.0,1.0,0.0,1.0,0.0,0.0,0.0
60,94.4,8.632528790096142,3,1.5475409836065575,0,0.3435006206774251,0.11266094420600858,0,1.0,1.0,0.0,1.0,0.0,0.0,1.0,0.0,1.0,0.0,1.0,0.0,1.0,0.0
58,98.7,8.667955279302426,3,1.6728813559322033,0,0.3435006206774251,0.4231860559383867,1,1.0,1.0,0.0,1.0,0.0,1.0,1.0,0.0,0.0,0.0,1.0,0.0,1.0,0.0
72,107.7,8.977247489808304,5,1.4753424657534246,1,0.21599574392622806,0.03211009174311927,0,1.0,1.0,1.0,1.0,0.0,1.0,1.0,0.0,0.0,1.0,1.0,1.0,0.0,0.0
72,66.5,8.478992757600935,3,0.910958904109589,1,0.21599574392622806,0.027827648114901255,0,1.0,1.0,1.0,1.0,0.0,1.0,0.0,0.0,0.0,1.0,1.0,1.0,0.0,0.0
9,85.35,6.6275783060161295,1,8.535,1,0.21457705266891292,0.42984953233021556,0,0.0,1.0,1.0,1.0,0.0,1.0,1.0,0.0,0.0,0.0,1.0,0.0,0.0,0.0
67,105.7,8.827314119142065,4,1.5544117647058824,1,0.21457705266891292,0.121875,0,0.0,1.0,0.0,1.0,0.0,1.0,1.0,0.0,1.0,0.0,1.0,0.0,0.0,0.0
9,86.25,6.648336671803215,2,8.625,0,0.3435006206774251,0.431938236489232,0,1.0,0.0,0.0,1.0,0.0,0.0,1.0,0.0,0.0,0.0,0.0,0.0,1.0,0.0
2,70.7,5.028147719180887,0,23.566666666666666,0,0.3435006206774251,0.42984953233021556,0,0.0,0.0,0.0,1.0,0.0,0.0,1.0,0.0,0.0,0.0,1.0,0.0,1.0,0.0
55,44.85,7.816034000246114,3,0.8008928571428572,0,0.3435006206774251,0.4231860559383867,1,1.0,0.0,0.0,0.0,1.0,0.0,0.0,0.0,0.0,0.0,1.0,0.0,1.0,0.0
4,20.7,4.43970574626056,0,4.14,1,0.21599574392622806,0.4231860559383867,0,1.0,0.0,0.0,1.0,0.0,0.0,0.0,1.0,0.0,0.0,1.0,1.0,0.0,0.0
11,72.9,6.708633383509836,1,6.075,0,0.3435006206774251,0.42851340373679936,0,1.0,0.0,0.0,1.0,0.0,0.0,1.0,0.0,0.0,0.0,0.0,0.0,1.0,0.0
51,80.0,8.353108330605401,1,1.5384615384615385,1,0.21599574392622806,0.431938236489232,0,1.0,0.0,0.0,1.0,0.0,1.0,1.0,0.0,0.0,0.0,0.0,1.0,0.0,0.0
42,20.25,6.729226520426879,0,0.47093023255813954,0,0.3435006206774251,0.024346257889990983,0,1.0,1.0,0.0,1.0,0.0,0.0,0.0,1.0,0.0,1.0,0.0,0.0,1.0,0.0
1,81.7,4.415219602029645,1,40.85,0,0.3435006206774251,0.44104447164422683,0,1.0,0.0,0.0,1.0,0.0,1.0,1.0,0.0,0.0,0.0,1.0,0.0,1.0,0.0
63,79.8,8.524178735589949,4,1.246875,1,0.21599574392622806,0.02787769784172662,0,1.0,1.0,0.0,1.0,0.0,1.0,0.0,0.0,0.0,1.0,0.0,1.0,0.0,0.0
7,19.4,5.13373749123024,0,2.425,0,0.22592658272743393,0.42851340373679936,0,1.0,0.0,0.0,1.0,0.0,0.0,0.0,1.0,0.0,0.0,1.0,0.0,0.0,1.0
12,34.0,6.094585055822462,2,2.6153846153846154,0,0.22592658272743393,0.42851340373679936,0,1.0,0.0,0.0,0.0,1.0,0.0,0.0,0.0,0.0,0.0,0.0,0.0,0.0,1.0
1,70.25,4.26619481914876,0,35.125,0,0.3435006206774251,0.42851340373679936,0,0.0,0.0,0.0,1.0,0.0,0.0,1.0,0.0,0.0,0.0,1.0,0.0,1.0,0.0
72,87.55,8.774026805377234,6,1.1993150684931506,1,0.21457705266891292,0.021602160216021602,0,1.0,1.0,1.0,1.0,0.0,1.0,0.0,0.0,0.0,1.0,1.0,0.0,0.0,0.0
60,25.0,7.317245608339922,0,0.4098360655737705,0,0.22592658272743393,0.027827648114901255,0,0.0,0.0,0.0,1.0,0.0,1.0,0.0,1.0,0.0,1.0,0.0,0.0,0.0,1.0
55,85.5,8.458376933523704,1,1.5267857142857142,1,0.21457705266891292,0.42851340373679936,0,1.0,1.0,1.0,1.0,0.0,1.0,1.0,0.0,0.0,0.0,0.0,0.0,0.0,0.0
38,78.95,7.959817392830412,4,2.0243589743589743,1,0.21599574392622806,0.10683760683760683,0,1.0,1.0,1.0,1.0,0.0,1.0,0.0,0.0,1.0,0.0,0.0,1.0,0.0,0.0
72,85.15,8.7510313509959,5,1.1664383561643836,1,0.21457705266891292,0.03211009174311927,0,1.0,1.0,0.0,1.0,0.0,1.0,0.0,0.0,0.0,1.0,1.0,0.0,0.0,0.0
72,63.1,8.452451983072336,6,0.8643835616438357,1,0.21457705266891292,0.03211009174311927,1,1.0,1.0,0.0,0.0,1.0,0.0,0.0,0.0,0.0,1.0,1.0,0.0,0.0,0.0
58,79.8,8.41800249212582,1,1.352542372881356,1,0.21457705266891292,0.42851340373679936,0,0.0,0.0,0.0,1.0,0.0,1.0,1.0,0.0,0.0,0.0,1.0,0.0,0.0,0.0
69,82.45,8.622687698096867,5,1.177857142857143,1,0.21599574392622806,0.027827648114901255,0,0.0,0.0,0.0,1.0,0.0,0.0,0.0,0.0,0.0,1.0,1.0,1.0,0.0,0.0
30,85.0,7.872931408586103,1,2.7419354838709675,0,0.3435006206774251,0.431938236489232,0,0.0,1.0,0.0,1.0,0.0,1.0,1.0,0.0,0.0,0.0,1.0,0.0,1.0,0.0
45,53.3,7.7394680343809945,2,1.158695652173913,1,0.21599574392622806,0.024346257889990983,0,1.0,1.0,0.0,1.0,0.0,0.0,0.0,0.0,0.0,1.0,0.0,1.0,0.0,0.0
55,77.8,8.372017119054112,3,1.3892857142857142,1,0.21457705266891292,0.021602160216021602,0,1.0,0.0,0.0,1.0,0.0,1.0,0.0,0.0,0.0,1.0,1.0,0.0,0.0,0.0
68,39.9,7.936427819445565,2,0.5782608695652174,1,0.21457705266891292,0.44104447164422683,0,1.0,0.0,0.0,0.0,1.0,0.0,0.0,0.0,0.0,0.0,1.0,0.0,0.0,0.0
1,43.95,3.8055507609176296,0,21.975,0,0.22592658272743393,0.42851340373679936,0,0.0,0.0,0.0,1.0,0.0,0.0,0.0,0.0,0.0,0.0,0.0,0.0,0.0,1.0
65,84.85,8.605240698104717,6,1.2856060606060604,1,0.21457705266891292,0.027827648114901255,0,0.0,0.0,0.0,1.0,0.0,0.0,0.0,0.0,0.0,1.0,1.0,0.0,0.0,0.0
69,110.5,8.916834708621446,5,1.5785714285714285,1,0.21457705266891292,0.021602160216021602,0,0.0,0.0,0.0,1.0,0.0,1.0,1.0,0.0,0.0,1.0,1.0,0.0,0.0,0.0
28,50.8,7.235475038465449,4,1.7517241379310344,0,0.22592658272743393,0.10683760683760683,0,1.0,1.0,1.0,0.0,1.0,0.0,0.0,0.0,1.0,0.0,0.0,0.0,0.0,1.0
25,54.1,7.2254814727822945,1,2.080769230769231,0,0.3435006206774251,0.4231860559383867,0,0.0,1.0,0.0,1.0,0.0,1.0,0.0,0.0,0.0,0.0,0.0,0.0,1.0,0.0
4,105.65,6.097849537811996,5,21.130000000000003,0,0.3435006206774251,0.11266094420600858,0,0.0,0.0,0.0,1.0,0.0,0.0,1.0,0.0,1.0,0.0,1.0,0.0,1.0,0.0
21,75.9,7.346493963853227,3,3.45,1,0.21457705266891292,0.11266094420600858,0,1.0,1.0,1.0,1.0,0.0,1.0,0.0,0.0,1.0,0.0,1.0,0.0,0.0,0.0
11,70.2,6.634699058725675,0,5.8500000000000005,0,0.3435006206774251,0.44104447164422683,0,1.0,0.0,0.0,1.0,0.0,0.0,1.0,0.0,0.0,0.0,0.0,0.0,1.0,0.0
2,76.4,5.086361004624392,4,25.46666666666667,0,0.3435006206774251,0.431938236489232,0,0.0,0.0,0.0,1.0,0.0,0.0,0.0,0.0,0.0,0.0,0.0,0.0,1.0,0.0
50,109.65,8.621940519112746,5,2.15,0,0.3435006206774251,0.021602160216021602,0,0.0,0.0,0.0,1.0,0.0,1.0,1.0,0.0,0.0,1.0,1.0,0.0,1.0,0.0
24,49.3,7.118218777138972,1,1.972,1,0.21599574392622806,0.4231860559383867,0,0.0,0.0,0.0,1.0,0.0,0.0,0.0,0.0,0.0,0.0,1.0,1.0,0.0,0.0
68,95.9,8.78020340106237,3,1.3898550724637682,0,0.3435006206774251,0.4231860559383867,1,1.0,0.0,0.0,1.0,0.0,1.0,1.0,0.0,0.0,0.0,1.0,0.0,1.0,0.0
7,79.0,6.261396259920951,1,9.875,0,0.3435006206774251,0.42851340373679936,0,0.0,0.0,0.0,1.0,0.0,0.0,1.0,0.0,0.0,0.0,1.0,0.0,1.0,0.0
2,70.15,4.826712455935327,0,23.383333333333336,0,0.3435006206774251,0.44104447164422683,0,0.0,0.0,0.0,1.0,0.0,0.0,1.0,0.0,0.0,0.0,1.0,0.0,1.0,0.0
49,55.35,7.87661948546336,1,1.107,0,0.3435006206774251,0.11882229232386961,0,1.0,1.0,0.0,1.0,0.0,1.0,0.0,0.0,1.0,0.0,1.0,0.0,1.0,0.0
16,71.8,7.06373286043649,0,4.223529411764706,1,0.21457705266891292,0.42984953233021556,1,1.0,1.0,0.0,1.0,0.0,0.0,1.0,0.0,0.0,0.0,1.0,0.0,0.0,0.0
70,51.05,8.198680708571853,4,0.7190140845070422,1,0.21457705266891292,0.11266094420600858,0,1.0,1.0,0.0,0.0,1.0,0.0,0.0,0.0,1.0,0.0,1.0,0.0,0.0,0.0
22,25.25,6.321487460049288,0,1.0978260869565217,1,0.21599574392622806,0.03211009174311927,0,0.0,1.0,1.0,1.0,0.0,1.0,0.0,1.0,0.0,1.0,0.0,1.0,0.0,0.0
54,60.0,8.094057880777235,2,1.0909090909090908,1,0.21457705266891292,0.027827648114901255,0,0.0,1.0,1.0,1.0,0.0,1.0,0.0,0.0,0.0,1.0,0.0,0.0,0.0,0.0
64,86.55,8.63649507304189,5,1.3315384615384616,1,0.21599574392622806,0.024346257889990983,0,1.0,0.0,0.0,1.0,0.0,1.0,0.0,0.0,0.0,1.0,0.0,1.0,0.0,0.0
4,86.05,5.733664849138071,2,17.21,0,0.3435006206774251,0.4231860559383867,0,1.0,0.0,0.0,1.0,0.0,0.0,1.0,0.0,0.0,0.0,0.0,0.0,1.0,0.0
46,94.15,8.391505244109847,3,2.0031914893617024,0,0.3435006206774251,0.11882229232386961,0,0.0,0.0,0.0,1.0,0.0,1.0,1.0,0.0,1.0,0.0,1.0,0.0,1.0,0.0
12,35.5,6.071314928595715,2,2.730769230769231,0,0.22592658272743393,0.42851340373679936,0,1.0,1.0,1.0,0.0,1.0,0.0,0.0,0.0,0.0,0.0,0.0,0.0,0.0,1.0
1,20.9,3.086486636822455,0,10.45,0,0.22592658272743393,0.42984953233021556,0,0.0,0.0,0.0,1.0,0.0,0.0,0.0,1.0,0.0,0.0,0.0,0.0,0.0,1.0
48,44.8,7.652331994648445,3,0.9142857142857143,0,0.3435006206774251,0.431938236489232,0,0.0,0.0,0.0,0.0,1.0,0.0,0.0,0.0,0.0,0.0,1.0,0.0,1.0,0.0
66,108.45,8.864654822837052,5,1.6186567164179104,0,0.3435006206774251,0.121875,1,1.0,1.0,1.0,1.0,0.0,1.0,1.0,0.0,1.0,0.0,1.0,0.0,1.0,0.0
43,24.45,6.90188810070409,0,0.5556818181818182,1,0.21457705266891292,0.11158342189160468,0,0.0,1.0,1.0,1.0,0.0,1.0,0.0,1.0,1.0,0.0,1.0,0.0,0.0,0.0
54,80.6,8.366591207512721,5,1.4654545454545453,0,0.3435006206774251,0.02787769784172662,0,0.0,0.0,0.0,1.0,0.0,0.0,0.0,0.0,0.0,1.0,0.0,0.0,1.0,0.0
43,35.2,7.289405722324261,2,0.8,1,0.21599574392622806,0.121875,0,1.0,0.0,0.0,0.0,1.0,0.0,0.0,0.0,1.0,0.0,1.0,1.0,0.0,0.0
72,104.15,8.896184267815448,4,1.4267123287671233,0,0.3435006206774251,0.10683760683760683,0,0.0,1.0,1.0,1.0,0.0,1.0,1.0,0.0,1.0,0.0,1.0,0.0,1.0,0.0
33,53.75,7.527417370279605,2,1.5808823529411764,1,0.21599574392622806,0.10683760683760683,0,0.0,1.0,0.0,1.0,0.0,0.0,0.0,0.0,1.0,0.0,1.0,1.0,0.0,0.0
10,20.9,5.5134287461649825,0,1.9,0,0.22592658272743393,0.44104447164422683,0,0.0,0.0,0.0,1.0,0.0,0.0,0.0,1.0,0.0,0.0,1.0,0.0,0.0,1.0
71,80.7,8.644178203170727,1,1.1208333333333333,1,0.21599574392622806,0.02787769784172662,1,0.0,1.0,0.0,1.0,0.0,1.0,1.0,0.0,0.0,1.0,1.0,1.0,0.0,0.0
12,60.65,6.612444179365865,5,4.665384615384616,0,0.3435006206774251,0.10683760683760683,0,0.0,0.0,0.0,0.0,1.0,0.0,0.0,0.0,1.0,0.0,0.0,0.0,1.0,0.0
28,20.25,6.2847869330434385,0,0.6982758620689655,0,0.22592658272743393,0.42984953233021556,0,0.0,0.0,1.0,1.0,0.0,0.0,0.0,1.0,0.0,0.0,0.0,0.0,0.0,1.0
66,90.05,8.69399118806683,6,1.3440298507462687,1,0.21599574392622806,0.027827648114901255,0,0.0,0.0,0.0,1.0,0.0,1.0,0.0,0.0,0.0,1.0,1.0,1.0,0.0,0.0
72,99.4,8.893806047617373,3,1.3616438356164384,0,0.3435006206774251,0.02787769784172662,0,1.0,1.0,0.0,1.0,0.0,1.0,1.0,0.0,0.0,1.0,1.0,0.0,1.0,0.0
24,78.4,7.513927445527675,4,3.136,0,0.3435006206774251,0.11158342189160468,0,0.0,1.0,1.0,1.0,0.0,1.0,0.0,0.0,1.0,0.0,0.0,0.0,1.0,0.0
1,24.8,3.250374491927572,0,12.4,0,0.3435006206774251,0.42851340373679936,1,0.0,1.0,0.0,0.0,1.0,0.0,0.0,0.0,0.0,0.0,1.0,0.0,1.0,0.0
50,82.5,8.338090448677617,5,1.6176470588235294,1,0.21599574392622806,0.10683760683760683,0,0.0,0.0,0.0,1.0,0.0,1.0,0.0,0.0,1.0,0.0,1.0,1.0,0.0,0.0
49,84.5,8.356049786039481,1,1.69,0,0.3435006206774251,0.44104447164422683,0,1.0,1.0,1.0,1.0,0.0,1.0,1.0,0.0,0.0,0.0,0.0,0.0,1.0,0.0
4,46.0,5.270946169751904,0,9.2,0,0.22592658272743393,0.431938236489232,0,0.0,0.0,0.0,1.0,0.0,0.0,0.0,0.0,0.0,0.0,1.0,0.0,0.0,1.0
9,68.95,6.388309272922535,4,6.8950000000000005,0,0.22592658272743393,0.42851340373679936,0,1.0,1.0,0.0,1.0,0.0,0.0,0.0,0.0,0.0,0.0,1.0,0.0,0.0,1.0
10,92.5,6.8406534754414015,4,8.409090909090908,0,0.22592658272743393,0.4231860559383867,1,1.0,1.0,0.0,1.0,0.0,0.0,1.0,0.0,0.0,0.0,1.0,0.0,0.0,1.0
4,54.3,5.279644101282416,1,10.86,0,0.3435006206774251,0.4231860559383867,0,1.0,0.0,0.0,1.0,0.0,0.0,0.0,0.0,0.0,0.0,0.0,0.0,1.0,0.0
70,72.95,8.569130778202858,4,1.0274647887323944,1,0.21457705266891292,0.02787769784172662,0,1.0,1.0,0.0,1.0,0.0,1.0,0.0,0.0,0.0,1.0,0.0,0.0,0.0,0.0
26,92.4,7.762510974738495,3,3.4222222222222225,1,0.21599574392622806,0.42851340373679936,0,1.0,0.0,0.0,1.0,0.0,1.0,1.0,0.0,0.0,0.0,1.0,1.0,0.0,0.0
62,23.65,7.256826386894137,0,0.3753968253968254,1,0.21457705266891292,0.03211009174311927,0,0.0,1.0,0.0,1.0,0.0,1.0,0.0,1.0,0.0,1.0,0.0,0.0,0.0,0.0
25,65.8,7.426935902330863,3,2.5307692307692307,1,0.21457705266891292,0.42984953233021556,0,0.0,0.0,0.0,1.0,0.0,0.0,0.0,0.0,0.0,0.0,1.0,0.0,0.0,0.0
30,77.9,7.763212617248543,0,2.512903225806452,0,0.22592658272743393,0.431938236489232,1,1.0,1.0,0.0,1.0,0.0,1.0,1.0,0.0,0.0,0.0,0.0,0.0,0.0,1.0
69,99.45,8.854893245389706,3,1.4207142857142858,1,0.21599574392622806,0.44104447164422683,0,1.0,1.0,1.0,1.0,0.0,1.0,1.0,0.0,0.0,0.0,1.0,1.0,0.0,0.0
11,84.8,6.811079166716676,1,7.066666666666666,1,0.21599574392622806,0.4231860559383867,1,0.0,0.0,0.0,1.0,0.0,1.0,1.0,0.0,0.0,0.0,1.0,1.0,0.0,0.0
1,48.45,3.900962058068721,1,24.225,1,0.21457705266891292,0.431938236489232,0,0.0,0.0,0.0,1.0,0.0,0.0,0.0,0.0,0.0,0.0,1.0,0.0,0.0,0.0
5,80.2,5.9538924742002255,1,13.366666666666667,0,0.3435006206774251,0.42851340373679936,0,0.0,0.0,0.0,1.0,0.0,0.0,1.0,0.0,0.0,0.0,0.0,0.0,1.0,0.0
72,24.8,7.536523925605876,0,0.33972602739726027,1,0.21599574392622806,0.03211009174311927,0,1.0,1.0,0.0,1.0,0.0,1.0,0.0,1.0,0.0,1.0,0.0,1.0,0.0,0.0
19,105.0,7.605018975053922,5,5.25,0,0.22592658272743393,0.431938236489232,1,0.0,0.0,0.0,1.0,0.0,0.0,1.0,0.0,0.0,0.0,1.0,0.0,0.0,1.0
16,19.3,5.88984701772899,0,1.1352941176470588,1,0.21457705266891292,0.121875,0,0.0,0.0,1.0,1.0,0.0,0.0,0.0,1.0,1.0,0.0,1.0,0.0,0.0,0.0
33,95.8,8.01887238878872,3,2.817647058823529,0,0.3435006206774251,0.11882229232386961,0,1.0,1.0,0.0,1.0,0.0,0.0,1.0,0.0,1.0,0.0,1.0,0.0,1.0,0.0
1,69.65,4.257738109130536,0,34.825,0,0.3435006206774251,0.42984953233021556,0,1.0,0.0,0.0,1.0,0.0,0.0,1.0,0.0,0.0,0.0,1.0,0.0,1.0,0.0
70,115.55,9.00314398599142,6,1.6274647887323943,1,0.21599574392622806,0.11158342189160468,0,0.0,0.0,0.0,1.0,0.0,1.0,1.0,0.0,1.0,0.0,0.0,1.0,0.0,0.0
1,56.05,3.803323588504805,0,28.025,1,0.21457705266891292,0.44104447164422683,0,1.0,0.0,0.0,1.0,0.0,0.0,0.0,0.0,0.0,0.0,1.0,0.0,0.0,0.0
56,52.7,8.01324387158968,2,0.924561403508772,0,0.22592658272743393,0.11158342189160468,0,1.0,0.0,0.0,1.0,0.0,0.0,0.0,0.0,1.0,0.0,0.0,0.0,0.0,1.0
63,89.4,8.630280776232281,6,1.396875,1,0.21599574392622806,0.027827648114901255,0,1.0,1.0,1.0,1.0,0.0,1.0,0.0,0.0,0.0,1.0,1.0,1.0,0.0,0.0
45,50.9,7.740468730600945,1,1.1065217391304347,1,0.21457705266891292,0.42984953233021556,0,1.0,0.0,0.0,1.0,0.0,0.0,0.0,0.0,0.0,0.0,1.0,0.0,0.0,0.0
29,70.75,7.588728658610374,0,2.3583333333333334,0,0.3435006206774251,0.42851340373679936,0,1.0,1.0,1.0,1.0,0.0,0.0,1.0,0.0,0.0,0.0,1.0,0.0,1.0,0.0
26,50.35,7.159913795364871,1,1.864814814814815,0,0.22592658272743393,0.11158342189160468,0,1.0,1.0,1.0,1.0,0.0,0.0,0.0,0.0,1.0,0.0,0.0,0.0,0.0,1.0
72,108.5,8.98779664073394,5,1.4863013698630136,1,0.21457705266891292,0.11882229232386961,0,0.0,1.0,0.0,1.0,0.0,1.0,1.0,0.0,1.0,0.0,1.0,0.0,0.0,0.0
45,84.35,8.25817631817822,6,1.833695652173913,0,0.22592658272743393,0.027827648114901255,0,1.0,1.0,1.0,1.0,0.0,0.0,0.0,0.0,0.0,1.0,1.0,0.0,0.0,1.0
49,75.2,8.21047779567805,0,1.504,1,0.21599574392622806,0.4231860559383867,0,1.0,0.0,1.0,1.0,0.0,1.0,1.0,0.0,0.0,0.0,0.0,1.0,0.0,0.0
1,60.0,4.110873864173311,3,30.0,0,0.3435006206774251,0.44104447164422683,0,0.0,0.0,1.0,1.0,0.0,0.0,0.0,0.0,0.0,0.0,1.0,0.0,1.0,0.0
71,47.05,8.090892522719935,3,0.6534722222222222,0,0.3435006206774251,0.027827648114901255,0,0.0,1.0,0.0,0.0,1.0,0.0,0.0,0.0,0.0,1.0,1.0,0.0,1.0,0.0
11,20.55,5.225477820371079,0,1.7125000000000001,0,0.22592658272743393,0.11158342189160468,0,1.0,1.0,0.0,1.0,0.0,0.0,0.0,1.0,1.0,0.0,1.0,0.0,0.0,1.0
72,89.4,8.760539290047953,6,1.2246575342465755,0,0.22592658272743393,0.027827648114901255,0,1.0,1.0,1.0,1.0,0.0,1.0,0.0,0.0,0.0,1.0,1.0,0.0,0.0,1.0
1,46.3,3.856510295497887,0,23.15,0,0.22592658272743393,0.431938236489232,0,1.0,0.0,0.0,1.0,0.0,0.0,0.0,0.0,0.0,0.0,0.0,0.0,0.0,1.0
11,70.5,6.721787081267985,3,5.875,0,0.22592658272743393,0.4231860559383867,0,0.0,0.0,0.0,1.0,0.0,0.0,0.0,0.0,0.0,0.0,0.0,0.0,0.0,1.0
13,61.8,6.621538798691966,3,4.414285714285714,1,0.21457705266891292,0.42984953233021556,0,1.0,1.0,1.0,1.0,0.0,0.0,0.0,0.0,0.0,0.0,0.0,0.0,0.0,0.0
27,20.6,6.367929863365841,0,0.7357142857142858,0,0.22592658272743393,0.02787769784172662,0,1.0,0.0,1.0,1.0,0.0,0.0,0.0,1.0,0.0,1.0,0.0,0.0,0.0,1.0
3,20.55,4.067315889834181,0,5.1375,1,0.21599574392622806,0.121875,0,0.0,0.0,1.0,1.0,0.0,0.0,0.0,1.0,1.0,0.0,1.0,1.0,0.0,0.0
4,25.2,4.639571612705423,0,5.04,1,0.21457705266891292,0.4231860559383867,1,1.0,0.0,0.0,0.0,1.0,0.0,0.0,0.0,0.0,0.0,1.0,0.0,0.0,0.0
47,91.65,8.298651535121714,2,1.909375,0,0.3435006206774251,0.431938236489232,0,1.0,1.0,1.0,1.0,0.0,1.0,1.0,0.0,0.0,0.0,0.0,0.0,1.0,0.0
1,21.05,3.093312601892855,0,10.525,0,0.22592658272743393,0.42851340373679936,0,1.0,0.0,1.0,1.0,0.0,0.0,0.0,1.0,0.0,0.0,1.0,0.0,0.0,1.0
1,74.3,4.321480134805848,1,37.15,0,0.22592658272743393,0.44104447164422683,0,1.0,0.0,0.0,1.0,0.0,0.0,1.0,0.0,0.0,0.0,1.0,0.0,0.0,1.0
1,49.8,3.927896354584436,1,24.9,1,0.21599574392622806,0.42984953233021556,0,1.0,0.0,0.0,1.0,0.0,0.0,0.0,0.0,0.0,0.0,1.0,1.0,0.0,0.0
1,23.45,3.196630215920881,0,11.725,0,0.3435006206774251,0.4231860559383867,0,1.0,1.0,0.0,0.0,1.0,0.0,0.0,0.0,0.0,0.0,1.0,0.0,1.0,0.0
7,73.85,6.238812787119009,0,9.23125,0,0.3435006206774251,0.431938236489232,0,0.0,0.0,0.0,1.0,0.0,1.0,1.0,0.0,0.0,0.0,1.0,0.0,1.0,0.0
52,105.1,8.589960264967118,4,1.9830188679245282,1,0.21457705266891292,0.11158342189160468,1,1.0,1.0,0.0,1.0,0.0,1.0,1.0,0.0,1.0,0.0,1.0,0.0,0.0,0.0
6,55.3,5.784594117392615,2,7.8999999999999995,0,0.22592658272743393,0.431938236489232,0,1.0,1.0,1.0,1.0,0.0,0.0,0.0,0.0,0.0,0.0,1.0,0.0,0.0,1.0
1,19.65,3.027715319407042,0,9.825,1,0.21457705266891292,0.42851340373679936,0,1.0,0.0,0.0,1.0,0.0,0.0,0.0,1.0,0.0,0.0,1.0,0.0,0.0,0.0
50,19.8,6.921855403360919,0,0.38823529411764707,0,0.3435006206774251,0.027827648114901255,0,1.0,1.0,0.0,1.0,0.0,0.0,0.0,1.0,0.0,1.0,0.0,0.0,1.0,0.0
45,78.75,8.189147352774896,4,1.7119565217391304,1,0.21599574392622806,0.11266094420600858,0,1.0,1.0,1.0,1.0,0.0,1.0,0.0,0.0,1.0,0.0,0.0,1.0,0.0,0.0
47,74.45,8.163741618260106,4,1.5510416666666667,0,0.22592658272743393,0.021602160216021602,0,0.0,0.0,0.0,1.0,0.0,0.0,0.0,0.0,0.0,1.0,0.0,0.0,0.0,1.0
67,60.95,8.323705525009538,3,0.8963235294117647,1,0.21457705266891292,0.11266094420600858,1,1.0,1.0,0.0,1.0,0.0,0.0,0.0,0.0,1.0,0.0,1.0,0.0,0.0,0.0
72,25.25,7.518715788554135,0,0.3458904109589041,1,0.21457705266891292,0.02787769784172662,0,0.0,1.0,0.0,1.0,0.0,1.0,0.0,1.0,0.0,1.0,1.0,0.0,0.0,0.0
13,97.0,7.19702359268779,3,6.928571428571429,0,0.3435006206774251,0.44104447164422683,0,1.0,1.0,1.0,1.0,0.0,0.0,1.0,0.0,0.0,0.0,0.0,0.0,1.0,0.0
5,19.95,4.7059200890882344,0,3.3249999999999997,0,0.22592658272743393,0.42851340373679936,0,0.0,0.0,0.0,1.0,0.0,0.0,0.0,1.0,0.0,0.0,0.0,0.0,0.0,1.0
42,100.4,8.367451112743733,4,2.334883720930233,0,0.3435006206774251,0.027827648114901255,0,0.0,1.0,1.0,1.0,0.0,0.0,1.0,0.0,0.0,1.0,1.0,0.0,1.0,0.0
64,24.7,7.404735495926075,0,0.38,0,0.22592658272743393,0.121875,0,0.0,0.0,0.0,1.0,0.0,1.0,0.0,1.0,1.0,0.0,0.0,0.0,0.0,1.0
38,70.6,7.904408667340748,4,1.81025641025641,0,0.22592658272743393,0.11266094420600858,0,1.0,0.0,0.0,1.0,0.0,0.0,0.0,0.0,1.0,0.0,0.0,0.0,0.0,1.0
4,20.5,4.364371699435161,0,4.1,0,0.22592658272743393,0.44104447164422683,0,1.0,1.0,1.0,1.0,0.0,0.0,0.0,1.0,0.0,0.0,1.0,0.0,0.0,1.0
3,19.45,4.2520603082138555,0,4.8625,0,0.22592658272743393,0.11266094420600858,0,1.0,0.0,0.0,1.0,0.0,0.0,0.0,1.0,1.0,0.0,1.0,0.0,0.0,1.0
1,69.2,4.251348311031766,0,34.6,0,0.3435006206774251,0.431938236489232,0,0.0,0.0,0.0,1.0,0.0,0.0,1.0,0.0,0.0,0.0,1.0,0.0,1.0,0.0
14,46.35,6.505335529059933,2,3.0900000000000003,0,0.3435006206774251,0.44104447164422683,0,1.0,1.0,0.0,0.0,1.0,0.0,0.0,0.0,0.0,0.0,0.0,0.0,1.0,0.0
62,101.15,8.800769346112522,3,1.6055555555555556,1,0.21457705266891292,0.021602160216021602,0,0.0,1.0,1.0,1.0,0.0,1.0,1.0,0.0,0.0,1.0,1.0,0.0,0.0,0.0
14,71.0,6.818924065275521,0,4.733333333333333,1,0.21599574392622806,0.4231860559383867,0,0.0,0.0,0.0,1.0,0.0,0.0,1.0,0.0,0.0,0.0,1.0,1.0,0.0,0.0
50,20.55,6.97658146991199,0,0.40294117647058825,1,0.21599574392622806,0.03211009174311927,0,0.0,1.0,1.0,1.0,0.0,0.0,0.0,1.0,0.0,1.0,0.0,1.0,0.0,0.0
13,91.65,7.017685338354333,1,6.546428571428572,0,0.3435006206774251,0.42851340373679936,0,0.0,0.0,0.0,1.0,0.0,1.0,1.0,0.0,0.0,0.0,1.0,0.0,1.0,0.0
1,71.65,4.285653390016292,0,35.825,0,0.3435006206774251,0.42984953233021556,1,1.0,0.0,0.0,1.0,0.0,0.0,1.0,0.0,0.0,0.0,1.0,0.0,1.0,0.0
20,20.0,6.037035248650441,0,0.9523809523809523,0,0.3435006206774251,0.4231860559383867,0,0.0,1.0,1.0,1.0,0.0,0.0,0.0,1.0,0.0,0.0,0.0,0.0,1.0,0.0
50,20.15,6.83722551279161,0,0.39509803921568626,1,0.21457705266891292,0.03211009174311927,0,0.0,1.0,1.0,1.0,0.0,0.0,0.0,1.0,0.0,1.0,0.0,0.0,0.0,0.0
7,74.65,6.3017944601011076,1,9.33125,0,0.22592658272743393,0.42851340373679936,0,1.0,0.0,0.0,1.0,0.0,0.0,1.0,0.0,0.0,0.0,0.0,0.0,0.0,1.0
17,92.6,7.36562306588335,2,5.144444444444444,0,0.3435006206774251,0.431938236489232,0,0.0,1.0,0.0,1.0,0.0,1.0,1.0,0.0,0.0,0.0,0.0,0.0,1.0,0.0
13,48.75,6.452679670320638,3,3.482142857142857,1,0.21457705266891292,0.4231860559383867,0,0.0,1.0,0.0,0.0,1.0,0.0,0.0,0.0,0.0,0.0,1.0,0.0,0.0,0.0
22,54.2,7.050729447933244,2,2.356521739130435,0,0.3435006206774251,0.44104447164422683,0,1.0,1.0,0.0,1.0,0.0,0.0,0.0,0.0,0.0,0.0,1.0,0.0,1.0,0.0
67,87.4,8.686057943523583,2,1.285294117647059,0,0.3435006206774251,0.11882229232386961,0,1.0,1.0,1.0,1.0,0.0,1.0,1.0,0.0,1.0,0.0,0.0,0.0,1.0,0.0
39,80.45,8.07170264645151,2,2.01125,0,0.3435006206774251,0.024346257889990983,0,0.0,0.0,0.0,1.0,0.0,0.0,1.0,0.0,0.0,1.0,1.0,0.0,1.0,0.0
67,94.35,8.7550204081156,3,1.3875,1,0.21599574392622806,0.11266094420600858,0,0.0,1.0,1.0,1.0,0.0,1.0,1.0,0.0,1.0,0.0,1.0,1.0,0.0,0.0
37,40.2,7.279180894866777,3,1.0578947368421054,1,0.21457705266891292,0.44104447164422683,0,1.0,1.0,1.0,0.0,1.0,0.0,0.0,0.0,0.0,0.0,0.0,0.0,0.0,0.0
22,78.65,7.417430240990732,4,3.4195652173913045,0,0.22592658272743393,0.10683760683760683,0,1.0,1.0,1.0,1.0,0.0,1.0,0.0,0.0,1.0,0.0,1.0,0.0,0.0,1.0
65,99.35,8.755981719355022,4,1.5053030303030301,0,0.3435006206774251,0.024346257889990983,0,1.0,1.0,0.0,1.0,0.0,1.0,1.0,0.0,0.0,1.0,1.0,0.0,1.0,0.0
28,92.35,7.8647656001333095,3,3.1844827586206894,0,0.22592658272743393,0.431938236489232,0,0.0,1.0,0.0,1.0,0.0,0.0,1.0,0.0,0.0,0.0,1.0,0.0,0.0,1.0
56,96.95,8.600283557948336,3,1.7008771929824562,1,0.21599574392622806,0.4231860559383867,0,1.0,1.0,1.0,1.0,0.0,1.0,1.0,0.0,0.0,0.0,1.0,1.0,0.0,0.0
4,88.95,5.875492370855561,2,17.79,0,0.3435006206774251,0.42984953233021556,0,0.0,0.0,0.0,1.0,0.0,1.0,1.0,0.0,0.0,0.0,1.0,0.0,1.0,0.0
62,89.1,8.633962379969956,3,1.4142857142857141,0,0.3435006206774251,0.431938236489232,1,1.0,1.0,0.0,1.0,0.0,1.0,1.0,0.0,0.0,0.0,1.0,0.0,1.0,0.0
28,60.9,7.48809763699502,3,2.1,0,0.22592658272743393,0.4231860559383867,0,1.0,1.0,0.0,1.0,0.0,0.0,0.0,0.0,0.0,0.0,0.0,0.0,0.0,1.0
61,94.1,8.637515223314212,3,1.5177419354838708,0,0.3435006206774251,0.021602160216021602,0,1.0,1.0,0.0,1.0,0.0,1.0,1.0,0.0,0.0,1.0,1.0,0.0,1.0,0.0
64,25.0,7.3688442908382985,0,0.38461538461538464,1,0.21599574392622806,0.027827648114901255,0,0.0,1.0,0.0,1.0,0.0,1.0,0.0,1.0,0.0,1.0,0.0,1.0,0.0,0.0
71,105.55,8.910113272022107,4,1.4659722222222222,0,0.3435006206774251,0.027827648114901255,0,1.0,1.0,1.0,1.0,0.0,1.0,1.0,0.0,0.0,1.0,0.0,0.0,1.0,0.0
57,112.95,8.774312958285378,5,1.9474137931034483,1,0.21457705266891292,0.027827648114901255,0,0.0,0.0,0.0,1.0,0.0,1.0,1.0,0.0,0.0,1.0,1.0,0.0,0.0,0.0
7,44.25,5.750825080989513,0,5.53125,0,0.22592658272743393,0.42851340373679936,0,0.0,1.0,0.0,1.0,0.0,0.0,0.0,0.0,0.0,0.0,1.0,0.0,0.0,1.0
41,109.1,8.401838455053209,5,2.5976190476190473,1,0.21457705266891292,0.11882229232386961,0,0.0,1.0,1.0,1.0,0.0,1.0,1.0,0.0,1.0,0.0,1.0,0.0,0.0,0.0
71,20.9,7.3093462255417005,0,0.29027777777777775,1,0.21457705266891292,0.02787769784172662,0,0.0,1.0,0.0,1.0,0.0,0.0,0.0,1.0,0.0,1.0,1.0,0.0,0.0,0.0
3,80.0,5.49017662782248,2,20.0,0,0.3435006206774251,0.431938236489232,0,0.0,1.0,1.0,1.0,0.0,0.0,1.0,0.0,0.0,0.0,1.0,0.0,1.0,0.0
42,94.4,8.297942054817371,3,2.1953488372093024,0,0.3435006206774251,0.4231860559383867,0,1.0,1.0,0.0,1.0,0.0,1.0,1.0,0.0,0.0,0.0,1.0,0.0,1.0,0.0
72,65.6,8.426721288252162,6,0.8986301369863013,1,0.21457705266891292,0.021602160216021602,0,1.0,0.0,0.0,0.0,1.0,0.0,0.0,0.0,0.0,1.0,1.0,0.0,0.0,0.0
4,74.9,5.776878029726752,0,14.98,0,0.3435006206774251,0.42851340373679936,1,0.0,0.0,0.0,1.0,0.0,1.0,1.0,0.0,0.0,0.0,1.0,0.0,1.0,0.0
43,84.85,8.201550505605104,1,1.9284090909090907,0,0.3435006206774251,0.42984953233021556,1,1.0,0.0,0.0,1.0,0.0,1.0,1.0,0.0,0.0,0.0,1.0,0.0,1.0,0.0
1,19.7,3.0301337002713233,0,9.85,0,0.22592658272743393,0.44104447164422683,0,1.0,0.0,0.0,1.0,0.0,0.0,0.0,1.0,0.0,0.0,0.0,0.0,0.0,1.0
1,19.0,2.995732273553991,0,9.5,0,0.22592658272743393,0.42984953233021556,0,0.0,1.0,1.0,1.0,0.0,0.0,0.0,1.0,0.0,0.0,1.0,0.0,0.0,1.0
1,44.0,3.8066624897703196,0,22.0,0,0.3435006206774251,0.42984953233021556,0,1.0,0.0,0.0,1.0,0.0,0.0,0.0,0.0,0.0,0.0,0.0,0.0,1.0,0.0
44,109.8,8.489071456099213,5,2.44,1,0.21599574392622806,0.11882229232386961,1,0.0,0.0,0.0,1.0,0.0,1.0,1.0,0.0,1.0,0.0,1.0,1.0,0.0,0.0
33,95.3,8.09442423147053,3,2.802941176470588,1,0.21457705266891292,0.431938236489232,0,1.0,0.0,1.0,1.0,0.0,1.0,1.0,0.0,0.0,0.0,1.0,0.0,0.0,0.0
44,19.9,6.767458193443415,0,0.4422222222222222,0,0.22592658272743393,0.02787769784172662,0,0.0,0.0,1.0,1.0,0.0,0.0,0.0,1.0,0.0,1.0,0.0,0.0,0.0,1.0
1,19.75,3.0325462466767075,0,9.875,0,0.22592658272743393,0.42984953233021556,0,0.0,0.0,0.0,1.0,0.0,0.0,0.0,1.0,0.0,0.0,0.0,0.0,0.0,1.0
44,104.15,8.411087954077601,4,2.3144444444444447,0,0.3435006206774251,0.4231860559383867,1,0.0,1.0,0.0,1.0,0.0,1.0,1.0,0.0,0.0,0.0,0.0,0.0,1.0,0.0
4,90.65,5.910661133504376,2,18.130000000000003,0,0.3435006206774251,0.42851340373679936,0,1.0,0.0,0.0,1.0,0.0,1.0,1.0,0.0,0.0,0.0,0.0,0.0,1.0,0.0
72,77.35,8.593644843576568,4,1.0595890410958904,1,0.21599574392622806,0.03211009174311927,1,1.0,1.0,0.0,1.0,0.0,1.0,0.0,0.0,0.0,1.0,0.0,1.0,0.0,0.0
54,105.4,8.638419182183606,5,1.9163636363636365,1,0.21599574392622806,0.11882229232386961,0,1.0,0.0,0.0,1.0,0.0,0.0,1.0,0.0,1.0,0.0,1.0,1.0,0.0,0.0
13,96.65,7.127292334702235,3,6.903571428571429,0,0.3435006206774251,0.42851340373679936,0,0.0,0.0,0.0,1.0,0.0,1.0,1.0,0.0,0.0,0.0,1.0,0.0,1.0,0.0
10,62.25,6.419913491606522,3,5.659090909090909,1,0.21457705266891292,0.4231860559383867,0,1.0,0.0,0.0,1.0,0.0,0.0,0.0,0.0,0.0,0.0,0.0,0.0,0.0,0.0
32,104.05,8.1367669773995,4,3.153030303030303,1,0.21599574392622806,0.11266094420600858,0,0.0,0.0,0.0,1.0,0.0,1.0,1.0,0.0,1.0,0.0,1.0,1.0,0.0,0.0
24,24.7,6.350449321333605,0,0.988,0,0.22592658272743393,0.021602160216021602,0,0.0,1.0,1.0,1.0,0.0,1.0,0.0,1.0,0.0,1.0,0.0,0.0,0.0,1.0
1,50.05,3.9328055446106744,0,25.025,0,0.3435006206774251,0.4231860559383867,0,1.0,0.0,1.0,1.0,0.0,1.0,0.0,0.0,0.0,0.0,1.0,0.0,1.0,0.0
64,47.85,8.054681427928797,4,0.7361538461538462,0,0.3435006206774251,0.027827648114901255,0,0.0,1.0,0.0,0.0,1.0,0.0,0.0,0.0,0.0,1.0,0.0,0.0,1.0,0.0
66,79.5,8.55585605669363,5,1.1865671641791045,1,0.21599574392622806,0.02787769784172662,0,1.0,0.0,1.0,1.0,0.0,0.0,0.0,0.0,0.0,1.0,1.0,1.0,0.0,0.0
72,20.5,7.3153847099196785,0,0.2808219178082192,1,0.21599574392622806,0.027827648114901255,0,0.0,1.0,0.0,1.0,0.0,0.0,0.0,1.0,0.0,1.0,0.0,1.0,0.0,0.0
20,98.55,7.617243219130135,3,4.692857142857143,0,0.22592658272743393,0.44104447164422683,0,1.0,0.0,0.0,1.0,0.0,1.0,1.0,0.0,0.0,0.0,1.0,0.0,0.0,1.0
1,88.8,4.497584975308154,2,44.4,0,0.3435006206774251,0.42984953233021556,1,1.0,0.0,0.0,1.0,0.0,1.0,1.0,0.0,0.0,0.0,1.0,0.0,1.0,0.0
1,18.9,2.990719731730447,0,9.45,0,0.22592658272743393,0.42851340373679936,0,1.0,0.0,0.0,1.0,0.0,0.0,0.0,1.0,0.0,0.0,0.0,0.0,0.0,1.0
8,43.55,5.818300928098793,0,4.838888888888889,0,0.22592658272743393,0.42984953233021556,0,1.0,0.0,0.0,1.0,0.0,0.0,0.0,0.0,0.0,0.0,0.0,0.0,0.0,1.0
7,48.8,5.860216260498028,0,6.1,0,0.3435006206774251,0.44104447164422683,0,0.0,1.0,1.0,1.0,0.0,1.0,0.0,0.0,0.0,0.0,0.0,0.0,1.0,0.0
59,20.6,7.160069207596127,0,0.3433333333333334,0,0.22592658272743393,0.027827648114901255,0,0.0,1.0,1.0,1.0,0.0,0.0,0.0,1.0,0.0,1.0,0.0,0.0,0.0,1.0
52,91.65,8.625033629522884,4,1.729245283018868,0,0.3435006206774251,0.4231860559383867,1,1.0,1.0,0.0,1.0,0.0,1.0,1.0,0.0,0.0,0.0,1.0,0.0,1.0,0.0
64,84.3,8.573582976603518,2,1.2969230769230768,1,0.21599574392622806,0.121875,0,1.0,0.0,0.0,1.0,0.0,1.0,1.0,0.0,1.0,0.0,1.0,1.0,0.0,0.0
41,74.65,8.036460207957417,4,1.7773809523809525,1,0.21457705266891292,0.44104447164422683,0,0.0,0.0,0.0,1.0,0.0,1.0,0.0,0.0,0.0,0.0,1.0,0.0,0.0,0.0
25,19.05,6.1362140309941795,0,0.7326923076923078,0,0.22592658272743393,0.42984953233021556,0,0.0,0.0,0.0,1.0,0.0,0.0,0.0,1.0,0.0,0.0,0.0,0.0,0.0,1.0
6,48.95,5.614040099155339,0,6.992857142857143,1,0.21599574392622806,0.431938236489232,0,0.0,1.0,1.0,1.0,0.0,1.0,0.0,0.0,0.0,0.0,1.0,1.0,0.0,0.0
16,94.65,7.287663234225994,3,5.56764705882353,1,0.21457705266891292,0.4231860559383867,0,0.0,1.0,0.0,1.0,0.0,0.0,1.0,0.0,0.0,0.0,1.0,0.0,0.0,0.0
14,55.7,6.679787610302435,2,3.7133333333333334,0,0.22592658272743393,0.10683760683760683,0,0.0,0.0,0.0,1.0,0.0,0.0,0.0,0.0,1.0,0.0,0.0,0.0,0.0,1.0
60,99.8,8.697303972913028,3,1.6360655737704917,0,0.3435006206774251,0.42851340373679936,0,0.0,1.0,0.0,1.0,0.0,1.0,1.0,0.0,0.0,0.0,1.0,0.0,1.0,0.0
43,64.85,7.975633408280386,2,1.4738636363636362,1,0.21457705266891292,0.121875,0,0.0,1.0,0.0,1.0,0.0,1.0,0.0,0.0,1.0,0.0,1.0,0.0,0.0,0.0
72,111.9,8.996162756265996,5,1.5328767123287672,1,0.21599574392622806,0.027827648114901255,0,1.0,1.0,0.0,1.0,0.0,1.0,1.0,0.0,0.0,1.0,1.0,1.0,0.0,0.0
62,48.7,8.009545844905304,4,0.773015873015873,1,0.21457705266891292,0.021602160216021602,0,0.0,1.0,1.0,0.0,1.0,0.0,0.0,0.0,0.0,1.0,0.0,0.0,0.0,0.0
1,42.9,3.7819143200811256,0,21.45,0,0.3435006206774251,0.4231860559383867,0,1.0,0.0,0.0,1.0,0.0,0.0,0.0,0.0,0.0,0.0,1.0,0.0,1.0,0.0
2,49.05,4.522874943261261,1,16.349999999999998,1,0.21599574392622806,0.4231860559383867,0,0.0,0.0,0.0,1.0,0.0,0.0,0.0,0.0,0.0,0.0,1.0,1.0,0.0,0.0
71,24.25,7.458157321861312,0,0.3368055555555556,1,0.21599574392622806,0.02787769784172662,0,0.0,1.0,0.0,1.0,0.0,1.0,0.0,1.0,0.0,1.0,1.0,1.0,0.0,0.0
1,53.95,4.006423680849631,2,26.975,0,0.3435006206774251,0.42851340373679936,0,1.0,0.0,0.0,1.0,0.0,0.0,0.0,0.0,0.0,0.0,1.0,0.0,1.0,0.0
30,51.2,7.354042381610556,3,1.6516129032258065,1,0.21599574392622806,0.431938236489232,0,0.0,1.0,1.0,0.0,1.0,0.0,0.0,0.0,0.0,0.0,0.0,1.0,0.0,0.0
64,96.9,8.750738456843377,4,1.4907692307692308,0,0.22592658272743393,0.11882229232386961,0,0.0,1.0,0.0,1.0,0.0,0.0,1.0,0.0,1.0,0.0,1.0,0.0,0.0,1.0
62,84.45,8.509191261197179,1,1.3404761904761906,0,0.3435006206774251,0.11158342189160468,1,0.0,0.0,0.0,1.0,0.0,1.0,1.0,0.0,1.0,0.0,0.0,0.0,1.0,0.0
41,111.95,8.419778799309196,5,2.6654761904761903,0,0.3435006206774251,0.10683760683760683,1,1.0,1.0,1.0,1.0,0.0,1.0,1.0,0.0,1.0,0.0,1.0,0.0,1.0,0.0
72,103.75,8.902074567245139,4,1.4212328767123288,1,0.21457705266891292,0.02787769784172662,0,1.0,1.0,0.0,1.0,0.0,1.0,1.0,0.0,0.0,1.0,1.0,0.0,0.0,0.0
67,102.9,8.852335973275391,4,1.5132352941176472,1,0.21457705266891292,0.02787769784172662,1,1.0,1.0,0.0,1.0,0.0,1.0,1.0,0.0,0.0,1.0,0.0,0.0,0.0,0.0
28,106.15,8.056268226103706,4,3.660344827586207,0,0.3435006206774251,0.42984953233021556,1,0.0,0.0,0.0,1.0,0.0,1.0,1.0,0.0,0.0,0.0,1.0,0.0,1.0,0.0
16,20.25,5.794384619338482,0,1.1911764705882353,1,0.21457705266891292,0.4231860559383867,0,1.0,0.0,0.0,1.0,0.0,0.0,0.0,1.0,0.0,0.0,0.0,0.0,0.0,0.0
70,74.1,8.560884665040662,5,1.0436619718309859,1,0.21599574392622806,0.10683760683760683,0,0.0,1.0,1.0,1.0,0.0,0.0,0.0,0.0,1.0,0.0,0.0,1.0,0.0,0.0
72,110.6,8.982586208104289,5,1.5150684931506848,1,0.21599574392622806,0.021602160216021602,0,1.0,1.0,0.0,1.0,0.0,1.0,1.0,0.0,0.0,1.0,1.0,1.0,0.0,0.0
9,65.6,6.387384242372615,3,6.56,0,0.22592658272743393,0.121875,0,0.0,1.0,1.0,1.0,0.0,0.0,0.0,0.0,1.0,0.0,1.0,0.0,0.0,1.0
2,44.3,4.5031374604229395,0,14.766666666666666,0,0.3435006206774251,0.42851340373679936,1,0.0,0.0,0.0,1.0,0.0,0.0,0.0,0.0,0.0,0.0,1.0,0.0,1.0,0.0
22,19.05,6.120407303023365,0,0.8282608695652174,1,0.21457705266891292,0.42984953233021556,0,0.0,1.0,1.0,1.0,0.0,0.0,0.0,1.0,0.0,0.0,0.0,0.0,0.0,0.0
51,59.3,8.011570674648429,5,1.1403846153846153,0,0.3435006206774251,0.10683760683760683,0,1.0,1.0,1.0,0.0,1.0,0.0,0.0,0.0,1.0,0.0,0.0,0.0,1.0,0.0
20,108.2,7.698346724202935,6,5.152380952380953,1,0.21457705266891292,0.431938236489232,0,1.0,0.0,0.0,1.0,0.0,0.0,1.0,0.0,0.0,0.0,1.0,0.0,0.0,0.0
57,100.6,8.65645935874134,3,1.7344827586206895,0,0.3435006206774251,0.42851340373679936,1,1.0,1.0,0.0,1.0,0.0,1.0,1.0,0.0,0.0,0.0,0.0,0.0,1.0,0.0
8,87.1,6.571722945589309,2,9.677777777777777,0,0.3435006206774251,0.431938236489232,1,0.0,0.0,0.0,1.0,0.0,0.0,1.0,0.0,0.0,0.0,1.0,0.0,1.0,0.0
8,44.45,5.914313487919567,0,4.938888888888889,0,0.22592658272743393,0.4231860559383867,0,0.0,0.0,0.0,1.0,0.0,0.0,0.0,0.0,0.0,0.0,0.0,0.0,0.0,1.0
64,89.45,8.647106797736582,3,1.3761538461538463,1,0.21457705266891292,0.10683760683760683,0,1.0,1.0,0.0,1.0,0.0,1.0,1.0,0.0,1.0,0.0,0.0,0.0,0.0,0.0
30,64.5,7.565767388773753,3,2.0806451612903225,1,0.21599574392622806,0.11882229232386961,0,1.0,0.0,1.0,1.0,0.0,0.0,0.0,0.0,1.0,0.0,0.0,1.0,0.0,0.0
2,20.4,3.7819143200811256,0,6.8,0,0.22592658272743393,0.42984953233021556,0,1.0,0.0,1.0,1.0,0.0,0.0,0.0,1.0,0.0,0.0,0.0,0.0,0.0,1.0
10,44.85,6.0785592539589155,0,4.077272727272727,1,0.21599574392622806,0.4231860559383867,0,1.0,0.0,0.0,1.0,0.0,0.0,0.0,0.0,0.0,0.0,1.0,1.0,0.0,0.0
39,104.7,8.32744814860604,5,2.6175,1,0.21599574392622806,0.11266094420600858,0,0.0,1.0,0.0,1.0,0.0,0.0,1.0,0.0,1.0,0.0,1.0,1.0,0.0,0.0
72,25.45,7.5323291428868355,0,0.34863013698630135,1,0.21599574392622806,0.024346257889990983,0,0.0,0.0,0.0,1.0,0.0,1.0,0.0,1.0,0.0,1.0,0.0,1.0,0.0,0.0
32,93.2,7.983440063006542,2,2.824242424242424,0,0.3435006206774251,0.42984953233021556,1,0.0,1.0,0.0,1.0,0.0,1.0,1.0,0.0,0.0,0.0,1.0,0.0,1.0,0.0
33,58.45,7.5788613286652025,3,1.7191176470588236,0,0.22592658272743393,0.11882229232386961,0,0.0,1.0,1.0,1.0,0.0,0.0,0.0,0.0,1.0,0.0,1.0,0.0,0.0,1.0
12,78.85,6.7773618150485415,4,6.065384615384615,0,0.3435006206774251,0.121875,0,0.0,1.0,0.0,1.0,0.0,1.0,0.0,0.0,1.0,0.0,0.0,0.0,1.0,0.0
40,101.85,8.315639884344804,3,2.4841463414634144,0,0.3435006206774251,0.42851340373679936,1,1.0,1.0,0.0,1.0,0.0,1.0,1.0,0.0,0.0,0.0,0.0,0.0,1.0,0.0
72,92.4,8.822779030645604,6,1.2657534246575344,0,0.3435006206774251,0.02787769784172662,0,0.0,1.0,0.0,1.0,0.0,1.0,0.0,0.0,0.0,1.0,1.0,0.0,1.0,0.0
38,20.3,6.612108236876059,0,0.5205128205128206,0,0.22592658272743393,0.024346257889990983,0,0.0,0.0,0.0,1.0,0.0,0.0,0.0,1.0,0.0,1.0,0.0,0.0,0.0,1.0
35,20.5,6.633778853586468,0,0.5694444444444444,1,0.21457705266891292,0.027827648114901255,0,1.0,1.0,1.0,1.0,0.0,0.0,0.0,1.0,0.0,1.0,0.0,0.0,0.0,0.0
39,20.45,6.673297967767654,0,0.51125,1,0.21457705266891292,0.02787769784172662,0,1.0,1.0,0.0,1.0,0.0,0.0,0.0,1.0,0.0,1.0,1.0,0.0,0.0,0.0
36,63.7,7.6914284862414535,3,1.7216216216216218,1,0.21599574392622806,0.11882229232386961,0,1.0,1.0,1.0,1.0,0.0,0.0,0.0,0.0,1.0,0.0,1.0,1.0,0.0,0.0
2,20.65,3.681351187693145,0,6.883333333333333,0,0.22592658272743393,0.431938236489232,0,0.0,0.0,0.0,1.0,0.0,0.0,0.0,1.0,0.0,0.0,0.0,0.0,0.0,1.0
68,85.3,8.623533227187563,5,1.236231884057971,1,0.21457705266891292,0.024346257889990983,0,0.0,1.0,1.0,1.0,0.0,1.0,0.0,0.0,0.0,1.0,0.0,0.0,0.0,0.0
34,105.1,8.198584448283961,5,3.0028571428571427,0,0.3435006206774251,0.4231860559383867,0,0.0,0.0,0.0,1.0,0.0,0.0,1.0,0.0,0.0,0.0,1.0,0.0,1.0,0.0
7,50.7,5.861782877638206,1,6.3375,0,0.22592658272743393,0.42851340373679936,0,0.0,1.0,1.0,1.0,0.0,0.0,0.0,0.0,0.0,0.0,0.0,0.0,0.0,1.0
66,56.05,8.293499488796547,2,0.8365671641791045,0,0.3435006206774251,0.024346257889990983,0,0.0,1.0,1.0,1.0,0.0,0.0,0.0,0.0,0.0,1.0,1.0,0.0,1.0,0.0
34,64.35,7.6275687329380855,3,1.8385714285714283,0,0.3435006206774251,0.10683760683760683,0,0.0,0.0,0.0,1.0,0.0,0.0,0.0,0.0,1.0,0.0,0.0,0.0,1.0,0.0
32,64.85,7.606859680016209,2,1.9651515151515149,1,0.21457705266891292,0.10683760683760683,0,1.0,0.0,0.0,1.0,0.0,0.0,0.0,0.0,1.0,0.0,1.0,0.0,0.0,0.0
67,54.2,8.253019290544035,2,0.7970588235294118,1,0.21457705266891292,0.021602160216021602,0,1.0,1.0,1.0,1.0,0.0,0.0,0.0,0.0,0.0,1.0,1.0,0.0,0.0,0.0
14,46.35,6.512784907966614,2,3.0900000000000003,0,0.3435006206774251,0.42851340373679936,1,0.0,0.0,0.0,0.0,1.0,0.0,0.0,0.0,0.0,0.0,1.0,0.0,1.0,0.0
15,19.65,5.604330395684541,0,1.228125,0,0.22592658272743393,0.11882229232386961,0,0.0,0.0,1.0,1.0,0.0,0.0,0.0,1.0,1.0,0.0,0.0,0.0,0.0,1.0
70,113.65,8.951006012706504,6,1.6007042253521127,0,0.3435006206774251,0.02787769784172662,1,0.0,1.0,0.0,1.0,0.0,1.0,1.0,0.0,0.0,1.0,1.0,0.0,1.0,0.0
58,109.1,8.763216982257173,5,1.8491525423728812,1,0.21599574392622806,0.024346257889990983,0,0.0,1.0,0.0,1.0,0.0,1.0,1.0,0.0,0.0,1.0,1.0,1.0,0.0,0.0
34,99.85,8.114967829657902,4,2.8528571428571428,0,0.3435006206774251,0.10683760683760683,1,1.0,0.0,0.0,1.0,0.0,0.0,1.0,0.0,1.0,0.0,1.0,0.0,1.0,0.0
4,84.6,5.889154928283412,1,16.919999999999998,0,0.3435006206774251,0.431938236489232,1,0.0,0.0,0.0,1.0,0.0,1.0,1.0,0.0,0.0,0.0,1.0,0.0,1.0,0.0
17,69.0,7.048082279073415,0,3.8333333333333335,0,0.3435006206774251,0.42851340373679936,0,1.0,1.0,1.0,1.0,0.0,0.0,1.0,0.0,0.0,0.0,1.0,0.0,1.0,0.0
1,73.0,4.30406509320417,1,36.5,0,0.3435006206774251,0.44104447164422683,1,0.0,0.0,0.0,1.0,0.0,0.0,1.0,0.0,0.0,0.0,1.0,0.0,1.0,0.0
64,97.0,8.76902526347426,4,1.4923076923076923,1,0.21457705266891292,0.121875,1,0.0,1.0,0.0,1.0,0.0,0.0,1.0,0.0,1.0,0.0,0.0,0.0,0.0,0.0
64,110.3,8.853422541400022,5,1.696923076923077,1,0.21457705266891292,0.02787769784172662,0,0.0,1.0,1.0,1.0,0.0,1.0,1.0,0.0,0.0,1.0,0.0,0.0,0.0,0.0
10,86.05,6.727551478159183,1,7.822727272727272,1,0.21457705266891292,0.431938236489232,0,1.0,0.0,0.0,1.0,0.0,1.0,1.0,0.0,0.0,0.0,1.0,0.0,0.0,0.0
40,80.0,8.061407999408058,2,1.951219512195122,0,0.3435006206774251,0.42984953233021556,0,1.0,1.0,0.0,1.0,0.0,0.0,1.0,0.0,0.0,0.0,1.0,0.0,1.0,0.0
23,20.3,6.156131168663216,0,0.8458333333333333,1,0.21457705266891292,0.42984953233021556,0,0.0,0.0,0.0,1.0,0.0,0.0,0.0,1.0,0.0,0.0,1.0,0.0,0.0,0.0
38,57.15,7.719418559774295,2,1.4653846153846153,1,0.21599574392622806,0.44104447164422683,1,0.0,0.0,0.0,1.0,0.0,0.0,0.0,0.0,0.0,0.0,1.0,1.0,0.0,0.0
6,95.75,6.353935163643291,3,13.678571428571429,0,0.3435006206774251,0.42851340373679936,1,1.0,1.0,0.0,1.0,0.0,0.0,1.0,0.0,0.0,0.0,1.0,0.0,1.0,0.0
41,53.95,7.703639536993195,4,1.2845238095238096,0,0.3435006206774251,0.42851340373679936,1,1.0,1.0,0.0,0.0,1.0,0.0,0.0,0.0,0.0,0.0,1.0,0.0,1.0,0.0
8,84.9,6.6411168934587055,1,9.433333333333334,0,0.3435006206774251,0.42984953233021556,0,0.0,1.0,0.0,1.0,0.0,1.0,1.0,0.0,0.0,0.0,1.0,0.0,1.0,0.0
2,64.2,4.974317031422144,3,21.400000000000002,0,0.22592658272743393,0.431938236489232,0,1.0,1.0,0.0,1.0,0.0,0.0,0.0,0.0,0.0,0.0,1.0,0.0,0.0,1.0
60,97.95,8.677269139262872,4,1.6057377049180328,0,0.3435006206774251,0.121875,1,1.0,1.0,0.0,1.0,0.0,0.0,1.0,0.0,1.0,0.0,1.0,0.0,1.0,0.0
7,79.7,6.375109995076221,1,9.9625,0,0.3435006206774251,0.42984953233021556,0,0.0,0.0,0.0,1.0,0.0,0.0,1.0,0.0,0.0,0.0,1.0,0.0,1.0,0.0
1,86.0,4.465908118654584,2,43.0,0,0.3435006206774251,0.4231860559383867,1,0.0,0.0,0.0,1.0,0.0,0.0,1.0,0.0,0.0,0.0,1.0,0.0,1.0,0.0
2,74.9,4.920345822748795,0,24.96666666666667,0,0.22592658272743393,0.42851340373679936,0,0.0,0.0,0.0,1.0,0.0,1.0,1.0,0.0,0.0,0.0,1.0,0.0,0.0,1.0
16,74.3,7.072633922164371,1,4.370588235294117,1,0.21599574392622806,0.431938236489232,1,1.0,1.0,0.0,1.0,0.0,0.0,1.0,0.0,0.0,0.0,1.0,1.0,0.0,0.0
46,90.95,8.351752350230317,3,1.9351063829787234,1,0.21457705266891292,0.11882229232386961,0,0.0,1.0,1.0,1.0,0.0,0.0,1.0,0.0,1.0,0.0,0.0,0.0,0.0,0.0
24,84.85,7.625497506397463,2,3.3939999999999997,1,0.21457705266891292,0.44104447164422683,0,1.0,0.0,0.0,1.0,0.0,1.0,1.0,0.0,0.0,0.0,1.0,0.0,0.0,0.0
71,19.8,7.242261298149807,0,0.275,0,0.22592658272743393,0.024346257889990983,0,1.0,1.0,1.0,1.0,0.0,0.0,0.0,1.0,0.0,1.0,0.0,0.0,0.0,1.0
62,19.95,7.127533172820045,0,0.31666666666666665,1,0.21457705266891292,0.11882229232386961,0,1.0,1.0,1.0,1.0,0.0,0.0,0.0,1.0,1.0,0.0,0.0,0.0,0.0,0.0
43,108.15,8.434181079422173,5,2.4579545454545455,1,0.21599574392622806,0.44104447164422683,1,0.0,0.0,0.0,1.0,0.0,0.0,1.0,0.0,0.0,0.0,1.0,1.0,0.0,0.0
72,25.75,7.531123564934166,0,0.3527397260273973,1,0.21599574392622806,0.03211009174311927,0,1.0,1.0,0.0,1.0,0.0,1.0,0.0,1.0,0.0,1.0,0.0,1.0,0.0,0.0
20,96.55,7.551002930254652,4,4.597619047619047,0,0.3435006206774251,0.44104447164422683,0,0.0,1.0,0.0,1.0,0.0,0.0,1.0,0.0,0.0,0.0,1.0,0.0,1.0,0.0
5,94.85,6.139453424821431,2,15.808333333333332,1,0.21457705266891292,0.44104447164422683,0,1.0,0.0,0.0,1.0,0.0,1.0,1.0,0.0,0.0,0.0,1.0,0.0,0.0,0.0
53,25.55,7.198258368620619,0,0.47314814814814815,1,0.21599574392622806,0.024346257889990983,0,1.0,1.0,1.0,1.0,0.0,1.0,0.0,1.0,0.0,1.0,0.0,1.0,0.0,0.0
26,78.8,7.604446173165448,1,2.9185185185185185,0,0.3435006206774251,0.42851340373679936,1,0.0,0.0,0.0,1.0,0.0,0.0,1.0,0.0,0.0,0.0,1.0,0.0,1.0,0.0
72,88.7,8.779918929005985,6,1.215068493150685,1,0.21599574392622806,0.03211009174311927,0,1.0,1.0,1.0,1.0,0.0,1.0,0.0,0.0,0.0,1.0,0.0,1.0,0.0,0.0
1,24.7,3.246490991901174,0,12.35,0,0.22592658272743393,0.4231860559383867,0,0.0,0.0,1.0,0.0,1.0,0.0,0.0,0.0,0.0,0.0,0.0,0.0,0.0,1.0
20,20.05,5.993961427306569,0,0.9547619047619048,0,0.22592658272743393,0.024346257889990983,0,1.0,1.0,1.0,1.0,0.0,0.0,0.0,1.0,0.0,1.0,0.0,0.0,0.0,1.0
29,76.0,7.703571857388417,0,2.533333333333333,1,0.21599574392622806,0.44104447164422683,0,0.0,0.0,0.0,1.0,0.0,1.0,1.0,0.0,0.0,0.0,1.0,1.0,0.0,0.0
18,99.85,7.483216294193619,3,5.255263157894737,1,0.21457705266891292,0.4231860559383867,0,0.0,0.0,0.0,1.0,0.0,1.0,1.0,0.0,0.0,0.0,1.0,0.0,0.0,0.0
63,59.0,8.218409725893283,5,0.921875,0,0.3435006206774251,0.027827648114901255,0,1.0,1.0,1.0,0.0,1.0,0.0,0.0,0.0,0.0,1.0,0.0,0.0,1.0,0.0
52,105.05,8.635127326767599,4,1.982075471698113,0,0.3435006206774251,0.42984953233021556,0,0.0,1.0,0.0,1.0,0.0,1.0,1.0,0.0,0.0,0.0,1.0,0.0,1.0,0.0
2,79.6,5.27836972873834,1,26.53333333333333,0,0.3435006206774251,0.42984953233021556,1,0.0,0.0,0.0,1.0,0.0,0.0,1.0,0.0,0.0,0.0,1.0,0.0,1.0,0.0
3,43.3,4.825509809969567,0,10.825,0,0.3435006206774251,0.44104447164422683,0,1.0,0.0,0.0,1.0,0.0,0.0,0.0,0.0,0.0,0.0,1.0,0.0,1.0,0.0
5,20.15,4.778703236748966,0,3.358333333333333,0,0.22592658272743393,0.44104447164422683,0,0.0,0.0,0.0,1.0,0.0,0.0,0.0,1.0,0.0,0.0,0.0,0.0,0.0,1.0
50,89.7,8.36764855413622,3,1.7588235294117647,1,0.21457705266891292,0.03211009174311927,0,0.0,0.0,0.0,1.0,0.0,0.0,1.0,0.0,0.0,1.0,1.0,0.0,0.0,0.0
4,69.35,5.570822347399971,0,13.87,0,0.3435006206774251,0.42851340373679936,1,1.0,0.0,0.0,1.0,0.0,0.0,1.0,0.0,0.0,0.0,0.0,0.0,1.0,0.0
1,73.55,4.311470041210748,0,36.775,0,0.3435006206774251,0.431938236489232,1,1.0,1.0,0.0,1.0,0.0,1.0,1.0,0.0,0.0,0.0,1.0,0.0,1.0,0.0
9,19.5,5.192123170141633,0,1.95,0,0.3435006206774251,0.44104447164422683,0,0.0,0.0,0.0,1.0,0.0,0.0,0.0,1.0,0.0,0.0,1.0,0.0,1.0,0.0
43,92.55,8.303999970955196,2,2.103409090909091,1,0.21457705266891292,0.4231860559383867,0,0.0,1.0,1.0,1.0,0.0,1.0,1.0,0.0,0.0,0.0,1.0,0.0,0.0,0.0
67,24.9,7.427292843350149,0,0.36617647058823527,0,0.22592658272743393,0.027827648114901255,0,0.0,1.0,1.0,1.0,0.0,1.0,0.0,1.0,0.0,1.0,1.0,0.0,0.0,1.0
46,45.55,7.63198922007418,3,0.9691489361702127,0,0.3435006206774251,0.42984953233021556,0,0.0,1.0,0.0,0.0,1.0,0.0,0.0,0.0,0.0,0.0,0.0,0.0,1.0,0.0
1,19.75,3.0325462466767075,0,9.875,1,0.21457705266891292,0.44104447164422683,0,1.0,0.0,0.0,1.0,0.0,0.0,0.0,1.0,0.0,0.0,0.0,0.0,0.0,0.0
2,79.45,4.984633491557255,1,26.483333333333334,0,0.3435006206774251,0.44104447164422683,0,1.0,0.0,0.0,1.0,0.0,1.0,1.0,0.0,0.0,0.0,1.0,0.0,1.0,0.0
56,88.9,8.51097389160232,2,1.5596491228070177,1,0.21457705266891292,0.11158342189160468,0,0.0,1.0,1.0,1.0,0.0,0.0,1.0,0.0,1.0,0.0,0.0,0.0,0.0,0.0
35,23.3,6.682233902881963,0,0.6472222222222223,1,0.21457705266891292,0.021602160216021602,0,0.0,0.0,0.0,1.0,0.0,1.0,0.0,1.0,0.0,1.0,0.0,0.0,0.0,0.0
1,45.6,3.8416005411316,0,22.8,0,0.3435006206774251,0.431938236489232,0,1.0,0.0,0.0,1.0,0.0,0.0,0.0,0.0,0.0,0.0,1.0,0.0,1.0,0.0
19,89.95,7.428570836777475,3,4.4975000000000005,0,0.22592658272743393,0.431938236489232,0,1.0,0.0,0.0,1.0,0.0,0.0,1.0,0.0,0.0,0.0,0.0,0.0,0.0,1.0
31,99.95,8.06703924718298,3,3.1234375,0,0.3435006206774251,0.4231860559383867,1,0.0,0.0,0.0,1.0,0.0,1.0,1.0,0.0,0.0,0.0,1.0,0.0,1.0,0.0
4,50.05,5.194899407349548,1,10.01,0,0.22592658272743393,0.431938236489232,0,1.0,1.0,0.0,1.0,0.0,0.0,0.0,0.0,0.0,0.0,0.0,0.0,0.0,1.0
68,64.35,8.420814440893524,6,0.9326086956521739,1,0.21599574392622806,0.027827648114901255,0,0.0,0.0,0.0,0.0,1.0,0.0,0.0,0.0,0.0,1.0,0.0,1.0,0.0,0.0
49,19.0,6.824047529908652,0,0.38,1,0.21599574392622806,0.121875,0,0.0,1.0,0.0,1.0,0.0,0.0,0.0,1.0,1.0,0.0,0.0,1.0,0.0,0.0
39,45.05,7.490864354333145,3,1.12625,1,0.21457705266891292,0.121875,0,1.0,0.0,1.0,0.0,1.0,0.0,0.0,0.0,1.0,0.0,0.0,0.0,0.0,0.0
8,80.45,6.37067123405378,1,8.93888888888889,1,0.21599574392622806,0.431938236489232,1,1.0,1.0,1.0,1.0,0.0,0.0,1.0,0.0,0.0,0.0,1.0,1.0,0.0,0.0
71,93.7,8.79275460455494,2,1.301388888888889,1,0.21457705266891292,0.024346257889990983,0,0.0,1.0,0.0,1.0,0.0,1.0,1.0,0.0,0.0,1.0,1.0,0.0,0.0,0.0
71,90.55,8.738743474151883,6,1.2576388888888888,1,0.21599574392622806,0.021602160216021602,0,0.0,1.0,1.0,1.0,0.0,1.0,0.0,0.0,0.0,1.0,1.0,1.0,0.0,0.0
17,74.55,7.103979740945083,4,4.141666666666667,0,0.22592658272743393,0.431938236489232,0,0.0,1.0,1.0,1.0,0.0,0.0,0.0,0.0,0.0,0.0,0.0,0.0,0.0,1.0
1,45.1,3.8308129500026027,0,22.55,1,0.21457705266891292,0.4231860559383867,0,1.0,0.0,0.0,1.0,0.0,0.0,0.0,0.0,0.0,0.0,1.0,0.0,0.0,0.0
26,85.2,7.689645669376471,3,3.1555555555555554,0,0.3435006206774251,0.121875,0,1.0,0.0,0.0,1.0,0.0,0.0,1.0,0.0,1.0,0.0,1.0,0.0,1.0,0.0
22,20.15,6.042395275776525,0,0.8760869565217391,0,0.22592658272743393,0.121875,0,1.0,1.0,1.0,1.0,0.0,0.0,0.0,1.0,1.0,0.0,0.0,0.0,0.0,1.0
29,98.8,7.940263377047203,4,3.2933333333333334,1,0.21599574392622806,0.44104447164422683,0,1.0,0.0,0.0,1.0,0.0,0.0,1.0,0.0,0.0,0.0,1.0,1.0,0.0,0.0
32,91.35,7.971620831320412,2,2.768181818181818,0,0.22592658272743393,0.42851340373679936,1,0.0,1.0,1.0,1.0,0.0,1.0,1.0,0.0,0.0,0.0,1.0,0.0,0.0,1.0
55,64.75,8.193704305153153,3,1.15625,0,0.22592658272743393,0.027827648114901255,0,0.0,0.0,0.0,1.0,0.0,0.0,0.0,0.0,0.0,1.0,1.0,0.0,0.0,1.0
18,50.0,6.795370148387346,1,2.6315789473684212,0,0.22592658272743393,0.44104447164422683,0,0.0,0.0,0.0,1.0,0.0,0.0,0.0,0.0,0.0,0.0,1.0,0.0,0.0,1.0
18,20.1,5.917548864157814,0,1.0578947368421054,0,0.22592658272743393,0.021602160216021602,0,0.0,1.0,0.0,1.0,0.0,0.0,0.0,1.0,0.0,1.0,0.0,0.0,0.0,1.0
16,85.35,7.22704502417986,1,5.020588235294118,1,0.21599574392622806,0.44104447164422683,1,0.0,1.0,0.0,1.0,0.0,1.0,1.0,0.0,0.0,0.0,1.0,1.0,0.0,0.0
7,75.45,6.177425307294476,0,9.43125,0,0.22592658272743393,0.42984953233021556,0,0.0,0.0,0.0,1.0,0.0,1.0,1.0,0.0,0.0,0.0,0.0,0.0,0.0,1.0
1,84.5,4.448516375942715,1,42.25,0,0.3435006206774251,0.44104447164422683,0,1.0,0.0,0.0,1.0,0.0,1.0,1.0,0.0,0.0,0.0,0.0,0.0,1.0,0.0
1,20.05,3.0469005601283903,0,10.025,0,0.22592658272743393,0.42851340373679936,0,1.0,0.0,0.0,1.0,0.0,0.0,0.0,1.0,0.0,0.0,0.0,0.0,0.0,1.0
20,70.55,7.309580437169706,0,3.3595238095238096,1,0.21599574392622806,0.42984953233021556,0,1.0,0.0,0.0,1.0,0.0,0.0,1.0,0.0,0.0,0.0,0.0,1.0,0.0,0.0
42,33.55,7.2767638500796865,2,0.7802325581395348,0,0.22592658272743393,0.11266094420600858,0,0.0,1.0,0.0,0.0,1.0,0.0,0.0,0.0,1.0,0.0,0.0,0.0,0.0,1.0
8,70.7,6.3178864478756935,0,7.855555555555556,1,0.21457705266891292,0.431938236489232,0,1.0,0.0,0.0,1.0,0.0,0.0,1.0,0.0,0.0,0.0,0.0,0.0,0.0,0.0
72,106.1,8.968205114480373,4,1.4534246575342464,1,0.21457705266891292,0.121875,0,1.0,1.0,1.0,1.0,0.0,1.0,1.0,0.0,1.0,0.0,1.0,0.0,0.0,0.0
0,19.85,0.0,0,19.85,0,0.22592658272743393,0.03211009174311927,0,1.0,1.0,1.0,1.0,0.0,0.0,0.0,1.0,0.0,1.0,0.0,0.0,0.0,1.0
71,69.2,8.513887734407511,3,0.9611111111111111,0,0.3435006206774251,0.11266094420600858,1,0.0,1.0,1.0,1.0,0.0,1.0,0.0,0.0,1.0,0.0,0.0,0.0,1.0,0.0
66,79.85,8.563303577709942,4,1.1917910447761193,0,0.3435006206774251,0.02787769784172662,0,1.0,1.0,1.0,1.0,0.0,1.0,0.0,0.0,0.0,1.0,0.0,0.0,1.0,0.0
32,69.75,7.76170241244579,0,2.1136363636363638,1,0.21457705266891292,0.42984953233021556,0,1.0,1.0,1.0,1.0,0.0,0.0,1.0,0.0,0.0,0.0,1.0,0.0,0.0,0.0
1,89.35,4.503691017038237,2,44.675,0,0.3435006206774251,0.431938236489232,0,0.0,0.0,1.0,1.0,0.0,0.0,1.0,0.0,0.0,0.0,1.0,0.0,1.0,0.0
17,19.9,5.801362802995065,0,1.1055555555555554,1,0.21457705266891292,0.11882229232386961,0,1.0,1.0,1.0,1.0,0.0,0.0,0.0,1.0,1.0,0.0,0.0,0.0,0.0,0.0
3,73.6,5.453182077108952,1,18.4,1,0.21599574392622806,0.4231860559383867,0,1.0,0.0,0.0,1.0,0.0,0.0,1.0,0.0,0.0,0.0,1.0,1.0,0.0,0.0
69,81.5,8.622318679457237,5,1.1642857142857144,1,0.21599574392622806,0.02787769784172662,0,1.0,0.0,0.0,1.0,0.0,1.0,0.0,0.0,0.0,1.0,1.0,1.0,0.0,0.0
63,99.65,8.750239547701803,3,1.55703125,1,0.21599574392622806,0.11266094420600858,0,0.0,1.0,1.0,1.0,0.0,1.0,1.0,0.0,1.0,0.0,1.0,1.0,0.0,0.0
6,91.0,6.2766434893416445,3,13.0,0,0.3435006206774251,0.42851340373679936,0,1.0,1.0,0.0,1.0,0.0,0.0,1.0,0.0,0.0,0.0,1.0,0.0,1.0,0.0
1,20.3,3.0587070727153796,0,10.15,1,0.21599574392622806,0.431938236489232,0,0.0,0.0,0.0,1.0,0.0,0.0,0.0,1.0,0.0,0.0,0.0,1.0,0.0,0.0
1,85.45,4.4595662121293,2,42.725,0,0.3435006206774251,0.42984953233021556,0,0.0,0.0,0.0,1.0,0.0,0.0,1.0,0.0,0.0,0.0,1.0,0.0,1.0,0.0
0,25.35,0.0,0,25.35,0,0.22592658272743393,0.027827648114901255,0,1.0,1.0,1.0,1.0,0.0,1.0,0.0,1.0,0.0,1.0,0.0,0.0,0.0,1.0
13,52.1,6.509737371509022,1,3.7214285714285715,1,0.21599574392622806,0.431938236489232,0,1.0,0.0,1.0,1.0,0.0,0.0,0.0,0.0,0.0,0.0,1.0,1.0,0.0,0.0
8,85.2,6.546426666362057,1,9.466666666666667,0,0.3435006206774251,0.42851340373679936,1,0.0,0.0,0.0,1.0,0.0,1.0,1.0,0.0,0.0,0.0,0.0,0.0,1.0,0.0
37,99.2,8.231003338384392,4,2.610526315789474,0,0.3435006206774251,0.10683760683760683,0,0.0,1.0,0.0,1.0,0.0,1.0,1.0,0.0,1.0,0.0,1.0,0.0,1.0,0.0
27,19.9,6.311916280889189,0,0.7107142857142856,0,0.22592658272743393,0.024346257889990983,0,0.0,1.0,1.0,1.0,0.0,0.0,0.0,1.0,0.0,1.0,0.0,0.0,0.0,1.0
35,20.05,6.617068697510057,0,0.5569444444444445,1,0.21457705266891292,0.10683760683760683,0,1.0,1.0,1.0,1.0,0.0,0.0,0.0,1.0,1.0,0.0,0.0,0.0,0.0,0.0
1,24.6,3.242592351485517,0,12.3,0,0.3435006206774251,0.42851340373679936,0,0.0,0.0,0.0,0.0,1.0,0.0,0.0,0.0,0.0,0.0,0.0,0.0,1.0,0.0
44,56.05,7.909562938379055,3,1.2455555555555555,0,0.22592658272743393,0.121875,0,0.0,1.0,0.0,1.0,0.0,0.0,0.0,0.0,1.0,0.0,1.0,0.0,0.0,1.0
37,40.2,7.330634543344089,3,1.0578947368421054,0,0.3435006206774251,0.11266094420600858,0,1.0,1.0,1.0,0.0,1.0,0.0,0.0,0.0,1.0,0.0,1.0,0.0,1.0,0.0
58,20.75,7.079142270723312,0,0.3516949152542373,0,0.22592658272743393,0.02787769784172662,0,1.0,1.0,0.0,1.0,0.0,0.0,0.0,1.0,0.0,1.0,0.0,0.0,0.0,1.0
23,91.1,7.695894406897651,6,3.795833333333333,1,0.21599574392622806,0.021602160216021602,0,0.0,1.0,1.0,1.0,0.0,1.0,0.0,0.0,0.0,1.0,1.0,1.0,0.0,0.0
8,21.05,4.9469852670198,0,2.338888888888889,1,0.21599574392622806,0.42984953233021556,0,0.0,1.0,1.0,1.0,0.0,0.0,0.0,1.0,0.0,0.0,0.0,1.0,0.0,0.0
41,88.5,8.201399668803381,2,2.107142857142857,1,0.21457705266891292,0.44104447164422683,0,0.0,0.0,1.0,1.0,0.0,1.0,1.0,0.0,0.0,0.0,1.0,0.0,0.0,0.0
71,80.7,8.649282294440976,5,1.1208333333333333,1,0.21599574392622806,0.027827648114901255,0,0.0,1.0,0.0,1.0,0.0,0.0,0.0,0.0,0.0,1.0,1.0,1.0,0.0,0.0
72,105.0,8.934692266679823,4,1.4383561643835616,1,0.21599574392622806,0.027827648114901255,0,0.0,1.0,0.0,1.0,0.0,1.0,1.0,0.0,0.0,1.0,1.0,1.0,0.0,0.0
68,88.0,8.726302724966574,6,1.2753623188405796,1,0.21599574392622806,0.027827648114901255,0,0.0,1.0,1.0,1.0,0.0,1.0,0.0,0.0,0.0,1.0,0.0,1.0,0.0,0.0
16,35.5,6.316623023828922,1,2.088235294117647,1,0.21599574392622806,0.44104447164422683,0,0.0,1.0,1.0,0.0,1.0,0.0,0.0,0.0,0.0,0.0,1.0,1.0,0.0,0.0
3,69.55,5.408516158846112,0,17.3875,1,0.21457705266891292,0.4231860559383867,0,0.0,0.0,0.0,1.0,0.0,0.0,1.0,0.0,0.0,0.0,1.0,0.0,0.0,0.0
52,109.3,8.653889570183916,5,2.0622641509433963,0,0.3435006206774251,0.027827648114901255,0,1.0,0.0,0.0,1.0,0.0,1.0,1.0,0.0,0.0,1.0,1.0,0.0,1.0,0.0
17,76.65,7.181249680723068,1,4.258333333333334,0,0.3435006206774251,0.42851340373679936,0,1.0,0.0,0.0,1.0,0.0,0.0,1.0,0.0,0.0,0.0,1.0,0.0,1.0,0.0
38,60.0,7.693572794383391,5,1.5384615384615385,1,0.21457705266891292,0.024346257889990983,0,1.0,1.0,0.0,0.0,1.0,0.0,0.0,0.0,0.0,1.0,1.0,0.0,0.0,0.0
1,50.15,3.9347624923976356,1,25.075,0,0.22592658272743393,0.42984953233021556,1,1.0,0.0,1.0,1.0,0.0,0.0,0.0,0.0,0.0,0.0,1.0,0.0,0.0,1.0
26,60.7,7.376758407894289,2,2.2481481481481485,0,0.22592658272743393,0.11266094420600858,1,0.0,1.0,0.0,1.0,0.0,0.0,0.0,0.0,1.0,0.0,0.0,0.0,0.0,1.0
72,91.95,8.797231121716262,6,1.2595890410958905,1,0.21599574392622806,0.024346257889990983,0,1.0,1.0,1.0,1.0,0.0,1.0,0.0,0.0,0.0,1.0,1.0,1.0,0.0,0.0
1,19.45,3.017982882488811,0,9.725,0,0.3435006206774251,0.431938236489232,0,0.0,1.0,1.0,1.0,0.0,0.0,0.0,1.0,0.0,0.0,0.0,0.0,1.0,0.0
7,40.1,5.684599655239428,2,5.0125,1,0.21599574392622806,0.42851340373679936,0,0.0,0.0,0.0,0.0,1.0,0.0,0.0,0.0,0.0,0.0,1.0,1.0,0.0,0.0
20,44.35,6.833193357655232,0,2.111904761904762,0,0.3435006206774251,0.44104447164422683,0,0.0,0.0,0.0,1.0,0.0,0.0,0.0,0.0,0.0,0.0,1.0,0.0,1.0,0.0
72,89.1,8.756745381664464,6,1.2205479452054793,1,0.21599574392622806,0.03211009174311927,1,0.0,1.0,0.0,1.0,0.0,1.0,0.0,0.0,0.0,1.0,0.0,1.0,0.0,0.0
49,90.85,8.415570127221873,2,1.817,1,0.21599574392622806,0.42984953233021556,1,0.0,0.0,0.0,1.0,0.0,1.0,1.0,0.0,0.0,0.0,1.0,1.0,0.0,0.0
36,51.05,7.504391559161238,1,1.3797297297297297,1,0.21599574392622806,0.431938236489232,0,0.0,1.0,1.0,1.0,0.0,0.0,0.0,0.0,0.0,0.0,0.0,1.0,0.0,0.0
24,75.4,7.46671370804741,0,3.016,1,0.21599574392622806,0.44104447164422683,0,0.0,1.0,0.0,1.0,0.0,1.0,1.0,0.0,0.0,0.0,1.0,1.0,0.0,0.0
40,93.4,8.2314825078332,3,2.278048780487805,1,0.21457705266891292,0.42984953233021556,0,0.0,0.0,0.0,1.0,0.0,1.0,1.0,0.0,0.0,0.0,1.0,0.0,0.0,0.0
47,55.3,7.8842187658904255,2,1.1520833333333333,0,0.3435006206774251,0.42851340373679936,0,1.0,0.0,1.0,1.0,0.0,0.0,0.0,0.0,0.0,0.0,1.0,0.0,1.0,0.0
37,19.8,6.519221031533954,0,0.5210526315789474,1,0.21599574392622806,0.10683760683760683,0,1.0,1.0,1.0,1.0,0.0,0.0,0.0,1.0,1.0,0.0,0.0,1.0,0.0,0.0
15,94.65,7.159330784290581,3,5.915625,0,0.3435006206774251,0.44104447164422683,1,0.0,1.0,0.0,1.0,0.0,0.0,1.0,0.0,0.0,0.0,1.0,0.0,1.0,0.0
53,78.75,8.279811253665487,4,1.4583333333333333,0,0.22592658272743393,0.11266094420600858,0,1.0,1.0,1.0,1.0,0.0,1.0,0.0,0.0,1.0,0.0,1.0,0.0,0.0,1.0
15,99.1,7.263609886536967,4,6.19375,0,0.3435006206774251,0.42984953233021556,0,0.0,0.0,0.0,1.0,0.0,0.0,1.0,0.0,0.0,0.0,1.0,0.0,1.0,0.0
4,24.45,4.472780997942346,0,4.89,0,0.3435006206774251,0.44104447164422683,0,0.0,0.0,0.0,0.0,1.0,0.0,0.0,0.0,0.0,0.0,1.0,0.0,1.0,0.0
48,78.9,8.235493190642003,5,1.6102040816326533,1,0.21599574392622806,0.027827648114901255,0,1.0,0.0,0.0,1.0,0.0,0.0,0.0,0.0,0.0,1.0,0.0,1.0,0.0,0.0
25,20.1,6.188366787216965,0,0.7730769230769231,0,0.22592658272743393,0.03211009174311927,0,0.0,1.0,1.0,1.0,0.0,0.0,0.0,1.0,0.0,1.0,0.0,0.0,0.0,1.0
46,91.3,8.325390833522766,3,1.9425531914893617,1,0.21457705266891292,0.11266094420600858,1,0.0,0.0,0.0,1.0,0.0,0.0,1.0,0.0,1.0,0.0,1.0,0.0,0.0,0.0
1,20.25,3.056356895370426,0,10.125,0,0.22592658272743393,0.42984953233021556,0,0.0,0.0,0.0,1.0,0.0,0.0,0.0,1.0,0.0,0.0,1.0,0.0,0.0,1.0
2,94.2,5.271973391208435,2,31.400000000000002,1,0.21457705266891292,0.4231860559383867,0,0.0,0.0,1.0,1.0,0.0,1.0,1.0,0.0,0.0,0.0,1.0,0.0,0.0,0.0
70,60.35,8.328378600425618,5,0.85,0,0.3435006206774251,0.121875,0,1.0,1.0,1.0,0.0,1.0,0.0,0.0,0.0,1.0,0.0,0.0,0.0,1.0,0.0
1,20.55,3.070375816549757,0,10.275,0,0.22592658272743393,0.4231860559383867,0,0.0,1.0,1.0,1.0,0.0,0.0,0.0,1.0,0.0,0.0,0.0,0.0,0.0,1.0
64,76.1,8.480487712407822,4,1.1707692307692308,1,0.21457705266891292,0.027827648114901255,0,1.0,1.0,0.0,1.0,0.0,1.0,0.0,0.0,0.0,1.0,1.0,0.0,0.0,0.0
12,19.0,5.457668784774467,0,1.4615384615384615,0,0.22592658272743393,0.4231860559383867,0,0.0,1.0,1.0,1.0,0.0,0.0,0.0,1.0,0.0,0.0,0.0,0.0,0.0,1.0
38,81.85,8.052837582035098,1,2.0987179487179484,0,0.22592658272743393,0.44104447164422683,0,1.0,0.0,1.0,1.0,0.0,1.0,1.0,0.0,0.0,0.0,1.0,0.0,0.0,1.0
72,25.0,7.46158291929267,0,0.3424657534246575,1,0.21457705266891292,0.024346257889990983,0,1.0,1.0,1.0,1.0,0.0,1.0,0.0,1.0,0.0,1.0,0.0,0.0,0.0,0.0
71,105.1,8.92918362983954,4,1.4597222222222221,1,0.21599574392622806,0.4231860559383867,1,1.0,1.0,1.0,1.0,0.0,1.0,1.0,0.0,0.0,0.0,1.0,1.0,0.0,0.0
51,81.0,8.315505312131318,1,1.5576923076923077,1,0.21457705266891292,0.42851340373679936,0,1.0,0.0,0.0,1.0,0.0,1.0,1.0,0.0,0.0,0.0,0.0,0.0,0.0,0.0
54,104.1,8.638844292010045,4,1.8927272727272726,1,0.21457705266891292,0.4231860559383867,0,0.0,1.0,1.0,1.0,0.0,1.0,1.0,0.0,0.0,0.0,1.0,0.0,0.0,0.0
8,100.3,6.725453721988185,4,11.144444444444444,1,0.21599574392622806,0.42984953233021556,1,1.0,0.0,0.0,1.0,0.0,0.0,1.0,0.0,0.0,0.0,0.0,1.0,0.0,0.0
1,20.45,3.065724645374026,0,10.225,0,0.22592658272743393,0.42984953233021556,0,1.0,0.0,0.0,1.0,0.0,0.0,0.0,1.0,0.0,0.0,0.0,0.0,0.0,1.0
3,20.05,4.336636932375072,0,5.0125,0,0.22592658272743393,0.42851340373679936,0,1.0,0.0,1.0,1.0,0.0,0.0,0.0,1.0,0.0,0.0,1.0,0.0,0.0,1.0
35,81.6,7.943161491746454,1,2.2666666666666666,1,0.21457705266891292,0.11882229232386961,1,1.0,1.0,0.0,1.0,0.0,1.0,1.0,0.0,1.0,0.0,1.0,0.0,0.0,0.0
61,99.0,8.694552456380377,3,1.596774193548387,0,0.3435006206774251,0.10683760683760683,1,1.0,1.0,1.0,1.0,0.0,1.0,1.0,0.0,1.0,0.0,0.0,0.0,1.0,0.0
20,71.3,7.237202900666386,0,3.395238095238095,1,0.21599574392622806,0.431938236489232,1,1.0,0.0,0.0,1.0,0.0,0.0,1.0,0.0,0.0,0.0,0.0,1.0,0.0,0.0
27,54.75,7.320725486576075,2,1.9553571428571428,1,0.21599574392622806,0.42984953233021556,0,1.0,1.0,1.0,1.0,0.0,0.0,0.0,0.0,0.0,0.0,1.0,1.0,0.0,0.0
69,99.5,8.830901133617402,3,1.4214285714285715,1,0.21457705266891292,0.11266094420600858,0,1.0,1.0,0.0,1.0,0.0,1.0,1.0,0.0,1.0,0.0,0.0,0.0,0.0,0.0
1,19.4,3.0155349008501706,0,9.7,0,0.22592658272743393,0.42984953233021556,0,1.0,0.0,0.0,1.0,0.0,0.0,0.0,1.0,0.0,0.0,0.0,0.0,0.0,1.0
34,84.05,7.97623476737001,2,2.4014285714285712,0,0.22592658272743393,0.431938236489232,0,1.0,1.0,1.0,1.0,0.0,0.0,1.0,0.0,0.0,0.0,1.0,0.0,0.0,1.0
18,20.05,5.96512057176838,0,1.055263157894737,1,0.21599574392622806,0.021602160216021602,0,1.0,0.0,0.0,1.0,0.0,0.0,0.0,1.0,0.0,1.0,0.0,1.0,0.0,0.0
3,24.6,4.469923036580066,0,6.15,0,0.22592658272743393,0.42851340373679936,0,0.0,0.0,0.0,1.0,0.0,1.0,0.0,1.0,0.0,0.0,0.0,0.0,0.0,1.0
72,84.4,8.408504922702773,3,1.156164383561644,0,0.3435006206774251,0.10683760683760683,0,1.0,0.0,0.0,1.0,0.0,0.0,1.0,0.0,1.0,0.0,0.0,0.0,1.0,0.0
47,110.85,8.57107513236528,5,2.3093749999999997,1,0.21599574392622806,0.11266094420600858,0,1.0,1.0,0.0,1.0,0.0,1.0,1.0,0.0,1.0,0.0,1.0,1.0,0.0,0.0
5,25.05,4.840242308167575,0,4.175,0,0.3435006206774251,0.42851340373679936,0,0.0,1.0,1.0,0.0,1.0,0.0,0.0,0.0,0.0,0.0,0.0,0.0,1.0,0.0
35,19.25,6.520473841307601,0,0.5347222222222222,0,0.22592658272743393,0.02787769784172662,0,1.0,0.0,0.0,1.0,0.0,0.0,0.0,1.0,0.0,1.0,0.0,0.0,0.0,1.0
1,20.05,3.0469005601283903,0,10.025,0,0.22592658272743393,0.42851340373679936,1,1.0,0.0,0.0,1.0,0.0,0.0,0.0,1.0,0.0,0.0,0.0,0.0,0.0,1.0
35,73.0,7.8128839461501,4,2.0277777777777777,0,0.3435006206774251,0.11158342189160468,1,1.0,0.0,0.0,1.0,0.0,0.0,0.0,0.0,1.0,0.0,1.0,0.0,1.0,0.0
53,54.9,8.021830727703612,4,1.0166666666666666,1,0.21599574392622806,0.10683760683760683,0,1.0,0.0,0.0,0.0,1.0,0.0,0.0,0.0,1.0,0.0,0.0,1.0,0.0,0.0
21,90.05,7.530426345737758,3,4.093181818181818,0,0.3435006206774251,0.44104447164422683,0,0.0,0.0,0.0,1.0,0.0,0.0,1.0,0.0,0.0,0.0,1.0,0.0,1.0,0.0
69,60.25,8.30807581183512,5,0.8607142857142858,1,0.21457705266891292,0.021602160216021602,0,1.0,1.0,0.0,0.0,1.0,0.0,0.0,0.0,0.0,1.0,0.0,0.0,0.0,0.0
14,81.95,7.075597514511258,5,5.463333333333334,0,0.22592658272743393,0.024346257889990983,0,1.0,1.0,0.0,1.0,0.0,0.0,0.0,0.0,0.0,1.0,0.0,0.0,0.0,1.0
65,108.05,8.870648959363571,5,1.637121212121212,1,0.21599574392622806,0.11882229232386961,0,0.0,1.0,0.0,1.0,0.0,1.0,1.0,0.0,1.0,0.0,1.0,1.0,0.0,0.0
12,79.55,6.866151729127062,1,6.119230769230769,1,0.21599574392622806,0.42984953233021556,0,0.0,0.0,0.0,1.0,0.0,1.0,1.0,0.0,0.0,0.0,1.0,1.0,0.0,0.0
48,97.05,8.454029724458199,4,1.980612244897959,0,0.3435006206774251,0.11266094420600858,0,0.0,1.0,0.0,1.0,0.0,0.0,1.0,0.0,1.0,0.0,1.0,0.0,1.0,0.0
66,110.85,8.921691165334195,5,1.6544776119402984,0,0.3435006206774251,0.121875,1,1.0,1.0,0.0,1.0,0.0,1.0,1.0,0.0,1.0,0.0,1.0,0.0,1.0,0.0
62,24.25,7.262348056716545,0,0.38492063492063494,1,0.21457705266891292,0.02787769784172662,0,1.0,1.0,1.0,1.0,0.0,1.0,0.0,1.0,0.0,1.0,1.0,0.0,0.0,0.0
8,54.65,6.18053411808844,2,6.072222222222222,0,0.22592658272743393,0.44104447164422683,0,0.0,1.0,1.0,1.0,0.0,0.0,0.0,0.0,0.0,0.0,0.0,0.0,0.0,1.0
59,82.95,8.49783706442396,3,1.3825,1,0.21599574392622806,0.11882229232386961,1,1.0,1.0,0.0,1.0,0.0,0.0,1.0,0.0,1.0,0.0,1.0,1.0,0.0,0.0
2,79.85,5.033374781065745,2,26.616666666666664,0,0.3435006206774251,0.4231860559383867,0,1.0,0.0,0.0,1.0,0.0,0.0,1.0,0.0,0.0,0.0,1.0,0.0,1.0,0.0
22,90.5,7.555695866704003,2,3.9347826086956523,1,0.21457705266891292,0.42851340373679936,1,1.0,0.0,0.0,1.0,0.0,1.0,1.0,0.0,0.0,0.0,1.0,0.0,0.0,0.0
66,29.45,7.592945889825626,1,0.43955223880597016,1,0.21599574392622806,0.11882229232386961,0,1.0,0.0,0.0,0.0,1.0,0.0,0.0,0.0,1.0,0.0,0.0,1.0,0.0,0.0
15,68.6,7.0117548690006215,0,4.2875,1,0.21457705266891292,0.431938236489232,0,1.0,1.0,0.0,1.0,0.0,0.0,1.0,0.0,0.0,0.0,1.0,0.0,0.0,0.0
56,98.25,8.614201927856143,3,1.7236842105263157,0,0.3435006206774251,0.11158342189160468,0,0.0,1.0,0.0,1.0,0.0,1.0,1.0,0.0,1.0,0.0,1.0,0.0,1.0,0.0
1,25.1,3.261935314328648,0,12.55,0,0.3435006206774251,0.42851340373679936,1,1.0,0.0,0.0,0.0,1.0,0.0,0.0,0.0,0.0,0.0,1.0,0.0,1.0,0.0
52,103.05,8.58780075858019,4,1.9443396226415093,0,0.3435006206774251,0.42851340373679936,0,1.0,0.0,0.0,1.0,0.0,1.0,1.0,0.0,0.0,0.0,1.0,0.0,1.0,0.0
8,66.7,6.363028103540465,3,7.411111111111111,0,0.3435006206774251,0.44104447164422683,0,1.0,0.0,0.0,1.0,0.0,0.0,0.0,0.0,0.0,0.0,1.0,0.0,1.0,0.0
14,89.8,7.030061403366105,2,5.986666666666666,0,0.22592658272743393,0.42984953233021556,0,0.0,0.0,0.0,1.0,0.0,0.0,1.0,0.0,0.0,0.0,1.0,0.0,0.0,1.0
3,55.3,5.283964860323636,1,13.825,0,0.3435006206774251,0.431938236489232,0,0.0,0.0,0.0,1.0,0.0,0.0,0.0,0.0,0.0,0.0,1.0,0.0,1.0,0.0
11,45.9,6.259390241194085,0,3.8249999999999997,1,0.21457705266891292,0.42984953233021556,0,1.0,1.0,0.0,1.0,0.0,0.0,0.0,0.0,0.0,0.0,1.0,0.0,0.0,0.0
61,86.45,8.55184579431566,5,1.3943548387096774,1,0.21599574392622806,0.027827648114901255,0,0.0,0.0,0.0,1.0,0.0,1.0,0.0,0.0,0.0,1.0,0.0,1.0,0.0,0.0
11,79.15,6.719858207854997,1,6.595833333333334,1,0.21599574392622806,0.42851340373679936,1,1.0,0.0,0.0,1.0,0.0,0.0,1.0,0.0,0.0,0.0,1.0,1.0,0.0,0.0
3,29.8,4.558078578454241,1,7.45,1,0.21599574392622806,0.42984953233021556,0,1.0,1.0,0.0,0.0,1.0,0.0,0.0,0.0,0.0,0.0,0.0,1.0,0.0,0.0
4,20.2,4.037774210733707,0,4.04,0,0.3435006206774251,0.4231860559383867,0,1.0,0.0,0.0,1.0,0.0,0.0,0.0,1.0,0.0,0.0,1.0,0.0,1.0,0.0
23,77.15,7.473296334936936,4,3.2145833333333336,1,0.21457705266891292,0.024346257889990983,0,0.0,1.0,1.0,1.0,0.0,1.0,0.0,0.0,0.0,1.0,1.0,0.0,0.0,0.0
35,61.2,7.6119413066572985,3,1.7000000000000002,0,0.22592658272743393,0.11882229232386961,0,1.0,0.0,0.0,1.0,0.0,0.0,0.0,0.0,1.0,0.0,0.0,0.0,0.0,1.0
25,20.05,6.255941961915169,0,0.7711538461538462,0,0.22592658272743393,0.10683760683760683,0,0.0,1.0,1.0,1.0,0.0,0.0,0.0,1.0,1.0,0.0,0.0,0.0,0.0,1.0
13,19.55,5.584623492819887,0,1.3964285714285716,0,0.22592658272743393,0.021602160216021602,0,0.0,1.0,1.0,1.0,0.0,0.0,0.0,1.0,0.0,1.0,0.0,0.0,0.0,1.0
23,19.3,6.1886747163956874,0,0.8041666666666667,1,0.21599574392622806,0.11882229232386961,0,1.0,1.0,0.0,1.0,0.0,0.0,0.0,1.0,1.0,0.0,0.0,1.0,0.0,0.0
1,19.75,3.0325462466767075,0,9.875,0,0.3435006206774251,0.431938236489232,0,0.0,0.0,0.0,1.0,0.0,0.0,0.0,1.0,0.0,0.0,0.0,0.0,1.0,0.0
7,74.85,6.1867228949326565,0,9.35625,0,0.3435006206774251,0.42851340373679936,1,1.0,1.0,0.0,1.0,0.0,1.0,1.0,0.0,0.0,0.0,1.0,0.0,1.0,0.0
13,76.2,6.890049451863205,4,5.442857142857143,0,0.3435006206774251,0.42851340373679936,0,0.0,1.0,0.0,1.0,0.0,1.0,0.0,0.0,0.0,0.0,1.0,0.0,1.0,0.0
43,19.55,6.776678015375194,0,0.44431818181818183,0,0.22592658272743393,0.024346257889990983,0,1.0,0.0,0.0,1.0,0.0,0.0,0.0,1.0,0.0,1.0,0.0,0.0,0.0,1.0
2,73.25,4.883180638743141,0,24.416666666666668,1,0.21599574392622806,0.4231860559383867,0,1.0,0.0,0.0,1.0,0.0,1.0,1.0,0.0,0.0,0.0,1.0,1.0,0.0,0.0
56,44.85,7.850084059405065,2,0.7868421052631579,1,0.21599574392622806,0.431938236489232,0,0.0,0.0,0.0,0.0,1.0,0.0,0.0,0.0,0.0,0.0,1.0,1.0,0.0,0.0
48,45.3,7.671360923190644,3,0.9244897959183673,1,0.21457705266891292,0.42984953233021556,0,0.0,1.0,0.0,0.0,1.0,0.0,0.0,0.0,0.0,0.0,1.0,0.0,0.0,0.0
11,78.5,6.774452431667717,1,6.541666666666667,0,0.3435006206774251,0.42984953233021556,1,1.0,0.0,0.0,1.0,0.0,0.0,1.0,0.0,0.0,0.0,1.0,0.0,1.0,0.0
20,19.4,6.031646336740814,0,0.9238095238095237,0,0.22592658272743393,0.4231860559383867,0,1.0,0.0,0.0,1.0,0.0,0.0,0.0,1.0,0.0,0.0,0.0,0.0,0.0,1.0
8,20.45,5.095588999976419,0,2.272222222222222,1,0.21599574392622806,0.4231860559383867,0,1.0,0.0,0.0,1.0,0.0,0.0,0.0,1.0,0.0,0.0,1.0,1.0,0.0,0.0
28,25.55,6.512042462316651,0,0.8810344827586207,0,0.3435006206774251,0.11266094420600858,0,0.0,1.0,0.0,1.0,0.0,1.0,0.0,1.0,1.0,0.0,0.0,0.0,1.0,0.0
64,19.8,7.198669622014584,0,0.3046153846153846,1,0.21457705266891292,0.11266094420600858,0,0.0,1.0,1.0,1.0,0.0,0.0,0.0,1.0,1.0,0.0,0.0,0.0,0.0,0.0
13,19.95,5.499828617735132,0,1.425,0,0.22592658272743393,0.02787769784172662,0,1.0,0.0,0.0,1.0,0.0,0.0,0.0,1.0,0.0,1.0,0.0,0.0,0.0,1.0
55,19.7,7.03970417011142,0,0.35178571428571426,0,0.3435006206774251,0.11882229232386961,0,0.0,1.0,0.0,1.0,0.0,0.0,0.0,1.0,1.0,0.0,0.0,0.0,1.0,0.0
70,25.4,7.486080660094743,0,0.3577464788732394,0,0.22592658272743393,0.021602160216021602,0,1.0,1.0,1.0,1.0,0.0,1.0,0.0,1.0,0.0,1.0,0.0,0.0,0.0,1.0
14,78.1,7.0241150800983325,1,5.206666666666666,0,0.3435006206774251,0.42851340373679936,0,0.0,1.0,0.0,1.0,0.0,0.0,1.0,0.0,0.0,0.0,1.0,0.0,1.0,0.0
35,20.75,6.607865663422611,0,0.5763888888888888,1,0.21457705266891292,0.42851340373679936,0,1.0,0.0,0.0,1.0,0.0,0.0,0.0,1.0,0.0,0.0,0.0,0.0,0.0,0.0
72,91.65,9.047550817627512,6,1.2554794520547945,0,0.3435006206774251,0.03211009174311927,0,0.0,0.0,0.0,1.0,0.0,1.0,1.0,0.0,0.0,1.0,1.0,0.0,1.0,0.0
13,19.3,5.563178511214115,0,1.3785714285714286,1,0.21599574392622806,0.121875,0,1.0,0.0,0.0,1.0,0.0,0.0,0.0,1.0,1.0,0.0,0.0,1.0,0.0,0.0
14,104.85,7.334590412826494,4,6.989999999999999,0,0.3435006206774251,0.431938236489232,1,0.0,0.0,0.0,1.0,0.0,1.0,1.0,0.0,0.0,0.0,1.0,0.0,1.0,0.0
8,83.55,6.52363572489335,2,9.283333333333333,0,0.3435006206774251,0.42851340373679936,0,0.0,1.0,1.0,1.0,0.0,0.0,1.0,0.0,0.0,0.0,1.0,0.0,1.0,0.0
69,74.1,8.523572798380277,4,1.0585714285714285,1,0.21599574392622806,0.021602160216021602,1,1.0,0.0,0.0,1.0,0.0,1.0,0.0,0.0,0.0,1.0,0.0,1.0,0.0,0.0
40,56.6,7.774897782589561,1,1.380487804878049,1,0.21599574392622806,0.42851340373679936,0,0.0,1.0,0.0,1.0,0.0,1.0,0.0,0.0,0.0,0.0,0.0,1.0,0.0,0.0
9,89.45,6.750048282952101,2,8.945,0,0.3435006206774251,0.431938236489232,0,0.0,1.0,0.0,1.0,0.0,0.0,1.0,0.0,0.0,0.0,0.0,0.0,1.0,0.0
1,19.75,3.0325462466767075,0,9.875,1,0.21599574392622806,0.431938236489232,0,1.0,0.0,0.0,1.0,0.0,0.0,0.0,1.0,0.0,0.0,1.0,1.0,0.0,0.0
20,81.45,7.422134580947425,1,3.8785714285714286,0,0.3435006206774251,0.431938236489232,1,0.0,0.0,0.0,1.0,0.0,0.0,1.0,0.0,0.0,0.0,1.0,0.0,1.0,0.0
59,69.1,8.31822992635372,3,1.1516666666666666,0,0.22592658272743393,0.11882229232386961,0,1.0,1.0,0.0,1.0,0.0,1.0,0.0,0.0,1.0,0.0,1.0,0.0,0.0,1.0
67,69.35,8.445536059652007,4,1.0198529411764705,1,0.21599574392622806,0.11158342189160468,0,1.0,1.0,1.0,1.0,0.0,1.0,0.0,0.0,1.0,0.0,1.0,1.0,0.0,0.0
27,89.2,7.7767866743720315,3,3.185714285714286,0,0.3435006206774251,0.42851340373679936,0,0.0,0.0,0.0,1.0,0.0,0.0,1.0,0.0,0.0,0.0,1.0,0.0,1.0,0.0
18,58.4,6.8730603091852505,2,3.0736842105263156,1,0.21599574392622806,0.44104447164422683,1,1.0,0.0,0.0,1.0,0.0,1.0,0.0,0.0,0.0,0.0,1.0,1.0,0.0,0.0
52,93.25,8.440895130460174,3,1.759433962264151,1,0.21457705266891292,0.4231860559383867,0,1.0,1.0,1.0,1.0,0.0,1.0,1.0,0.0,0.0,0.0,1.0,0.0,0.0,0.0
69,104.05,8.890548245606167,5,1.4864285714285714,1,0.21457705266891292,0.121875,0,1.0,0.0,0.0,1.0,0.0,0.0,1.0,0.0,1.0,0.0,1.0,0.0,0.0,0.0
38,20.3,6.6205397643419985,0,0.5205128205128206,0,0.22592658272743393,0.11266094420600858,0,0.0,1.0,1.0,1.0,0.0,0.0,0.0,1.0,1.0,0.0,0.0,0.0,0.0,1.0
13,94.1,7.103815361886605,3,6.721428571428571,0,0.3435006206774251,0.431938236489232,0,0.0,1.0,0.0,1.0,0.0,1.0,1.0,0.0,0.0,0.0,0.0,0.0,1.0,0.0
21,95.4,7.613868041932106,2,4.336363636363637,1,0.21457705266891292,0.431938236489232,1,0.0,0.0,0.0,1.0,0.0,1.0,1.0,0.0,0.0,0.0,1.0,0.0,0.0,0.0
59,18.4,6.964938692509591,0,0.30666666666666664,1,0.21457705266891292,0.027827648114901255,0,0.0,1.0,0.0,1.0,0.0,0.0,0.0,1.0,0.0,1.0,0.0,0.0,0.0,0.0
1,35.9,3.6082115510464816,2,17.95,0,0.22592658272743393,0.42851340373679936,0,0.0,0.0,0.0,0.0,1.0,0.0,0.0,0.0,0.0,0.0,0.0,0.0,0.0,1.0
34,75.55,7.794163956374371,0,2.1585714285714284,0,0.3435006206774251,0.431938236489232,1,1.0,1.0,0.0,1.0,0.0,1.0,1.0,0.0,0.0,0.0,1.0,0.0,1.0,0.0
72,70.45,8.54998946583132,4,0.965068493150685,1,0.21457705266891292,0.024346257889990983,0,0.0,1.0,1.0,1.0,0.0,1.0,0.0,0.0,0.0,1.0,1.0,0.0,0.0,0.0
27,78.05,7.66692425508408,1,2.7875,0,0.3435006206774251,0.42984953233021556,1,0.0,0.0,0.0,1.0,0.0,1.0,1.0,0.0,0.0,0.0,1.0,0.0,1.0,0.0
17,83.55,7.1930469968112805,2,4.641666666666667,0,0.3435006206774251,0.4231860559383867,0,0.0,0.0,0.0,1.0,0.0,0.0,1.0,0.0,0.0,0.0,1.0,0.0,1.0,0.0
51,60.5,8.053934762074721,3,1.1634615384615385,1,0.21457705266891292,0.11158342189160468,0,0.0,1.0,0.0,1.0,0.0,0.0,0.0,0.0,1.0,0.0,1.0,0.0,0.0,0.0
12,19.8,5.31443674842792,0,1.5230769230769232,1,0.21457705266891292,0.11882229232386961,0,1.0,1.0,0.0,1.0,0.0,0.0,0.0,1.0,1.0,0.0,0.0,0.0,0.0,0.0
71,96.35,8.819953513551914,4,1.3381944444444445,0,0.3435006206774251,0.03211009174311927,1,0.0,1.0,0.0,1.0,0.0,1.0,1.0,0.0,0.0,1.0,1.0,0.0,1.0,0.0
61,69.9,8.349413388938133,3,1.1274193548387097,0,0.22592658272743393,0.02787769784172662,0,1.0,1.0,0.0,1.0,0.0,1.0,0.0,0.0,0.0,1.0,1.0,0.0,0.0,1.0
45,20.0,6.788295838944809,0,0.43478260869565216,1,0.21457705266891292,0.02787769784172662,0,0.0,1.0,1.0,1.0,0.0,0.0,0.0,1.0,0.0,1.0,1.0,0.0,0.0,0.0
65,106.25,8.850918802369344,4,1.6098484848484849,0,0.3435006206774251,0.121875,1,0.0,1.0,0.0,1.0,0.0,1.0,1.0,0.0,1.0,0.0,1.0,0.0,1.0,0.0
20,54.0,6.963095374015301,2,2.5714285714285716,0,0.22592658272743393,0.10683760683760683,1,1.0,0.0,0.0,1.0,0.0,0.0,0.0,0.0,1.0,0.0,0.0,0.0,0.0,1.0
35,19.9,6.502790045915623,0,0.5527777777777777,0,0.3435006206774251,0.11882229232386961,0,1.0,1.0,1.0,1.0,0.0,0.0,0.0,1.0,1.0,0.0,0.0,0.0,1.0,0.0
14,69.2,6.851872521734463,3,4.613333333333333,0,0.22592658272743393,0.4231860559383867,0,1.0,1.0,1.0,1.0,0.0,1.0,0.0,0.0,0.0,0.0,0.0,0.0,0.0,1.0
62,102.0,8.784200506376834,4,1.619047619047619,0,0.3435006206774251,0.10683760683760683,0,1.0,0.0,0.0,1.0,0.0,1.0,1.0,0.0,1.0,0.0,0.0,0.0,1.0,0.0
29,100.55,7.948544226913045,4,3.3516666666666666,1,0.21599574392622806,0.11882229232386961,0,1.0,0.0,1.0,1.0,0.0,1.0,1.0,0.0,1.0,0.0,0.0,1.0,0.0,0.0
30,25.35,6.5852056712012805,0,0.817741935483871,1,0.21457705266891292,0.11266094420600858,0,1.0,0.0,1.0,1.0,0.0,1.0,0.0,1.0,1.0,0.0,0.0,0.0,0.0,0.0
4,45.25,5.05209708390385,0,9.05,0,0.22592658272743393,0.4231860559383867,0,1.0,1.0,1.0,1.0,0.0,0.0,0.0,0.0,0.0,0.0,0.0,0.0,0.0,1.0
63,108.25,8.821894609662555,5,1.69140625,1,0.21599574392622806,0.42984953233021556,0,0.0,0.0,0.0,1.0,0.0,1.0,1.0,0.0,0.0,0.0,0.0,1.0,0.0,0.0
63,74.5,8.450102081861738,5,1.1640625,1,0.21599574392622806,0.02787769784172662,0,1.0,1.0,1.0,1.0,0.0,0.0,0.0,0.0,0.0,1.0,0.0,1.0,0.0,0.0
54,20.35,6.997001656496332,0,0.37000000000000005,1,0.21457705266891292,0.024346257889990983,0,0.0,1.0,1.0,1.0,0.0,0.0,0.0,1.0,0.0,1.0,1.0,0.0,0.0,0.0
68,80.65,8.58133163253247,4,1.168840579710145,0,0.3435006206774251,0.027827648114901255,0,0.0,0.0,0.0,1.0,0.0,1.0,0.0,0.0,0.0,1.0,1.0,0.0,1.0,0.0
57,74.35,8.370628663834355,4,1.2818965517241379,1,0.21457705266891292,0.02787769784172662,0,1.0,0.0,0.0,1.0,0.0,0.0,0.0,0.0,0.0,1.0,1.0,0.0,0.0,0.0
8,55.75,6.104346704164654,1,6.194444444444445,0,0.3435006206774251,0.44104447164422683,0,0.0,1.0,1.0,1.0,0.0,1.0,0.0,0.0,0.0,0.0,0.0,0.0,1.0,0.0
4,74.4,5.728800237631489,0,14.88,0,0.22592658272743393,0.431938236489232,1,1.0,1.0,0.0,1.0,0.0,1.0,1.0,0.0,0.0,0.0,1.0,0.0,0.0,1.0
18,20.35,5.915123313851259,0,1.0710526315789475,1,0.21457705266891292,0.121875,1,0.0,0.0,0.0,1.0,0.0,0.0,0.0,1.0,1.0,0.0,0.0,0.0,0.0,0.0
30,50.4,7.33204214133089,1,1.6258064516129032,1,0.21457705266891292,0.44104447164422683,1,1.0,1.0,0.0,1.0,0.0,0.0,0.0,0.0,0.0,0.0,1.0,0.0,0.0,0.0
4,94.4,5.9615206707349095,4,18.880000000000003,1,0.21457705266891292,0.431938236489232,0,0.0,0.0,0.0,1.0,0.0,0.0,1.0,0.0,0.0,0.0,1.0,0.0,0.0,0.0
2,49.25,4.522874943261261,1,16.416666666666668,0,0.3435006206774251,0.42851340373679936,1,1.0,0.0,0.0,1.0,0.0,0.0,0.0,0.0,0.0,0.0,1.0,0.0,1.0,0.0
70,105.55,8.881329232019924,4,1.486619718309859,1,0.21457705266891292,0.11266094420600858,1,0.0,1.0,0.0,1.0,0.0,1.0,1.0,0.0,1.0,0.0,1.0,0.0,0.0,0.0
15,74.2,7.034299820307093,0,4.6375,1,0.21599574392622806,0.4231860559383867,1,1.0,0.0,0.0,1.0,0.0,1.0,1.0,0.0,0.0,0.0,1.0,1.0,0.0,0.0
23,90.6,7.572605860386969,2,3.775,0,0.3435006206774251,0.42851340373679936,0,1.0,0.0,0.0,1.0,0.0,1.0,1.0,0.0,0.0,0.0,1.0,0.0,1.0,0.0
8,66.25,6.305271133319434,2,7.361111111111111,0,0.3435006206774251,0.431938236489232,0,1.0,0.0,0.0,1.0,0.0,0.0,0.0,0.0,0.0,0.0,1.0,0.0,1.0,0.0
71,19.9,7.2123682120938994,0,0.27638888888888885,1,0.21599574392622806,0.03211009174311927,0,1.0,0.0,0.0,1.0,0.0,0.0,0.0,1.0,0.0,1.0,1.0,1.0,0.0,0.0
1,25.25,3.2676659890376327,0,12.625,0,0.3435006206774251,0.431938236489232,0,0.0,0.0,0.0,0.0,1.0,0.0,0.0,0.0,0.0,0.0,0.0,0.0,1.0,0.0
52,44.25,7.730657982534619,3,0.8349056603773585,1,0.21457705266891292,0.11266094420600858,0,1.0,1.0,1.0,0.0,1.0,0.0,0.0,0.0,1.0,0.0,0.0,0.0,0.0,0.0
47,60.0,7.926476237407458,5,1.25,1,0.21599574392622806,0.021602160216021602,0,0.0,1.0,1.0,0.0,1.0,0.0,0.0,0.0,0.0,1.0,1.0,1.0,0.0,0.0
31,59.95,7.52283280412016,5,1.8734375,0,0.3435006206774251,0.10683760683760683,0,1.0,1.0,1.0,0.0,1.0,0.0,0.0,0.0,1.0,0.0,0.0,0.0,1.0,0.0
17,94.8,7.355577203169126,2,5.266666666666667,0,0.3435006206774251,0.431938236489232,1,1.0,1.0,0.0,1.0,0.0,1.0,1.0,0.0,0.0,0.0,1.0,0.0,1.0,0.0
50,104.95,8.560894237487332,4,2.057843137254902,0,0.3435006206774251,0.431938236489232,1,0.0,0.0,0.0,1.0,0.0,1.0,1.0,0.0,0.0,0.0,1.0,0.0,1.0,0.0
34,78.3,7.8498307098300195,1,2.237142857142857,0,0.3435006206774251,0.431938236489232,0,1.0,1.0,1.0,1.0,0.0,0.0,1.0,0.0,0.0,0.0,0.0,0.0,1.0,0.0
55,50.55,7.949356201821739,1,0.9026785714285713,1,0.21599574392622806,0.431938236489232,0,0.0,0.0,0.0,1.0,0.0,0.0,0.0,0.0,0.0,0.0,1.0,1.0,0.0,0.0
27,75.5,7.546947731944156,0,2.6964285714285716,0,0.3435006206774251,0.431938236489232,1,1.0,1.0,0.0,1.0,0.0,1.0,1.0,0.0,0.0,0.0,1.0,0.0,1.0,0.0
1,24.9,3.254242968705492,0,12.45,0,0.22592658272743393,0.42851340373679936,0,0.0,0.0,0.0,0.0,1.0,0.0,0.0,0.0,0.0,0.0,1.0,0.0,0.0,1.0
68,110.25,8.89293421695815,5,1.5978260869565217,1,0.21599574392622806,0.024346257889990983,0,0.0,0.0,0.0,1.0,0.0,1.0,1.0,0.0,0.0,1.0,0.0,1.0,0.0,0.0
60,20.6,6.9975959829819265,0,0.3377049180327869,0,0.22592658272743393,0.027827648114901255,0,0.0,0.0,0.0,1.0,0.0,0.0,0.0,1.0,0.0,1.0,0.0,0.0,0.0,1.0
69,84.7,8.679295033945333,6,1.21,0,0.22592658272743393,0.02787769784172662,0,1.0,1.0,0.0,1.0,0.0,0.0,0.0,0.0,0.0,1.0,1.0,0.0,0.0,1.0
10,64.9,6.531679055767761,3,5.9,0,0.22592658272743393,0.121875,0,0.0,0.0,0.0,1.0,0.0,0.0,0.0,0.0,1.0,0.0,0.0,0.0,0.0,1.0
5,80.85,5.878015854600402,1,13.475,0,0.3435006206774251,0.431938236489232,0,0.0,1.0,1.0,1.0,0.0,0.0,1.0,0.0,0.0,0.0,1.0,0.0,1.0,0.0
71,20.5,7.314519542821921,0,0.2847222222222222,1,0.21457705266891292,0.021602160216021602,0,0.0,1.0,1.0,1.0,0.0,0.0,0.0,1.0,0.0,1.0,0.0,0.0,0.0,0.0
60,80.95,8.48881429281454,1,1.327049180327869,0,0.3435006206774251,0.431938236489232,1,1.0,1.0,1.0,1.0,0.0,1.0,1.0,0.0,0.0,0.0,1.0,0.0,1.0,0.0
4,99.6,5.85406855366702,3,19.919999999999998,0,0.3435006206774251,0.42851340373679936,1,0.0,1.0,0.0,1.0,0.0,1.0,1.0,0.0,0.0,0.0,1.0,0.0,1.0,0.0
3,30.4,4.420646205638937,1,7.6,0,0.3435006206774251,0.44104447164422683,0,1.0,0.0,0.0,0.0,1.0,0.0,0.0,0.0,0.0,0.0,0.0,0.0,1.0,0.0
71,80.6,8.649834187755614,5,1.1194444444444445,1,0.21457705266891292,0.024346257889990983,0,1.0,0.0,0.0,1.0,0.0,1.0,0.0,0.0,0.0,1.0,0.0,0.0,0.0,0.0
46,95.25,8.395070754160756,3,2.026595744680851,1,0.21599574392622806,0.11158342189160468,1,0.0,0.0,0.0,1.0,0.0,0.0,1.0,0.0,1.0,0.0,0.0,1.0,0.0,0.0
23,55.8,7.192069185526151,2,2.3249999999999997,1,0.21457705266891292,0.11158342189160468,0,0.0,0.0,0.0,1.0,0.0,0.0,0.0,0.0,1.0,0.0,0.0,0.0,0.0,0.0
1,84.65,4.450269224770129,1,42.325,0,0.22592658272743393,0.42984953233021556,0,1.0,0.0,0.0,1.0,0.0,1.0,1.0,0.0,0.0,0.0,1.0,0.0,0.0,1.0
57,70.35,8.324978862112602,4,1.2129310344827586,1,0.21599574392622806,0.024346257889990983,0,0.0,1.0,0.0,1.0,0.0,0.0,0.0,0.0,0.0,1.0,1.0,1.0,0.0,0.0
71,84.8,8.72476005356623,2,1.1777777777777778,0,0.3435006206774251,0.03211009174311927,0,1.0,1.0,1.0,1.0,0.0,1.0,1.0,0.0,0.0,1.0,1.0,0.0,1.0,0.0
2,49.4,4.677955855713739,0,16.466666666666665,0,0.3435006206774251,0.4231860559383867,0,0.0,0.0,0.0,1.0,0.0,1.0,0.0,0.0,0.0,0.0,1.0,0.0,1.0,0.0
27,75.2,7.565456612607783,1,2.685714285714286,1,0.21457705266891292,0.42851340373679936,1,0.0,1.0,0.0,1.0,0.0,0.0,1.0,0.0,0.0,0.0,1.0,0.0,0.0,0.0
15,83.2,7.030857476116121,2,5.2,1,0.21457705266891292,0.44104447164422683,0,0.0,0.0,0.0,1.0,0.0,0.0,1.0,0.0,0.0,0.0,1.0,0.0,0.0,0.0
69,87.3,8.708895610015944,3,1.247142857142857,1,0.21599574392622806,0.11158342189160468,1,0.0,1.0,0.0,1.0,0.0,0.0,1.0,0.0,1.0,0.0,0.0,1.0,0.0,0.0
72,24.65,7.512644851783918,0,0.3376712328767123,1,0.21457705266891292,0.024346257889990983,0,0.0,1.0,0.0,1.0,0.0,1.0,0.0,1.0,0.0,1.0,0.0,0.0,0.0,0.0
18,74.7,7.166729187297174,1,3.931578947368421,0,0.3435006206774251,0.42851340373679936,1,0.0,0.0,0.0,1.0,0.0,0.0,1.0,0.0,0.0,0.0,1.0,0.0,1.0,0.0
60,76.95,8.421772005450956,4,1.2614754098360657,1,0.21457705266891292,0.021602160216021602,0,1.0,1.0,1.0,1.0,0.0,0.0,0.0,0.0,0.0,1.0,0.0,0.0,0.0,0.0
22,43.75,6.8074928570437425,3,1.9021739130434783,1,0.21457705266891292,0.11158342189160468,0,1.0,0.0,0.0,0.0,1.0,0.0,0.0,0.0,1.0,0.0,1.0,0.0,0.0,0.0
1,45.15,3.8318969609488613,0,22.575,0,0.22592658272743393,0.42984953233021556,0,0.0,0.0,0.0,1.0,0.0,0.0,0.0,0.0,0.0,0.0,0.0,0.0,0.0,1.0
63,83.5,8.600798775271034,5,1.3046875,1,0.21599574392622806,0.024346257889990983,0,1.0,1.0,1.0,1.0,0.0,1.0,0.0,0.0,0.0,1.0,0.0,1.0,0.0,0.0
19,18.8,5.635503633902907,0,0.9400000000000001,0,0.22592658272743393,0.11158342189160468,0,1.0,0.0,0.0,1.0,0.0,0.0,0.0,1.0,1.0,0.0,0.0,0.0,0.0,1.0
17,91.85,7.362296224736894,3,5.102777777777778,0,0.3435006206774251,0.42851340373679936,0,0.0,1.0,1.0,1.0,0.0,0.0,1.0,0.0,0.0,0.0,0.0,0.0,1.0,0.0
1,31.35,3.4766140209469096,1,15.675,0,0.22592658272743393,0.42984953233021556,0,1.0,0.0,1.0,0.0,1.0,0.0,0.0,0.0,0.0,0.0,1.0,0.0,0.0,1.0
27,69.05,7.492342386310181,0,2.4660714285714285,0,0.22592658272743393,0.4231860559383867,0,1.0,0.0,0.0,1.0,0.0,0.0,1.0,0.0,0.0,0.0,1.0,0.0,0.0,1.0
35,70.3,7.790509909636837,0,1.9527777777777777,0,0.3435006206774251,0.431938236489232,0,0.0,1.0,0.0,1.0,0.0,0.0,1.0,0.0,0.0,0.0,1.0,0.0,1.0,0.0
20,19.5,6.0017860961798535,0,0.9285714285714286,0,0.22592658272743393,0.11158342189160468,0,0.0,0.0,0.0,1.0,0.0,0.0,0.0,1.0,1.0,0.0,0.0,0.0,0.0,1.0
10,20.1,5.2225156531317545,0,1.8272727272727274,0,0.22592658272743393,0.10683760683760683,0,0.0,1.0,0.0,1.0,0.0,0.0,0.0,1.0,1.0,0.0,0.0,0.0,0.0,1.0
68,95.1,8.807531732329227,4,1.3782608695652172,1,0.21457705266891292,0.027827648114901255,0,1.0,1.0,1.0,1.0,0.0,0.0,1.0,0.0,0.0,1.0,0.0,0.0,0.0,0.0
19,20.15,5.962807837858177,0,1.0074999999999998,0,0.22592658272743393,0.021602160216021602,0,0.0,1.0,1.0,1.0,0.0,0.0,0.0,1.0,0.0,1.0,0.0,0.0,0.0,1.0
13,95.05,7.1631723908466425,2,6.789285714285714,0,0.3435006206774251,0.4231860559383867,1,0.0,0.0,0.0,1.0,0.0,1.0,1.0,0.0,0.0,0.0,1.0,0.0,1.0,0.0
1,19.75,3.0325462466767075,0,9.875,0,0.22592658272743393,0.42984953233021556,0,1.0,0.0,0.0,1.0,0.0,0.0,0.0,1.0,0.0,0.0,0.0,0.0,0.0,1.0
10,19.85,5.268115857814915,0,1.8045454545454547,0,0.22592658272743393,0.44104447164422683,0,1.0,0.0,0.0,1.0,0.0,0.0,0.0,1.0,0.0,0.0,1.0,0.0,0.0,1.0
34,90.15,8.048724383729072,3,2.575714285714286,0,0.22592658272743393,0.10683760683760683,1,1.0,1.0,0.0,1.0,0.0,0.0,1.0,0.0,1.0,0.0,0.0,0.0,0.0,1.0
0,52.55,0.0,4,52.55,0,0.3435006206774251,0.03211009174311927,0,0.0,1.0,1.0,0.0,1.0,0.0,0.0,0.0,0.0,1.0,1.0,0.0,1.0,0.0
66,74.6,8.476246189082831,4,1.1134328358208954,1,0.21599574392622806,0.024346257889990983,0,1.0,0.0,0.0,1.0,0.0,1.0,0.0,0.0,0.0,1.0,1.0,1.0,0.0,0.0
28,94.5,7.886231766410266,3,3.2586206896551726,1,0.21599574392622806,0.431938236489232,0,1.0,0.0,0.0,1.0,0.0,1.0,1.0,0.0,0.0,0.0,1.0,1.0,0.0,0.0
31,54.35,7.4073177104694174,2,1.6984375,0,0.22592658272743393,0.42984953233021556,0,1.0,1.0,1.0,1.0,0.0,0.0,0.0,0.0,0.0,0.0,0.0,0.0,0.0,1.0
14,61.4,6.705088147522752,3,4.093333333333333,1,0.21457705266891292,0.03211009174311927,0,1.0,1.0,1.0,1.0,0.0,0.0,0.0,0.0,0.0,1.0,1.0,0.0,0.0,0.0
5,96.55,6.216805681965679,3,16.091666666666665,0,0.3435006206774251,0.42851340373679936,0,1.0,0.0,0.0,1.0,0.0,1.0,1.0,0.0,0.0,0.0,0.0,0.0,1.0,0.0
38,24.25,6.819361128219541,0,0.6217948717948718,0,0.3435006206774251,0.11266094420600858,0,0.0,0.0,0.0,1.0,0.0,1.0,0.0,1.0,1.0,0.0,1.0,0.0,1.0,0.0
59,68.7,8.311877279176583,3,1.145,1,0.21457705266891292,0.121875,0,0.0,0.0,0.0,1.0,0.0,1.0,0.0,0.0,1.0,0.0,0.0,0.0,0.0,0.0
71,90.1,8.750192019561174,6,1.2513888888888889,0,0.3435006206774251,0.027827648114901255,0,0.0,1.0,0.0,1.0,0.0,1.0,0.0,0.0,0.0,1.0,0.0,0.0,1.0,0.0
5,96.25,6.2411526536443045,3,16.041666666666668,0,0.3435006206774251,0.4231860559383867,0,0.0,0.0,0.0,1.0,0.0,0.0,1.0,0.0,0.0,0.0,1.0,0.0,1.0,0.0
68,114.7,8.968377085169347,6,1.6623188405797102,1,0.21457705266891292,0.027827648114901255,0,1.0,1.0,1.0,1.0,0.0,1.0,1.0,0.0,0.0,1.0,1.0,0.0,0.0,0.0
1,75.3,4.334672938290411,1,37.65,0,0.22592658272743393,0.42851340373679936,0,0.0,0.0,0.0,1.0,0.0,0.0,1.0,0.0,0.0,0.0,0.0,0.0,0.0,1.0
7,73.75,6.302893663289552,0,9.21875,0,0.22592658272743393,0.42984953233021556,1,1.0,0.0,0.0,1.0,0.0,1.0,1.0,0.0,0.0,0.0,0.0,0.0,0.0,1.0
5,48.65,5.464678903763262,1,8.108333333333333,1,0.21457705266891292,0.44104447164422683,0,1.0,0.0,1.0,1.0,0.0,0.0,0.0,0.0,0.0,0.0,1.0,0.0,0.0,0.0
33,103.75,8.120306185957913,5,3.051470588235294,0,0.3435006206774251,0.10683760683760683,0,0.0,1.0,0.0,1.0,0.0,0.0,1.0,0.0,1.0,0.0,1.0,0.0,1.0,0.0
14,66.6,6.888062645636401,2,4.4399999999999995,1,0.21599574392622806,0.44104447164422683,0,1.0,1.0,0.0,1.0,0.0,1.0,0.0,0.0,0.0,0.0,1.0,1.0,0.0,0.0
61,103.9,8.77185866533336,5,1.6758064516129034,1,0.21599574392622806,0.121875,0,1.0,1.0,1.0,1.0,0.0,0.0,1.0,0.0,1.0,0.0,0.0,1.0,0.0,0.0
52,58.75,8.019464757127501,5,1.1084905660377358,1,0.21457705266891292,0.021602160216021602,0,0.0,0.0,0.0,0.0,1.0,0.0,0.0,0.0,0.0,1.0,1.0,0.0,0.0,0.0
37,36.65,7.182352111885263,2,0.9644736842105263,0,0.3435006206774251,0.431938236489232,1,1.0,0.0,0.0,0.0,1.0,0.0,0.0,0.0,0.0,0.0,0.0,0.0,1.0,0.0
48,60.6,8.001773698640019,2,1.236734693877551,1,0.21457705266891292,0.121875,0,0.0,1.0,0.0,1.0,0.0,1.0,0.0,0.0,1.0,0.0,1.0,0.0,0.0,0.0
30,49.9,7.274444908138895,0,1.6096774193548387,0,0.3435006206774251,0.42851340373679936,0,1.0,1.0,0.0,1.0,0.0,1.0,0.0,0.0,0.0,0.0,0.0,0.0,1.0,0.0
49,90.05,8.422497822576913,2,1.801,1,0.21599574392622806,0.42851340373679936,1,1.0,1.0,0.0,1.0,0.0,1.0,1.0,0.0,0.0,0.0,0.0,1.0,0.0,0.0
6,63.4,5.857361562584502,6,9.057142857142857,0,0.22592658272743393,0.021602160216021602,0,0.0,0.0,0.0,0.0,1.0,0.0,0.0,0.0,0.0,1.0,1.0,0.0,0.0,1.0
9,48.6,6.048081147526878,1,4.86,0,0.22592658272743393,0.11882229232386961,0,0.0,1.0,1.0,1.0,0.0,0.0,0.0,0.0,1.0,0.0,0.0,0.0,0.0,1.0
61,43.7,7.900099232641693,4,0.7048387096774194,1,0.21599574392622806,0.11158342189160468,0,0.0,0.0,0.0,0.0,1.0,0.0,0.0,0.0,1.0,0.0,0.0,1.0,0.0,0.0
1,24.25,3.228826155721369,0,12.125,0,0.3435006206774251,0.44104447164422683,0,1.0,0.0,0.0,0.0,1.0,0.0,0.0,0.0,0.0,0.0,1.0,0.0,1.0,0.0
50,101.9,8.569121284276596,4,1.9980392156862745,1,0.21457705266891292,0.11158342189160468,1,1.0,1.0,0.0,1.0,0.0,1.0,1.0,0.0,1.0,0.0,1.0,0.0,0.0,0.0
21,103.85,7.703459047867175,4,4.720454545454545,0,0.22592658272743393,0.42851340373679936,0,1.0,0.0,0.0,1.0,0.0,1.0,1.0,0.0,0.0,0.0,0.0,0.0,0.0,1.0
25,19.6,6.0213873607592365,0,0.7538461538461539,0,0.3435006206774251,0.10683760683760683,0,1.0,1.0,1.0,1.0,0.0,0.0,0.0,1.0,1.0,0.0,0.0,0.0,1.0,0.0
5,70.05,5.850476853807004,3,11.674999999999999,0,0.3435006206774251,0.42851340373679936,0,1.0,0.0,0.0,1.0,0.0,0.0,0.0,0.0,0.0,0.0,1.0,0.0,1.0,0.0
8,30.45,5.426930434016013,1,3.3833333333333333,0,0.3435006206774251,0.4231860559383867,0,1.0,0.0,0.0,0.0,1.0,0.0,0.0,0.0,0.0,0.0,1.0,0.0,1.0,0.0
27,56.7,7.410921645380639,2,2.025,0,0.22592658272743393,0.42851340373679936,0,0.0,0.0,0.0,1.0,0.0,0.0,0.0,0.0,0.0,0.0,1.0,0.0,0.0,1.0
68,20.0,7.242082359256962,0,0.2898550724637681,1,0.21599574392622806,0.024346257889990983,1,1.0,0.0,0.0,1.0,0.0,0.0,0.0,1.0,0.0,1.0,1.0,1.0,0.0,0.0
67,104.6,8.837354554609945,4,1.538235294117647,1,0.21457705266891292,0.024346257889990983,0,1.0,1.0,1.0,1.0,0.0,1.0,1.0,0.0,0.0,1.0,0.0,0.0,0.0,0.0
3,91.5,5.496963286261846,2,22.875,1,0.21599574392622806,0.44104447164422683,0,0.0,1.0,0.0,1.0,0.0,1.0,1.0,0.0,0.0,0.0,1.0,1.0,0.0,0.0
13,55.95,6.600346576346323,1,3.9964285714285714,0,0.3435006206774251,0.431938236489232,0,0.0,1.0,1.0,1.0,0.0,0.0,0.0,0.0,0.0,0.0,0.0,0.0,1.0,0.0
1,89.15,4.501474949649326,2,44.575,0,0.22592658272743393,0.44104447164422683,0,1.0,1.0,1.0,1.0,0.0,0.0,1.0,0.0,0.0,0.0,0.0,0.0,0.0,1.0
18,99.75,7.516025167408981,3,5.25,1,0.21457705266891292,0.42851340373679936,1,0.0,1.0,0.0,1.0,0.0,1.0,1.0,0.0,0.0,0.0,0.0,0.0,0.0,0.0
27,78.2,7.640099133944896,5,2.792857142857143,0,0.22592658272743393,0.11266094420600858,0,0.0,0.0,0.0,1.0,0.0,0.0,0.0,0.0,1.0,0.0,0.0,0.0,0.0,1.0
25,54.75,7.144683385266964,2,2.105769230769231,1,0.21599574392622806,0.121875,0,0.0,0.0,1.0,1.0,0.0,0.0,0.0,0.0,1.0,0.0,1.0,1.0,0.0,0.0
65,69.55,8.402937676735553,3,1.0537878787878787,0,0.22592658272743393,0.021602160216021602,0,1.0,1.0,1.0,1.0,0.0,1.0,0.0,0.0,0.0,1.0,1.0,0.0,0.0,1.0
14,20.05,5.7047819749892845,0,1.3366666666666667,0,0.3435006206774251,0.42851340373679936,0,1.0,0.0,0.0,1.0,0.0,0.0,0.0,1.0,0.0,0.0,1.0,0.0,1.0,0.0
7,19.25,4.730039168033961,0,2.40625,0,0.3435006206774251,0.4231860559383867,0,1.0,0.0,0.0,1.0,0.0,0.0,0.0,1.0,0.0,0.0,0.0,0.0,1.0,0.0
38,20.25,6.70410793547343,0,0.5192307692307693,1,0.21599574392622806,0.11882229232386961,0,0.0,1.0,0.0,1.0,0.0,0.0,0.0,1.0,1.0,0.0,1.0,1.0,0.0,0.0
3,105.35,5.781514823196553,4,26.3375,1,0.21457705266891292,0.42984953233021556,0,1.0,0.0,0.0,1.0,0.0,1.0,1.0,0.0,0.0,0.0,1.0,0.0,0.0,0.0
10,29.75,5.713402718033191,1,2.7045454545454546,0,0.22592658272743393,0.42984953233021556,0,0.0,0.0,0.0,0.0,1.0,0.0,0.0,0.0,0.0,0.0,0.0,0.0,0.0,1.0
31,101.4,8.053457875183252,4,3.16875,0,0.3435006206774251,0.42984953233021556,0,1.0,0.0,0.0,1.0,0.0,0.0,1.0,0.0,0.0,0.0,1.0,0.0,1.0,0.0
64,91.65,8.86365111894437,5,1.4100000000000001,1,0.21599574392622806,0.02787769784172662,0,0.0,0.0,0.0,1.0,0.0,1.0,1.0,0.0,0.0,1.0,1.0,1.0,0.0,0.0
16,20.0,5.62293388679288,0,1.1764705882352942,0,0.22592658272743393,0.42984953233021556,0,1.0,0.0,0.0,1.0,0.0,0.0,0.0,1.0,0.0,0.0,0.0,0.0,0.0,1.0
14,80.05,7.015083856734662,2,5.336666666666667,1,0.21599574392622806,0.44104447164422683,0,0.0,0.0,0.0,1.0,0.0,0.0,1.0,0.0,0.0,0.0,1.0,1.0,0.0,0.0
15,69.5,6.977654406361804,4,4.34375,0,0.22592658272743393,0.44104447164422683,0,1.0,1.0,1.0,1.0,0.0,0.0,0.0,0.0,0.0,0.0,1.0,0.0,0.0,1.0
43,100.0,8.345823444026378,3,2.272727272727273,0,0.3435006206774251,0.10683760683760683,0,1.0,0.0,0.0,1.0,0.0,1.0,1.0,0.0,1.0,0.0,1.0,0.0,1.0,0.0
12,21.15,5.727010600775408,0,1.626923076923077,0,0.3435006206774251,0.42851340373679936,0,1.0,1.0,1.0,1.0,0.0,0.0,0.0,1.0,0.0,0.0,1.0,0.0,1.0,0.0
70,19.85,7.268780745658128,0,0.2795774647887324,1,0.21599574392622806,0.021602160216021602,0,1.0,1.0,0.0,1.0,0.0,0.0,0.0,1.0,0.0,1.0,0.0,1.0,0.0,0.0
5,104.1,6.296925140911405,4,17.349999999999998,0,0.22592658272743393,0.42851340373679936,0,1.0,0.0,0.0,1.0,0.0,1.0,1.0,0.0,0.0,0.0,0.0,0.0,0.0,1.0
3,19.6,4.1067670822206574,0,4.9,0,0.22592658272743393,0.4231860559383867,0,0.0,0.0,0.0,1.0,0.0,0.0,0.0,1.0,0.0,0.0,1.0,0.0,0.0,1.0
36,20.25,6.57779181427375,0,0.5472972972972973,1,0.21457705266891292,0.03211009174311927,0,0.0,1.0,1.0,1.0,0.0,0.0,0.0,1.0,0.0,1.0,0.0,0.0,0.0,0.0
34,96.35,8.068167968555693,3,2.7528571428571427,0,0.3435006206774251,0.42851340373679936,1,0.0,0.0,0.0,1.0,0.0,1.0,1.0,0.0,0.0,0.0,1.0,0.0,1.0,0.0
2,104.4,5.496348217047172,4,34.800000000000004,0,0.3435006206774251,0.44104447164422683,0,0.0,1.0,0.0,1.0,0.0,1.0,1.0,0.0,0.0,0.0,1.0,0.0,1.0,0.0
71,106.75,8.893469762059727,5,1.4826388888888888,1,0.21599574392622806,0.021602160216021602,0,0.0,0.0,0.0,1.0,0.0,1.0,1.0,0.0,0.0,1.0,1.0,1.0,0.0,0.0
53,95.95,8.524744607569072,4,1.776851851851852,0,0.3435006206774251,0.11882229232386961,0,1.0,0.0,1.0,1.0,0.0,0.0,1.0,0.0,1.0,0.0,0.0,0.0,1.0,0.0
10,74.15,6.700485076824218,0,6.740909090909091,0,0.22592658272743393,0.42984953233021556,0,1.0,0.0,0.0,1.0,0.0,1.0,1.0,0.0,0.0,0.0,1.0,0.0,0.0,1.0
67,106.6,8.888163468445018,4,1.5676470588235294,1,0.21457705266891292,0.10683760683760683,0,0.0,0.0,1.0,1.0,0.0,1.0,1.0,0.0,1.0,0.0,1.0,0.0,0.0,0.0
71,53.95,8.266074458271504,5,0.7493055555555556,1,0.21457705266891292,0.024346257889990983,0,1.0,0.0,0.0,0.0,1.0,0.0,0.0,0.0,0.0,1.0,0.0,0.0,0.0,0.0
29,58.55,7.450050499617523,2,1.9516666666666667,1,0.21457705266891292,0.42984953233021556,1,0.0,0.0,0.0,1.0,0.0,1.0,0.0,0.0,0.0,0.0,1.0,0.0,0.0,0.0
44,90.65,8.28781776222551,2,2.0144444444444445,1,0.21457705266891292,0.121875,0,1.0,1.0,0.0,1.0,0.0,0.0,1.0,0.0,1.0,0.0,1.0,0.0,0.0,0.0
1,71.0,4.276666119016055,0,35.5,0,0.3435006206774251,0.44104447164422683,0,1.0,1.0,1.0,1.0,0.0,0.0,1.0,0.0,0.0,0.0,1.0,0.0,1.0,0.0
12,45.0,6.264064707134784,0,3.4615384615384617,1,0.21457705266891292,0.44104447164422683,0,0.0,0.0,0.0,1.0,0.0,0.0,0.0,0.0,0.0,0.0,1.0,0.0,0.0,0.0
33,59.4,7.577531473218842,2,1.7470588235294118,0,0.3435006206774251,0.11158342189160468,0,0.0,0.0,0.0,1.0,0.0,1.0,0.0,0.0,1.0,0.0,0.0,0.0,1.0,0.0
26,78.95,7.618373940454087,1,2.924074074074074,1,0.21457705266891292,0.10683760683760683,0,1.0,1.0,1.0,1.0,0.0,0.0,1.0,0.0,1.0,0.0,0.0,0.0,0.0,0.0
72,84.7,8.681842849299175,5,1.1602739726027398,1,0.21599574392622806,0.027827648114901255,0,0.0,1.0,1.0,1.0,0.0,1.0,0.0,0.0,0.0,1.0,0.0,1.0,0.0,0.0
28,90.1,7.863247493055429,2,3.106896551724138,1,0.21457705266891292,0.121875,0,0.0,1.0,1.0,1.0,0.0,0.0,1.0,0.0,1.0,0.0,1.0,0.0,0.0,0.0
7,45.75,5.844123959209273,0,5.71875,0,0.22592658272743393,0.42851340373679936,1,1.0,0.0,1.0,1.0,0.0,0.0,0.0,0.0,0.0,0.0,1.0,0.0,0.0,1.0
46,19.6,6.747821241065812,0,0.4170212765957447,0,0.3435006206774251,0.42984953233021556,0,1.0,1.0,0.0,1.0,0.0,0.0,0.0,1.0,0.0,0.0,0.0,0.0,1.0,0.0
10,86.65,6.754196090855834,1,7.877272727272728,0,0.3435006206774251,0.431938236489232,1,1.0,1.0,0.0,1.0,0.0,1.0,1.0,0.0,0.0,0.0,1.0,0.0,1.0,0.0
45,96.75,8.39925389355155,3,2.1032608695652173,1,0.21457705266891292,0.10683760683760683,0,0.0,0.0,0.0,1.0,0.0,1.0,1.0,0.0,1.0,0.0,0.0,0.0,0.0,0.0
9,88.4,6.671526488119272,2,8.84,0,0.22592658272743393,0.4231860559383867,0,0.0,0.0,0.0,1.0,0.0,0.0,1.0,0.0,0.0,0.0,1.0,0.0,0.0,1.0
1,19.95,3.0421386463681466,0,9.975,1,0.21599574392622806,0.431938236489232,0,0.0,0.0,0.0,1.0,0.0,0.0,0.0,1.0,0.0,0.0,0.0,1.0,0.0,0.0
52,80.95,8.351126800641016,4,1.5273584905660378,1,0.21457705266891292,0.03211009174311927,0,0.0,0.0,0.0,1.0,0.0,1.0,0.0,0.0,0.0,1.0,1.0,0.0,0.0,0.0
23,34.65,6.645675973909861,1,1.4437499999999999,1,0.21457705266891292,0.4231860559383867,1,1.0,0.0,0.0,0.0,1.0,0.0,0.0,0.0,0.0,0.0,1.0,0.0,0.0,0.0
1,24.2,3.2268439945173775,0,12.1,0,0.22592658272743393,0.42984953233021556,0,1.0,0.0,1.0,0.0,1.0,0.0,0.0,0.0,0.0,0.0,0.0,0.0,0.0,1.0
58,45.35,7.840352337130602,3,0.7686440677966102,0,0.3435006206774251,0.10683760683760683,0,0.0,1.0,0.0,0.0,1.0,0.0,0.0,0.0,1.0,0.0,1.0,0.0,1.0,0.0
54,79.5,8.382804288377585,1,1.4454545454545455,0,0.3435006206774251,0.42984953233021556,1,0.0,0.0,0.0,1.0,0.0,1.0,1.0,0.0,0.0,0.0,1.0,0.0,1.0,0.0
2,44.7,4.550714000192032,0,14.9,0,0.3435006206774251,0.42851340373679936,1,1.0,0.0,0.0,1.0,0.0,0.0,0.0,0.0,0.0,0.0,1.0,0.0,1.0,0.0
6,19.85,4.789988622980633,0,2.835714285714286,0,0.22592658272743393,0.44104447164422683,0,0.0,1.0,1.0,1.0,0.0,0.0,0.0,1.0,0.0,0.0,0.0,0.0,0.0,1.0
70,106.5,8.908964972392399,4,1.5,0,0.3435006206774251,0.11158342189160468,0,0.0,1.0,1.0,1.0,0.0,1.0,1.0,0.0,1.0,0.0,1.0,0.0,1.0,0.0
23,19.6,6.058305104026791,0,0.8166666666666668,1,0.21599574392622806,0.03211009174311927,0,1.0,1.0,1.0,1.0,0.0,0.0,0.0,1.0,0.0,1.0,0.0,1.0,0.0,0.0
5,84.0,6.053852319542798,1,14.0,0,0.3435006206774251,0.4231860559383867,0,0.0,0.0,0.0,1.0,0.0,1.0,1.0,0.0,0.0,0.0,1.0,0.0,1.0,0.0
39,40.6,7.310215878070003,2,1.0150000000000001,0,0.3435006206774251,0.4231860559383867,0,1.0,0.0,0.0,0.0,1.0,0.0,0.0,0.0,0.0,0.0,1.0,0.0,1.0,0.0
42,77.95,8.127109185346375,1,1.8127906976744186,1,0.21599574392622806,0.44104447164422683,0,0.0,1.0,1.0,1.0,0.0,0.0,1.0,0.0,0.0,0.0,1.0,1.0,0.0,0.0
12,19.7,5.39974515917815,0,1.5153846153846153,0,0.22592658272743393,0.431938236489232,0,0.0,0.0,0.0,1.0,0.0,0.0,0.0,1.0,0.0,0.0,0.0,0.0,0.0,1.0
69,78.6,8.58624339459303,5,1.1228571428571428,1,0.21599574392622806,0.121875,0,1.0,0.0,0.0,1.0,0.0,1.0,0.0,0.0,1.0,0.0,1.0,1.0,0.0,0.0
40,84.9,8.122682860031595,1,2.0707317073170732,0,0.3435006206774251,0.44104447164422683,0,1.0,0.0,0.0,1.0,0.0,1.0,1.0,0.0,0.0,0.0,1.0,0.0,1.0,0.0
55,19.1,6.910252159180724,0,0.3410714285714286,1,0.21457705266891292,0.11266094420600858,0,1.0,0.0,1.0,1.0,0.0,0.0,0.0,1.0,1.0,0.0,0.0,0.0,0.0,0.0
52,68.75,8.15589328308458,4,1.2971698113207548,0,0.3435006206774251,0.10683760683760683,0,1.0,1.0,1.0,1.0,0.0,0.0,0.0,0.0,1.0,0.0,1.0,0.0,1.0,0.0
12,89.4,7.000015357407435,3,6.876923076923077,0,0.3435006206774251,0.42851340373679936,0,0.0,0.0,0.0,1.0,0.0,0.0,1.0,0.0,0.0,0.0,1.0,0.0,1.0,0.0
1,51.25,3.9560398908449206,1,25.625,0,0.22592658272743393,0.42851340373679936,0,1.0,0.0,0.0,1.0,0.0,0.0,0.0,0.0,0.0,0.0,0.0,0.0,0.0,1.0
20,19.5,6.025865973825314,0,0.9285714285714286,1,0.21457705266891292,0.42984953233021556,0,0.0,0.0,0.0,1.0,0.0,0.0,0.0,1.0,0.0,0.0,1.0,0.0,0.0,0.0
1,21.1,3.095577608523707,0,10.55,0,0.22592658272743393,0.431938236489232,0,1.0,0.0,0.0,1.0,0.0,0.0,0.0,1.0,0.0,0.0,0.0,0.0,0.0,1.0
71,104.65,8.894176517088752,5,1.4534722222222223,1,0.21457705266891292,0.11266094420600858,0,1.0,1.0,1.0,1.0,0.0,0.0,1.0,0.0,1.0,0.0,1.0,0.0,0.0,0.0
69,54.95,8.235758231724922,4,0.785,1,0.21599574392622806,0.027827648114901255,0,0.0,1.0,1.0,0.0,1.0,0.0,0.0,0.0,0.0,1.0,1.0,1.0,0.0,0.0
2,44.6,4.585987366571318,2,14.866666666666667,0,0.3435006206774251,0.42851340373679936,0,0.0,1.0,0.0,0.0,1.0,0.0,0.0,0.0,0.0,0.0,0.0,0.0,1.0,0.0
72,25.7,7.569618169502316,0,0.35205479452054794,1,0.21599574392622806,0.024346257889990983,1,0.0,1.0,0.0,1.0,0.0,1.0,0.0,1.0,0.0,1.0,1.0,1.0,0.0,0.0
1,71.0,4.276666119016055,0,35.5,0,0.3435006206774251,0.42851340373679936,1,0.0,0.0,1.0,1.0,0.0,0.0,1.0,0.0,0.0,0.0,1.0,0.0,1.0,0.0
2,19.9,3.5467396869528134,0,6.633333333333333,1,0.21599574392622806,0.431938236489232,0,1.0,0.0,0.0,1.0,0.0,0.0,0.0,1.0,0.0,0.0,1.0,1.0,0.0,0.0
72,59.75,8.358431899031295,2,0.8184931506849316,1,0.21457705266891292,0.021602160216021602,0,0.0,0.0,0.0,1.0,0.0,1.0,0.0,0.0,0.0,1.0,0.0,0.0,0.0,0.0
50,69.75,8.177150588616483,0,1.3676470588235294,1,0.21457705266891292,0.42984953233021556,0,0.0,1.0,1.0,1.0,0.0,0.0,1.0,0.0,0.0,0.0,1.0,0.0,0.0,0.0
1,20.6,3.0726933146901194,0,10.3,0,0.22592658272743393,0.431938236489232,0,1.0,0.0,0.0,1.0,0.0,0.0,0.0,1.0,0.0,0.0,0.0,0.0,0.0,1.0
55,96.8,8.572618437521648,2,1.7285714285714284,0,0.3435006206774251,0.4231860559383867,0,1.0,0.0,0.0,1.0,0.0,1.0,1.0,0.0,0.0,0.0,1.0,0.0,1.0,0.0
26,86.65,7.700634665941057,2,3.2092592592592593,1,0.21599574392622806,0.42984953233021556,0,1.0,0.0,0.0,1.0,0.0,1.0,1.0,0.0,0.0,0.0,1.0,1.0,0.0,0.0
1,81.1,4.407938016458383,1,40.55,0,0.3435006206774251,0.44104447164422683,0,0.0,0.0,0.0,1.0,0.0,0.0,1.0,0.0,0.0,0.0,1.0,0.0,1.0,0.0
24,20.45,6.26975894288704,0,0.818,1,0.21599574392622806,0.11158342189160468,0,0.0,0.0,0.0,1.0,0.0,0.0,0.0,1.0,1.0,0.0,0.0,1.0,0.0,0.0
22,83.05,7.495708596663577,1,3.610869565217391,0,0.3435006206774251,0.42851340373679936,0,1.0,0.0,0.0,1.0,0.0,1.0,1.0,0.0,0.0,0.0,0.0,0.0,1.0,0.0
2,20.35,3.5322256440685598,0,6.783333333333334,0,0.22592658272743393,0.44104447164422683,0,1.0,0.0,0.0,1.0,0.0,0.0,0.0,1.0,0.0,0.0,0.0,0.0,0.0,1.0
8,94.2,6.657112053965342,3,10.466666666666667,0,0.3435006206774251,0.431938236489232,0,0.0,1.0,1.0,1.0,0.0,0.0,1.0,0.0,0.0,0.0,1.0,0.0,1.0,0.0
25,90.4,7.686896652708943,2,3.476923076923077,0,0.3435006206774251,0.11266094420600858,0,1.0,1.0,1.0,1.0,0.0,0.0,1.0,0.0,1.0,0.0,1.0,0.0,1.0,0.0
3,29.75,4.583435693842085,1,7.4375,0,0.3435006206774251,0.42851340373679936,0,1.0,0.0,0.0,0.0,1.0,0.0,0.0,0.0,0.0,0.0,1.0,0.0,1.0,0.0
1,19.9,3.039749158970765,0,9.95,0,0.22592658272743393,0.4231860559383867,0,0.0,0.0,0.0,1.0,0.0,0.0,0.0,1.0,0.0,0.0,1.0,0.0,0.0,1.0
1,75.3,4.334672938290411,1,37.65,0,0.3435006206774251,0.42851340373679936,0,0.0,0.0,0.0,1.0,0.0,0.0,1.0,0.0,0.0,0.0,0.0,0.0,1.0,0.0
33,20.15,6.526714454784496,0,0.5926470588235294,0,0.22592658272743393,0.11882229232386961,0,1.0,0.0,1.0,1.0,0.0,0.0,0.0,1.0,1.0,0.0,1.0,0.0,0.0,1.0
7,99.8,6.513600962019839,3,12.475,0,0.3435006206774251,0.4231860559383867,0,1.0,0.0,0.0,1.0,0.0,1.0,1.0,0.0,0.0,0.0,1.0,0.0,1.0,0.0
61,105.55,8.745515310770877,4,1.7024193548387097,0,0.3435006206774251,0.42851340373679936,0,1.0,1.0,0.0,1.0,0.0,1.0,1.0,0.0,0.0,0.0,1.0,0.0,1.0,0.0
66,107.35,8.861201248001143,5,1.6022388059701491,1,0.21457705266891292,0.11882229232386961,1,1.0,1.0,0.0,1.0,0.0,1.0,1.0,0.0,1.0,0.0,1.0,0.0,0.0,0.0
36,84.9,8.028846349410673,1,2.294594594594595,0,0.3435006206774251,0.4231860559383867,0,1.0,0.0,0.0,1.0,0.0,1.0,1.0,0.0,0.0,0.0,1.0,0.0,1.0,0.0
2,54.15,4.6313251434649425,1,18.05,0,0.22592658272743393,0.42851340373679936,0,0.0,0.0,0.0,1.0,0.0,1.0,0.0,0.0,0.0,0.0,0.0,0.0,0.0,1.0
71,89.9,8.755217473419737,6,1.2486111111111111,1,0.21457705266891292,0.021602160216021602,0,0.0,1.0,1.0,1.0,0.0,1.0,0.0,0.0,0.0,1.0,0.0,0.0,0.0,0.0
20,105.85,7.7145212813268556,4,5.04047619047619,1,0.21457705266891292,0.4231860559383867,0,0.0,1.0,1.0,1.0,0.0,1.0,1.0,0.0,0.0,0.0,1.0,0.0,0.0,0.0
1,91.7,4.529368472571809,3,45.85,0,0.3435006206774251,0.4231860559383867,0,0.0,0.0,0.0,1.0,0.0,0.0,1.0,0.0,0.0,0.0,0.0,0.0,1.0,0.0
52,35.45,7.580674241695091,2,0.6688679245283019,0,0.22592658272743393,0.121875,0,0.0,1.0,0.0,0.0,1.0,0.0,0.0,0.0,1.0,0.0,0.0,0.0,0.0,1.0
49,52.15,7.857384070466803,0,1.043,1,0.21599574392622806,0.44104447164422683,0,0.0,1.0,0.0,1.0,0.0,1.0,0.0,0.0,0.0,0.0,1.0,1.0,0.0,0.0
2,20.55,3.543853682063679,0,6.8500000000000005,0,0.22592658272743393,0.4231860559383867,0,0.0,0.0,0.0,1.0,0.0,0.0,0.0,1.0,0.0,0.0,1.0,0.0,0.0,1.0
12,24.95,5.639777144680289,0,1.919230769230769,1,0.21599574392622806,0.11158342189160468,0,1.0,0.0,0.0,1.0,0.0,1.0,0.0,1.0,1.0,0.0,0.0,1.0,0.0,0.0
40,63.9,7.877017895622398,2,1.5585365853658537,1,0.21457705266891292,0.11158342189160468,0,0.0,1.0,0.0,1.0,0.0,1.0,0.0,0.0,1.0,0.0,0.0,0.0,0.0,0.0
64,70.15,8.40775771771638,3,1.0792307692307692,0,0.22592658272743393,0.11882229232386961,0,1.0,1.0,0.0,1.0,0.0,1.0,0.0,0.0,1.0,0.0,1.0,0.0,0.0,1.0
35,76.05,7.9187014308976735,4,2.1125,0,0.3435006206774251,0.42984953233021556,1,1.0,1.0,1.0,1.0,0.0,0.0,0.0,0.0,0.0,0.0,1.0,0.0,1.0,0.0
72,101.35,8.898932386196364,4,1.3883561643835616,0,0.3435006206774251,0.11882229232386961,0,0.0,1.0,0.0,1.0,0.0,1.0,1.0,0.0,1.0,0.0,1.0,0.0,1.0,0.0
70,44.6,8.025892378581256,4,0.6281690140845071,1,0.21457705266891292,0.021602160216021602,0,0.0,0.0,0.0,0.0,1.0,0.0,0.0,0.0,0.0,1.0,1.0,0.0,0.0,0.0
58,104.65,8.735621644103475,4,1.773728813559322,0,0.3435006206774251,0.11266094420600858,0,1.0,0.0,0.0,1.0,0.0,1.0,1.0,0.0,1.0,0.0,1.0,0.0,1.0,0.0
1,88.35,4.492561241605437,2,44.175,0,0.3435006206774251,0.4231860559383867,0,1.0,0.0,0.0,1.0,0.0,0.0,1.0,0.0,0.0,0.0,1.0,0.0,1.0,0.0
72,116.8,9.042838459780507,6,1.5999999999999999,1,0.21599574392622806,0.02787769784172662,0,0.0,1.0,1.0,1.0,0.0,1.0,1.0,0.0,0.0,1.0,1.0,1.0,0.0,0.0
39,99.1,8.26331977743681,4,2.4775,0,0.22592658272743393,0.11882229232386961,1,0.0,1.0,0.0,1.0,0.0,0.0,1.0,0.0,1.0,0.0,0.0,0.0,0.0,1.0
21,60.25,7.138350993821386,3,2.7386363636363638,0,0.3435006206774251,0.11266094420600858,0,0.0,0.0,0.0,1.0,0.0,0.0,0.0,0.0,1.0,0.0,1.0,0.0,1.0,0.0
33,56.05,7.016564839839412,2,1.6485294117647058,1,0.21599574392622806,0.121875,0,1.0,0.0,1.0,0.0,1.0,0.0,0.0,0.0,1.0,0.0,0.0,1.0,0.0,0.0
68,73.0,8.549466751966532,4,1.0579710144927537,1,0.21599574392622806,0.121875,0,0.0,1.0,1.0,1.0,0.0,1.0,0.0,0.0,1.0,0.0,1.0,1.0,0.0,0.0
46,54.35,7.808383999366624,2,1.1563829787234043,1,0.21599574392622806,0.027827648114901255,0,0.0,0.0,0.0,1.0,0.0,0.0,0.0,0.0,0.0,1.0,0.0,1.0,0.0,0.0
26,105.45,7.907025939132466,5,3.9055555555555554,0,0.3435006206774251,0.02787769784172662,0,0.0,0.0,1.0,1.0,0.0,0.0,1.0,0.0,0.0,1.0,1.0,0.0,1.0,0.0
23,54.4,7.131098810299013,1,2.2666666666666666,0,0.3435006206774251,0.42851340373679936,0,0.0,0.0,0.0,1.0,0.0,1.0,0.0,0.0,0.0,0.0,0.0,0.0,1.0,0.0
5,75.9,5.882625767073831,0,12.65,1,0.21457705266891292,0.42851340373679936,0,1.0,0.0,0.0,1.0,0.0,1.0,1.0,0.0,0.0,0.0,1.0,0.0,0.0,0.0
38,84.1,8.067352908713396,5,2.1564102564102563,1,0.21457705266891292,0.10683760683760683,0,0.0,0.0,0.0,1.0,0.0,1.0,0.0,0.0,1.0,0.0,0.0,0.0,0.0,0.0
43,86.45,8.181860305488451,5,1.9647727272727273,1,0.21599574392622806,0.03211009174311927,0,0.0,1.0,0.0,1.0,0.0,1.0,0.0,0.0,0.0,1.0,0.0,1.0,0.0,0.0
14,19.9,5.651611602327291,0,1.3266666666666667,0,0.22592658272743393,0.431938236489232,0,1.0,0.0,0.0,1.0,0.0,0.0,0.0,1.0,0.0,0.0,0.0,0.0,0.0,1.0
1,20.2,3.054001181677967,0,10.1,0,0.22592658272743393,0.44104447164422683,0,0.0,0.0,0.0,1.0,0.0,0.0,0.0,1.0,0.0,0.0,1.0,0.0,0.0,1.0
30,55.65,7.411465649262526,2,1.7951612903225806,0,0.22592658272743393,0.024346257889990983,0,1.0,0.0,0.0,1.0,0.0,0.0,0.0,0.0,0.0,1.0,1.0,0.0,0.0,1.0
1,70.8,4.273884476054178,0,35.4,0,0.22592658272743393,0.44104447164422683,0,0.0,0.0,0.0,1.0,0.0,0.0,1.0,0.0,0.0,0.0,1.0,0.0,0.0,1.0
70,109.5,8.94579523112564,5,1.5422535211267605,0,0.3435006206774251,0.121875,0,0.0,1.0,0.0,1.0,0.0,1.0,1.0,0.0,1.0,0.0,1.0,0.0,1.0,0.0
4,19.6,4.548070593947519,0,3.9200000000000004,0,0.22592658272743393,0.4231860559383867,0,0.0,1.0,0.0,1.0,0.0,0.0,0.0,1.0,0.0,0.0,0.0,0.0,0.0,1.0
5,64.35,5.8683077234819985,3,10.725,0,0.3435006206774251,0.42984953233021556,0,0.0,0.0,0.0,1.0,0.0,0.0,0.0,0.0,0.0,0.0,1.0,0.0,1.0,0.0
27,81.7,7.702352840577568,5,2.917857142857143,0,0.3435006206774251,0.121875,0,1.0,0.0,0.0,1.0,0.0,0.0,0.0,0.0,1.0,0.0,0.0,0.0,1.0,0.0
41,19.5,6.683611227334344,0,0.4642857142857143,1,0.21457705266891292,0.11158342189160468,0,1.0,1.0,1.0,1.0,0.0,0.0,0.0,1.0,1.0,0.0,0.0,0.0,0.0,0.0
1,45.4,3.8372994592322094,0,22.7,0,0.22592658272743393,0.42851340373679936,0,0.0,0.0,0.0,1.0,0.0,0.0,0.0,0.0,0.0,0.0,1.0,0.0,0.0,1.0
1,20.45,3.065724645374026,0,10.225,0,0.22592658272743393,0.42984953233021556,0,1.0,0.0,0.0,1.0,0.0,0.0,0.0,1.0,0.0,0.0,1.0,0.0,0.0,1.0
9,84.45,6.637913124658687,1,8.445,0,0.3435006206774251,0.44104447164422683,1,0.0,0.0,0.0,1.0,0.0,1.0,1.0,0.0,0.0,0.0,1.0,0.0,1.0,0.0
30,101.5,7.9788764595883075,3,3.274193548387097,0,0.3435006206774251,0.44104447164422683,1,1.0,1.0,0.0,1.0,0.0,1.0,1.0,0.0,0.0,0.0,1.0,0.0,1.0,0.0
18,50.3,6.8131698364922695,1,2.6473684210526316,0,0.22592658272743393,0.42851340373679936,0,0.0,1.0,0.0,1.0,0.0,0.0,0.0,0.0,0.0,0.0,1.0,0.0,0.0,1.0
62,24.8,7.297937530225784,0,0.39365079365079364,1,0.21457705266891292,0.11882229232386961,0,1.0,1.0,1.0,1.0,0.0,1.0,0.0,1.0,1.0,0.0,0.0,0.0,0.0,0.0
41,94.55,8.256464588524715,3,2.251190476190476,0,0.3435006206774251,0.44104447164422683,1,1.0,1.0,0.0,1.0,0.0,0.0,1.0,0.0,0.0,0.0,1.0,0.0,1.0,0.0
43,34.0,7.317444785076738,2,0.7727272727272727,1,0.21457705266891292,0.4231860559383867,0,0.0,1.0,0.0,0.0,1.0,0.0,0.0,0.0,0.0,0.0,0.0,0.0,0.0,0.0
72,85.3,8.720982654825432,6,1.1684931506849314,1,0.21457705266891292,0.027827648114901255,0,0.0,1.0,1.0,1.0,0.0,0.0,0.0,0.0,0.0,1.0,0.0,0.0,0.0,0.0
13,78.3,6.9421083953538,1,5.5928571428571425,1,0.21599574392622806,0.431938236489232,0,1.0,0.0,1.0,1.0,0.0,0.0,1.0,0.0,0.0,0.0,1.0,1.0,0.0,0.0
64,73.05,8.45311323178993,4,1.1238461538461537,1,0.21599574392622806,0.11158342189160468,0,1.0,1.0,1.0,1.0,0.0,0.0,0.0,0.0,1.0,0.0,1.0,1.0,0.0,0.0
14,91.65,7.005653017258597,1,6.11,0,0.3435006206774251,0.42984953233021556,1,0.0,0.0,0.0,1.0,0.0,1.0,1.0,0.0,0.0,0.0,1.0,0.0,1.0,0.0
28,82.85,7.750098025903935,2,2.856896551724138,1,0.21457705266891292,0.10683760683760683,0,0.0,1.0,1.0,1.0,0.0,0.0,1.0,0.0,1.0,0.0,1.0,0.0,0.0,0.0
13,81.9,6.937216989131756,1,5.8500000000000005,0,0.22592658272743393,0.42851340373679936,0,0.0,0.0,0.0,1.0,0.0,0.0,1.0,0.0,0.0,0.0,1.0,0.0,0.0,1.0
34,60.8,7.622199068331163,3,1.737142857142857,0,0.22592658272743393,0.10683760683760683,0,0.0,1.0,1.0,1.0,0.0,0.0,0.0,0.0,1.0,0.0,1.0,0.0,0.0,1.0
5,59.9,5.665907522227275,3,9.983333333333333,1,0.21599574392622806,0.4231860559383867,1,0.0,0.0,0.0,1.0,0.0,0.0,0.0,0.0,0.0,0.0,0.0,1.0,0.0,0.0
37,19.8,6.5890640196560115,0,0.5210526315789474,1,0.21457705266891292,0.027827648114901255,0,1.0,1.0,1.0,1.0,0.0,0.0,0.0,1.0,0.0,1.0,0.0,0.0,0.0,0.0
1,90.55,4.51688527112052,2,45.275,0,0.3435006206774251,0.42851340373679936,0,1.0,0.0,0.0,1.0,0.0,0.0,1.0,0.0,0.0,0.0,1.0,0.0,1.0,0.0
68,89.6,8.72072161785459,2,1.298550724637681,1,0.21457705266891292,0.44104447164422683,1,0.0,1.0,0.0,1.0,0.0,1.0,1.0,0.0,0.0,0.0,1.0,0.0,0.0,0.0
9,74.65,6.557559301141113,4,7.465000000000001,0,0.3435006206774251,0.42851340373679936,0,0.0,0.0,0.0,1.0,0.0,0.0,0.0,0.0,0.0,0.0,1.0,0.0,1.0,0.0
68,20.15,7.455414152793477,0,0.2920289855072464,1,0.21457705266891292,0.027827648114901255,0,1.0,1.0,0.0,1.0,0.0,1.0,0.0,1.0,0.0,1.0,0.0,0.0,0.0,0.0
1,61.15,4.12955081795672,2,30.575,0,0.3435006206774251,0.431938236489232,0,1.0,0.0,0.0,1.0,0.0,1.0,0.0,0.0,0.0,0.0,0.0,0.0,1.0,0.0
17,19.35,5.730099782973574,0,1.0750000000000002,0,0.22592658272743393,0.11158342189160468,0,0.0,1.0,0.0,1.0,0.0,0.0,0.0,1.0,1.0,0.0,0.0,0.0,0.0,1.0
68,83.65,8.654238403340557,2,1.2123188405797103,1,0.21457705266891292,0.11158342189160468,0,0.0,1.0,1.0,1.0,0.0,1.0,1.0,0.0,1.0,0.0,1.0,0.0,0.0,0.0
7,100.4,6.573680166960646,4,12.55,0,0.3435006206774251,0.44104447164422683,0,0.0,0.0,0.0,1.0,0.0,0.0,1.0,0.0,0.0,0.0,1.0,0.0,1.0,0.0
56,115.85,8.7901016697594,6,2.032456140350877,0,0.22592658272743393,0.027827648114901255,0,1.0,1.0,1.0,1.0,0.0,1.0,1.0,0.0,0.0,1.0,0.0,0.0,0.0,1.0
72,89.85,8.789340217480893,6,1.2308219178082191,1,0.21599574392622806,0.021602160216021602,0,1.0,1.0,1.0,1.0,0.0,1.0,0.0,0.0,0.0,1.0,0.0,1.0,0.0,0.0
52,30.1,7.392893795812142,1,0.5679245283018868,0,0.22592658272743393,0.11882229232386961,0,1.0,0.0,0.0,0.0,1.0,0.0,0.0,0.0,1.0,0.0,0.0,0.0,0.0,1.0
9,29.95,5.521260897859579,1,2.995,0,0.3435006206774251,0.44104447164422683,0,1.0,1.0,1.0,0.0,1.0,0.0,0.0,0.0,0.0,0.0,1.0,0.0,1.0,0.0
72,24.3,7.48420008975594,0,0.33287671232876714,1,0.21457705266891292,0.027827648114901255,1,0.0,1.0,0.0,1.0,0.0,1.0,0.0,1.0,0.0,1.0,0.0,0.0,0.0,0.0
3,74.95,5.363168338867653,0,18.7375,0,0.3435006206774251,0.42851340373679936,0,0.0,0.0,0.0,1.0,0.0,1.0,1.0,0.0,0.0,0.0,1.0,0.0,1.0,0.0
55,81.55,8.414163291096694,2,1.45625,0,0.3435006206774251,0.42984953233021556,0,0.0,0.0,0.0,1.0,0.0,0.0,1.0,0.0,0.0,0.0,1.0,0.0,1.0,0.0
49,49.8,7.782973985080828,1,0.996,0,0.22592658272743393,0.02787769784172662,1,1.0,1.0,0.0,1.0,0.0,0.0,0.0,0.0,0.0,1.0,0.0,0.0,0.0,1.0
53,108.95,8.651584214452642,5,2.017592592592593,1,0.21457705266891292,0.10683760683760683,0,0.0,1.0,0.0,1.0,0.0,1.0,1.0,0.0,1.0,0.0,1.0,0.0,0.0,0.0
11,34.7,5.952073819503063,2,2.891666666666667,0,0.22592658272743393,0.431938236489232,0,1.0,0.0,0.0,0.0,1.0,0.0,0.0,0.0,0.0,0.0,0.0,0.0,0.0,1.0
1,19.9,3.039749158970765,0,9.95,0,0.22592658272743393,0.4231860559383867,0,0.0,0.0,0.0,1.0,0.0,0.0,0.0,1.0,0.0,0.0,0.0,0.0,0.0,1.0
72,63.8,8.452185226773972,6,0.873972602739726,1,0.21457705266891292,0.02787769784172662,0,0.0,1.0,1.0,0.0,1.0,0.0,0.0,0.0,0.0,1.0,1.0,0.0,0.0,0.0
1,70.0,4.2626798770413155,0,35.0,0,0.3435006206774251,0.4231860559383867,0,1.0,1.0,1.0,1.0,0.0,0.0,1.0,0.0,0.0,0.0,1.0,0.0,1.0,0.0
3,55.1,5.047609896887617,2,13.775,0,0.22592658272743393,0.42984953233021556,0,0.0,0.0,1.0,1.0,0.0,0.0,0.0,0.0,0.0,0.0,1.0,0.0,0.0,1.0
7,78.55,6.261396259920951,1,9.81875,1,0.21457705266891292,0.4231860559383867,0,0.0,0.0,0.0,1.0,0.0,1.0,1.0,0.0,0.0,0.0,1.0,0.0,0.0,0.0
15,19.65,5.810092539349616,0,1.228125,0,0.22592658272743393,0.10683760683760683,0,1.0,1.0,1.0,1.0,0.0,0.0,0.0,1.0,1.0,0.0,0.0,0.0,0.0,1.0
28,85.45,7.736700032439303,2,2.9465517241379313,0,0.3435006206774251,0.42984953233021556,0,1.0,1.0,1.0,1.0,0.0,0.0,1.0,0.0,0.0,0.0,0.0,0.0,1.0,0.0
12,79.8,6.909952862525624,1,6.138461538461538,0,0.3435006206774251,0.42851340373679936,0,0.0,0.0,0.0,1.0,0.0,1.0,1.0,0.0,0.0,0.0,1.0,0.0,1.0,0.0
65,67.05,8.36882078516512,3,1.0159090909090909,1,0.21599574392622806,0.11882229232386961,0,1.0,1.0,0.0,1.0,0.0,1.0,0.0,0.0,1.0,0.0,0.0,1.0,0.0,0.0
4,74.8,5.77734267776423,1,14.959999999999999,1,0.21457705266891292,0.42851340373679936,0,1.0,0.0,0.0,1.0,0.0,0.0,1.0,0.0,0.0,0.0,1.0,0.0,0.0,0.0
26,45.45,7.118137752993733,0,1.6833333333333333,0,0.3435006206774251,0.42984953233021556,0,1.0,0.0,0.0,1.0,0.0,0.0,0.0,0.0,0.0,0.0,0.0,0.0,1.0,0.0
32,98.85,8.036120525799594,3,2.995454545454545,0,0.3435006206774251,0.44104447164422683,0,0.0,1.0,1.0,1.0,0.0,1.0,1.0,0.0,0.0,0.0,1.0,0.0,1.0,0.0
22,56.25,7.164875045851278,2,2.4456521739130435,1,0.21599574392622806,0.11882229232386961,0,1.0,1.0,0.0,1.0,0.0,0.0,0.0,0.0,1.0,0.0,1.0,1.0,0.0,0.0
71,116.1,9.025401392718713,6,1.6124999999999998,1,0.21457705266891292,0.021602160216021602,0,1.0,1.0,0.0,1.0,0.0,1.0,1.0,0.0,0.0,1.0,1.0,0.0,0.0,0.0
66,45.55,8.015740173896912,3,0.6798507462686567,1,0.21457705266891292,0.11266094420600858,1,0.0,1.0,0.0,0.0,1.0,0.0,0.0,0.0,1.0,0.0,0.0,0.0,0.0,0.0
18,82.0,7.2629441192155655,4,4.315789473684211,1,0.21599574392622806,0.11882229232386961,0,1.0,0.0,0.0,1.0,0.0,1.0,0.0,0.0,1.0,0.0,1.0,1.0,0.0,0.0
33,73.9,7.785741677698578,4,2.173529411764706,0,0.22592658272743393,0.11158342189160468,0,1.0,1.0,1.0,1.0,0.0,0.0,0.0,0.0,1.0,0.0,1.0,0.0,0.0,1.0
67,19.95,7.1798794525179686,0,0.2933823529411765,1,0.21457705266891292,0.021602160216021602,0,1.0,0.0,0.0,1.0,0.0,0.0,0.0,1.0,0.0,1.0,0.0,0.0,0.0,0.0
54,100.1,8.601883543577152,3,1.8199999999999998,0,0.3435006206774251,0.431938236489232,0,0.0,0.0,0.0,1.0,0.0,1.0,1.0,0.0,0.0,0.0,1.0,0.0,1.0,0.0
71,77.35,8.62175138530001,5,1.0743055555555554,1,0.21599574392622806,0.027827648114901255,0,0.0,0.0,0.0,1.0,0.0,0.0,0.0,0.0,0.0,1.0,0.0,1.0,0.0,0.0
10,20.0,5.296816240421769,0,1.8181818181818181,1,0.21599574392622806,0.431938236489232,0,1.0,0.0,0.0,1.0,0.0,0.0,0.0,1.0,0.0,0.0,0.0,1.0,0.0,0.0
49,25.25,7.100563326500228,0,0.505,0,0.22592658272743393,0.02787769784172662,0,0.0,1.0,1.0,1.0,0.0,1.0,0.0,1.0,0.0,1.0,0.0,0.0,0.0,1.0
2,76.4,5.02912987673242,1,25.46666666666667,0,0.3435006206774251,0.42984953233021556,0,1.0,1.0,0.0,1.0,0.0,0.0,1.0,0.0,0.0,0.0,0.0,0.0,1.0,0.0
28,19.55,6.300418754835302,0,0.6741379310344828,1,0.21457705266891292,0.42851340373679936,0,0.0,1.0,1.0,1.0,0.0,0.0,0.0,1.0,0.0,0.0,1.0,0.0,0.0,0.0
15,87.75,7.125443979613383,2,5.484375,1,0.21457705266891292,0.42984953233021556,0,1.0,0.0,0.0,1.0,0.0,1.0,1.0,0.0,0.0,0.0,1.0,0.0,0.0,0.0
5,24.3,4.617098756853365,0,4.05,0,0.22592658272743393,0.42984953233021556,0,1.0,0.0,0.0,0.0,1.0,0.0,0.0,0.0,0.0,0.0,0.0,0.0,0.0,1.0
19,106.6,7.568095136565964,5,5.33,0,0.3435006206774251,0.42984953233021556,0,0.0,0.0,0.0,1.0,0.0,0.0,1.0,0.0,0.0,0.0,1.0,0.0,1.0,0.0
2,50.95,4.82068471013781,1,16.983333333333334,0,0.22592658272743393,0.44104447164422683,0,0.0,0.0,0.0,1.0,0.0,0.0,0.0,0.0,0.0,0.0,0.0,0.0,0.0,1.0
57,69.75,8.2675516487958,4,1.2025862068965518,0,0.22592658272743393,0.027827648114901255,0,0.0,0.0,0.0,1.0,0.0,0.0,0.0,0.0,0.0,1.0,0.0,0.0,0.0,1.0
58,100.35,8.645076161696084,3,1.7008474576271186,1,0.21599574392622806,0.121875,0,1.0,1.0,0.0,1.0,0.0,1.0,1.0,0.0,1.0,0.0,0.0,1.0,0.0,0.0
24,54.75,7.199790363315396,1,2.19,0,0.3435006206774251,0.44104447164422683,0,1.0,1.0,1.0,1.0,0.0,1.0,0.0,0.0,0.0,0.0,0.0,0.0,1.0,0.0
3,92.0,5.5902404332570725,2,23.0,0,0.3435006206774251,0.42851340373679936,0,1.0,0.0,0.0,1.0,0.0,0.0,1.0,0.0,0.0,0.0,1.0,0.0,1.0,0.0
72,73.45,8.58110651715989,3,1.0061643835616438,1,0.21599574392622806,0.03211009174311927,1,1.0,1.0,0.0,1.0,0.0,1.0,0.0,0.0,0.0,1.0,1.0,1.0,0.0,0.0
2,97.1,5.2211663073596215,3,32.36666666666667,0,0.3435006206774251,0.431938236489232,0,1.0,1.0,1.0,1.0,0.0,0.0,1.0,0.0,0.0,0.0,0.0,0.0,1.0,0.0
54,69.95,8.261745949097815,4,1.271818181818182,1,0.21457705266891292,0.02787769784172662,0,0.0,1.0,1.0,1.0,0.0,0.0,0.0,0.0,0.0,1.0,0.0,0.0,0.0,0.0
22,69.75,7.343684927894121,4,3.032608695652174,0,0.22592658272743393,0.42851340373679936,1,0.0,0.0,0.0,1.0,0.0,0.0,0.0,0.0,0.0,0.0,1.0,0.0,0.0,1.0
3,70.7,5.4234069773868585,3,17.675,0,0.22592658272743393,0.431938236489232,0,1.0,0.0,1.0,1.0,0.0,0.0,0.0,0.0,0.0,0.0,0.0,0.0,0.0,1.0
26,69.05,7.504749424635169,0,2.5574074074074074,1,0.21599574392622806,0.4231860559383867,0,0.0,0.0,0.0,1.0,0.0,0.0,1.0,0.0,0.0,0.0,1.0,1.0,0.0,0.0
28,89.95,7.87342647695373,2,3.1017241379310345,0,0.3435006206774251,0.42984953233021556,0,0.0,0.0,0.0,1.0,0.0,1.0,1.0,0.0,0.0,0.0,1.0,0.0,1.0,0.0
52,63.25,8.114758486993102,3,1.1933962264150944,1,0.21599574392622806,0.027827648114901255,0,1.0,0.0,0.0,1.0,0.0,0.0,0.0,0.0,0.0,1.0,1.0,1.0,0.0,0.0
63,105.4,8.81197996559795,4,1.646875,0,0.3435006206774251,0.42851340373679936,0,1.0,0.0,0.0,1.0,0.0,1.0,1.0,0.0,0.0,0.0,0.0,0.0,1.0,0.0
9,59.5,6.274856178767549,2,5.95,1,0.21457705266891292,0.431938236489232,0,0.0,0.0,0.0,1.0,0.0,0.0,0.0,0.0,0.0,0.0,1.0,0.0,0.0,0.0
20,107.05,7.68388698965577,4,5.097619047619047,0,0.3435006206774251,0.44104447164422683,1,1.0,1.0,0.0,1.0,0.0,1.0,1.0,0.0,0.0,0.0,0.0,0.0,1.0,0.0
10,46.0,6.2007119932300805,0,4.181818181818182,0,0.22592658272743393,0.42851340373679936,0,1.0,0.0,0.0,1.0,0.0,0.0,0.0,0.0,0.0,0.0,0.0,0.0,0.0,1.0
1,44.3,3.8133070324889884,0,22.15,0,0.22592658272743393,0.431938236489232,0,1.0,0.0,0.0,1.0,0.0,0.0,0.0,0.0,0.0,0.0,1.0,0.0,0.0,1.0
72,20.35,7.211851892702013,0,0.2787671232876712,0,0.3435006206774251,0.027827648114901255,0,1.0,1.0,1.0,1.0,0.0,0.0,0.0,1.0,0.0,1.0,0.0,0.0,1.0,0.0
6,19.45,4.740574822994295,0,2.7785714285714285,0,0.22592658272743393,0.11266094420600858,0,1.0,1.0,1.0,1.0,0.0,0.0,0.0,1.0,1.0,0.0,0.0,0.0,0.0,1.0
1,71.65,4.285653390016292,0,35.825,0,0.3435006206774251,0.42851340373679936,0,1.0,0.0,1.0,1.0,0.0,0.0,1.0,0.0,0.0,0.0,1.0,0.0,1.0,0.0
11,35.8,5.897565870663924,1,2.983333333333333,0,0.22592658272743393,0.42984953233021556,0,0.0,0.0,0.0,0.0,1.0,0.0,0.0,0.0,0.0,0.0,1.0,0.0,0.0,1.0
43,94.5,8.332741367213014,3,2.147727272727273,0,0.3435006206774251,0.44104447164422683,1,0.0,1.0,0.0,1.0,0.0,1.0,1.0,0.0,0.0,0.0,1.0,0.0,1.0,0.0
49,59.75,7.984564941689402,2,1.195,1,0.21599574392622806,0.42851340373679936,0,0.0,0.0,0.0,1.0,0.0,1.0,0.0,0.0,0.0,0.0,1.0,1.0,0.0,0.0
14,100.55,7.255979616917987,3,6.703333333333333,0,0.3435006206774251,0.44104447164422683,0,1.0,0.0,0.0,1.0,0.0,1.0,1.0,0.0,0.0,0.0,1.0,0.0,1.0,0.0
47,25.4,7.038958964597482,0,0.5291666666666667,0,0.3435006206774251,0.42984953233021556,0,1.0,1.0,0.0,1.0,0.0,1.0,0.0,1.0,0.0,0.0,0.0,0.0,1.0,0.0
61,80.9,8.503803954297222,4,1.3048387096774194,1,0.21457705266891292,0.021602160216021602,0,1.0,1.0,0.0,1.0,0.0,1.0,0.0,0.0,0.0,1.0,0.0,0.0,0.0,0.0
31,76.05,7.709218603025541,0,2.3765625,0,0.3435006206774251,0.431938236489232,0,0.0,0.0,0.0,1.0,0.0,1.0,1.0,0.0,0.0,0.0,1.0,0.0,1.0,0.0
54,20.1,6.985132900003482,0,0.3654545454545455,0,0.22592658272743393,0.027827648114901255,0,0.0,0.0,0.0,1.0,0.0,0.0,0.0,1.0,0.0,1.0,0.0,0.0,0.0,1.0
8,19.9,5.043102484233757,0,2.211111111111111,1,0.21599574392622806,0.11158342189160468,0,1.0,1.0,1.0,1.0,0.0,0.0,0.0,1.0,1.0,0.0,0.0,1.0,0.0,0.0
52,85.8,8.397125046886137,3,1.6188679245283017,1,0.21457705266891292,0.42984953233021556,0,0.0,1.0,1.0,1.0,0.0,0.0,1.0,0.0,0.0,0.0,0.0,0.0,0.0,0.0
17,94.4,7.382870820114048,3,5.2444444444444445,0,0.3435006206774251,0.431938236489232,0,0.0,1.0,1.0,1.0,0.0,1.0,1.0,0.0,0.0,0.0,0.0,0.0,1.0,0.0
18,90.1,7.386315942160852,2,4.742105263157894,0,0.3435006206774251,0.431938236489232,0,0.0,0.0,0.0,1.0,0.0,1.0,1.0,0.0,0.0,0.0,1.0,0.0,1.0,0.0
1,19.2,3.005682604407159,0,9.6,0,0.22592658272743393,0.44104447164422683,0,1.0,1.0,1.0,1.0,0.0,0.0,0.0,1.0,0.0,0.0,0.0,0.0,0.0,1.0
64,115.1,8.900419507186433,6,1.7707692307692307,1,0.21457705266891292,0.021602160216021602,0,0.0,0.0,0.0,1.0,0.0,1.0,1.0,0.0,0.0,1.0,1.0,0.0,0.0,0.0
47,86.05,8.260130846898402,1,1.7927083333333333,1,0.21599574392622806,0.44104447164422683,1,1.0,0.0,0.0,1.0,0.0,1.0,1.0,0.0,0.0,0.0,1.0,1.0,0.0,0.0
5,53.8,5.652313726281008,1,8.966666666666667,0,0.3435006206774251,0.42851340373679936,0,0.0,0.0,0.0,1.0,0.0,1.0,0.0,0.0,0.0,0.0,1.0,0.0,1.0,0.0
13,85.95,7.103856459184463,1,6.139285714285714,0,0.3435006206774251,0.42851340373679936,0,0.0,0.0,0.0,1.0,0.0,1.0,1.0,0.0,0.0,0.0,1.0,0.0,1.0,0.0
8,69.7,6.352368038126677,0,7.7444444444444445,0,0.3435006206774251,0.42984953233021556,1,1.0,0.0,0.0,1.0,0.0,0.0,1.0,0.0,0.0,0.0,1.0,0.0,1.0,0.0
58,82.5,8.482405039930521,1,1.3983050847457628,1,0.21457705266891292,0.027827648114901255,0,1.0,1.0,1.0,1.0,0.0,1.0,1.0,0.0,0.0,1.0,0.0,0.0,0.0,0.0
68,19.95,7.173383441902502,0,0.2891304347826087,1,0.21457705266891292,0.024346257889990983,0,1.0,1.0,1.0,1.0,0.0,0.0,0.0,1.0,0.0,1.0,1.0,0.0,0.0,0.0
7,54.85,5.917279648918606,1,6.85625,0,0.22592658272743393,0.44104447164422683,0,1.0,0.0,0.0,1.0,0.0,0.0,0.0,0.0,0.0,0.0,0.0,0.0,0.0,1.0
31,55.25,7.448129996204678,2,1.7265625,0,0.3435006206774251,0.42984953233021556,0,1.0,0.0,0.0,1.0,0.0,0.0,0.0,0.0,0.0,0.0,1.0,0.0,1.0,0.0
51,83.85,8.36825225063454,6,1.6124999999999998,1,0.21599574392622806,0.021602160216021602,0,1.0,1.0,0.0,1.0,0.0,0.0,0.0,0.0,0.0,1.0,1.0,1.0,0.0,0.0
55,20.0,6.992326180432407,0,0.35714285714285715,1,0.21599574392622806,0.42984953233021556,0,0.0,1.0,1.0,1.0,0.0,0.0,0.0,1.0,0.0,0.0,0.0,1.0,0.0,0.0
1,20.15,3.08876713952118,0,10.075,1,0.21457705266891292,0.42984953233021556,0,1.0,0.0,0.0,1.0,0.0,0.0,0.0,1.0,0.0,0.0,0.0,0.0,0.0,0.0
72,108.3,8.94645945797701,6,1.4835616438356165,1,0.21457705266891292,0.021602160216021602,0,0.0,1.0,1.0,1.0,0.0,0.0,1.0,0.0,0.0,1.0,1.0,0.0,0.0,0.0
41,102.6,8.346250647393541,4,2.4428571428571426,0,0.3435006206774251,0.11882229232386961,0,1.0,1.0,1.0,1.0,0.0,1.0,1.0,0.0,1.0,0.0,1.0,0.0,1.0,0.0
1,19.3,3.0106208860477417,0,9.65,0,0.22592658272743393,0.44104447164422683,0,1.0,0.0,0.0,1.0,0.0,0.0,0.0,1.0,0.0,0.0,1.0,0.0,0.0,1.0
67,101.4,8.830842673315583,3,1.4911764705882353,1,0.21599574392622806,0.44104447164422683,1,1.0,0.0,0.0,1.0,0.0,1.0,1.0,0.0,0.0,0.0,1.0,1.0,0.0,0.0
35,20.6,6.626717749249025,0,0.5722222222222223,1,0.21457705266891292,0.11882229232386961,0,1.0,0.0,0.0,1.0,0.0,0.0,0.0,1.0,1.0,0.0,0.0,0.0,0.0,0.0
2,44.95,4.456089962973938,0,14.983333333333334,0,0.22592658272743393,0.44104447164422683,1,1.0,0.0,0.0,1.0,0.0,0.0,0.0,0.0,0.0,0.0,0.0,0.0,0.0,1.0
57,70.1,8.272391792949225,3,1.2086206896551723,1,0.21457705266891292,0.10683760683760683,0,0.0,1.0,1.0,1.0,0.0,0.0,0.0,0.0,1.0,0.0,1.0,0.0,0.0,0.0
1,44.4,3.8155121050473024,0,22.2,0,0.22592658272743393,0.42984953233021556,0,0.0,0.0,0.0,1.0,0.0,0.0,0.0,0.0,0.0,0.0,0.0,0.0,0.0,1.0
54,79.85,8.368519154034502,1,1.4518181818181817,0,0.3435006206774251,0.44104447164422683,0,1.0,0.0,0.0,1.0,0.0,1.0,1.0,0.0,0.0,0.0,1.0,0.0,1.0,0.0
22,49.45,6.939641467844459,3,2.15,1,0.21599574392622806,0.121875,0,0.0,0.0,1.0,0.0,1.0,0.0,0.0,0.0,1.0,0.0,1.0,1.0,0.0,0.0
38,74.05,7.938552573621769,5,1.8987179487179486,0,0.3435006206774251,0.11882229232386961,0,1.0,1.0,1.0,1.0,0.0,0.0,0.0,0.0,1.0,0.0,0.0,0.0,1.0,0.0
72,88.7,8.74873339199769,6,1.215068493150685,1,0.21599574392622806,0.021602160216021602,0,1.0,1.0,0.0,1.0,0.0,1.0,0.0,0.0,0.0,1.0,1.0,1.0,0.0,0.0
30,70.25,7.696167183767863,4,2.2661290322580645,1,0.21457705266891292,0.11266094420600858,0,0.0,1.0,0.0,1.0,0.0,0.0,0.0,0.0,1.0,0.0,0.0,0.0,0.0,0.0
4,40.05,5.09650713317022,2,8.01,0,0.3435006206774251,0.431938236489232,0,1.0,0.0,0.0,0.0,1.0,0.0,0.0,0.0,0.0,0.0,1.0,0.0,1.0,0.0
6,89.25,6.1904178596209745,3,12.75,0,0.3435006206774251,0.42984953233021556,0,0.0,0.0,0.0,1.0,0.0,0.0,1.0,0.0,0.0,0.0,1.0,0.0,1.0,0.0
3,97.9,5.756691130311603,4,24.475,0,0.3435006206774251,0.431938236489232,0,0.0,0.0,0.0,1.0,0.0,0.0,1.0,0.0,0.0,0.0,1.0,0.0,1.0,0.0
54,101.5,8.589346397115445,3,1.8454545454545455,1,0.21599574392622806,0.10683760683760683,1,0.0,1.0,0.0,1.0,0.0,1.0,1.0,0.0,1.0,0.0,1.0,1.0,0.0,0.0
41,20.25,6.763884908562435,0,0.48214285714285715,1,0.21599574392622806,0.11882229232386961,0,0.0,0.0,1.0,1.0,0.0,0.0,0.0,1.0,1.0,0.0,1.0,1.0,0.0,0.0
1,25.85,3.2902658209548736,0,12.925,0,0.22592658272743393,0.11882229232386961,0,0.0,0.0,0.0,0.0,1.0,0.0,0.0,0.0,1.0,0.0,0.0,0.0,0.0,1.0
10,94.85,6.861135258346911,3,8.622727272727273,0,0.3435006206774251,0.42984953233021556,0,0.0,0.0,0.0,1.0,0.0,1.0,1.0,0.0,0.0,0.0,1.0,0.0,1.0,0.0
10,100.6,6.967155622263585,3,9.145454545454545,0,0.3435006206774251,0.44104447164422683,0,0.0,0.0,0.0,1.0,0.0,1.0,1.0,0.0,0.0,0.0,1.0,0.0,1.0,0.0
2,72.6,5.045358730154642,0,24.2,0,0.22592658272743393,0.42851340373679936,1,1.0,0.0,0.0,1.0,0.0,1.0,1.0,0.0,0.0,0.0,1.0,0.0,0.0,1.0
46,108.65,8.4978472598187,5,2.3117021276595744,0,0.3435006206774251,0.021602160216021602,0,1.0,0.0,0.0,1.0,0.0,1.0,1.0,0.0,0.0,1.0,0.0,0.0,1.0,0.0
35,89.7,8.060413736067334,3,2.4916666666666667,0,0.3435006206774251,0.11266094420600858,0,1.0,1.0,1.0,1.0,0.0,0.0,1.0,0.0,1.0,0.0,1.0,0.0,1.0,0.0
13,84.05,6.999696152680494,2,6.003571428571428,0,0.3435006206774251,0.431938236489232,0,1.0,1.0,1.0,1.0,0.0,0.0,1.0,0.0,0.0,0.0,0.0,0.0,1.0,0.0
24,20.15,6.126541619553741,0,0.8059999999999999,0,0.22592658272743393,0.11158342189160468,0,0.0,1.0,0.0,1.0,0.0,0.0,0.0,1.0,1.0,0.0,0.0,0.0,0.0,1.0
38,94.9,8.19346934761719,3,2.4333333333333336,0,0.3435006206774251,0.03211009174311927,0,1.0,1.0,1.0,1.0,0.0,1.0,1.0,0.0,0.0,1.0,1.0,0.0,1.0,0.0
45,81.65,8.19414642845749,5,1.7750000000000001,1,0.21457705266891292,0.02787769784172662,0,0.0,0.0,0.0,1.0,0.0,0.0,0.0,0.0,0.0,1.0,0.0,0.0,0.0,0.0
1,45.8,3.845883202923601,0,22.9,0,0.3435006206774251,0.431938236489232,0,0.0,0.0,0.0,1.0,0.0,0.0,0.0,0.0,0.0,0.0,0.0,0.0,1.0,0.0
11,56.05,6.411818267709897,1,4.670833333333333,0,0.3435006206774251,0.431938236489232,0,1.0,0.0,0.0,1.0,0.0,1.0,0.0,0.0,0.0,0.0,0.0,0.0,1.0,0.0
11,20.4,5.448675148136593,0,1.7,0,0.22592658272743393,0.02787769784172662,0,1.0,0.0,0.0,1.0,0.0,0.0,0.0,1.0,0.0,1.0,0.0,0.0,0.0,1.0
12,56.05,6.349401194763724,1,4.311538461538461,0,0.3435006206774251,0.42984953233021556,0,1.0,1.0,1.0,1.0,0.0,0.0,0.0,0.0,0.0,0.0,1.0,0.0,1.0,0.0
60,53.6,8.082726575748996,4,0.878688524590164,0,0.3435006206774251,0.027827648114901255,0,0.0,0.0,0.0,0.0,1.0,0.0,0.0,0.0,0.0,1.0,0.0,0.0,1.0,0.0
13,84.45,6.965646757397915,2,6.0321428571428575,0,0.3435006206774251,0.431938236489232,0,0.0,0.0,0.0,1.0,0.0,1.0,1.0,0.0,0.0,0.0,1.0,0.0,1.0,0.0
34,91.65,7.963860125783483,2,2.6185714285714288,0,0.3435006206774251,0.44104447164422683,0,0.0,1.0,1.0,1.0,0.0,1.0,1.0,0.0,0.0,0.0,0.0,0.0,1.0,0.0
2,71.65,4.91815444130209,0,23.883333333333336,0,0.3435006206774251,0.4231860559383867,0,0.0,1.0,1.0,1.0,0.0,0.0,1.0,0.0,0.0,0.0,1.0,0.0,1.0,0.0
25,88.95,7.737267334062599,2,3.4211538461538464,0,0.3435006206774251,0.42984953233021556,1,1.0,0.0,0.0,1.0,0.0,1.0,1.0,0.0,0.0,0.0,1.0,0.0,1.0,0.0
54,72.1,8.26540579416028,3,1.3109090909090908,0,0.22592658272743393,0.10683760683760683,1,0.0,0.0,0.0,1.0,0.0,1.0,0.0,0.0,1.0,0.0,0.0,0.0,0.0,1.0
67,60.4,8.282660023974554,3,0.888235294117647,1,0.21457705266891292,0.02787769784172662,0,1.0,1.0,1.0,1.0,0.0,0.0,0.0,0.0,0.0,1.0,1.0,0.0,0.0,0.0
63,104.8,8.794559741340487,4,1.6375,1,0.21457705266891292,0.027827648114901255,0,1.0,1.0,1.0,1.0,0.0,1.0,1.0,0.0,0.0,1.0,1.0,0.0,0.0,0.0
72,105.5,8.937553480141082,5,1.4452054794520548,1,0.21457705266891292,0.021602160216021602,0,1.0,1.0,1.0,1.0,0.0,0.0,1.0,0.0,0.0,1.0,0.0,0.0,0.0,0.0
32,109.55,8.19118600464279,5,3.31969696969697,1,0.21457705266891292,0.10683760683760683,0,0.0,0.0,0.0,1.0,0.0,1.0,1.0,0.0,1.0,0.0,1.0,0.0,0.0,0.0
17,56.1,6.854301758248047,2,3.1166666666666667,0,0.22592658272743393,0.10683760683760683,0,1.0,0.0,0.0,1.0,0.0,0.0,0.0,0.0,1.0,0.0,0.0,0.0,0.0,1.0
66,70.85,8.463760768618771,3,1.0574626865671641,1,0.21457705266891292,0.11158342189160468,1,0.0,1.0,0.0,1.0,0.0,1.0,0.0,0.0,1.0,0.0,1.0,0.0,0.0,0.0
42,67.7,7.966673409106048,4,1.5744186046511628,0,0.22592658272743393,0.10683760683760683,0,0.0,0.0,0.0,1.0,0.0,0.0,0.0,0.0,1.0,0.0,1.0,0.0,0.0,1.0
6,59.45,5.8822075611710325,2,8.492857142857144,0,0.3435006206774251,0.42984953233021556,0,1.0,0.0,0.0,1.0,0.0,0.0,0.0,0.0,0.0,0.0,0.0,0.0,1.0,0.0
1,59.2,4.097672352314776,2,29.6,0,0.3435006206774251,0.4231860559383867,0,0.0,0.0,1.0,1.0,0.0,0.0,0.0,0.0,0.0,0.0,0.0,0.0,1.0,0.0
66,85.9,8.629860944069652,6,1.282089552238806,1,0.21457705266891292,0.03211009174311927,0,1.0,1.0,0.0,1.0,0.0,0.0,0.0,0.0,0.0,1.0,1.0,0.0,0.0,0.0
11,91.65,7.008866780350549,3,7.6375,1,0.21457705266891292,0.4231860559383867,0,0.0,0.0,0.0,1.0,0.0,1.0,1.0,0.0,0.0,0.0,1.0,0.0,0.0,0.0
4,50.3,5.384953673207583,1,10.059999999999999,0,0.3435006206774251,0.44104447164422683,0,0.0,1.0,1.0,1.0,0.0,0.0,0.0,0.0,0.0,0.0,0.0,0.0,1.0,0.0
64,113.35,8.885129487631987,6,1.7438461538461538,0,0.3435006206774251,0.121875,0,0.0,1.0,1.0,1.0,0.0,1.0,1.0,0.0,1.0,0.0,0.0,0.0,1.0,0.0
36,79.2,7.957159816303425,5,2.1405405405405404,1,0.21599574392622806,0.431938236489232,0,1.0,0.0,0.0,1.0,0.0,0.0,0.0,0.0,0.0,0.0,1.0,1.0,0.0,0.0
1,100.25,4.617592705986649,3,50.125,1,0.21599574392622806,0.42984953233021556,0,0.0,0.0,0.0,1.0,0.0,1.0,1.0,0.0,0.0,0.0,1.0,1.0,0.0,0.0
67,26.1,7.473381539214243,0,0.38382352941176473,0,0.22592658272743393,0.024346257889990983,0,0.0,0.0,0.0,1.0,0.0,1.0,0.0,1.0,0.0,1.0,1.0,0.0,0.0,1.0
49,100.6,8.531224293495859,3,2.012,1,0.21457705266891292,0.10683760683760683,0,1.0,0.0,1.0,1.0,0.0,1.0,1.0,0.0,1.0,0.0,1.0,0.0,0.0,0.0
3,82.3,5.372496764722288,2,20.575,0,0.22592658272743393,0.431938236489232,0,1.0,0.0,0.0,1.0,0.0,0.0,1.0,0.0,0.0,0.0,1.0,0.0,0.0,1.0
1,70.4,4.268297869345539,0,35.2,0,0.3435006206774251,0.42851340373679936,0,1.0,0.0,0.0,1.0,0.0,0.0,1.0,0.0,0.0,0.0,0.0,0.0,1.0,0.0
1,71.55,4.2842759793301965,0,35.775,0,0.22592658272743393,0.42851340373679936,0,1.0,0.0,0.0,1.0,0.0,0.0,1.0,0.0,0.0,0.0,1.0,0.0,0.0,1.0
1,55.4,4.032469158504013,1,27.7,0,0.3435006206774251,0.431938236489232,0,0.0,0.0,0.0,1.0,0.0,0.0,0.0,0.0,0.0,0.0,1.0,0.0,1.0,0.0
39,58.6,7.707736888455909,2,1.465,1,0.21599574392622806,0.11266094420600858,0,0.0,0.0,0.0,1.0,0.0,0.0,0.0,0.0,1.0,0.0,1.0,1.0,0.0,0.0
14,82.65,7.078341579557671,2,5.510000000000001,0,0.3435006206774251,0.42851340373679936,0,1.0,1.0,0.0,1.0,0.0,1.0,1.0,0.0,0.0,0.0,1.0,0.0,1.0,0.0
72,97.0,8.86858218932573,4,1.3287671232876712,1,0.21457705266891292,0.021602160216021602,0,0.0,1.0,0.0,1.0,0.0,1.0,1.0,0.0,0.0,1.0,1.0,0.0,0.0,0.0
8,99.65,6.711131937477322,3,11.072222222222223,0,0.3435006206774251,0.42851340373679936,0,0.0,0.0,0.0,1.0,0.0,1.0,1.0,0.0,0.0,0.0,1.0,0.0,1.0,0.0
15,85.6,7.205301044870807,1,5.35,1,0.21457705266891292,0.42984953233021556,1,1.0,1.0,0.0,1.0,0.0,1.0,1.0,0.0,0.0,0.0,1.0,0.0,0.0,0.0
43,80.45,8.131501298407013,1,1.8284090909090909,0,0.3435006206774251,0.4231860559383867,0,0.0,1.0,0.0,1.0,0.0,1.0,1.0,0.0,0.0,0.0,0.0,0.0,1.0,0.0
42,59.65,7.838954327589411,3,1.3872093023255814,1,0.21457705266891292,0.44104447164422683,0,0.0,0.0,0.0,1.0,0.0,0.0,0.0,0.0,0.0,0.0,0.0,0.0,0.0,0.0
72,84.4,8.715625929974454,5,1.156164383561644,1,0.21599574392622806,0.02787769784172662,0,0.0,1.0,0.0,1.0,0.0,1.0,0.0,0.0,0.0,1.0,1.0,1.0,0.0,0.0
68,25.75,7.430795993827386,0,0.37318840579710144,0,0.22592658272743393,0.021602160216021602,0,1.0,1.0,1.0,1.0,0.0,1.0,0.0,1.0,0.0,1.0,0.0,0.0,0.0,1.0
4,72.2,5.725380874208697,0,14.440000000000001,1,0.21457705266891292,0.4231860559383867,0,1.0,0.0,0.0,1.0,0.0,1.0,1.0,0.0,0.0,0.0,1.0,0.0,0.0,0.0
25,55.1,7.291042942145598,1,2.1192307692307693,0,0.22592658272743393,0.121875,0,1.0,1.0,1.0,1.0,0.0,1.0,0.0,0.0,1.0,0.0,1.0,0.0,0.0,1.0
15,85.3,7.10730261644116,2,5.33125,0,0.3435006206774251,0.431938236489232,0,1.0,0.0,0.0,1.0,0.0,0.0,1.0,0.0,0.0,0.0,0.0,0.0,1.0,0.0
24,19.7,6.204658767568524,0,0.7879999999999999,0,0.22592658272743393,0.02787769784172662,0,0.0,1.0,1.0,1.0,0.0,0.0,0.0,1.0,0.0,1.0,1.0,0.0,0.0,1.0
9,75.85,6.587067804916372,0,7.584999999999999,0,0.3435006206774251,0.44104447164422683,0,1.0,0.0,0.0,1.0,0.0,1.0,1.0,0.0,0.0,0.0,1.0,0.0,1.0,0.0
32,20.05,6.422353707556304,0,0.6075757575757575,1,0.21457705266891292,0.024346257889990983,0,1.0,0.0,0.0,1.0,0.0,0.0,0.0,1.0,0.0,1.0,1.0,0.0,0.0,0.0
29,19.8,6.351234695954017,0,0.66,0,0.22592658272743393,0.11266094420600858,0,1.0,0.0,0.0,1.0,0.0,0.0,0.0,1.0,1.0,0.0,1.0,0.0,0.0,1.0
15,95.7,7.280766063536691,3,5.98125,0,0.3435006206774251,0.42984953233021556,0,1.0,0.0,0.0,1.0,0.0,1.0,1.0,0.0,0.0,0.0,0.0,0.0,1.0,0.0
3,75.25,5.493061443340548,0,18.8125,0,0.3435006206774251,0.42984953233021556,0,0.0,0.0,0.0,1.0,0.0,1.0,1.0,0.0,0.0,0.0,0.0,0.0,1.0,0.0
72,110.15,8.987171820349468,5,1.5089041095890412,0,0.3435006206774251,0.021602160216021602,0,0.0,1.0,0.0,1.0,0.0,1.0,1.0,0.0,0.0,1.0,1.0,0.0,1.0,0.0
26,75.0,7.554518148984553,4,2.7777777777777777,1,0.21457705266891292,0.11266094420600858,0,1.0,0.0,0.0,1.0,0.0,0.0,0.0,0.0,1.0,0.0,0.0,0.0,0.0,0.0
69,93.3,8.763904820829827,3,1.3328571428571427,1,0.21457705266891292,0.02787769784172662,0,0.0,1.0,1.0,1.0,0.0,1.0,1.0,0.0,0.0,1.0,1.0,0.0,0.0,0.0
2,89.5,5.090678001769792,2,29.833333333333332,0,0.3435006206774251,0.42984953233021556,1,0.0,0.0,0.0,1.0,0.0,1.0,1.0,0.0,0.0,0.0,0.0,0.0,1.0,0.0
62,105.5,8.7777404214607,4,1.6746031746031746,0,0.3435006206774251,0.44104447164422683,0,1.0,1.0,1.0,1.0,0.0,1.0,1.0,0.0,0.0,0.0,1.0,0.0,1.0,0.0
1,30.55,3.4515735889872223,1,15.275,0,0.22592658272743393,0.44104447164422683,0,0.0,0.0,0.0,0.0,1.0,0.0,0.0,0.0,0.0,0.0,0.0,0.0,0.0,1.0
20,59.2,7.083555618785827,2,2.8190476190476192,1,0.21457705266891292,0.431938236489232,0,1.0,0.0,0.0,1.0,0.0,1.0,0.0,0.0,0.0,0.0,0.0,0.0,0.0,0.0
57,54.65,8.05060771362897,2,0.9422413793103448,0,0.22592658272743393,0.11266094420600858,0,1.0,0.0,0.0,1.0,0.0,0.0,0.0,0.0,1.0,0.0,1.0,0.0,0.0,1.0
2,44.65,4.3294166844015844,0,14.883333333333333,0,0.22592658272743393,0.44104447164422683,0,1.0,0.0,0.0,1.0,0.0,0.0,0.0,0.0,0.0,0.0,0.0,0.0,0.0,1.0
8,69.7,6.331234910353912,0,7.7444444444444445,0,0.3435006206774251,0.42984953233021556,1,1.0,0.0,0.0,1.0,0.0,0.0,1.0,0.0,0.0,0.0,1.0,0.0,1.0,0.0
1,90.6,4.517431271680085,2,45.3,0,0.3435006206774251,0.42851340373679936,0,0.0,0.0,0.0,1.0,0.0,0.0,1.0,0.0,0.0,0.0,0.0,0.0,1.0,0.0
47,19.65,6.88151396777691,0,0.409375,0,0.22592658272743393,0.03211009174311927,0,1.0,1.0,0.0,1.0,0.0,0.0,0.0,1.0,0.0,1.0,0.0,0.0,0.0,1.0
71,25.05,7.536203925603146,0,0.34791666666666665,1,0.21599574392622806,0.03211009174311927,0,0.0,1.0,0.0,1.0,0.0,1.0,0.0,1.0,0.0,1.0,0.0,1.0,0.0,0.0
46,108.9,8.487826170783425,5,2.317021276595745,1,0.21599574392622806,0.02787769784172662,0,0.0,1.0,0.0,1.0,0.0,1.0,1.0,0.0,0.0,1.0,1.0,1.0,0.0,0.0
1,70.45,4.268997904375876,4,35.225,1,0.21457705266891292,0.4231860559383867,0,1.0,0.0,1.0,1.0,0.0,0.0,0.0,0.0,0.0,0.0,1.0,0.0,0.0,0.0
49,100.45,8.505687251230036,3,2.009,0,0.22592658272743393,0.11266094420600858,0,0.0,1.0,1.0,1.0,0.0,1.0,1.0,0.0,1.0,0.0,0.0,0.0,0.0,1.0
42,73.9,8.058817692651166,5,1.7186046511627908,1,0.21599574392622806,0.121875,0,0.0,0.0,0.0,1.0,0.0,0.0,0.0,0.0,1.0,0.0,0.0,1.0,0.0,0.0
19,66.4,7.1601080568803335,3,3.3200000000000003,1,0.21457705266891292,0.4231860559383867,1,1.0,1.0,0.0,1.0,0.0,0.0,0.0,0.0,0.0,0.0,0.0,0.0,0.0,0.0
3,50.4,4.929063640402444,0,12.6,1,0.21457705266891292,0.431938236489232,0,1.0,0.0,0.0,1.0,0.0,1.0,0.0,0.0,0.0,0.0,0.0,0.0,0.0,0.0
22,25.6,6.309554575731145,0,1.1130434782608696,1,0.21457705266891292,0.10683760683760683,1,0.0,1.0,0.0,1.0,0.0,1.0,0.0,1.0,1.0,0.0,0.0,0.0,0.0,0.0
48,29.9,7.236879153833579,1,0.610204081632653,1,0.21457705266891292,0.10683760683760683,1,0.0,1.0,1.0,0.0,1.0,0.0,0.0,0.0,1.0,0.0,0.0,0.0,0.0,0.0
69,35.75,7.821342359281977,2,0.5107142857142857,1,0.21457705266891292,0.121875,0,1.0,0.0,0.0,0.0,1.0,0.0,0.0,0.0,1.0,0.0,1.0,0.0,0.0,0.0
13,74.65,6.874456993580623,1,5.332142857142857,0,0.22592658272743393,0.121875,0,0.0,0.0,0.0,1.0,0.0,0.0,1.0,0.0,1.0,0.0,1.0,0.0,0.0,1.0
33,19.45,6.399010821419971,0,0.5720588235294117,1,0.21457705266891292,0.121875,0,1.0,1.0,1.0,1.0,0.0,0.0,0.0,1.0,1.0,0.0,1.0,0.0,0.0,0.0
2,90.4,5.1310814471721224,2,30.133333333333336,0,0.3435006206774251,0.42984953233021556,0,0.0,0.0,0.0,1.0,0.0,0.0,1.0,0.0,0.0,0.0,1.0,0.0,1.0,0.0
39,30.1,7.032006241319994,1,0.7525000000000001,1,0.21599574392622806,0.431938236489232,0,0.0,0.0,1.0,0.0,1.0,0.0,0.0,0.0,0.0,0.0,0.0,1.0,0.0,0.0
72,19.75,7.357556200910353,0,0.2705479452054795,0,0.22592658272743393,0.027827648114901255,0,0.0,0.0,1.0,1.0,0.0,0.0,0.0,1.0,0.0,1.0,1.0,0.0,0.0,1.0
51,69.15,8.202646816628684,0,1.3298076923076925,0,0.22592658272743393,0.42851340373679936,0,0.0,1.0,0.0,1.0,0.0,0.0,1.0,0.0,0.0,0.0,0.0,0.0,0.0,1.0
10,70.1,6.493224198860226,0,6.372727272727272,0,0.3435006206774251,0.42851340373679936,0,1.0,1.0,0.0,1.0,0.0,0.0,1.0,0.0,0.0,0.0,1.0,0.0,1.0,0.0
46,19.95,6.760878083121377,0,0.42446808510638295,1,0.21599574392622806,0.02787769784172662,0,1.0,1.0,1.0,1.0,0.0,0.0,0.0,1.0,0.0,1.0,0.0,1.0,0.0,0.0
65,109.15,8.845374006147898,5,1.6537878787878788,0,0.3435006206774251,0.42984953233021556,0,1.0,0.0,0.0,1.0,0.0,1.0,1.0,0.0,0.0,0.0,1.0,0.0,1.0,0.0
12,99.7,7.122423011815303,4,7.6692307692307695,1,0.21457705266891292,0.42984953233021556,0,0.0,0.0,0.0,1.0,0.0,1.0,1.0,0.0,0.0,0.0,1.0,0.0,0.0,0.0
49,109.2,8.573847589372628,5,2.184,1,0.21599574392622806,0.11882229232386961,0,1.0,0.0,1.0,1.0,0.0,1.0,1.0,0.0,1.0,0.0,1.0,1.0,0.0,0.0
51,111.55,8.651960070512938,5,2.145192307692308,0,0.3435006206774251,0.121875,0,1.0,1.0,0.0,1.0,0.0,1.0,1.0,0.0,1.0,0.0,1.0,0.0,1.0,0.0
69,95.35,8.761393485256058,3,1.362142857142857,1,0.21457705266891292,0.42984953233021556,1,1.0,1.0,0.0,1.0,0.0,1.0,1.0,0.0,0.0,0.0,1.0,0.0,0.0,0.0
1,19.3,3.0106208860477417,0,9.65,0,0.3435006206774251,0.42984953233021556,0,0.0,0.0,0.0,1.0,0.0,0.0,0.0,1.0,0.0,0.0,0.0,0.0,1.0,0.0
9,20.1,5.253581472706645,0,2.0100000000000002,0,0.22592658272743393,0.11158342189160468,0,1.0,0.0,1.0,1.0,0.0,0.0,0.0,1.0,1.0,0.0,0.0,0.0,0.0,1.0
18,88.35,7.40263443091844,2,4.6499999999999995,0,0.3435006206774251,0.42984953233021556,0,0.0,0.0,0.0,1.0,0.0,1.0,1.0,0.0,0.0,0.0,1.0,0.0,1.0,0.0
33,39.1,7.177782416195197,2,1.1500000000000001,0,0.3435006206774251,0.11266094420600858,0,1.0,0.0,0.0,0.0,1.0,0.0,0.0,0.0,1.0,0.0,1.0,0.0,1.0,0.0
48,19.25,6.75238719174844,0,0.39285714285714285,0,0.22592658272743393,0.024346257889990983,0,1.0,1.0,0.0,1.0,0.0,0.0,0.0,1.0,0.0,1.0,0.0,0.0,0.0,1.0
30,101.3,7.998167371084906,3,3.267741935483871,0,0.3435006206774251,0.42984953233021556,1,0.0,0.0,1.0,1.0,0.0,1.0,1.0,0.0,0.0,0.0,1.0,0.0,1.0,0.0
56,89.7,8.507940517144112,2,1.5736842105263158,0,0.22592658272743393,0.42984953233021556,0,1.0,1.0,0.0,1.0,0.0,0.0,1.0,0.0,0.0,0.0,0.0,0.0,0.0,1.0
9,85.5,6.67544483984311,1,8.55,0,0.3435006206774251,0.4231860559383867,0,1.0,0.0,0.0,1.0,0.0,1.0,1.0,0.0,0.0,0.0,1.0,0.0,1.0,0.0
39,59.85,7.758974014112577,2,1.49625,0,0.22592658272743393,0.42984953233021556,0,0.0,1.0,1.0,1.0,0.0,0.0,0.0,0.0,0.0,0.0,1.0,0.0,0.0,1.0
29,68.85,7.5865499533176814,4,2.295,1,0.21457705266891292,0.42984953233021556,0,0.0,0.0,0.0,1.0,0.0,0.0,0.0,0.0,0.0,0.0,1.0,0.0,0.0,0.0
2,70.7,4.953712146696635,0,23.566666666666666,1,0.21599574392622806,0.4231860559383867,0,1.0,0.0,0.0,1.0,0.0,0.0,1.0,0.0,0.0,0.0,0.0,1.0,0.0,0.0
14,90.45,7.144486103804862,2,6.03,1,0.21599574392622806,0.431938236489232,1,1.0,0.0,0.0,1.0,0.0,0.0,1.0,0.0,0.0,0.0,0.0,1.0,0.0,0.0
42,25.1,7.0013822247607616,0,0.5837209302325582,1,0.21599574392622806,0.44104447164422683,0,1.0,1.0,0.0,0.0,1.0,0.0,0.0,0.0,0.0,0.0,1.0,1.0,0.0,0.0
2,44.15,4.539564428890097,0,14.716666666666667,0,0.3435006206774251,0.431938236489232,1,1.0,0.0,0.0,1.0,0.0,0.0,0.0,0.0,0.0,0.0,1.0,0.0,1.0,0.0
62,96.1,8.699922998198158,3,1.5253968253968253,0,0.3435006206774251,0.11158342189160468,0,1.0,1.0,0.0,1.0,0.0,1.0,1.0,0.0,1.0,0.0,0.0,0.0,1.0,0.0
7,75.15,6.210399253648137,1,9.39375,1,0.21457705266891292,0.42984953233021556,0,0.0,1.0,0.0,1.0,0.0,0.0,1.0,0.0,0.0,0.0,1.0,0.0,0.0,0.0
1,74.4,4.32280727501391,0,37.2,0,0.3435006206774251,0.44104447164422683,1,1.0,1.0,0.0,1.0,0.0,1.0,1.0,0.0,0.0,0.0,1.0,0.0,1.0,0.0
52,21.0,7.010492356433249,0,0.39622641509433965,1,0.21457705266891292,0.021602160216021602,0,1.0,0.0,0.0,1.0,0.0,0.0,0.0,1.0,0.0,1.0,0.0,0.0,0.0,0.0
2,80.6,5.054971107916307,1,26.866666666666664,0,0.22592658272743393,0.4231860559383867,0,0.0,0.0,0.0,1.0,0.0,1.0,1.0,0.0,0.0,0.0,0.0,0.0,0.0,1.0
55,116.5,8.761479647923393,6,2.080357142857143,0,0.3435006206774251,0.44104447164422683,1,1.0,0.0,0.0,1.0,0.0,1.0,1.0,0.0,0.0,0.0,1.0,0.0,1.0,0.0
17,25.65,6.089498287379348,0,1.4249999999999998,0,0.22592658272743393,0.42851340373679936,0,1.0,0.0,0.0,0.0,1.0,0.0,0.0,0.0,0.0,0.0,1.0,0.0,0.0,1.0
70,80.15,8.630727212783206,5,1.1288732394366199,1,0.21599574392622806,0.03211009174311927,0,1.0,1.0,1.0,1.0,0.0,0.0,0.0,0.0,0.0,1.0,1.0,1.0,0.0,0.0
37,95.25,8.106258150465042,2,2.5065789473684212,0,0.3435006206774251,0.44104447164422683,0,0.0,1.0,1.0,1.0,0.0,1.0,1.0,0.0,0.0,0.0,1.0,0.0,1.0,0.0
22,39.2,6.746294612855512,2,1.7043478260869567,0,0.3435006206774251,0.42851340373679936,0,0.0,1.0,1.0,0.0,1.0,0.0,0.0,0.0,0.0,0.0,0.0,0.0,1.0,0.0
4,68.65,5.569298247276406,3,13.73,1,0.21457705266891292,0.431938236489232,0,0.0,0.0,0.0,1.0,0.0,0.0,0.0,0.0,0.0,0.0,1.0,0.0,0.0,0.0
11,64.9,6.575215300888529,2,5.408333333333334,0,0.3435006206774251,0.42851340373679936,0,0.0,0.0,0.0,1.0,0.0,0.0,0.0,0.0,0.0,0.0,1.0,0.0,1.0,0.0
47,21.3,6.949664682059346,0,0.44375000000000003,1,0.21457705266891292,0.02787769784172662,0,0.0,1.0,1.0,1.0,0.0,0.0,0.0,1.0,0.0,1.0,1.0,0.0,0.0,0.0
1,44.75,3.82319179172153,0,22.375,0,0.22592658272743393,0.44104447164422683,0,0.0,0.0,0.0,1.0,0.0,0.0,0.0,0.0,0.0,0.0,0.0,0.0,0.0,1.0
47,40.3,7.493205884086708,3,0.8395833333333332,0,0.3435006206774251,0.11882229232386961,0,1.0,1.0,1.0,0.0,1.0,0.0,0.0,0.0,1.0,0.0,0.0,0.0,1.0,0.0
59,34.8,7.591508473900213,2,0.58,0,0.22592658272743393,0.121875,0,1.0,1.0,1.0,0.0,1.0,0.0,0.0,0.0,1.0,0.0,0.0,0.0,0.0,1.0
17,64.8,7.070384202430356,3,3.5999999999999996,0,0.22592658272743393,0.11882229232386961,0,1.0,1.0,0.0,1.0,0.0,0.0,0.0,0.0,1.0,0.0,0.0,0.0,0.0,1.0
21,20.5,6.001043521888305,0,0.9318181818181818,1,0.21599574392622806,0.42984953233021556,0,1.0,0.0,0.0,1.0,0.0,0.0,0.0,1.0,0.0,0.0,0.0,1.0,0.0,0.0
29,84.3,7.76588709668276,1,2.81,0,0.3435006206774251,0.4231860559383867,1,1.0,1.0,0.0,1.0,0.0,1.0,1.0,0.0,0.0,0.0,1.0,0.0,1.0,0.0
43,55.55,7.759272795513524,4,1.2625,1,0.21599574392622806,0.4231860559383867,1,0.0,1.0,0.0,0.0,1.0,0.0,0.0,0.0,0.0,0.0,0.0,1.0,0.0,0.0
2,94.0,5.207845463383961,2,31.333333333333332,0,0.3435006206774251,0.42984953233021556,1,1.0,0.0,0.0,1.0,0.0,1.0,1.0,0.0,0.0,0.0,1.0,0.0,1.0,0.0
64,24.9,7.375569012154837,0,0.38307692307692304,0,0.22592658272743393,0.10683760683760683,0,0.0,1.0,1.0,1.0,0.0,1.0,0.0,1.0,1.0,0.0,0.0,0.0,0.0,1.0
3,70.4,5.326418796658912,0,17.6,0,0.3435006206774251,0.431938236489232,1,0.0,0.0,0.0,1.0,0.0,0.0,1.0,0.0,0.0,0.0,1.0,0.0,1.0,0.0
1,20.2,3.054001181677967,0,10.1,0,0.22592658272743393,0.42984953233021556,0,1.0,0.0,0.0,1.0,0.0,0.0,0.0,1.0,0.0,0.0,0.0,0.0,0.0,1.0
3,34.8,4.74449725120919,1,8.7,1,0.21599574392622806,0.44104447164422683,0,0.0,0.0,0.0,0.0,1.0,0.0,0.0,0.0,0.0,0.0,1.0,1.0,0.0,0.0
29,74.2,7.598023318791239,0,2.4733333333333336,0,0.3435006206774251,0.4231860559383867,0,0.0,0.0,0.0,1.0,0.0,1.0,1.0,0.0,0.0,0.0,1.0,0.0,1.0,0.0
68,60.65,8.288257900310217,3,0.8789855072463768,1,0.21457705266891292,0.11266094420600858,1,0.0,1.0,0.0,1.0,0.0,0.0,0.0,0.0,1.0,0.0,1.0,0.0,0.0,0.0
2,19.95,3.885679030088544,0,6.6499999999999995,0,0.22592658272743393,0.121875,0,1.0,0.0,0.0,1.0,0.0,0.0,0.0,1.0,1.0,0.0,0.0,0.0,0.0,1.0
57,100.6,8.632787166159483,3,1.7344827586206895,0,0.3435006206774251,0.44104447164422683,0,0.0,1.0,1.0,1.0,0.0,1.0,1.0,0.0,0.0,0.0,1.0,0.0,1.0,0.0
28,51.0,7.2318657080474695,0,1.7586206896551724,0,0.3435006206774251,0.10683760683760683,1,1.0,1.0,1.0,1.0,0.0,1.0,0.0,0.0,1.0,0.0,1.0,0.0,1.0,0.0
11,89.2,6.899017213038852,2,7.433333333333334,0,0.3435006206774251,0.42851340373679936,0,0.0,0.0,0.0,1.0,0.0,1.0,1.0,0.0,0.0,0.0,1.0,0.0,1.0,0.0
25,88.4,7.69263807638357,3,3.4000000000000004,1,0.21457705266891292,0.42984953233021556,1,0.0,1.0,0.0,1.0,0.0,0.0,1.0,0.0,0.0,0.0,0.0,0.0,0.0,0.0
67,104.1,8.859626198721307,4,1.5308823529411764,0,0.3435006206774251,0.11158342189160468,0,1.0,1.0,0.0,1.0,0.0,1.0,1.0,0.0,1.0,0.0,0.0,0.0,1.0,0.0
5,89.8,6.221782302170192,2,14.966666666666667,0,0.3435006206774251,0.4231860559383867,1,1.0,0.0,0.0,1.0,0.0,1.0,1.0,0.0,0.0,0.0,1.0,0.0,1.0,0.0
8,19.7,5.135210028677887,0,2.1888888888888887,1,0.21457705266891292,0.42984953233021556,0,1.0,0.0,0.0,1.0,0.0,0.0,0.0,1.0,0.0,0.0,1.0,0.0,0.0,0.0
7,94.1,6.5543606631649745,2,11.7625,0,0.3435006206774251,0.42851340373679936,0,1.0,0.0,0.0,1.0,0.0,1.0,1.0,0.0,0.0,0.0,1.0,0.0,1.0,0.0
3,29.7,4.529368472571809,1,7.425,1,0.21599574392622806,0.431938236489232,0,0.0,1.0,1.0,0.0,1.0,0.0,0.0,0.0,0.0,0.0,0.0,1.0,0.0,0.0
71,83.3,8.681944627016728,5,1.1569444444444443,1,0.21599574392622806,0.02787769784172662,0,0.0,1.0,0.0,1.0,0.0,1.0,0.0,0.0,0.0,1.0,1.0,1.0,0.0,0.0
69,19.9,7.2185066960178625,0,0.28428571428571425,0,0.22592658272743393,0.024346257889990983,0,1.0,1.0,0.0,1.0,0.0,0.0,0.0,1.0,0.0,1.0,0.0,0.0,0.0,1.0
68,20.15,7.390921894754154,0,0.2920289855072464,1,0.21457705266891292,0.024346257889990983,0,1.0,1.0,1.0,1.0,0.0,1.0,0.0,1.0,0.0,1.0,0.0,0.0,0.0,0.0
8,51.3,6.022478600637151,1,5.699999999999999,1,0.21599574392622806,0.44104447164422683,0,1.0,1.0,1.0,1.0,0.0,0.0,0.0,0.0,0.0,0.0,1.0,1.0,0.0,0.0
15,84.45,7.161505626889247,6,5.278125,0,0.22592658272743393,0.4231860559383867,0,0.0,0.0,0.0,1.0,0.0,0.0,0.0,0.0,0.0,0.0,0.0,0.0,0.0,1.0
68,64.1,8.372687515306508,3,0.9289855072463767,1,0.21457705266891292,0.024346257889990983,0,0.0,1.0,0.0,1.0,0.0,0.0,0.0,0.0,0.0,1.0,0.0,0.0,0.0,0.0
11,75.9,6.7655002314012656,1,6.325,0,0.22592658272743393,0.42851340373679936,0,1.0,0.0,0.0,1.0,0.0,0.0,1.0,0.0,0.0,0.0,1.0,0.0,0.0,1.0
70,64.95,8.417207096540311,4,0.9147887323943662,1,0.21599574392622806,0.021602160216021602,0,1.0,1.0,0.0,1.0,0.0,0.0,0.0,0.0,0.0,1.0,0.0,1.0,0.0,0.0
18,84.95,7.275622356674983,2,4.471052631578948,0,0.3435006206774251,0.42984953233021556,1,0.0,0.0,0.0,1.0,0.0,0.0,1.0,0.0,0.0,0.0,1.0,0.0,1.0,0.0
65,109.4,8.885779907660176,5,1.6575757575757577,1,0.21599574392622806,0.431938236489232,1,0.0,1.0,0.0,1.0,0.0,1.0,1.0,0.0,0.0,0.0,1.0,1.0,0.0,0.0
9,94.05,6.700300512549185,3,9.405,0,0.3435006206774251,0.42851340373679936,0,1.0,0.0,0.0,1.0,0.0,0.0,1.0,0.0,0.0,0.0,1.0,0.0,1.0,0.0
72,24.1,7.459137261990456,0,0.3301369863013699,1,0.21599574392622806,0.03211009174311927,0,1.0,1.0,1.0,1.0,0.0,1.0,0.0,1.0,0.0,1.0,0.0,1.0,0.0,0.0
49,98.35,8.494988481428045,3,1.9669999999999999,0,0.3435006206774251,0.4231860559383867,0,0.0,1.0,1.0,1.0,0.0,1.0,1.0,0.0,0.0,0.0,1.0,0.0,1.0,0.0
72,90.8,8.763834495418493,6,1.2438356164383562,1,0.21599574392622806,0.02787769784172662,0,1.0,1.0,1.0,1.0,0.0,1.0,0.0,0.0,0.0,1.0,1.0,1.0,0.0,0.0
68,62.65,8.384073142749616,4,0.9079710144927536,1,0.21599574392622806,0.024346257889990983,0,1.0,1.0,1.0,1.0,0.0,0.0,0.0,0.0,0.0,1.0,0.0,1.0,0.0,0.0
19,34.95,6.415424237852311,2,1.7475,0,0.22592658272743393,0.44104447164422683,0,1.0,1.0,1.0,0.0,1.0,0.0,0.0,0.0,0.0,0.0,1.0,0.0,0.0,1.0
57,19.5,7.063561730120337,0,0.33620689655172414,1,0.21457705266891292,0.027827648114901255,0,0.0,1.0,1.0,1.0,0.0,0.0,0.0,1.0,0.0,1.0,0.0,0.0,0.0,0.0
52,66.25,8.111057858757768,6,1.25,1,0.21599574392622806,0.021602160216021602,0,0.0,1.0,0.0,0.0,1.0,0.0,0.0,0.0,0.0,1.0,0.0,1.0,0.0,0.0
26,85.8,7.693777859492281,2,3.1777777777777776,1,0.21599574392622806,0.42984953233021556,1,0.0,0.0,0.0,1.0,0.0,0.0,1.0,0.0,0.0,0.0,1.0,1.0,0.0,0.0
19,56.1,6.942060082674128,1,2.805,0,0.22592658272743393,0.44104447164422683,0,0.0,0.0,0.0,1.0,0.0,1.0,0.0,0.0,0.0,0.0,1.0,0.0,0.0,1.0
40,74.8,7.997225909732963,1,1.8243902439024389,1,0.21599574392622806,0.42851340373679936,0,0.0,0.0,0.0,1.0,0.0,0.0,1.0,0.0,0.0,0.0,0.0,1.0,0.0,0.0
61,106.2,8.760327587606705,4,1.7129032258064516,0,0.3435006206774251,0.4231860559383867,0,1.0,1.0,0.0,1.0,0.0,1.0,1.0,0.0,0.0,0.0,1.0,0.0,1.0,0.0
47,99.35,8.46593147547745,3,2.0697916666666667,0,0.3435006206774251,0.431938236489232,0,1.0,1.0,1.0,1.0,0.0,1.0,1.0,0.0,0.0,0.0,1.0,0.0,1.0,0.0
65,93.55,8.711155069366868,3,1.4174242424242425,0,0.3435006206774251,0.121875,0,1.0,0.0,0.0,1.0,0.0,1.0,1.0,0.0,1.0,0.0,0.0,0.0,1.0,0.0
66,104.05,8.837971491357209,4,1.5529850746268656,0,0.3435006206774251,0.11266094420600858,0,1.0,1.0,0.0,1.0,0.0,1.0,1.0,0.0,1.0,0.0,1.0,0.0,1.0,0.0
8,75.0,6.451970086973957,1,8.333333333333334,0,0.3435006206774251,0.4231860559383867,0,1.0,1.0,0.0,1.0,0.0,0.0,1.0,0.0,0.0,0.0,0.0,0.0,1.0,0.0
58,106.45,8.723695034461883,5,1.8042372881355933,0,0.3435006206774251,0.11882229232386961,0,0.0,0.0,0.0,1.0,0.0,0.0,1.0,0.0,1.0,0.0,1.0,0.0,1.0,0.0
70,104.3,8.880376907267795,4,1.4690140845070423,1,0.21457705266891292,0.027827648114901255,0,0.0,1.0,0.0,1.0,0.0,1.0,1.0,0.0,0.0,1.0,1.0,0.0,0.0,0.0
28,76.55,7.633563241781631,1,2.639655172413793,1,0.21457705266891292,0.44104447164422683,0,1.0,1.0,0.0,1.0,0.0,0.0,1.0,0.0,0.0,0.0,0.0,0.0,0.0,0.0
55,100.9,8.60329749046837,3,1.8017857142857143,0,0.22592658272743393,0.121875,0,0.0,1.0,1.0,1.0,0.0,1.0,1.0,0.0,1.0,0.0,0.0,0.0,0.0,1.0
5,49.2,5.384036241950574,1,8.200000000000001,0,0.3435006206774251,0.4231860559383867,0,1.0,0.0,0.0,1.0,0.0,0.0,0.0,0.0,0.0,0.0,1.0,0.0,1.0,0.0
14,54.25,6.651830238143548,1,3.6166666666666667,0,0.22592658272743393,0.121875,0,0.0,0.0,0.0,1.0,0.0,1.0,0.0,0.0,1.0,0.0,1.0,0.0,0.0,1.0
16,38.9,6.500388363584376,2,2.288235294117647,0,0.3435006206774251,0.42851340373679936,0,0.0,0.0,0.0,0.0,1.0,0.0,0.0,0.0,0.0,0.0,1.0,0.0,1.0,0.0
25,98.5,7.830226869931373,4,3.7884615384615383,0,0.3435006206774251,0.42851340373679936,1,0.0,1.0,0.0,1.0,0.0,0.0,1.0,0.0,0.0,0.0,1.0,0.0,1.0,0.0
55,20.3,6.984762615342921,0,0.3625,0,0.22592658272743393,0.02787769784172662,0,0.0,1.0,1.0,1.0,0.0,0.0,0.0,1.0,0.0,1.0,0.0,0.0,0.0,1.0
18,94.7,7.431862313054042,2,4.984210526315789,0,0.3435006206774251,0.431938236489232,0,1.0,1.0,0.0,1.0,0.0,1.0,1.0,0.0,0.0,0.0,1.0,0.0,1.0,0.0
49,85.3,8.366126085816875,2,1.706,1,0.21599574392622806,0.44104447164422683,0,1.0,1.0,0.0,1.0,0.0,0.0,1.0,0.0,0.0,0.0,1.0,1.0,0.0,0.0
1,69.95,4.261975403606051,0,34.975,0,0.3435006206774251,0.4231860559383867,0,1.0,0.0,0.0,1.0,0.0,0.0,1.0,0.0,0.0,0.0,0.0,0.0,1.0,0.0
66,75.1,8.519989278718239,5,1.1208955223880597,0,0.3435006206774251,0.121875,0,1.0,1.0,1.0,1.0,0.0,0.0,0.0,0.0,1.0,0.0,1.0,0.0,1.0,0.0
72,114.45,9.03313172196904,6,1.5678082191780822,1,0.21599574392622806,0.024346257889990983,0,1.0,1.0,0.0,1.0,0.0,1.0,1.0,0.0,0.0,1.0,0.0,1.0,0.0,0.0
19,95.9,7.483750474731224,3,4.795,1,0.21599574392622806,0.42851340373679936,1,1.0,0.0,0.0,1.0,0.0,0.0,1.0,0.0,0.0,0.0,1.0,1.0,0.0,0.0
24,104.25,7.79766096691158,4,4.17,0,0.3435006206774251,0.42851340373679936,1,1.0,1.0,0.0,1.0,0.0,1.0,1.0,0.0,0.0,0.0,1.0,0.0,1.0,0.0
54,46.0,7.793607421715725,3,0.8363636363636363,1,0.21599574392622806,0.02787769784172662,0,1.0,1.0,1.0,0.0,1.0,0.0,0.0,0.0,0.0,1.0,0.0,1.0,0.0,0.0
51,94.0,8.498367087166189,3,1.8076923076923077,1,0.21457705266891292,0.10683760683760683,1,1.0,0.0,0.0,1.0,0.0,0.0,1.0,0.0,1.0,0.0,1.0,0.0,0.0,0.0
64,91.8,8.693077406246188,3,1.4123076923076923,0,0.3435006206774251,0.431938236489232,0,1.0,1.0,1.0,1.0,0.0,1.0,1.0,0.0,0.0,0.0,1.0,0.0,1.0,0.0
19,89.65,7.474233182938004,2,4.4825,0,0.22592658272743393,0.42851340373679936,0,0.0,1.0,0.0,1.0,0.0,1.0,1.0,0.0,0.0,0.0,0.0,0.0,0.0,1.0
51,86.35,8.358935757071167,2,1.660576923076923,0,0.22592658272743393,0.11158342189160468,0,1.0,0.0,0.0,1.0,0.0,0.0,1.0,0.0,1.0,0.0,0.0,0.0,0.0,1.0
5,91.4,6.110912862083427,2,15.233333333333334,0,0.3435006206774251,0.44104447164422683,1,1.0,0.0,0.0,1.0,0.0,0.0,1.0,0.0,0.0,0.0,1.0,0.0,1.0,0.0
22,100.75,7.647786045440933,3,4.380434782608695,0,0.3435006206774251,0.4231860559383867,0,1.0,0.0,0.0,1.0,0.0,1.0,1.0,0.0,0.0,0.0,1.0,0.0,1.0,0.0
56,59.5,8.128658943968055,2,1.043859649122807,1,0.21599574392622806,0.03211009174311927,0,1.0,1.0,0.0,1.0,0.0,1.0,0.0,0.0,0.0,1.0,0.0,1.0,0.0,0.0
62,72.0,8.362922504388402,4,1.1428571428571428,1,0.21599574392622806,0.021602160216021602,0,0.0,1.0,0.0,1.0,0.0,0.0,0.0,0.0,0.0,1.0,1.0,1.0,0.0,0.0
50,24.9,7.086946942767164,0,0.48823529411764705,1,0.21457705266891292,0.024346257889990983,0,1.0,0.0,0.0,1.0,0.0,1.0,0.0,1.0,0.0,1.0,0.0,0.0,0.0,0.0
12,98.1,6.967155622263585,3,7.546153846153846,0,0.3435006206774251,0.4231860559383867,1,0.0,1.0,0.0,1.0,0.0,1.0,1.0,0.0,0.0,0.0,1.0,0.0,1.0,0.0
13,20.2,5.614040099155339,0,1.4428571428571428,0,0.22592658272743393,0.10683760683760683,0,0.0,0.0,0.0,1.0,0.0,0.0,0.0,1.0,1.0,0.0,0.0,0.0,0.0,1.0
72,20.8,7.327911935833291,0,0.28493150684931506,0,0.22592658272743393,0.024346257889990983,0,1.0,0.0,0.0,1.0,0.0,0.0,0.0,1.0,0.0,1.0,1.0,0.0,0.0,1.0
3,50.5,5.002267044425739,1,12.625,0,0.22592658272743393,0.44104447164422683,0,1.0,0.0,0.0,1.0,0.0,0.0,0.0,0.0,0.0,0.0,1.0,0.0,0.0,1.0
40,50.15,7.630218513876136,1,1.223170731707317,0,0.22592658272743393,0.44104447164422683,0,1.0,1.0,0.0,1.0,0.0,0.0,0.0,0.0,0.0,0.0,1.0,0.0,0.0,1.0
72,23.3,7.3927398809883025,0,0.31917808219178084,1,0.21457705266891292,0.121875,0,0.0,1.0,1.0,1.0,0.0,1.0,0.0,1.0,1.0,0.0,1.0,0.0,0.0,0.0
2,42.6,4.29592393562047,3,14.200000000000001,0,0.3435006206774251,0.44104447164422683,0,0.0,0.0,0.0,0.0,1.0,0.0,0.0,0.0,0.0,0.0,1.0,0.0,1.0,0.0
72,45.25,8.052232823522196,4,0.6198630136986302,1,0.21599574392622806,0.027827648114901255,0,1.0,1.0,1.0,0.0,1.0,0.0,0.0,0.0,0.0,1.0,0.0,1.0,0.0,0.0
8,49.85,5.904134937669595,1,5.538888888888889,0,0.3435006206774251,0.42851340373679936,0,0.0,0.0,0.0,1.0,0.0,0.0,0.0,0.0,0.0,0.0,1.0,0.0,1.0,0.0
24,56.05,7.596643402621699,5,2.242,0,0.22592658272743393,0.11158342189160468,0,1.0,1.0,1.0,1.0,0.0,1.0,0.0,0.0,1.0,0.0,1.0,0.0,0.0,1.0
67,106.7,8.855164304161185,4,1.5691176470588235,1,0.21599574392622806,0.03211009174311927,0,0.0,1.0,1.0,1.0,0.0,1.0,1.0,0.0,0.0,1.0,0.0,1.0,0.0,0.0
68,108.45,8.878713378184818,5,1.5717391304347827,0,0.3435006206774251,0.10683760683760683,0,1.0,0.0,0.0,1.0,0.0,1.0,1.0,0.0,1.0,0.0,0.0,0.0,1.0,0.0
11,25.2,5.50594110620421,0,2.1,0,0.3435006206774251,0.11266094420600858,0,0.0,0.0,0.0,1.0,0.0,1.0,0.0,1.0,1.0,0.0,0.0,0.0,1.0,0.0
9,75.85,6.474662003756499,1,7.584999999999999,0,0.3435006206774251,0.44104447164422683,0,0.0,1.0,1.0,1.0,0.0,0.0,1.0,0.0,0.0,0.0,1.0,0.0,1.0,0.0
38,83.45,8.054570257703245,2,2.1397435897435897,0,0.3435006206774251,0.42851340373679936,1,0.0,1.0,0.0,1.0,0.0,0.0,1.0,0.0,0.0,0.0,1.0,0.0,1.0,0.0
16,19.75,5.7506660605550515,0,1.161764705882353,0,0.3435006206774251,0.44104447164422683,0,1.0,1.0,1.0,1.0,0.0,0.0,0.0,1.0,0.0,0.0,0.0,0.0,1.0,0.0
44,70.95,8.086856329672903,4,1.5766666666666667,0,0.3435006206774251,0.121875,0,1.0,1.0,0.0,1.0,0.0,0.0,0.0,0.0,1.0,0.0,1.0,0.0,1.0,0.0
72,105.6,8.933598239562736,5,1.4465753424657533,1,0.21457705266891292,0.027827648114901255,0,1.0,1.0,0.0,1.0,0.0,1.0,1.0,0.0,0.0,1.0,0.0,0.0,0.0,0.0
3,55.9,5.0660700009843564,2,13.975,0,0.22592658272743393,0.44104447164422683,0,1.0,0.0,1.0,1.0,0.0,0.0,0.0,0.0,0.0,0.0,0.0,0.0,0.0,1.0
6,73.85,5.997198078955742,0,10.549999999999999,0,0.22592658272743393,0.44104447164422683,0,0.0,0.0,0.0,1.0,0.0,1.0,1.0,0.0,0.0,0.0,1.0,0.0,0.0,1.0
62,94.95,8.664379677441863,3,1.5071428571428571,0,0.3435006206774251,0.10683760683760683,0,1.0,1.0,1.0,1.0,0.0,1.0,1.0,0.0,1.0,0.0,1.0,0.0,1.0,0.0
1,19.85,3.0373539482448106,0,9.925,0,0.3435006206774251,0.431938236489232,0,1.0,0.0,0.0,1.0,0.0,0.0,0.0,1.0,0.0,0.0,1.0,0.0,1.0,0.0
2,60.85,4.722063937459591,2,20.283333333333335,0,0.3435006206774251,0.42851340373679936,0,0.0,0.0,0.0,1.0,0.0,0.0,0.0,0.0,0.0,0.0,0.0,0.0,1.0,0.0
70,109.5,8.927400371440925,6,1.5422535211267605,1,0.21457705266891292,0.121875,0,1.0,1.0,0.0,1.0,0.0,0.0,1.0,0.0,1.0,0.0,1.0,0.0,0.0,0.0
12,94.55,7.068640374499775,2,7.273076923076923,0,0.3435006206774251,0.4231860559383867,0,1.0,0.0,0.0,1.0,0.0,1.0,1.0,0.0,0.0,0.0,0.0,0.0,1.0,0.0
2,94.2,5.126935749792416,3,31.400000000000002,0,0.3435006206774251,0.44104447164422683,0,1.0,1.0,0.0,1.0,0.0,0.0,1.0,0.0,0.0,0.0,1.0,0.0,1.0,0.0
10,70.3,6.605568520327474,0,6.390909090909091,0,0.3435006206774251,0.44104447164422683,0,1.0,1.0,0.0,1.0,0.0,0.0,1.0,0.0,0.0,0.0,1.0,0.0,1.0,0.0
9,93.0,6.769928962074734,4,9.3,1,0.21457705266891292,0.44104447164422683,0,0.0,0.0,1.0,1.0,0.0,0.0,1.0,0.0,0.0,0.0,0.0,0.0,0.0,0.0
39,105.65,8.363062511388982,4,2.6412500000000003,0,0.3435006206774251,0.4231860559383867,1,1.0,1.0,0.0,1.0,0.0,1.0,1.0,0.0,0.0,0.0,1.0,0.0,1.0,0.0
1,69.55,4.256321678298823,0,34.775,0,0.3435006206774251,0.42984953233021556,0,1.0,0.0,0.0,1.0,0.0,0.0,1.0,0.0,0.0,0.0,1.0,0.0,1.0,0.0
7,35.3,5.582744146279145,2,4.4125,0,0.22592658272743393,0.11158342189160468,0,1.0,0.0,0.0,0.0,1.0,0.0,0.0,0.0,1.0,0.0,0.0,0.0,0.0,1.0
39,73.15,7.91273431435173,0,1.82875,1,0.21599574392622806,0.42984953233021556,0,1.0,0.0,0.0,1.0,0.0,1.0,1.0,0.0,0.0,0.0,1.0,1.0,0.0,0.0
2,93.85,5.2870036066477635,2,31.28333333333333,0,0.3435006206774251,0.44104447164422683,1,1.0,0.0,0.0,1.0,0.0,1.0,1.0,0.0,0.0,0.0,1.0,0.0,1.0,0.0
40,55.25,7.668654561592901,2,1.3475609756097562,0,0.22592658272743393,0.431938236489232,0,1.0,0.0,1.0,1.0,0.0,0.0,0.0,0.0,0.0,0.0,1.0,0.0,0.0,1.0
25,38.1,6.878738329911644,2,1.4653846153846155,1,0.21599574392622806,0.11158342189160468,0,1.0,1.0,0.0,0.0,1.0,0.0,0.0,0.0,1.0,0.0,1.0,1.0,0.0,0.0
7,64.3,6.1024467315338615,3,8.0375,1,0.21457705266891292,0.42984953233021556,0,1.0,0.0,0.0,1.0,0.0,0.0,0.0,0.0,0.0,0.0,0.0,0.0,0.0,0.0
56,94.8,8.568893403001754,3,1.663157894736842,1,0.21599574392622806,0.10683760683760683,1,1.0,0.0,1.0,1.0,0.0,0.0,1.0,0.0,1.0,0.0,0.0,1.0,0.0,0.0
72,85.95,8.72467879437374,5,1.1773972602739726,1,0.21457705266891292,0.021602160216021602,0,1.0,1.0,0.0,1.0,0.0,1.0,0.0,0.0,0.0,1.0,0.0,0.0,0.0,0.0
66,74.25,8.48884515590075,0,1.1082089552238805,1,0.21457705266891292,0.11882229232386961,0,0.0,1.0,1.0,1.0,0.0,1.0,1.0,0.0,1.0,0.0,1.0,0.0,0.0,0.0
7,73.6,6.255750041753367,0,9.2,0,0.3435006206774251,0.431938236489232,0,1.0,0.0,0.0,1.0,0.0,1.0,1.0,0.0,0.0,0.0,0.0,0.0,1.0,0.0
51,87.55,8.406686121605532,2,1.6836538461538462,1,0.21599574392622806,0.11266094420600858,0,0.0,0.0,0.0,1.0,0.0,0.0,1.0,0.0,1.0,0.0,0.0,1.0,0.0,0.0
22,96.7,7.6420204102629805,2,4.2043478260869565,0,0.3435006206774251,0.42984953233021556,1,1.0,0.0,0.0,1.0,0.0,1.0,1.0,0.0,0.0,0.0,1.0,0.0,1.0,0.0
20,89.0,7.507388166167938,2,4.238095238095238,0,0.22592658272743393,0.42851340373679936,0,1.0,1.0,0.0,1.0,0.0,0.0,1.0,0.0,0.0,0.0,1.0,0.0,0.0,1.0
40,40.25,7.355673051345688,3,0.9817073170731707,0,0.22592658272743393,0.10683760683760683,0,1.0,0.0,1.0,0.0,1.0,0.0,0.0,0.0,1.0,0.0,0.0,0.0,0.0,1.0
60,71.75,8.38378750517605,3,1.1762295081967213,0,0.3435006206774251,0.121875,1,1.0,0.0,0.0,1.0,0.0,1.0,0.0,0.0,1.0,0.0,1.0,0.0,1.0,0.0
3,21.2,3.971234865059992,0,5.3,0,0.22592658272743393,0.11158342189160468,0,1.0,0.0,0.0,1.0,0.0,0.0,0.0,1.0,1.0,0.0,0.0,0.0,0.0,1.0
9,24.1,5.563753830052498,0,2.41,1,0.21457705266891292,0.11266094420600858,0,1.0,1.0,0.0,0.0,1.0,0.0,0.0,0.0,1.0,0.0,0.0,0.0,0.0,0.0
46,19.95,6.811299443164508,0,0.42446808510638295,0,0.3435006206774251,0.03211009174311927,0,1.0,0.0,0.0,1.0,0.0,0.0,0.0,1.0,0.0,1.0,0.0,0.0,1.0,0.0
58,44.1,7.789061113953332,0,0.747457627118644,0,0.22592658272743393,0.11882229232386961,0,0.0,1.0,1.0,1.0,0.0,0.0,0.0,0.0,1.0,0.0,1.0,0.0,0.0,1.0
28,35.9,6.882078432192154,1,1.2379310344827585,0,0.3435006206774251,0.431938236489232,1,0.0,1.0,1.0,0.0,1.0,0.0,0.0,0.0,0.0,0.0,1.0,0.0,1.0,0.0
47,41.9,7.5370303829476715,3,0.8729166666666667,0,0.22592658272743393,0.02787769784172662,0,0.0,0.0,0.0,0.0,1.0,0.0,0.0,0.0,0.0,1.0,0.0,0.0,0.0,1.0
13,96.65,7.0594887540080675,3,6.903571428571429,0,0.22592658272743393,0.4231860559383867,0,1.0,1.0,1.0,1.0,0.0,0.0,1.0,0.0,0.0,0.0,1.0,0.0,0.0,1.0
68,103.75,8.859427367563809,4,1.5036231884057971,1,0.21599574392622806,0.02787769784172662,0,0.0,1.0,1.0,1.0,0.0,1.0,1.0,0.0,0.0,1.0,1.0,1.0,0.0,0.0
60,20.95,7.147991907722524,0,0.3434426229508197,1,0.21457705266891292,0.03211009174311927,0,1.0,1.0,1.0,1.0,0.0,0.0,0.0,1.0,0.0,1.0,1.0,0.0,0.0,0.0
42,19.05,6.6370614195592115,0,0.4430232558139535,0,0.3435006206774251,0.11266094420600858,0,0.0,1.0,1.0,1.0,0.0,0.0,0.0,1.0,1.0,0.0,1.0,0.0,1.0,0.0
58,20.3,7.057682767965088,0,0.3440677966101695,1,0.21599574392622806,0.03211009174311927,0,0.0,1.0,1.0,1.0,0.0,0.0,0.0,1.0,0.0,1.0,0.0,1.0,0.0,0.0
26,98.65,7.839131648274333,4,3.653703703703704,0,0.3435006206774251,0.431938236489232,0,1.0,0.0,0.0,1.0,0.0,0.0,1.0,0.0,0.0,0.0,1.0,0.0,1.0,0.0
14,87.25,7.13854948922687,2,5.816666666666666,0,0.3435006206774251,0.42851340373679936,0,0.0,1.0,1.0,1.0,0.0,1.0,1.0,0.0,0.0,0.0,1.0,0.0,1.0,0.0
8,19.65,5.107762004826979,0,2.183333333333333,0,0.3435006206774251,0.4231860559383867,1,0.0,0.0,0.0,1.0,0.0,0.0,0.0,1.0,0.0,0.0,0.0,0.0,1.0,0.0
27,19.55,6.25680514712198,0,0.6982142857142858,1,0.21457705266891292,0.03211009174311927,0,1.0,1.0,0.0,1.0,0.0,0.0,0.0,1.0,0.0,1.0,0.0,0.0,0.0,0.0
4,99.8,6.095486667514328,4,19.96,1,0.21599574392622806,0.431938236489232,1,0.0,0.0,0.0,1.0,0.0,0.0,1.0,0.0,0.0,0.0,1.0,1.0,0.0,0.0
25,69.3,7.503344755947277,0,2.6653846153846152,0,0.3435006206774251,0.4231860559383867,1,0.0,1.0,0.0,1.0,0.0,0.0,1.0,0.0,0.0,0.0,1.0,0.0,1.0,0.0
44,25.7,7.013465733404251,0,0.5711111111111111,0,0.22592658272743393,0.11266094420600858,0,1.0,1.0,1.0,1.0,0.0,1.0,0.0,1.0,1.0,0.0,0.0,0.0,0.0,1.0
46,60.75,7.9705331146410305,5,1.2925531914893618,1,0.21457705266891292,0.027827648114901255,0,1.0,0.0,0.0,0.0,1.0,0.0,0.0,0.0,0.0,1.0,1.0,0.0,0.0,0.0
71,99.2,8.883882820572994,4,1.3777777777777778,0,0.3435006206774251,0.021602160216021602,1,0.0,1.0,0.0,1.0,0.0,0.0,1.0,0.0,0.0,1.0,1.0,0.0,1.0,0.0
10,29.6,5.703949127435522,1,2.690909090909091,0,0.22592658272743393,0.024346257889990983,0,0.0,0.0,0.0,0.0,1.0,0.0,0.0,0.0,0.0,1.0,1.0,0.0,0.0,1.0
45,20.85,6.794754539894893,0,0.45326086956521744,0,0.22592658272743393,0.024346257889990983,0,0.0,1.0,1.0,1.0,0.0,0.0,0.0,1.0,0.0,1.0,0.0,0.0,0.0,1.0
7,19.85,4.977767690470639,0,2.48125,0,0.22592658272743393,0.02787769784172662,0,0.0,1.0,1.0,1.0,0.0,0.0,0.0,1.0,0.0,1.0,0.0,0.0,0.0,1.0
13,89.05,7.065058128355913,3,6.360714285714286,1,0.21457705266891292,0.42851340373679936,1,1.0,1.0,0.0,1.0,0.0,0.0,1.0,0.0,0.0,0.0,1.0,0.0,0.0,0.0
1,20.0,3.044522437723423,0,10.0,0,0.22592658272743393,0.4231860559383867,0,1.0,0.0,0.0,1.0,0.0,0.0,0.0,1.0,0.0,0.0,0.0,0.0,0.0,1.0
49,81.35,8.309406123422718,5,1.6269999999999998,1,0.21599574392622806,0.021602160216021602,1,1.0,0.0,0.0,1.0,0.0,1.0,0.0,0.0,0.0,1.0,0.0,1.0,0.0,0.0
61,101.15,8.761691106636867,3,1.631451612903226,1,0.21457705266891292,0.11266094420600858,0,0.0,1.0,0.0,1.0,0.0,1.0,1.0,0.0,1.0,0.0,0.0,0.0,0.0,0.0
55,58.6,8.029302538932743,3,1.0464285714285715,0,0.3435006206774251,0.021602160216021602,0,1.0,1.0,0.0,1.0,0.0,0.0,0.0,0.0,0.0,1.0,0.0,0.0,1.0,0.0
11,89.7,6.955306580840359,2,7.4750000000000005,1,0.21457705266891292,0.431938236489232,1,0.0,0.0,0.0,1.0,0.0,0.0,1.0,0.0,0.0,0.0,0.0,0.0,0.0,0.0
72,74.55,8.599998234172947,4,1.0212328767123287,0,0.22592658272743393,0.024346257889990983,0,0.0,1.0,1.0,1.0,0.0,1.0,0.0,0.0,0.0,1.0,0.0,0.0,0.0,1.0
55,21.0,7.099449442022756,0,0.375,0,0.22592658272743393,0.021602160216021602,0,0.0,1.0,1.0,1.0,0.0,0.0,0.0,1.0,0.0,1.0,0.0,0.0,0.0,1.0
11,44.65,6.159623790089432,0,3.720833333333333,0,0.22592658272743393,0.42984953233021556,0,0.0,0.0,0.0,1.0,0.0,0.0,0.0,0.0,0.0,0.0,1.0,0.0,0.0,1.0
1,74.45,4.323470185213858,0,37.225,0,0.3435006206774251,0.42984953233021556,1,0.0,1.0,0.0,1.0,0.0,1.0,1.0,0.0,0.0,0.0,1.0,0.0,1.0,0.0
6,30.5,5.345677937907874,1,4.357142857142857,1,0.21599574392622806,0.431938236489232,0,1.0,0.0,0.0,0.0,1.0,0.0,0.0,0.0,0.0,0.0,1.0,1.0,0.0,0.0
70,90.15,8.738422912525174,6,1.269718309859155,1,0.21599574392622806,0.021602160216021602,0,1.0,1.0,1.0,1.0,0.0,1.0,0.0,0.0,0.0,1.0,1.0,1.0,0.0,0.0
60,110.0,8.805277682886622,6,1.8032786885245902,1,0.21457705266891292,0.024346257889990983,1,0.0,1.0,0.0,1.0,0.0,0.0,1.0,0.0,0.0,1.0,1.0,0.0,0.0,0.0
39,24.2,6.819579588078412,0,0.605,0,0.22592658272743393,0.11882229232386961,0,0.0,1.0,1.0,1.0,0.0,1.0,0.0,1.0,1.0,0.0,1.0,0.0,0.0,1.0
1,44.0,3.8066624897703196,0,22.0,0,0.3435006206774251,0.4231860559383867,0,1.0,0.0,1.0,1.0,0.0,0.0,0.0,0.0,0.0,0.0,0.0,0.0,1.0,0.0
45,25.9,7.104636987107422,0,0.5630434782608695,1,0.21599574392622806,0.11266094420600858,0,0.0,1.0,1.0,1.0,0.0,1.0,0.0,1.0,1.0,0.0,1.0,1.0,0.0,0.0
33,24.15,6.686235408784025,0,0.7102941176470587,1,0.21599574392622806,0.11266094420600858,0,0.0,1.0,1.0,1.0,0.0,1.0,0.0,1.0,1.0,0.0,0.0,1.0,0.0,0.0
1,75.35,4.335328031664641,1,37.675,1,0.21599574392622806,0.42851340373679936,0,1.0,1.0,0.0,1.0,0.0,0.0,1.0,0.0,0.0,0.0,0.0,1.0,0.0,0.0
1,48.95,3.9110225050945626,1,24.475,0,0.3435006206774251,0.44104447164422683,0,1.0,0.0,1.0,1.0,0.0,0.0,0.0,0.0,0.0,0.0,0.0,0.0,1.0,0.0
1,45.35,3.836221292011864,0,22.675,0,0.22592658272743393,0.42984953233021556,0,0.0,0.0,0.0,1.0,0.0,0.0,0.0,0.0,0.0,0.0,0.0,0.0,0.0,1.0
4,88.45,5.917952551171302,2,17.69,0,0.3435006206774251,0.42851340373679936,0,1.0,0.0,0.0,1.0,0.0,0.0,1.0,0.0,0.0,0.0,1.0,0.0,1.0,0.0
71,19.9,7.243012492046805,0,0.27638888888888885,1,0.21599574392622806,0.03211009174311927,0,0.0,1.0,1.0,1.0,0.0,0.0,0.0,1.0,0.0,1.0,0.0,1.0,0.0,0.0
24,55.15,7.186030747734346,2,2.206,0,0.3435006206774251,0.431938236489232,0,0.0,1.0,1.0,1.0,0.0,0.0,0.0,0.0,0.0,0.0,0.0,0.0,1.0,0.0
64,105.65,8.83987071701526,4,1.6253846153846154,1,0.21599574392622806,0.11158342189160468,0,1.0,0.0,0.0,1.0,0.0,1.0,1.0,0.0,1.0,0.0,1.0,1.0,0.0,0.0
20,19.35,6.074771153234392,0,0.9214285714285715,1,0.21599574392622806,0.10683760683760683,0,0.0,0.0,0.0,1.0,0.0,0.0,0.0,1.0,1.0,0.0,1.0,1.0,0.0,0.0
22,19.95,6.074195944705447,0,0.8673913043478261,0,0.22592658272743393,0.11266094420600858,0,1.0,1.0,1.0,1.0,0.0,0.0,0.0,1.0,1.0,0.0,0.0,0.0,0.0,1.0
65,19.55,7.106319211321956,0,0.2962121212121212,1,0.21599574392622806,0.02787769784172662,0,1.0,0.0,0.0,1.0,0.0,0.0,0.0,1.0,0.0,1.0,1.0,1.0,0.0,0.0
40,60.3,7.80363920107863,5,1.4707317073170731,0,0.22592658272743393,0.10683760683760683,0,1.0,1.0,1.0,0.0,1.0,0.0,0.0,0.0,1.0,0.0,0.0,0.0,0.0,1.0
35,25.4,6.857303735486039,0,0.7055555555555555,1,0.21599574392622806,0.027827648114901255,0,0.0,1.0,1.0,1.0,0.0,1.0,0.0,1.0,0.0,1.0,1.0,1.0,0.0,0.0
1,19.75,3.0325462466767075,0,9.875,0,0.3435006206774251,0.431938236489232,0,1.0,1.0,1.0,1.0,0.0,0.0,0.0,1.0,0.0,0.0,0.0,0.0,1.0,0.0
1,44.0,3.8066624897703196,0,22.0,0,0.3435006206774251,0.431938236489232,1,1.0,0.0,0.0,1.0,0.0,0.0,0.0,0.0,0.0,0.0,0.0,0.0,1.0,0.0
8,84.5,6.497754902072211,1,9.38888888888889,1,0.21457705266891292,0.42851340373679936,0,1.0,0.0,0.0,1.0,0.0,1.0,1.0,0.0,0.0,0.0,0.0,0.0,0.0,0.0
7,70.1,6.1496428195698325,0,8.7625,0,0.22592658272743393,0.4231860559383867,1,1.0,1.0,0.0,1.0,0.0,0.0,1.0,0.0,0.0,0.0,1.0,0.0,0.0,1.0
19,59.55,7.043683796206381,2,2.9775,0,0.3435006206774251,0.4231860559383867,0,1.0,0.0,0.0,1.0,0.0,1.0,0.0,0.0,0.0,0.0,0.0,0.0,1.0,0.0
57,59.6,8.163485270080912,3,1.0275862068965518,0,0.22592658272743393,0.11882229232386961,0,1.0,1.0,1.0,1.0,0.0,0.0,0.0,0.0,1.0,0.0,0.0,0.0,0.0,1.0
7,66.85,6.129268051255177,2,8.35625,0,0.3435006206774251,0.44104447164422683,0,0.0,0.0,0.0,1.0,0.0,0.0,0.0,0.0,0.0,0.0,1.0,0.0,1.0,0.0
4,101.15,5.9581662617064675,3,20.23,0,0.3435006206774251,0.42984953233021556,0,1.0,1.0,1.0,1.0,0.0,1.0,1.0,0.0,0.0,0.0,0.0,0.0,1.0,0.0
2,95.15,5.28776185260852,2,31.71666666666667,0,0.3435006206774251,0.431938236489232,0,0.0,0.0,0.0,1.0,0.0,1.0,1.0,0.0,0.0,0.0,1.0,0.0,1.0,0.0
29,39.5,6.988182528094752,3,1.3166666666666667,1,0.21599574392622806,0.11266094420600858,0,0.0,0.0,0.0,0.0,1.0,0.0,0.0,0.0,1.0,0.0,0.0,1.0,0.0,0.0
49,99.4,8.522379718103538,4,1.9880000000000002,0,0.3435006206774251,0.4231860559383867,0,0.0,1.0,0.0,1.0,0.0,0.0,1.0,0.0,0.0,0.0,0.0,0.0,1.0,0.0
72,114.1,8.998062573972279,6,1.5630136986301368,1,0.21599574392622806,0.027827648114901255,0,1.0,1.0,0.0,1.0,0.0,1.0,1.0,0.0,0.0,1.0,1.0,1.0,0.0,0.0
66,56.75,8.218625417455186,4,0.8470149253731343,1,0.21599574392622806,0.03211009174311927,0,1.0,1.0,1.0,0.0,1.0,0.0,0.0,0.0,0.0,1.0,1.0,1.0,0.0,0.0
27,55.45,7.298884788322935,2,1.980357142857143,1,0.21457705266891292,0.11266094420600858,0,1.0,0.0,0.0,1.0,0.0,0.0,0.0,0.0,1.0,0.0,0.0,0.0,0.0,0.0
40,51.1,7.646783634798271,1,1.2463414634146341,0,0.3435006206774251,0.431938236489232,0,1.0,0.0,0.0,1.0,0.0,0.0,0.0,0.0,0.0,0.0,1.0,0.0,1.0,0.0
3,19.1,3.9899095440852173,0,4.775,0,0.22592658272743393,0.4231860559383867,0,1.0,0.0,0.0,1.0,0.0,0.0,0.0,1.0,0.0,0.0,1.0,0.0,0.0,1.0
48,45.0,7.694984612903221,3,0.9183673469387755,1,0.21599574392622806,0.11882229232386961,0,0.0,1.0,1.0,0.0,1.0,0.0,0.0,0.0,1.0,0.0,0.0,1.0,0.0,0.0
31,50.4,7.365876086316099,4,1.575,1,0.21599574392622806,0.11882229232386961,1,0.0,1.0,0.0,0.0,1.0,0.0,0.0,0.0,1.0,0.0,1.0,1.0,0.0,0.0
7,69.85,6.246978478452642,0,8.73125,1,0.21457705266891292,0.42984953233021556,0,0.0,0.0,0.0,1.0,0.0,0.0,1.0,0.0,0.0,0.0,1.0,0.0,0.0,0.0
53,48.7,7.822524854484353,4,0.9018518518518519,1,0.21457705266891292,0.431938236489232,0,0.0,1.0,1.0,0.0,1.0,0.0,0.0,0.0,0.0,0.0,1.0,0.0,0.0,0.0
70,110.2,8.947780088298181,5,1.552112676056338,0,0.3435006206774251,0.02787769784172662,0,0.0,1.0,1.0,1.0,0.0,1.0,1.0,0.0,0.0,1.0,1.0,0.0,1.0,0.0
18,85.45,7.317776658171513,2,4.497368421052632,0,0.3435006206774251,0.42984953233021556,1,0.0,0.0,0.0,1.0,0.0,1.0,1.0,0.0,0.0,0.0,1.0,0.0,1.0,0.0
33,91.25,7.994649174696049,2,2.6838235294117645,0,0.3435006206774251,0.42984953233021556,0,1.0,1.0,0.0,1.0,0.0,0.0,1.0,0.0,0.0,0.0,0.0,0.0,1.0,0.0
34,78.95,7.881635442905656,1,2.255714285714286,1,0.21457705266891292,0.11266094420600858,0,1.0,1.0,1.0,1.0,0.0,0.0,1.0,0.0,1.0,0.0,1.0,0.0,0.0,0.0
4,20.4,4.5591262474866845,0,4.08,1,0.21599574392622806,0.42851340373679936,0,0.0,0.0,1.0,1.0,0.0,0.0,0.0,1.0,0.0,0.0,0.0,1.0,0.0,0.0
15,105.1,7.367550731635349,5,6.56875,0,0.3435006206774251,0.44104447164422683,0,0.0,0.0,0.0,1.0,0.0,0.0,1.0,0.0,0.0,0.0,0.0,0.0,1.0,0.0
68,84.4,8.656563752864045,2,1.2231884057971016,1,0.21599574392622806,0.024346257889990983,0,0.0,1.0,1.0,1.0,0.0,1.0,1.0,0.0,0.0,1.0,1.0,1.0,0.0,0.0
12,20.4,5.589493328254074,0,1.5692307692307692,0,0.22592658272743393,0.44104447164422683,0,0.0,0.0,0.0,1.0,0.0,0.0,0.0,1.0,0.0,0.0,0.0,0.0,0.0,1.0
62,19.85,7.13461192820823,0,0.3150793650793651,1,0.21457705266891292,0.03211009174311927,0,1.0,0.0,0.0,1.0,0.0,0.0,0.0,1.0,0.0,1.0,0.0,0.0,0.0,0.0
24,19.9,6.2813317304651,0,0.7959999999999999,0,0.22592658272743393,0.11882229232386961,0,0.0,1.0,1.0,1.0,0.0,0.0,0.0,1.0,1.0,0.0,0.0,0.0,0.0,1.0
68,79.6,8.605652686043875,2,1.153623188405797,1,0.21599574392622806,0.11158342189160468,0,1.0,0.0,0.0,1.0,0.0,0.0,1.0,0.0,1.0,0.0,0.0,1.0,0.0,0.0
1,74.7,4.3267781604434035,0,37.35,0,0.3435006206774251,0.431938236489232,1,1.0,0.0,0.0,1.0,0.0,1.0,1.0,0.0,0.0,0.0,1.0,0.0,1.0,0.0
33,59.55,7.609515262640305,5,1.7514705882352941,1,0.21457705266891292,0.027827648114901255,0,0.0,1.0,0.0,0.0,1.0,0.0,0.0,0.0,0.0,1.0,0.0,0.0,0.0,0.0
46,98.85,8.426370925842464,3,2.103191489361702,0,0.3435006206774251,0.431938236489232,1,1.0,1.0,0.0,1.0,0.0,1.0,1.0,0.0,0.0,0.0,1.0,0.0,1.0,0.0
11,20.0,5.284978802108856,0,1.6666666666666667,0,0.22592658272743393,0.11882229232386961,0,0.0,1.0,1.0,1.0,0.0,0.0,0.0,1.0,1.0,0.0,1.0,0.0,0.0,1.0
26,49.5,7.144130899065065,0,1.8333333333333333,0,0.22592658272743393,0.42984953233021556,0,0.0,0.0,1.0,1.0,0.0,1.0,0.0,0.0,0.0,0.0,1.0,0.0,0.0,1.0
3,19.85,4.182813210209709,0,4.9625,0,0.22592658272743393,0.431938236489232,0,1.0,0.0,0.0,1.0,0.0,0.0,0.0,1.0,0.0,0.0,0.0,0.0,0.0,1.0
10,98.5,6.965316389506668,3,8.954545454545455,0,0.3435006206774251,0.44104447164422683,0,0.0,0.0,0.0,1.0,0.0,1.0,1.0,0.0,0.0,0.0,1.0,0.0,1.0,0.0
71,86.1,8.707301023010626,6,1.1958333333333333,1,0.21457705266891292,0.027827648114901255,0,1.0,1.0,0.0,1.0,0.0,0.0,0.0,0.0,0.0,1.0,1.0,0.0,0.0,0.0
21,104.4,7.677377271376789,4,4.745454545454546,0,0.3435006206774251,0.4231860559383867,0,1.0,1.0,1.0,1.0,0.0,1.0,1.0,0.0,0.0,0.0,0.0,0.0,1.0,0.0
72,92.65,8.814924599721019,6,1.2691780821917809,1,0.21457705266891292,0.024346257889990983,0,0.0,1.0,1.0,1.0,0.0,1.0,0.0,0.0,0.0,1.0,0.0,0.0,0.0,0.0
32,18.95,6.42154096368842,0,0.5742424242424242,0,0.22592658272743393,0.021602160216021602,0,1.0,1.0,1.0,1.0,0.0,0.0,0.0,1.0,0.0,1.0,0.0,0.0,0.0,1.0
1,69.1,4.249922794040544,0,34.55,0,0.3435006206774251,0.431938236489232,0,1.0,0.0,0.0,1.0,0.0,0.0,1.0,0.0,0.0,0.0,1.0,0.0,1.0,0.0
1,19.6,3.0252910757955354,0,9.8,0,0.22592658272743393,0.42984953233021556,0,1.0,0.0,0.0,1.0,0.0,0.0,0.0,1.0,0.0,0.0,1.0,0.0,0.0,1.0
45,115.65,8.542178444110146,6,2.514130434782609,0,0.3435006206774251,0.4231860559383867,0,0.0,0.0,0.0,1.0,0.0,1.0,1.0,0.0,0.0,0.0,1.0,0.0,1.0,0.0
43,40.45,7.556872199035862,3,0.9193181818181819,0,0.3435006206774251,0.431938236489232,0,1.0,0.0,1.0,0.0,1.0,0.0,0.0,0.0,0.0,0.0,1.0,0.0,1.0,0.0
35,101.4,8.15974652120194,3,2.816666666666667,0,0.3435006206774251,0.44104447164422683,1,1.0,0.0,0.0,1.0,0.0,1.0,1.0,0.0,0.0,0.0,1.0,0.0,1.0,0.0
13,24.5,5.842384324093829,0,1.75,1,0.21457705266891292,0.121875,0,1.0,1.0,1.0,1.0,0.0,1.0,0.0,1.0,1.0,0.0,0.0,0.0,0.0,0.0
1,20.25,3.056356895370426,0,10.125,0,0.22592658272743393,0.42851340373679936,0,1.0,0.0,0.0,1.0,0.0,0.0,0.0,1.0,0.0,0.0,0.0,0.0,0.0,1.0
34,73.95,7.834174543652333,1,2.112857142857143,1,0.21599574392622806,0.42984953233021556,0,0.0,0.0,0.0,1.0,0.0,0.0,1.0,0.0,0.0,0.0,1.0,1.0,0.0,0.0
25,75.5,7.55068753087758,1,2.9038461538461537,0,0.3435006206774251,0.431938236489232,0,1.0,1.0,1.0,1.0,0.0,0.0,1.0,0.0,0.0,0.0,1.0,0.0,1.0,0.0
64,104.4,8.813230263450754,4,1.6061538461538463,1,0.21457705266891292,0.11158342189160468,0,0.0,1.0,1.0,1.0,0.0,1.0,1.0,0.0,1.0,0.0,1.0,0.0,0.0,0.0
53,61.1,8.119368818404027,2,1.1314814814814815,0,0.3435006206774251,0.11882229232386961,0,1.0,0.0,0.0,1.0,0.0,0.0,0.0,0.0,1.0,0.0,1.0,0.0,1.0,0.0
70,80.7,8.633900092692112,5,1.1366197183098592,0,0.3435006206774251,0.024346257889990983,0,0.0,1.0,1.0,1.0,0.0,1.0,0.0,0.0,0.0,1.0,0.0,0.0,1.0,0.0
1,25.05,3.260017768199376,0,12.525,0,0.22592658272743393,0.431938236489232,1,0.0,0.0,0.0,0.0,1.0,0.0,0.0,0.0,0.0,0.0,0.0,0.0,0.0,1.0
25,89.5,7.69491634497433,2,3.4423076923076925,0,0.3435006206774251,0.44104447164422683,1,1.0,0.0,0.0,1.0,0.0,1.0,1.0,0.0,0.0,0.0,1.0,0.0,1.0,0.0
71,23.95,7.4714769121016245,0,0.3326388888888889,1,0.21457705266891292,0.024346257889990983,1,1.0,1.0,0.0,1.0,0.0,1.0,0.0,1.0,0.0,1.0,0.0,0.0,0.0,0.0
3,60.25,5.144583266605995,1,15.0625,0,0.3435006206774251,0.431938236489232,0,0.0,0.0,0.0,1.0,0.0,1.0,0.0,0.0,0.0,0.0,1.0,0.0,1.0,0.0
25,20.75,6.215407778592756,0,0.7980769230769231,0,0.22592658272743393,0.03211009174311927,0,1.0,0.0,0.0,1.0,0.0,0.0,0.0,1.0,0.0,1.0,1.0,0.0,0.0,1.0
1,71.35,4.281515453077493,0,35.675,0,0.3435006206774251,0.431938236489232,0,0.0,0.0,0.0,1.0,0.0,0.0,1.0,0.0,0.0,0.0,0.0,0.0,1.0,0.0
60,80.55,8.486331841227319,4,1.3204918032786885,1,0.21599574392622806,0.11882229232386961,0,0.0,0.0,0.0,1.0,0.0,1.0,0.0,0.0,1.0,0.0,0.0,1.0,0.0,0.0
71,91.25,8.793399670392994,6,1.2673611111111112,0,0.22592658272743393,0.027827648114901255,0,1.0,1.0,1.0,1.0,0.0,1.0,0.0,0.0,0.0,1.0,1.0,0.0,0.0,1.0
39,53.85,7.696985068219127,1,1.34625,1,0.21599574392622806,0.03211009174311927,0,1.0,0.0,0.0,1.0,0.0,1.0,0.0,0.0,0.0,1.0,1.0,1.0,0.0,0.0
17,80.85,7.2455480718564305,1,4.491666666666666,0,0.3435006206774251,0.42984953233021556,0,1.0,1.0,1.0,1.0,0.0,0.0,1.0,0.0,0.0,0.0,0.0,0.0,1.0,0.0
2,40.4,4.358630056867486,3,13.466666666666667,1,0.21599574392622806,0.4231860559383867,0,1.0,0.0,0.0,0.0,1.0,0.0,0.0,0.0,0.0,0.0,1.0,1.0,0.0,0.0
1,69.15,4.25063580654847,0,34.575,0,0.3435006206774251,0.4231860559383867,0,1.0,1.0,0.0,1.0,0.0,0.0,1.0,0.0,0.0,0.0,1.0,0.0,1.0,0.0
58,70.1,8.306459814345365,4,1.1881355932203388,1,0.21457705266891292,0.024346257889990983,0,1.0,0.0,0.0,1.0,0.0,0.0,0.0,0.0,0.0,1.0,0.0,0.0,0.0,0.0
66,25.1,7.437618531625265,0,0.37462686567164183,0,0.22592658272743393,0.024346257889990983,0,1.0,0.0,0.0,1.0,0.0,1.0,0.0,1.0,0.0,1.0,0.0,0.0,0.0,1.0
69,25.6,7.42321017113179,0,0.3657142857142857,1,0.21457705266891292,0.03211009174311927,0,0.0,1.0,1.0,1.0,0.0,1.0,0.0,1.0,0.0,1.0,1.0,0.0,0.0,0.0
38,102.6,8.296596394368603,4,2.6307692307692307,0,0.3435006206774251,0.44104447164422683,1,1.0,1.0,0.0,1.0,0.0,1.0,1.0,0.0,0.0,0.0,1.0,0.0,1.0,0.0
25,78.35,7.516922845746808,5,3.0134615384615384,1,0.21457705266891292,0.4231860559383867,0,0.0,0.0,0.0,1.0,0.0,1.0,0.0,0.0,0.0,0.0,1.0,0.0,0.0,0.0
68,110.8,8.92991192823571,5,1.6057971014492753,1,0.21457705266891292,0.027827648114901255,0,0.0,1.0,0.0,1.0,0.0,1.0,1.0,0.0,0.0,1.0,1.0,0.0,0.0,0.0
42,20.35,6.7695271596986935,0,0.4732558139534884,1,0.21599574392622806,0.431938236489232,0,0.0,1.0,0.0,1.0,0.0,0.0,0.0,1.0,0.0,0.0,0.0,1.0,0.0,0.0
61,51.35,8.084993888105437,4,0.8282258064516129,1,0.21599574392622806,0.027827648114901255,0,0.0,1.0,1.0,0.0,1.0,0.0,0.0,0.0,0.0,1.0,0.0,1.0,0.0,0.0
61,104.4,8.764990330169104,4,1.6838709677419357,1,0.21599574392622806,0.11158342189160468,1,0.0,1.0,0.0,1.0,0.0,1.0,1.0,0.0,1.0,0.0,1.0,1.0,0.0,0.0
10,79.95,6.7548371725574246,1,7.2681818181818185,0,0.3435006206774251,0.42984953233021556,0,1.0,1.0,0.0,1.0,0.0,0.0,1.0,0.0,0.0,0.0,1.0,0.0,1.0,0.0
64,74.65,8.490921082077374,4,1.1484615384615386,1,0.21599574392622806,0.431938236489232,1,0.0,0.0,0.0,1.0,0.0,1.0,0.0,0.0,0.0,0.0,0.0,1.0,0.0,0.0
24,85.95,7.653566064624934,3,3.438,0,0.3435006206774251,0.431938236489232,0,1.0,0.0,0.0,1.0,0.0,0.0,1.0,0.0,0.0,0.0,1.0,0.0,1.0,0.0
36,31.05,7.027625024832521,1,0.8391891891891892,1,0.21457705266891292,0.03211009174311927,0,0.0,0.0,0.0,0.0,1.0,0.0,0.0,0.0,0.0,1.0,0.0,0.0,0.0,0.0
31,103.45,8.02860187653372,4,3.2328125,0,0.3435006206774251,0.11882229232386961,0,1.0,0.0,0.0,1.0,0.0,1.0,1.0,0.0,1.0,0.0,1.0,0.0,1.0,0.0
5,78.75,6.057603349612027,1,13.125,0,0.22592658272743393,0.431938236489232,0,1.0,0.0,0.0,1.0,0.0,0.0,1.0,0.0,0.0,0.0,0.0,0.0,0.0,1.0
46,19.75,6.754021179040095,0,0.42021276595744683,1,0.21599574392622806,0.021602160216021602,0,1.0,1.0,1.0,1.0,0.0,0.0,0.0,1.0,0.0,1.0,0.0,1.0,0.0,0.0
59,50.25,8.005850767465367,3,0.8375,0,0.3435006206774251,0.4231860559383867,1,1.0,1.0,0.0,0.0,1.0,0.0,0.0,0.0,0.0,0.0,1.0,0.0,1.0,0.0
62,81.45,8.513998092519696,2,1.292857142857143,1,0.21599574392622806,0.11882229232386961,0,1.0,1.0,1.0,1.0,0.0,0.0,1.0,0.0,1.0,0.0,1.0,1.0,0.0,0.0
45,62.55,7.936463566925371,3,1.3597826086956522,1,0.21599574392622806,0.11266094420600858,0,0.0,0.0,0.0,1.0,0.0,0.0,0.0,0.0,1.0,0.0,1.0,1.0,0.0,0.0
1,50.75,3.9464244321454784,0,25.375,0,0.22592658272743393,0.42984953233021556,0,1.0,0.0,0.0,1.0,0.0,1.0,0.0,0.0,0.0,0.0,0.0,0.0,0.0,1.0
68,24.95,7.387647355978202,0,0.3615942028985507,1,0.21599574392622806,0.021602160216021602,0,0.0,1.0,0.0,1.0,0.0,1.0,0.0,1.0,0.0,1.0,1.0,1.0,0.0,0.0
50,100.2,8.525052228126505,4,1.9647058823529413,0,0.22592658272743393,0.021602160216021602,0,0.0,0.0,0.0,1.0,0.0,0.0,1.0,0.0,0.0,1.0,1.0,0.0,0.0,1.0
35,91.0,8.065108062672847,2,2.5277777777777777,1,0.21599574392622806,0.44104447164422683,1,1.0,0.0,0.0,1.0,0.0,1.0,1.0,0.0,0.0,0.0,0.0,1.0,0.0,0.0
71,99.4,8.877556325611982,5,1.3805555555555555,0,0.3435006206774251,0.02787769784172662,1,0.0,1.0,0.0,1.0,0.0,0.0,1.0,0.0,0.0,1.0,1.0,0.0,1.0,0.0
33,20.05,6.5079491287256515,0,0.5897058823529412,0,0.22592658272743393,0.4231860559383867,0,0.0,1.0,0.0,1.0,0.0,0.0,0.0,1.0,0.0,0.0,0.0,0.0,0.0,1.0
65,59.95,8.274382503626551,5,0.9083333333333333,1,0.21599574392622806,0.027827648114901255,0,0.0,0.0,0.0,0.0,1.0,0.0,0.0,0.0,0.0,1.0,0.0,1.0,0.0,0.0
65,85.75,8.646368861639983,2,1.2992424242424243,0,0.3435006206774251,0.42984953233021556,1,1.0,1.0,1.0,1.0,0.0,1.0,1.0,0.0,0.0,0.0,1.0,0.0,1.0,0.0
26,83.75,7.636076534549736,1,3.1018518518518516,0,0.3435006206774251,0.431938236489232,0,1.0,1.0,1.0,1.0,0.0,1.0,1.0,0.0,0.0,0.0,1.0,0.0,1.0,0.0
20,95.5,7.558621067285476,3,4.5476190476190474,1,0.21457705266891292,0.44104447164422683,0,0.0,1.0,1.0,1.0,0.0,1.0,1.0,0.0,0.0,0.0,1.0,0.0,0.0,0.0
17,19.4,5.883461654556327,0,1.0777777777777777,0,0.22592658272743393,0.03211009174311927,0,0.0,0.0,0.0,1.0,0.0,0.0,0.0,1.0,0.0,1.0,0.0,0.0,0.0,1.0
5,40.0,5.413652965227941,3,6.666666666666667,0,0.22592658272743393,0.431938236489232,0,1.0,0.0,0.0,0.0,1.0,0.0,0.0,0.0,0.0,0.0,0.0,0.0,0.0,1.0
52,48.8,7.846218377121432,3,0.920754716981132,1,0.21599574392622806,0.431938236489232,1,1.0,0.0,0.0,0.0,1.0,0.0,0.0,0.0,0.0,0.0,1.0,1.0,0.0,0.0
46,96.05,8.389473449813867,2,2.043617021276596,1,0.21457705266891292,0.44104447164422683,0,0.0,0.0,0.0,1.0,0.0,1.0,1.0,0.0,0.0,0.0,0.0,0.0,0.0,0.0
47,109.55,8.541993115321715,5,2.2822916666666666,0,0.3435006206774251,0.4231860559383867,0,1.0,1.0,0.0,1.0,0.0,1.0,1.0,0.0,0.0,0.0,1.0,0.0,1.0,0.0
4,74.35,5.584811233363008,0,14.87,0,0.3435006206774251,0.42851340373679936,0,1.0,0.0,0.0,1.0,0.0,1.0,1.0,0.0,0.0,0.0,1.0,0.0,1.0,0.0
19,59.8,7.031608741149134,2,2.9899999999999998,0,0.22592658272743393,0.431938236489232,0,0.0,1.0,0.0,1.0,0.0,0.0,0.0,0.0,0.0,0.0,1.0,0.0,0.0,1.0
3,89.85,5.519058033245936,3,22.4625,0,0.3435006206774251,0.4231860559383867,0,1.0,1.0,1.0,1.0,0.0,0.0,1.0,0.0,0.0,0.0,0.0,0.0,1.0,0.0
27,100.75,7.935426370838112,4,3.5982142857142856,0,0.3435006206774251,0.4231860559383867,0,1.0,1.0,1.0,1.0,0.0,1.0,1.0,0.0,0.0,0.0,0.0,0.0,1.0,0.0
5,20.05,4.555454593742159,0,3.341666666666667,1,0.21457705266891292,0.42984953233021556,1,1.0,0.0,0.0,1.0,0.0,0.0,0.0,1.0,0.0,0.0,0.0,0.0,0.0,0.0
22,80.15,7.490892261958906,1,3.4847826086956526,0,0.3435006206774251,0.44104447164422683,0,0.0,1.0,1.0,1.0,0.0,0.0,1.0,0.0,0.0,0.0,1.0,0.0,1.0,0.0
11,70.2,6.7282696970073905,0,5.8500000000000005,0,0.3435006206774251,0.4231860559383867,1,1.0,1.0,0.0,1.0,0.0,0.0,1.0,0.0,0.0,0.0,1.0,0.0,1.0,0.0
1,25.4,3.2733640101522705,0,12.7,0,0.22592658272743393,0.431938236489232,0,0.0,0.0,1.0,1.0,0.0,1.0,0.0,1.0,0.0,0.0,0.0,0.0,0.0,1.0
48,69.55,8.142237889512645,3,1.4193877551020408,0,0.22592658272743393,0.11266094420600858,0,0.0,1.0,0.0,1.0,0.0,1.0,0.0,0.0,1.0,0.0,1.0,0.0,0.0,1.0
71,113.15,8.981461656000379,5,1.5715277777777779,1,0.21457705266891292,0.11882229232386961,0,1.0,1.0,0.0,1.0,0.0,1.0,1.0,0.0,1.0,0.0,1.0,0.0,0.0,0.0
72,94.45,8.842561145924268,3,1.2938356164383562,1,0.21599574392622806,0.027827648114901255,0,0.0,1.0,0.0,1.0,0.0,1.0,1.0,0.0,0.0,1.0,1.0,1.0,0.0,0.0
7,94.05,6.452758481842924,3,11.75625,0,0.22592658272743393,0.121875,0,0.0,0.0,0.0,1.0,0.0,0.0,1.0,0.0,1.0,0.0,1.0,0.0,0.0,1.0
72,19.9,7.33344776077027,0,0.2726027397260274,1,0.21599574392622806,0.021602160216021602,0,1.0,0.0,1.0,1.0,0.0,0.0,0.0,1.0,0.0,1.0,0.0,1.0,0.0,0.0
72,109.55,8.973129589492205,5,1.5006849315068493,1,0.21599574392622806,0.03211009174311927,0,0.0,1.0,1.0,1.0,0.0,1.0,1.0,0.0,0.0,1.0,0.0,1.0,0.0,0.0
17,89.4,7.339829860515501,3,4.966666666666667,0,0.3435006206774251,0.44104447164422683,0,1.0,1.0,1.0,1.0,0.0,0.0,1.0,0.0,0.0,0.0,1.0,0.0,1.0,0.0
3,30.75,4.429029488269218,1,7.6875,0,0.3435006206774251,0.42984953233021556,1,0.0,1.0,0.0,0.0,1.0,0.0,0.0,0.0,0.0,0.0,1.0,0.0,1.0,0.0
1,29.85,3.4291367503513968,1,14.925,0,0.3435006206774251,0.44104447164422683,0,0.0,1.0,0.0,0.0,1.0,0.0,0.0,0.0,0.0,0.0,1.0,0.0,1.0,0.0
63,39.35,7.7815768271311265,3,0.61484375,1,0.21457705266891292,0.027827648114901255,0,1.0,1.0,1.0,0.0,1.0,0.0,0.0,0.0,0.0,1.0,0.0,0.0,0.0,0.0
48,103.25,8.524873621259589,4,2.107142857142857,1,0.21599574392622806,0.11158342189160468,0,0.0,1.0,1.0,1.0,0.0,1.0,1.0,0.0,1.0,0.0,1.0,1.0,0.0,0.0
9,21.25,5.325689313343887,0,2.125,0,0.22592658272743393,0.4231860559383867,1,1.0,1.0,0.0,1.0,0.0,0.0,0.0,1.0,0.0,0.0,1.0,0.0,0.0,1.0
25,74.3,7.577249930876854,1,2.8576923076923078,0,0.3435006206774251,0.431938236489232,0,1.0,0.0,0.0,1.0,0.0,0.0,1.0,0.0,0.0,0.0,0.0,0.0,1.0,0.0
27,49.85,7.198295762282399,1,1.780357142857143,0,0.22592658272743393,0.4231860559383867,0,0.0,1.0,1.0,1.0,0.0,0.0,0.0,0.0,0.0,0.0,0.0,0.0,0.0,1.0
11,64.9,6.548577204825286,3,5.408333333333334,1,0.21599574392622806,0.10683760683760683,0,0.0,0.0,0.0,1.0,0.0,0.0,0.0,0.0,1.0,0.0,0.0,1.0,0.0,0.0
3,96.6,5.6798312538336875,2,24.15,0,0.3435006206774251,0.44104447164422683,0,0.0,0.0,0.0,1.0,0.0,1.0,1.0,0.0,0.0,0.0,1.0,0.0,1.0,0.0
6,74.4,6.075575889726634,1,10.62857142857143,0,0.3435006206774251,0.4231860559383867,1,0.0,0.0,0.0,1.0,0.0,0.0,1.0,0.0,0.0,0.0,0.0,0.0,1.0,0.0
18,78.55,7.260979275244611,1,4.13421052631579,0,0.3435006206774251,0.4231860559383867,1,1.0,1.0,0.0,1.0,0.0,0.0,1.0,0.0,0.0,0.0,0.0,0.0,1.0,0.0
8,43.45,5.847882818629958,0,4.827777777777778,0,0.22592658272743393,0.121875,0,1.0,1.0,1.0,1.0,0.0,0.0,0.0,0.0,1.0,0.0,1.0,0.0,0.0,1.0
56,99.75,8.632199040925325,4,1.75,1,0.21599574392622806,0.11266094420600858,0,0.0,1.0,1.0,1.0,0.0,1.0,1.0,0.0,1.0,0.0,1.0,1.0,0.0,0.0
4,98.1,5.984691662820553,4,19.619999999999997,1,0.21457705266891292,0.4231860559383867,0,0.0,0.0,1.0,1.0,0.0,0.0,1.0,0.0,0.0,0.0,1.0,0.0,0.0,0.0
31,88.65,7.895138010963706,2,2.7703125,1,0.21599574392622806,0.42851340373679936,0,1.0,1.0,0.0,1.0,0.0,1.0,1.0,0.0,0.0,0.0,0.0,1.0,0.0,0.0
1,44.1,3.8088822465086327,0,22.05,0,0.3435006206774251,0.431938236489232,0,0.0,0.0,0.0,1.0,0.0,0.0,0.0,0.0,0.0,0.0,1.0,0.0,1.0,0.0
68,105.75,8.898843634758363,5,1.5326086956521738,1,0.21599574392622806,0.10683760683760683,0,1.0,1.0,1.0,1.0,0.0,0.0,1.0,0.0,1.0,0.0,0.0,1.0,0.0,0.0
20,19.7,6.032846384886751,0,0.9380952380952381,0,0.22592658272743393,0.11882229232386961,0,1.0,0.0,0.0,1.0,0.0,0.0,0.0,1.0,1.0,0.0,1.0,0.0,0.0,1.0
19,87.3,7.401414397826217,2,4.365,0,0.3435006206774251,0.4231860559383867,1,1.0,0.0,0.0,1.0,0.0,0.0,1.0,0.0,0.0,0.0,1.0,0.0,1.0,0.0
7,59.1,5.914178453147908,2,7.3875,0,0.3435006206774251,0.11266094420600858,0,0.0,0.0,0.0,1.0,0.0,0.0,0.0,0.0,1.0,0.0,1.0,0.0,1.0,0.0
1,44.55,3.8188106237059674,0,22.275,1,0.21599574392622806,0.42851340373679936,0,0.0,0.0,0.0,1.0,0.0,0.0,0.0,0.0,0.0,0.0,1.0,1.0,0.0,0.0
1,19.45,3.017982882488811,0,9.725,0,0.22592658272743393,0.44104447164422683,0,0.0,1.0,1.0,1.0,0.0,0.0,0.0,1.0,0.0,0.0,0.0,0.0,0.0,1.0
48,60.35,7.971569062107552,3,1.2316326530612245,1,0.21599574392622806,0.11882229232386961,0,0.0,0.0,0.0,1.0,0.0,0.0,0.0,0.0,1.0,0.0,1.0,1.0,0.0,0.0
30,68.95,7.620558017200524,3,2.2241935483870967,1,0.21599574392622806,0.121875,0,0.0,0.0,0.0,1.0,0.0,1.0,0.0,0.0,1.0,0.0,1.0,1.0,0.0,0.0
56,105.35,8.664828405908269,4,1.8482456140350876,0,0.22592658272743393,0.42851340373679936,0,1.0,0.0,0.0,1.0,0.0,1.0,1.0,0.0,0.0,0.0,1.0,0.0,0.0,1.0
40,26.2,6.983326465829211,0,0.6390243902439025,0,0.3435006206774251,0.44104447164422683,0,0.0,1.0,1.0,1.0,0.0,1.0,0.0,1.0,0.0,0.0,1.0,0.0,1.0,0.0
8,45.15,6.08541015995051,0,5.016666666666667,0,0.22592658272743393,0.42851340373679936,0,1.0,0.0,0.0,1.0,0.0,0.0,0.0,0.0,0.0,0.0,1.0,0.0,0.0,1.0
7,101.95,6.553719705980335,3,12.74375,0,0.3435006206774251,0.44104447164422683,1,1.0,1.0,0.0,1.0,0.0,1.0,1.0,0.0,0.0,0.0,1.0,0.0,1.0,0.0
44,20.5,6.763942643616289,0,0.45555555555555555,1,0.21457705266891292,0.11266094420600858,0,1.0,1.0,1.0,1.0,0.0,0.0,0.0,1.0,1.0,0.0,1.0,0.0,0.0,0.0
54,20.4,6.995399788834184,0,0.3709090909090909,1,0.21599574392622806,0.02787769784172662,0,1.0,1.0,1.0,1.0,0.0,0.0,0.0,1.0,0.0,1.0,0.0,1.0,0.0,0.0
64,99.0,8.760421683113714,4,1.523076923076923,1,0.21457705266891292,0.03211009174311927,0,0.0,1.0,0.0,1.0,0.0,0.0,1.0,0.0,0.0,1.0,1.0,0.0,0.0,0.0
29,19.85,6.352716500539821,0,0.6616666666666667,0,0.22592658272743393,0.431938236489232,0,0.0,1.0,0.0,1.0,0.0,0.0,0.0,1.0,0.0,0.0,0.0,0.0,0.0,1.0
33,60.9,7.618177385086264,2,1.7911764705882351,0,0.22592658272743393,0.431938236489232,0,0.0,0.0,0.0,1.0,0.0,1.0,0.0,0.0,0.0,0.0,1.0,0.0,0.0,1.0
62,70.75,8.358068494986478,4,1.123015873015873,1,0.21457705266891292,0.10683760683760683,0,0.0,1.0,1.0,1.0,0.0,0.0,0.0,0.0,1.0,0.0,1.0,0.0,0.0,0.0
14,70.2,6.9541616517962925,0,4.680000000000001,0,0.3435006206774251,0.4231860559383867,0,0.0,1.0,1.0,1.0,0.0,0.0,1.0,0.0,0.0,0.0,0.0,0.0,1.0,0.0
69,97.65,8.81649005033025,4,1.395,1,0.21599574392622806,0.02787769784172662,0,1.0,0.0,0.0,1.0,0.0,1.0,1.0,0.0,0.0,1.0,1.0,1.0,0.0,0.0
1,49.25,3.917010546939185,1,24.625,1,0.21599574392622806,0.44104447164422683,1,1.0,1.0,1.0,1.0,0.0,0.0,0.0,0.0,0.0,0.0,1.0,1.0,0.0,0.0
15,64.85,6.858302395262607,3,4.053125,0,0.22592658272743393,0.11266094420600858,0,1.0,0.0,1.0,1.0,0.0,0.0,0.0,0.0,1.0,0.0,0.0,0.0,0.0,1.0
53,80.6,8.377724206124961,2,1.4925925925925925,0,0.22592658272743393,0.4231860559383867,0,1.0,0.0,0.0,1.0,0.0,0.0,1.0,0.0,0.0,0.0,1.0,0.0,0.0,1.0
6,90.1,6.258242135442253,2,12.87142857142857,0,0.3435006206774251,0.4231860559383867,0,0.0,0.0,0.0,1.0,0.0,1.0,1.0,0.0,0.0,0.0,1.0,0.0,1.0,0.0
20,82.4,7.37359399701373,1,3.923809523809524,0,0.3435006206774251,0.42851340373679936,0,0.0,1.0,0.0,1.0,0.0,1.0,1.0,0.0,0.0,0.0,0.0,0.0,1.0,0.0
14,75.35,6.934348523251658,1,5.0233333333333325,0,0.3435006206774251,0.431938236489232,0,0.0,0.0,0.0,1.0,0.0,0.0,1.0,0.0,0.0,0.0,0.0,0.0,1.0,0.0
57,19.6,7.0346081699780605,0,0.33793103448275863,1,0.21457705266891292,0.02787769784172662,0,0.0,1.0,0.0,1.0,0.0,0.0,0.0,1.0,0.0,1.0,1.0,0.0,0.0,0.0
30,90.25,7.921662619716148,2,2.911290322580645,0,0.3435006206774251,0.44104447164422683,0,1.0,0.0,0.0,1.0,0.0,0.0,1.0,0.0,0.0,0.0,1.0,0.0,1.0,0.0
1,40.2,3.7184382563554808,2,20.1,0,0.3435006206774251,0.44104447164422683,1,1.0,1.0,0.0,0.0,1.0,0.0,0.0,0.0,0.0,0.0,0.0,0.0,1.0,0.0
7,98.05,6.570882962339584,3,12.25625,1,0.21457705266891292,0.431938236489232,0,1.0,0.0,0.0,1.0,0.0,1.0,1.0,0.0,0.0,0.0,1.0,0.0,0.0,0.0
53,84.6,8.400827900284972,5,1.5666666666666667,0,0.3435006206774251,0.11158342189160468,0,0.0,0.0,1.0,1.0,0.0,1.0,0.0,0.0,1.0,0.0,1.0,0.0,1.0,0.0
44,111.5,8.500280982832304,5,2.477777777777778,0,0.3435006206774251,0.42851340373679936,0,1.0,0.0,0.0,1.0,0.0,1.0,1.0,0.0,0.0,0.0,1.0,0.0,1.0,0.0
16,19.7,5.838895948463375,0,1.1588235294117646,0,0.22592658272743393,0.4231860559383867,0,1.0,0.0,0.0,1.0,0.0,0.0,0.0,1.0,0.0,0.0,1.0,0.0,0.0,1.0
1,75.3,4.334672938290411,0,37.65,0,0.3435006206774251,0.4231860559383867,0,1.0,0.0,0.0,1.0,0.0,1.0,1.0,0.0,0.0,0.0,1.0,0.0,1.0,0.0
1,19.3,3.0106208860477417,0,9.65,1,0.21599574392622806,0.431938236489232,0,1.0,0.0,0.0,1.0,0.0,0.0,0.0,1.0,0.0,0.0,0.0,1.0,0.0,0.0
67,26.3,7.432424634568778,0,0.38676470588235295,0,0.22592658272743393,0.027827648114901255,0,1.0,1.0,1.0,1.0,0.0,1.0,0.0,1.0,0.0,1.0,0.0,0.0,0.0,1.0
2,67.75,4.767714115173372,0,22.583333333333332,0,0.3435006206774251,0.44104447164422683,0,1.0,0.0,0.0,1.0,0.0,0.0,1.0,0.0,0.0,0.0,1.0,0.0,1.0,0.0
67,69.9,8.43747876318644,3,1.0279411764705884,1,0.21457705266891292,0.02787769784172662,0,0.0,1.0,1.0,1.0,0.0,1.0,0.0,0.0,0.0,1.0,1.0,0.0,0.0,0.0
23,106.4,7.817826711042375,4,4.433333333333334,0,0.3435006206774251,0.42851340373679936,1,1.0,0.0,0.0,1.0,0.0,1.0,1.0,0.0,0.0,0.0,1.0,0.0,1.0,0.0
8,58.2,6.15326446818114,3,6.466666666666667,1,0.21457705266891292,0.11266094420600858,0,0.0,0.0,0.0,1.0,0.0,0.0,0.0,0.0,1.0,0.0,0.0,0.0,0.0,0.0
72,78.95,8.653671487651899,4,1.0815068493150686,0,0.3435006206774251,0.03211009174311927,0,0.0,1.0,1.0,1.0,0.0,1.0,0.0,0.0,0.0,1.0,1.0,0.0,1.0,0.0
2,70.3,4.893352133481524,3,23.433333333333334,0,0.3435006206774251,0.44104447164422683,0,1.0,0.0,0.0,1.0,0.0,0.0,0.0,0.0,0.0,0.0,0.0,0.0,1.0,0.0
47,90.05,8.3280161896653,3,1.8760416666666666,0,0.3435006206774251,0.44104447164422683,0,1.0,1.0,1.0,1.0,0.0,0.0,1.0,0.0,0.0,0.0,0.0,0.0,1.0,0.0
71,109.3,8.959806353382119,6,1.5180555555555555,1,0.21599574392622806,0.03211009174311927,0,1.0,1.0,1.0,1.0,0.0,0.0,1.0,0.0,0.0,1.0,0.0,1.0,0.0,0.0
56,80.3,8.415082943466459,2,1.4087719298245613,1,0.21457705266891292,0.027827648114901255,0,0.0,1.0,0.0,1.0,0.0,0.0,1.0,0.0,0.0,1.0,0.0,0.0,0.0,0.0
72,92.0,8.775765660721452,6,1.2602739726027397,1,0.21457705266891292,0.02787769784172662,0,0.0,1.0,0.0,1.0,0.0,1.0,0.0,0.0,0.0,1.0,0.0,0.0,0.0,0.0
58,55.5,8.060824186779545,4,0.940677966101695,1,0.21599574392622806,0.027827648114901255,0,0.0,1.0,1.0,0.0,1.0,0.0,0.0,0.0,0.0,1.0,1.0,1.0,0.0,0.0
1,19.55,3.022860940942244,0,9.775,0,0.22592658272743393,0.431938236489232,0,1.0,0.0,0.0,1.0,0.0,0.0,0.0,1.0,0.0,0.0,0.0,0.0,0.0,1.0
59,111.35,8.782744678980025,5,1.8558333333333332,0,0.3435006206774251,0.44104447164422683,0,1.0,0.0,0.0,1.0,0.0,1.0,1.0,0.0,0.0,0.0,1.0,0.0,1.0,0.0
34,97.65,8.073574400675193,2,2.79,0,0.3435006206774251,0.4231860559383867,0,0.0,1.0,0.0,1.0,0.0,1.0,1.0,0.0,0.0,0.0,1.0,0.0,1.0,0.0
30,100.05,8.021962006523603,3,3.22741935483871,0,0.3435006206774251,0.42851340373679936,0,0.0,1.0,1.0,1.0,0.0,1.0,1.0,0.0,0.0,0.0,1.0,0.0,1.0,0.0
25,94.7,7.767729595377388,2,3.6423076923076922,1,0.21457705266891292,0.42984953233021556,0,1.0,0.0,0.0,1.0,0.0,1.0,1.0,0.0,0.0,0.0,1.0,0.0,0.0,0.0
1,20.0,3.044522437723423,0,10.0,0,0.22592658272743393,0.44104447164422683,0,1.0,0.0,0.0,1.0,0.0,0.0,0.0,1.0,0.0,0.0,0.0,0.0,0.0,1.0
31,96.6,7.965180923319997,3,3.01875,1,0.21457705266891292,0.431938236489232,1,1.0,0.0,0.0,1.0,0.0,1.0,1.0,0.0,0.0,0.0,1.0,0.0,0.0,0.0
58,80.65,8.478109268906689,1,1.366949152542373,1,0.21457705266891292,0.44104447164422683,0,1.0,0.0,0.0,1.0,0.0,1.0,1.0,0.0,0.0,0.0,0.0,0.0,0.0,0.0
3,107.95,5.751301990624177,4,26.9875,0,0.22592658272743393,0.42984953233021556,0,1.0,0.0,0.0,1.0,0.0,1.0,1.0,0.0,0.0,0.0,0.0,0.0,0.0,1.0
39,25.2,6.896643774227418,0,0.63,0,0.22592658272743393,0.02787769784172662,0,1.0,1.0,1.0,1.0,0.0,1.0,0.0,1.0,0.0,1.0,0.0,0.0,0.0,1.0
5,20.05,4.570061008874523,0,3.341666666666667,1,0.21599574392622806,0.431938236489232,0,1.0,0.0,0.0,1.0,0.0,0.0,0.0,1.0,0.0,0.0,0.0,1.0,0.0,0.0
4,79.0,5.717521000766714,1,15.8,0,0.3435006206774251,0.44104447164422683,0,0.0,0.0,0.0,1.0,0.0,0.0,1.0,0.0,0.0,0.0,1.0,0.0,1.0,0.0
55,25.65,7.236339342754344,0,0.45803571428571427,1,0.21599574392622806,0.027827648114901255,0,0.0,1.0,1.0,1.0,0.0,1.0,0.0,1.0,0.0,1.0,1.0,1.0,0.0,0.0
32,91.05,7.962938009722911,2,2.759090909090909,0,0.3435006206774251,0.4231860559383867,0,1.0,0.0,0.0,1.0,0.0,0.0,1.0,0.0,0.0,0.0,0.0,0.0,1.0,0.0
57,53.5,8.01855960841561,2,0.9224137931034483,0,0.3435006206774251,0.121875,1,1.0,0.0,0.0,1.0,0.0,0.0,0.0,0.0,1.0,0.0,1.0,0.0,1.0,0.0
70,107.9,8.91956685927668,5,1.519718309859155,0,0.3435006206774251,0.10683760683760683,1,0.0,1.0,1.0,1.0,0.0,1.0,1.0,0.0,1.0,0.0,1.0,0.0,1.0,0.0
61,89.2,8.612794238005627,2,1.4387096774193548,0,0.22592658272743393,0.431938236489232,0,0.0,0.0,0.0,1.0,0.0,1.0,1.0,0.0,0.0,0.0,0.0,0.0,0.0,1.0
28,90.45,7.828137628759546,2,3.1189655172413793,0,0.3435006206774251,0.11882229232386961,0,0.0,1.0,1.0,1.0,0.0,1.0,1.0,0.0,1.0,0.0,1.0,0.0,1.0,0.0
41,106.5,8.36250236573647,5,2.5357142857142856,0,0.3435006206774251,0.431938236489232,0,0.0,0.0,0.0,1.0,0.0,1.0,1.0,0.0,0.0,0.0,1.0,0.0,1.0,0.0
22,78.85,7.378539853210944,1,3.428260869565217,0,0.22592658272743393,0.431938236489232,0,1.0,0.0,0.0,1.0,0.0,1.0,1.0,0.0,0.0,0.0,1.0,0.0,0.0,1.0
33,104.4,8.134643507878813,4,3.070588235294118,0,0.3435006206774251,0.431938236489232,0,0.0,1.0,0.0,1.0,0.0,1.0,1.0,0.0,0.0,0.0,1.0,0.0,1.0,0.0
1,20.85,3.084200921541599,0,10.425,0,0.22592658272743393,0.44104447164422683,1,0.0,1.0,0.0,1.0,0.0,0.0,0.0,1.0,0.0,0.0,1.0,0.0,0.0,1.0
72,115.75,9.041294304632224,6,1.5856164383561644,1,0.21599574392622806,0.03211009174311927,1,0.0,1.0,0.0,1.0,0.0,1.0,1.0,0.0,0.0,1.0,1.0,1.0,0.0,0.0
1,49.0,3.912023005428146,1,24.5,1,0.21599574392622806,0.44104447164422683,0,1.0,0.0,0.0,1.0,0.0,0.0,0.0,0.0,0.0,0.0,0.0,1.0,0.0,0.0
3,79.25,5.593223284089137,1,19.8125,0,0.3435006206774251,0.44104447164422683,0,1.0,0.0,0.0,1.0,0.0,0.0,1.0,0.0,0.0,0.0,0.0,0.0,1.0,0.0
70,64.95,8.423431811601763,3,0.9147887323943662,1,0.21457705266891292,0.11158342189160468,0,1.0,0.0,1.0,1.0,0.0,1.0,0.0,0.0,1.0,0.0,0.0,0.0,0.0,0.0
1,102.45,4.639088404191552,4,51.225,0,0.3435006206774251,0.4231860559383867,0,0.0,1.0,1.0,1.0,0.0,1.0,1.0,0.0,0.0,0.0,1.0,0.0,1.0,0.0
55,19.35,7.051206061387099,0,0.34553571428571433,1,0.21457705266891292,0.027827648114901255,0,1.0,1.0,1.0,1.0,0.0,0.0,0.0,1.0,0.0,1.0,0.0,0.0,0.0,0.0
25,95.15,7.781848070156106,3,3.659615384615385,0,0.3435006206774251,0.44104447164422683,0,0.0,1.0,0.0,1.0,0.0,0.0,1.0,0.0,0.0,0.0,1.0,0.0,1.0,0.0
2,86.25,5.207571753241291,3,28.75,0,0.3435006206774251,0.42984953233021556,0,0.0,0.0,0.0,1.0,0.0,0.0,1.0,0.0,0.0,0.0,1.0,0.0,1.0,0.0
35,59.45,7.6675793178063625,2,1.651388888888889,1,0.21599574392622806,0.4231860559383867,0,0.0,1.0,1.0,1.0,0.0,1.0,0.0,0.0,0.0,0.0,1.0,1.0,0.0,0.0
60,89.9,8.603682765623805,2,1.4737704918032788,1,0.21457705266891292,0.42851340373679936,0,1.0,0.0,0.0,1.0,0.0,1.0,1.0,0.0,0.0,0.0,1.0,0.0,0.0,0.0
23,68.75,7.4327500446623205,4,2.8645833333333335,1,0.21457705266891292,0.121875,0,0.0,1.0,0.0,1.0,0.0,0.0,0.0,0.0,1.0,0.0,1.0,0.0,0.0,0.0
72,89.7,8.793301040214356,2,1.2287671232876713,0,0.3435006206774251,0.11158342189160468,0,1.0,1.0,1.0,1.0,0.0,1.0,1.0,0.0,1.0,0.0,1.0,0.0,1.0,0.0
2,18.75,3.9917579734469997,0,6.25,1,0.21457705266891292,0.42851340373679936,0,0.0,0.0,0.0,1.0,0.0,0.0,0.0,1.0,0.0,0.0,0.0,0.0,0.0,0.0
52,59.85,8.040527419296952,2,1.129245283018868,1,0.21457705266891292,0.03211009174311927,1,0.0,0.0,0.0,1.0,0.0,1.0,0.0,0.0,0.0,1.0,0.0,0.0,0.0,0.0
56,60.25,8.096741340999749,3,1.0570175438596492,1,0.21599574392622806,0.11266094420600858,0,0.0,0.0,0.0,1.0,0.0,0.0,0.0,0.0,1.0,0.0,1.0,1.0,0.0,0.0
43,107.55,8.419558311589467,4,2.444318181818182,0,0.3435006206774251,0.10683760683760683,1,0.0,1.0,0.0,1.0,0.0,1.0,1.0,0.0,1.0,0.0,1.0,0.0,1.0,0.0
22,20.15,6.071891796220597,0,0.8760869565217391,1,0.21599574392622806,0.431938236489232,0,1.0,0.0,1.0,1.0,0.0,0.0,0.0,1.0,0.0,0.0,0.0,1.0,0.0,0.0
3,73.85,5.285232126999381,1,18.4625,0,0.3435006206774251,0.431938236489232,1,0.0,0.0,0.0,1.0,0.0,0.0,1.0,0.0,0.0,0.0,0.0,0.0,1.0,0.0
40,20.15,6.657176294481858,0,0.49146341463414633,1,0.21457705266891292,0.027827648114901255,0,0.0,1.0,1.0,1.0,0.0,0.0,0.0,1.0,0.0,1.0,0.0,0.0,0.0,0.0
20,39.4,6.717078917805429,3,1.8761904761904762,1,0.21599574392622806,0.02787769784172662,0,1.0,1.0,1.0,0.0,1.0,0.0,0.0,0.0,0.0,1.0,1.0,1.0,0.0,0.0
13,44.0,6.492769997489813,0,3.142857142857143,0,0.22592658272743393,0.431938236489232,0,1.0,0.0,1.0,1.0,0.0,0.0,0.0,0.0,0.0,0.0,0.0,0.0,0.0,1.0
40,50.25,7.613102732623401,1,1.225609756097561,0,0.22592658272743393,0.11266094420600858,0,0.0,0.0,0.0,1.0,0.0,0.0,0.0,0.0,1.0,0.0,1.0,0.0,0.0,1.0
32,100.4,8.076717295968262,3,3.0424242424242425,0,0.3435006206774251,0.4231860559383867,1,0.0,1.0,1.0,1.0,0.0,1.0,1.0,0.0,0.0,0.0,1.0,0.0,1.0,0.0
50,39.45,7.612015480545652,2,0.7735294117647059,1,0.21599574392622806,0.4231860559383867,0,1.0,1.0,1.0,0.0,1.0,0.0,0.0,0.0,0.0,0.0,1.0,1.0,0.0,0.0
48,103.85,8.50654671831227,4,2.1193877551020406,0,0.3435006206774251,0.44104447164422683,0,0.0,0.0,0.0,1.0,0.0,1.0,1.0,0.0,0.0,0.0,1.0,0.0,1.0,0.0
30,95.0,7.956266544680714,4,3.064516129032258,1,0.21599574392622806,0.42984953233021556,0,1.0,0.0,0.0,1.0,0.0,1.0,1.0,0.0,0.0,0.0,1.0,1.0,0.0,0.0
1,20.15,3.0516399054922867,0,10.075,0,0.22592658272743393,0.4231860559383867,0,0.0,0.0,0.0,1.0,0.0,0.0,0.0,1.0,0.0,0.0,1.0,0.0,0.0,1.0
1,74.9,4.3294166844015844,0,37.45,0,0.3435006206774251,0.42851340373679936,0,1.0,0.0,0.0,1.0,0.0,1.0,1.0,0.0,0.0,0.0,1.0,0.0,1.0,0.0
61,98.3,8.710710178193091,4,1.585483870967742,0,0.22592658272743393,0.121875,1,1.0,1.0,0.0,1.0,0.0,1.0,1.0,0.0,1.0,0.0,1.0,0.0,0.0,1.0
50,19.4,6.932399109894897,0,0.3803921568627451,1,0.21599574392622806,0.024346257889990983,0,0.0,0.0,0.0,1.0,0.0,0.0,0.0,1.0,0.0,1.0,0.0,1.0,0.0,0.0
72,48.9,8.168486417126681,4,0.6698630136986301,0,0.22592658272743393,0.02787769784172662,0,1.0,1.0,1.0,0.0,1.0,0.0,0.0,0.0,0.0,1.0,0.0,0.0,0.0,1.0
5,89.15,6.026469656306673,2,14.858333333333334,0,0.3435006206774251,0.4231860559383867,0,1.0,1.0,0.0,1.0,0.0,1.0,1.0,0.0,0.0,0.0,1.0,0.0,1.0,0.0
22,20.3,6.1487887573848985,0,0.8826086956521739,1,0.21599574392622806,0.11158342189160468,0,1.0,0.0,0.0,1.0,0.0,0.0,0.0,1.0,1.0,0.0,0.0,1.0,0.0,0.0
51,20.45,6.950479463191916,0,0.39326923076923076,0,0.22592658272743393,0.02787769784172662,0,1.0,0.0,0.0,1.0,0.0,0.0,0.0,1.0,0.0,1.0,0.0,0.0,0.0,1.0
67,105.65,8.812679729642257,4,1.5536764705882353,1,0.21457705266891292,0.02787769784172662,0,0.0,1.0,1.0,1.0,0.0,1.0,1.0,0.0,0.0,1.0,1.0,0.0,0.0,0.0
72,19.4,7.218360106066341,0,0.2657534246575342,1,0.21599574392622806,0.03211009174311927,0,1.0,1.0,1.0,1.0,0.0,0.0,0.0,1.0,0.0,1.0,0.0,1.0,0.0,0.0
44,20.4,6.809646185871817,0,0.4533333333333333,1,0.21599574392622806,0.02787769784172662,0,1.0,0.0,0.0,1.0,0.0,0.0,0.0,1.0,0.0,1.0,0.0,1.0,0.0,0.0
31,90.55,7.9830136419519375,3,2.8296875,1,0.21599574392622806,0.44104447164422683,0,1.0,1.0,0.0,1.0,0.0,1.0,1.0,0.0,0.0,0.0,1.0,1.0,0.0,0.0
15,20.05,5.653541258219454,0,1.253125,0,0.22592658272743393,0.42851340373679936,0,0.0,1.0,1.0,1.0,0.0,0.0,0.0,1.0,0.0,0.0,0.0,0.0,0.0,1.0
2,80.95,5.148366189784533,1,26.983333333333334,0,0.3435006206774251,0.42984953233021556,0,1.0,0.0,0.0,1.0,0.0,0.0,1.0,0.0,0.0,0.0,1.0,0.0,1.0,0.0
5,74.35,5.81651574464344,0,12.391666666666666,0,0.3435006206774251,0.4231860559383867,1,0.0,1.0,0.0,1.0,0.0,1.0,1.0,0.0,0.0,0.0,1.0,0.0,1.0,0.0
41,51.35,7.638246412682504,3,1.2226190476190477,0,0.3435006206774251,0.11158342189160468,0,1.0,0.0,0.0,0.0,1.0,0.0,0.0,0.0,1.0,0.0,1.0,0.0,1.0,0.0
69,20.55,7.247151807120597,0,0.2935714285714286,1,0.21599574392622806,0.11266094420600858,0,1.0,1.0,1.0,1.0,0.0,0.0,0.0,1.0,1.0,0.0,1.0,1.0,0.0,0.0
15,89.0,7.1618547144167914,2,5.5625,1,0.21599574392622806,0.42984953233021556,1,0.0,0.0,0.0,1.0,0.0,1.0,1.0,0.0,0.0,0.0,0.0,1.0,0.0,0.0
35,102.35,8.196188709898143,4,2.8430555555555554,1,0.21457705266891292,0.121875,0,1.0,0.0,0.0,1.0,0.0,0.0,1.0,0.0,1.0,0.0,1.0,0.0,0.0,0.0
38,62.3,7.764635651524684,3,1.5974358974358973,0,0.22592658272743393,0.10683760683760683,0,1.0,0.0,0.0,1.0,0.0,0.0,0.0,0.0,1.0,0.0,1.0,0.0,0.0,1.0
17,64.7,6.9976873864827445,2,3.5944444444444446,0,0.22592658272743393,0.431938236489232,0,0.0,0.0,1.0,1.0,0.0,0.0,0.0,0.0,0.0,0.0,1.0,0.0,0.0,1.0
70,45.25,8.091152857634613,2,0.6373239436619719,0,0.3435006206774251,0.11158342189160468,1,1.0,0.0,0.0,0.0,1.0,0.0,0.0,0.0,1.0,0.0,1.0,0.0,1.0,0.0
66,25.7,7.447489007895335,0,0.38358208955223877,1,0.21599574392622806,0.11158342189160468,0,1.0,1.0,1.0,1.0,0.0,1.0,0.0,1.0,1.0,0.0,1.0,1.0,0.0,0.0
4,72.75,5.7644070964726355,1,14.55,0,0.3435006206774251,0.42984953233021556,1,0.0,0.0,0.0,1.0,0.0,0.0,1.0,0.0,0.0,0.0,0.0,0.0,1.0,0.0
60,84.95,8.514359179395104,5,1.3926229508196721,0,0.3435006206774251,0.02787769784172662,0,1.0,0.0,1.0,1.0,0.0,1.0,0.0,0.0,0.0,1.0,1.0,0.0,1.0,0.0
67,105.4,8.858880377946525,5,1.55,1,0.21599574392622806,0.11266094420600858,1,0.0,1.0,0.0,1.0,0.0,1.0,1.0,0.0,1.0,0.0,1.0,1.0,0.0,0.0
49,56.3,7.930781580693652,4,1.126,1,0.21599574392622806,0.11158342189160468,0,0.0,1.0,0.0,0.0,1.0,0.0,0.0,0.0,1.0,0.0,1.0,1.0,0.0,0.0
2,81.5,5.097118753984393,1,27.166666666666668,0,0.22592658272743393,0.431938236489232,1,0.0,0.0,0.0,1.0,0.0,0.0,1.0,0.0,0.0,0.0,0.0,0.0,0.0,1.0
1,79.5,4.388257184424518,1,39.75,0,0.3435006206774251,0.42851340373679936,0,1.0,0.0,0.0,1.0,0.0,0.0,1.0,0.0,0.0,0.0,1.0,0.0,1.0,0.0
29,45.9,7.19548735018396,2,1.53,0,0.3435006206774251,0.42851340373679936,0,1.0,1.0,0.0,0.0,1.0,0.0,0.0,0.0,0.0,0.0,1.0,0.0,1.0,0.0
53,53.6,7.965615015163282,5,0.9925925925925926,0,0.3435006206774251,0.11882229232386961,0,0.0,0.0,0.0,0.0,1.0,0.0,0.0,0.0,1.0,0.0,1.0,0.0,1.0,0.0
35,70.55,7.791522819150732,0,1.9597222222222221,0,0.3435006206774251,0.4231860559383867,1,0.0,0.0,0.0,1.0,0.0,0.0,1.0,0.0,0.0,0.0,0.0,0.0,1.0,0.0
50,70.8,8.154543290060365,4,1.388235294117647,1,0.21599574392622806,0.11158342189160468,0,0.0,0.0,1.0,1.0,0.0,0.0,0.0,0.0,1.0,0.0,1.0,1.0,0.0,0.0
60,115.25,8.818696804780283,6,1.889344262295082,1,0.21599574392622806,0.03211009174311927,0,0.0,1.0,1.0,1.0,0.0,1.0,1.0,0.0,0.0,1.0,0.0,1.0,0.0,0.0
31,86.55,7.90041428374744,1,2.7046875,1,0.21599574392622806,0.44104447164422683,0,0.0,0.0,1.0,1.0,0.0,1.0,1.0,0.0,0.0,0.0,1.0,1.0,0.0,0.0
27,24.5,6.637192498337745,0,0.875,0,0.3435006206774251,0.024346257889990983,0,0.0,1.0,1.0,1.0,0.0,1.0,0.0,1.0,0.0,1.0,0.0,0.0,1.0,0.0
45,100.3,8.408482626158737,4,2.1804347826086956,0,0.3435006206774251,0.11882229232386961,0,0.0,0.0,0.0,1.0,0.0,0.0,1.0,0.0,1.0,0.0,1.0,0.0,1.0,0.0
71,116.05,9.023830054560774,6,1.6118055555555555,1,0.21457705266891292,0.027827648114901255,0,1.0,1.0,1.0,1.0,0.0,1.0,1.0,0.0,0.0,1.0,1.0,0.0,0.0,0.0
1,44.7,3.822098297900159,0,22.35,1,0.21599574392622806,0.431938236489232,0,1.0,1.0,0.0,1.0,0.0,0.0,0.0,0.0,0.0,0.0,0.0,1.0,0.0,0.0
39,50.75,7.607083318617163,3,1.26875,0,0.3435006206774251,0.42851340373679936,0,0.0,0.0,0.0,0.0,1.0,0.0,0.0,0.0,0.0,0.0,1.0,0.0,1.0,0.0
11,35.65,6.054674060505866,2,2.970833333333333,0,0.3435006206774251,0.44104447164422683,0,1.0,0.0,0.0,0.0,1.0,0.0,0.0,0.0,0.0,0.0,1.0,0.0,1.0,0.0
12,80.85,6.765557873272337,2,6.2192307692307685,1,0.21457705266891292,0.4231860559383867,0,1.0,1.0,0.0,1.0,0.0,0.0,1.0,0.0,0.0,0.0,0.0,0.0,0.0,0.0
14,105.95,7.207785794614781,5,7.0633333333333335,0,0.22592658272743393,0.10683760683760683,0,0.0,1.0,0.0,1.0,0.0,0.0,1.0,0.0,1.0,0.0,0.0,0.0,0.0,1.0
35,96.75,8.132823991602805,4,2.6875,0,0.22592658272743393,0.4231860559383867,0,1.0,0.0,0.0,1.0,0.0,1.0,1.0,0.0,0.0,0.0,1.0,0.0,0.0,1.0
72,116.4,9.053013821071527,6,1.5945205479452056,1,0.21599574392622806,0.024346257889990983,0,0.0,1.0,1.0,1.0,0.0,1.0,1.0,0.0,0.0,1.0,1.0,1.0,0.0,0.0
6,50.35,5.754317148030249,0,7.192857142857143,0,0.3435006206774251,0.42851340373679936,0,0.0,1.0,0.0,1.0,0.0,1.0,0.0,0.0,0.0,0.0,0.0,0.0,1.0,0.0
1,49.55,3.9229629454664803,1,24.775,0,0.3435006206774251,0.431938236489232,1,0.0,1.0,0.0,1.0,0.0,0.0,0.0,0.0,0.0,0.0,1.0,0.0,1.0,0.0
5,20.65,4.549128795104466,0,3.4416666666666664,1,0.21457705266891292,0.42984953233021556,0,1.0,0.0,0.0,1.0,0.0,0.0,0.0,1.0,0.0,0.0,0.0,0.0,0.0,0.0
27,83.85,7.745522149152025,5,2.994642857142857,0,0.3435006206774251,0.4231860559383867,1,0.0,1.0,0.0,1.0,0.0,1.0,0.0,0.0,0.0,0.0,0.0,0.0,1.0,0.0
7,69.0,6.2302845778072,0,8.625,0,0.3435006206774251,0.4231860559383867,0,0.0,1.0,1.0,1.0,0.0,0.0,1.0,0.0,0.0,0.0,1.0,0.0,1.0,0.0
4,50.4,5.335613151291733,0,10.08,0,0.22592658272743393,0.431938236489232,0,1.0,0.0,0.0,1.0,0.0,1.0,0.0,0.0,0.0,0.0,0.0,0.0,0.0,1.0
4,89.6,5.904407714539809,2,17.919999999999998,0,0.22592658272743393,0.4231860559383867,0,0.0,0.0,1.0,1.0,0.0,1.0,1.0,0.0,0.0,0.0,0.0,0.0,0.0,1.0
45,75.15,8.155175428577213,4,1.6336956521739132,1,0.21599574392622806,0.021602160216021602,1,1.0,1.0,0.0,1.0,0.0,1.0,0.0,0.0,0.0,1.0,0.0,1.0,0.0,0.0
11,66.35,6.60907966505549,2,5.529166666666666,0,0.3435006206774251,0.42851340373679936,0,0.0,1.0,1.0,1.0,0.0,1.0,0.0,0.0,0.0,0.0,1.0,0.0,1.0,0.0
2,85.55,5.238832719713145,1,28.516666666666666,0,0.3435006206774251,0.42851340373679936,1,0.0,0.0,0.0,1.0,0.0,1.0,1.0,0.0,0.0,0.0,1.0,0.0,1.0,0.0
65,82.5,8.559505275201854,5,1.25,1,0.21457705266891292,0.03211009174311927,0,0.0,1.0,1.0,1.0,0.0,1.0,0.0,0.0,0.0,1.0,1.0,0.0,0.0,0.0
66,25.3,7.423449034144988,0,0.3776119402985075,1,0.21599574392622806,0.027827648114901255,0,1.0,0.0,1.0,1.0,0.0,1.0,0.0,1.0,0.0,1.0,1.0,1.0,0.0,0.0
53,73.8,8.29526140561755,1,1.3666666666666667,1,0.21599574392622806,0.431938236489232,1,0.0,0.0,0.0,1.0,0.0,0.0,1.0,0.0,0.0,0.0,1.0,1.0,0.0,0.0
39,80.0,8.065877843323385,5,2.0,1,0.21599574392622806,0.10683760683760683,0,1.0,1.0,1.0,1.0,0.0,0.0,0.0,0.0,1.0,0.0,0.0,1.0,0.0,0.0
14,55.5,6.644505622670941,1,3.7,1,0.21599574392622806,0.431938236489232,0,1.0,0.0,0.0,1.0,0.0,1.0,0.0,0.0,0.0,0.0,1.0,1.0,0.0,0.0
1,43.3,3.7909846770510898,3,21.65,0,0.3435006206774251,0.42851340373679936,1,1.0,0.0,0.0,0.0,1.0,0.0,0.0,0.0,0.0,0.0,1.0,0.0,1.0,0.0
16,20.6,5.802873377300432,0,1.211764705882353,1,0.21599574392622806,0.42984953233021556,0,1.0,0.0,0.0,1.0,0.0,0.0,0.0,1.0,0.0,0.0,1.0,1.0,0.0,0.0
1,45.1,3.8308129500026027,0,22.55,0,0.22592658272743393,0.44104447164422683,1,0.0,0.0,0.0,1.0,0.0,0.0,0.0,0.0,0.0,0.0,0.0,0.0,0.0,1.0
72,108.4,8.957800192769458,5,1.4849315068493152,1,0.21599574392622806,0.02787769784172662,0,1.0,1.0,1.0,1.0,0.0,1.0,1.0,0.0,0.0,1.0,1.0,1.0,0.0,0.0
30,104.1,8.046261131311923,4,3.358064516129032,0,0.3435006206774251,0.42851340373679936,1,0.0,0.0,0.0,1.0,0.0,1.0,1.0,0.0,0.0,0.0,1.0,0.0,1.0,0.0
12,85.15,6.887603590771284,2,6.550000000000001,1,0.21599574392622806,0.10683760683760683,0,0.0,0.0,0.0,1.0,0.0,0.0,1.0,0.0,1.0,0.0,1.0,1.0,0.0,0.0
9,20.35,5.258016069774511,0,2.035,0,0.22592658272743393,0.024346257889990983,0,0.0,1.0,1.0,1.0,0.0,0.0,0.0,1.0,0.0,1.0,0.0,0.0,0.0,1.0
33,24.5,6.608405401662674,0,0.7205882352941176,0,0.22592658272743393,0.02787769784172662,0,0.0,1.0,1.0,1.0,0.0,1.0,0.0,1.0,0.0,1.0,1.0,0.0,0.0,1.0
72,106.1,8.943558363632143,5,1.4534246575342464,1,0.21599574392622806,0.027827648114901255,0,0.0,1.0,1.0,1.0,0.0,1.0,1.0,0.0,0.0,1.0,0.0,1.0,0.0,0.0
1,19.65,3.027715319407042,0,9.825,0,0.22592658272743393,0.44104447164422683,0,0.0,0.0,0.0,1.0,0.0,0.0,0.0,1.0,0.0,0.0,0.0,0.0,0.0,1.0
32,104.9,8.11747652928772,4,3.178787878787879,0,0.3435006206774251,0.431938236489232,1,1.0,1.0,0.0,1.0,0.0,1.0,1.0,0.0,0.0,0.0,1.0,0.0,1.0,0.0
60,20.15,7.082464602773951,0,0.330327868852459,0,0.22592658272743393,0.02787769784172662,0,1.0,0.0,1.0,1.0,0.0,0.0,0.0,1.0,0.0,1.0,0.0,0.0,0.0,1.0
24,39.1,6.879664398815612,2,1.564,1,0.21457705266891292,0.42851340373679936,1,1.0,1.0,0.0,0.0,1.0,0.0,0.0,0.0,0.0,0.0,0.0,0.0,0.0,0.0
0,80.85,0.0,5,80.85,0,0.22592658272743393,0.024346257889990983,0,0.0,1.0,1.0,1.0,0.0,0.0,0.0,0.0,0.0,1.0,0.0,0.0,0.0,1.0
8,101.35,6.6612151498615315,3,11.261111111111111,0,0.3435006206774251,0.44104447164422683,1,0.0,0.0,0.0,1.0,0.0,1.0,1.0,0.0,0.0,0.0,0.0,0.0,1.0,0.0
8,20.25,5.0711030408633455,0,2.25,0,0.22592658272743393,0.4231860559383867,0,1.0,1.0,0.0,1.0,0.0,0.0,0.0,1.0,0.0,0.0,0.0,0.0,0.0,1.0
67,111.05,8.898645622392184,6,1.6330882352941176,0,0.3435006206774251,0.024346257889990983,0,1.0,1.0,0.0,1.0,0.0,0.0,1.0,0.0,0.0,1.0,1.0,0.0,1.0,0.0
72,117.15,9.051403255414964,6,1.6047945205479452,1,0.21599574392622806,0.02787769784172662,0,0.0,1.0,0.0,1.0,0.0,1.0,1.0,0.0,0.0,1.0,1.0,1.0,0.0,0.0
1,20.5,3.068052935133617,0,10.25,0,0.22592658272743393,0.42851340373679936,0,0.0,1.0,1.0,1.0,0.0,0.0,0.0,1.0,0.0,0.0,1.0,0.0,0.0,1.0
28,59.55,7.4069839169024645,2,2.0534482758620687,1,0.21457705266891292,0.42984953233021556,0,0.0,0.0,0.0,1.0,0.0,0.0,0.0,0.0,0.0,0.0,1.0,0.0,0.0,0.0
54,89.4,8.49095188021101,2,1.6254545454545455,1,0.21599574392622806,0.42851340373679936,0,1.0,0.0,0.0,1.0,0.0,1.0,1.0,0.0,0.0,0.0,0.0,1.0,0.0,0.0
11,75.25,6.790828126952845,0,6.270833333333333,0,0.3435006206774251,0.42984953233021556,0,0.0,0.0,0.0,1.0,0.0,1.0,1.0,0.0,0.0,0.0,0.0,0.0,1.0,0.0
14,55.0,6.650214363442343,4,3.6666666666666665,0,0.3435006206774251,0.431938236489232,0,1.0,0.0,0.0,0.0,1.0,0.0,0.0,0.0,0.0,0.0,1.0,0.0,1.0,0.0
11,65.15,6.585274700987661,2,5.429166666666667,1,0.21457705266891292,0.42984953233021556,0,1.0,1.0,1.0,1.0,0.0,1.0,0.0,0.0,0.0,0.0,1.0,0.0,0.0,0.0
13,98.15,7.115785192486299,3,7.010714285714286,0,0.22592658272743393,0.44104447164422683,0,1.0,0.0,0.0,1.0,0.0,1.0,1.0,0.0,0.0,0.0,0.0,0.0,0.0,1.0
28,106.1,7.954512712107969,4,3.658620689655172,0,0.3435006206774251,0.11266094420600858,0,1.0,1.0,1.0,1.0,0.0,1.0,1.0,0.0,1.0,0.0,0.0,0.0,1.0,0.0
37,65.6,7.747078569699684,4,1.726315789473684,1,0.21457705266891292,0.027827648114901255,0,1.0,0.0,0.0,1.0,0.0,0.0,0.0,0.0,0.0,1.0,0.0,0.0,0.0,0.0
60,50.8,8.015789706229151,3,0.8327868852459016,0,0.3435006206774251,0.44104447164422683,0,0.0,0.0,0.0,0.0,1.0,0.0,0.0,0.0,0.0,0.0,1.0,0.0,1.0,0.0
70,19.55,7.288278576786092,0,0.27535211267605636,0,0.3435006206774251,0.024346257889990983,1,0.0,1.0,0.0,1.0,0.0,0.0,0.0,1.0,0.0,1.0,1.0,0.0,1.0,0.0
12,106.7,7.134811167116262,4,8.207692307692309,0,0.3435006206774251,0.431938236489232,0,1.0,0.0,0.0,1.0,0.0,1.0,1.0,0.0,0.0,0.0,1.0,0.0,1.0,0.0
69,39.1,7.930386046627619,3,0.5585714285714286,0,0.22592658272743393,0.024346257889990983,0,1.0,1.0,1.0,0.0,1.0,0.0,0.0,0.0,0.0,1.0,0.0,0.0,0.0,1.0
71,24.45,7.428095495116713,0,0.33958333333333335,1,0.21599574392622806,0.02787769784172662,0,0.0,1.0,0.0,1.0,0.0,1.0,0.0,1.0,0.0,1.0,1.0,1.0,0.0,0.0
36,34.85,7.145353851265932,2,0.9418918918918919,1,0.21457705266891292,0.42851340373679936,0,0.0,0.0,0.0,0.0,1.0,0.0,0.0,0.0,0.0,0.0,1.0,0.0,0.0,0.0
1,85.45,4.4595662121293,1,42.725,0,0.22592658272743393,0.42851340373679936,0,0.0,0.0,0.0,1.0,0.0,1.0,1.0,0.0,0.0,0.0,1.0,0.0,0.0,1.0
20,98.55,7.519583938364494,3,4.692857142857143,0,0.3435006206774251,0.42984953233021556,1,1.0,0.0,0.0,1.0,0.0,1.0,1.0,0.0,0.0,0.0,1.0,0.0,1.0,0.0
4,69.55,5.655642099328266,0,13.91,0,0.22592658272743393,0.431938236489232,0,1.0,1.0,1.0,1.0,0.0,0.0,1.0,0.0,0.0,0.0,1.0,0.0,0.0,1.0
30,83.55,7.852127994983248,2,2.6951612903225803,1,0.21457705266891292,0.4231860559383867,0,1.0,1.0,1.0,1.0,0.0,1.0,1.0,0.0,0.0,0.0,1.0,0.0,0.0,0.0
20,20.65,6.03667688992953,0,0.9833333333333333,0,0.22592658272743393,0.10683760683760683,0,1.0,1.0,0.0,1.0,0.0,0.0,0.0,1.0,1.0,0.0,0.0,0.0,0.0,1.0
22,101.35,7.748503163607648,3,4.406521739130435,1,0.21457705266891292,0.431938236489232,0,1.0,0.0,0.0,1.0,0.0,1.0,1.0,0.0,0.0,0.0,1.0,0.0,0.0,0.0
57,107.95,8.694644574811246,4,1.861206896551724,0,0.3435006206774251,0.027827648114901255,0,1.0,1.0,0.0,1.0,0.0,1.0,1.0,0.0,0.0,1.0,0.0,0.0,1.0,0.0
16,84.95,7.22929515215254,1,4.997058823529412,0,0.3435006206774251,0.42851340373679936,0,0.0,1.0,0.0,1.0,0.0,1.0,1.0,0.0,0.0,0.0,1.0,0.0,1.0,0.0
56,106.8,8.68531439880905,4,1.8736842105263158,0,0.3435006206774251,0.11882229232386961,0,0.0,0.0,0.0,1.0,0.0,1.0,1.0,0.0,1.0,0.0,1.0,0.0,1.0,0.0
1,20.15,3.0516399054922867,0,10.075,0,0.22592658272743393,0.44104447164422683,0,0.0,0.0,0.0,1.0,0.0,0.0,0.0,1.0,0.0,0.0,0.0,0.0,0.0,1.0
40,74.55,8.01193537195371,3,1.818292682926829,0,0.3435006206774251,0.44104447164422683,0,1.0,1.0,1.0,1.0,0.0,1.0,0.0,0.0,0.0,0.0,1.0,0.0,1.0,0.0
48,65.65,8.037753179223479,3,1.3397959183673471,0,0.3435006206774251,0.11266094420600858,0,0.0,1.0,0.0,1.0,0.0,0.0,0.0,0.0,1.0,0.0,1.0,0.0,1.0,0.0
20,50.0,6.911797099808469,1,2.380952380952381,0,0.22592658272743393,0.431938236489232,0,1.0,0.0,0.0,1.0,0.0,0.0,0.0,0.0,0.0,0.0,0.0,0.0,0.0,1.0
63,102.6,8.747947705731782,3,1.603125,0,0.3435006206774251,0.03211009174311927,0,1.0,1.0,0.0,1.0,0.0,1.0,1.0,0.0,0.0,1.0,0.0,0.0,1.0,0.0
33,44.55,7.288654433145052,0,1.3102941176470588,1,0.21599574392622806,0.42851340373679936,0,1.0,1.0,0.0,1.0,0.0,0.0,0.0,0.0,0.0,0.0,1.0,1.0,0.0,0.0
38,20.15,6.602452197772954,0,0.5166666666666666,0,0.22592658272743393,0.027827648114901255,1,0.0,0.0,0.0,1.0,0.0,0.0,0.0,1.0,0.0,1.0,0.0,0.0,0.0,1.0
57,84.5,8.485991440272972,5,1.456896551724138,0,0.3435006206774251,0.03211009174311927,0,0.0,1.0,1.0,1.0,0.0,1.0,0.0,0.0,0.0,1.0,1.0,0.0,1.0,0.0
42,20.25,6.752153546887564,0,0.47093023255813954,0,0.22592658272743393,0.10683760683760683,0,1.0,1.0,1.0,1.0,0.0,0.0,0.0,1.0,1.0,0.0,0.0,0.0,0.0,1.0
1,45.3,3.835141961092188,0,22.65,0,0.22592658272743393,0.42984953233021556,0,0.0,0.0,0.0,1.0,0.0,0.0,0.0,0.0,0.0,0.0,0.0,0.0,0.0,1.0
23,54.15,7.180412542165808,2,2.25625,0,0.3435006206774251,0.431938236489232,0,1.0,0.0,1.0,1.0,0.0,0.0,0.0,0.0,0.0,0.0,0.0,0.0,1.0,0.0
26,19.4,6.266346293826606,0,0.7185185185185184,0,0.22592658272743393,0.10683760683760683,0,1.0,0.0,0.0,1.0,0.0,0.0,0.0,1.0,1.0,0.0,0.0,0.0,0.0,1.0
1,55.25,4.029806041084529,1,27.625,0,0.3435006206774251,0.431938236489232,0,1.0,0.0,0.0,1.0,0.0,0.0,0.0,0.0,0.0,0.0,1.0,0.0,1.0,0.0
72,109.65,8.97224179971323,5,1.502054794520548,0,0.3435006206774251,0.03211009174311927,0,1.0,1.0,0.0,1.0,0.0,1.0,1.0,0.0,0.0,1.0,1.0,0.0,1.0,0.0
65,107.45,8.86057010721098,4,1.6280303030303032,0,0.3435006206774251,0.11266094420600858,1,0.0,1.0,1.0,1.0,0.0,1.0,1.0,0.0,1.0,0.0,1.0,0.0,1.0,0.0
72,110.9,8.977619857598377,5,1.5191780821917809,1,0.21599574392622806,0.02787769784172662,0,1.0,1.0,1.0,1.0,0.0,1.0,1.0,0.0,0.0,1.0,0.0,1.0,0.0,0.0
27,20.05,6.316984165039059,0,0.7160714285714286,1,0.21599574392622806,0.11882229232386961,0,1.0,0.0,1.0,1.0,0.0,0.0,0.0,1.0,1.0,0.0,0.0,1.0,0.0,0.0
59,106.15,8.741488079687615,4,1.7691666666666668,0,0.3435006206774251,0.121875,0,0.0,1.0,1.0,1.0,0.0,1.0,1.0,0.0,1.0,0.0,1.0,0.0,1.0,0.0
72,116.95,9.05898245541934,6,1.6020547945205479,1,0.21599574392622806,0.03211009174311927,0,1.0,1.0,0.0,1.0,0.0,1.0,1.0,0.0,0.0,1.0,1.0,1.0,0.0,0.0
67,105.6,8.869700462659624,4,1.552941176470588,0,0.3435006206774251,0.10683760683760683,1,0.0,1.0,0.0,1.0,0.0,1.0,1.0,0.0,1.0,0.0,1.0,0.0,1.0,0.0
71,73.35,8.547819384957998,4,1.0187499999999998,1,0.21599574392622806,0.02787769784172662,0,1.0,1.0,1.0,1.0,0.0,0.0,0.0,0.0,0.0,1.0,1.0,1.0,0.0,0.0
17,106.65,7.422433472063617,5,5.925000000000001,1,0.21457705266891292,0.431938236489232,0,1.0,0.0,0.0,1.0,0.0,1.0,1.0,0.0,0.0,0.0,1.0,0.0,0.0,0.0
1,19.9,3.039749158970765,0,9.95,0,0.22592658272743393,0.42851340373679936,0,0.0,0.0,0.0,1.0,0.0,0.0,0.0,1.0,0.0,0.0,0.0,0.0,0.0,1.0
1,25.7,3.2846635654062037,0,12.85,0,0.22592658272743393,0.431938236489232,1,0.0,0.0,0.0,0.0,1.0,0.0,0.0,0.0,0.0,0.0,1.0,0.0,0.0,1.0
26,44.65,7.0540609815717215,3,1.6537037037037037,1,0.21457705266891292,0.4231860559383867,0,1.0,0.0,0.0,0.0,1.0,0.0,0.0,0.0,0.0,0.0,1.0,0.0,0.0,0.0
66,84.0,8.65089331980408,5,1.2537313432835822,0,0.22592658272743393,0.024346257889990983,0,1.0,1.0,1.0,1.0,0.0,1.0,0.0,0.0,0.0,1.0,1.0,0.0,0.0,1.0
67,94.1,8.748907905146114,3,1.3838235294117647,1,0.21599574392622806,0.027827648114901255,0,0.0,1.0,1.0,1.0,0.0,1.0,1.0,0.0,0.0,1.0,0.0,1.0,0.0,0.0
28,54.3,7.344266755495627,2,1.8724137931034481,0,0.22592658272743393,0.11266094420600858,0,0.0,0.0,0.0,1.0,0.0,0.0,0.0,0.0,1.0,0.0,0.0,0.0,0.0,1.0
40,103.75,8.340312804571665,4,2.5304878048780486,1,0.21599574392622806,0.10683760683760683,1,0.0,0.0,0.0,1.0,0.0,1.0,1.0,0.0,1.0,0.0,1.0,1.0,0.0,0.0
47,26.9,7.132377736175746,0,0.5604166666666667,0,0.3435006206774251,0.121875,0,0.0,1.0,0.0,1.0,0.0,1.0,0.0,1.0,1.0,0.0,0.0,0.0,1.0,0.0
8,103.35,6.743234346813689,4,11.483333333333333,1,0.21457705266891292,0.4231860559383867,0,0.0,0.0,0.0,1.0,0.0,1.0,1.0,0.0,0.0,0.0,1.0,0.0,0.0,0.0
47,20.05,6.925300458197886,0,0.41770833333333335,1,0.21599574392622806,0.02787769784172662,0,0.0,1.0,1.0,1.0,0.0,0.0,0.0,1.0,0.0,1.0,0.0,1.0,0.0,0.0
50,103.05,8.54762539853644,4,2.0205882352941176,0,0.22592658272743393,0.10683760683760683,0,0.0,1.0,1.0,1.0,0.0,0.0,1.0,0.0,1.0,0.0,0.0,0.0,0.0,1.0
53,60.05,8.080438634361066,2,1.112037037037037,0,0.3435006206774251,0.11266094420600858,1,1.0,1.0,0.0,1.0,0.0,1.0,0.0,0.0,1.0,0.0,1.0,0.0,1.0,0.0
54,82.45,8.378183965678819,5,1.4990909090909093,1,0.21457705266891292,0.11266094420600858,1,0.0,0.0,0.0,1.0,0.0,1.0,0.0,0.0,1.0,0.0,0.0,0.0,0.0,0.0
37,106.75,8.30838391178518,4,2.8092105263157894,1,0.21457705266891292,0.44104447164422683,1,0.0,0.0,0.0,1.0,0.0,1.0,1.0,0.0,0.0,0.0,1.0,0.0,0.0,0.0
1,29.95,3.432372999130605,1,14.975,1,0.21457705266891292,0.431938236489232,0,0.0,0.0,0.0,0.0,1.0,0.0,0.0,0.0,0.0,0.0,0.0,0.0,0.0,0.0
1,25.3,3.269568939183719,0,12.65,0,0.3435006206774251,0.44104447164422683,0,1.0,0.0,1.0,0.0,1.0,0.0,0.0,0.0,0.0,0.0,1.0,0.0,1.0,0.0
56,104.75,8.61461931285449,4,1.837719298245614,1,0.21457705266891292,0.10683760683760683,1,0.0,0.0,0.0,1.0,0.0,1.0,1.0,0.0,1.0,0.0,1.0,0.0,0.0,0.0
3,57.55,5.090370262115109,2,14.3875,0,0.3435006206774251,0.42984953233021556,0,0.0,0.0,0.0,1.0,0.0,0.0,0.0,0.0,0.0,0.0,0.0,0.0,1.0,0.0
61,104.0,8.758483097202955,4,1.6774193548387097,0,0.3435006206774251,0.11882229232386961,0,1.0,0.0,0.0,1.0,0.0,1.0,1.0,0.0,1.0,0.0,0.0,0.0,1.0,0.0
23,20.9,6.12029741895095,0,0.8708333333333332,0,0.22592658272743393,0.03211009174311927,0,1.0,1.0,1.0,1.0,0.0,0.0,0.0,1.0,0.0,1.0,0.0,0.0,0.0,1.0
57,59.75,8.146462787815526,3,1.0301724137931034,0,0.3435006206774251,0.024346257889990983,0,1.0,1.0,0.0,1.0,0.0,0.0,0.0,0.0,0.0,1.0,1.0,0.0,1.0,0.0
19,20.6,6.030565060729897,0,1.03,0,0.22592658272743393,0.431938236489232,0,1.0,1.0,1.0,1.0,0.0,0.0,0.0,1.0,0.0,0.0,0.0,0.0,0.0,1.0
4,51.75,5.308762624409575,0,10.35,1,0.21599574392622806,0.4231860559383867,0,1.0,0.0,0.0,1.0,0.0,1.0,0.0,0.0,0.0,0.0,0.0,1.0,0.0,0.0
10,95.35,6.80167228017398,2,8.668181818181818,0,0.3435006206774251,0.42851340373679936,1,1.0,0.0,0.0,1.0,0.0,1.0,1.0,0.0,0.0,0.0,1.0,0.0,1.0,0.0
4,19.95,4.429625613473161,0,3.9899999999999998,0,0.3435006206774251,0.431938236489232,0,0.0,1.0,1.0,1.0,0.0,0.0,0.0,1.0,0.0,0.0,1.0,0.0,1.0,0.0
17,98.6,7.441877419298563,4,5.477777777777778,1,0.21457705266891292,0.10683760683760683,0,0.0,1.0,1.0,1.0,0.0,0.0,1.0,0.0,1.0,0.0,0.0,0.0,0.0,0.0
12,61.65,6.571932831202421,3,4.742307692307692,0,0.22592658272743393,0.431938236489232,0,0.0,0.0,0.0,1.0,0.0,1.0,0.0,0.0,0.0,0.0,1.0,0.0,0.0,1.0
13,99.0,7.172194312703518,3,7.071428571428571,0,0.22592658272743393,0.431938236489232,0,1.0,0.0,0.0,1.0,0.0,1.0,1.0,0.0,0.0,0.0,1.0,0.0,0.0,1.0
71,109.7,8.975282374696942,6,1.5236111111111112,1,0.21457705266891292,0.024346257889990983,1,0.0,1.0,0.0,1.0,0.0,0.0,1.0,0.0,0.0,1.0,1.0,0.0,0.0,0.0
38,103.65,8.291421188748336,4,2.657692307692308,0,0.3435006206774251,0.4231860559383867,0,0.0,0.0,0.0,1.0,0.0,1.0,1.0,0.0,0.0,0.0,1.0,0.0,1.0,0.0
61,62.15,8.237439605286578,5,1.0024193548387097,0,0.22592658272743393,0.03211009174311927,0,1.0,1.0,0.0,0.0,1.0,0.0,0.0,0.0,0.0,1.0,1.0,0.0,0.0,1.0
45,81.4,8.236645607865055,1,1.7695652173913046,1,0.21457705266891292,0.4231860559383867,0,1.0,1.0,0.0,1.0,0.0,1.0,1.0,0.0,0.0,0.0,0.0,0.0,0.0,0.0
64,104.05,8.795816860129575,5,1.6007692307692307,1,0.21599574392622806,0.027827648114901255,0,1.0,1.0,0.0,1.0,0.0,0.0,1.0,0.0,0.0,1.0,1.0,1.0,0.0,0.0
68,101.05,8.820477907095427,3,1.4644927536231884,1,0.21599574392622806,0.11266094420600858,0,1.0,1.0,1.0,1.0,0.0,1.0,1.0,0.0,1.0,0.0,1.0,1.0,0.0,0.0
65,26.5,7.438118789121169,0,0.4015151515151515,1,0.21457705266891292,0.024346257889990983,0,0.0,0.0,0.0,1.0,0.0,1.0,0.0,1.0,0.0,1.0,0.0,0.0,0.0,0.0
69,105.35,8.887604359966863,4,1.505,1,0.21457705266891292,0.024346257889990983,0,0.0,1.0,0.0,1.0,0.0,1.0,1.0,0.0,0.0,1.0,0.0,0.0,0.0,0.0
55,100.9,8.622102605342976,4,1.8017857142857143,0,0.22592658272743393,0.11266094420600858,0,1.0,0.0,0.0,1.0,0.0,0.0,1.0,0.0,1.0,0.0,1.0,0.0,0.0,1.0
34,70.0,7.7903237534512595,0,2.0,1,0.21599574392622806,0.42984953233021556,0,0.0,0.0,0.0,1.0,0.0,0.0,1.0,0.0,0.0,0.0,1.0,1.0,0.0,0.0
1,79.6,4.389498649512583,1,39.8,0,0.3435006206774251,0.44104447164422683,0,1.0,0.0,0.0,1.0,0.0,0.0,1.0,0.0,0.0,0.0,0.0,0.0,1.0,0.0
63,19.7,7.152151386329798,0,0.3078125,0,0.3435006206774251,0.03211009174311927,0,1.0,1.0,1.0,1.0,0.0,0.0,0.0,1.0,0.0,1.0,0.0,0.0,1.0,0.0
16,19.7,5.71224655306833,0,1.1588235294117646,0,0.22592658272743393,0.027827648114901255,0,0.0,1.0,1.0,1.0,0.0,0.0,0.0,1.0,0.0,1.0,0.0,0.0,0.0,1.0
1,49.05,3.9130225057612296,1,24.525,0,0.22592658272743393,0.42851340373679936,0,1.0,0.0,0.0,1.0,0.0,0.0,0.0,0.0,0.0,0.0,0.0,0.0,0.0,1.0
44,90.4,8.309922989258318,2,2.008888888888889,0,0.22592658272743393,0.42984953233021556,0,1.0,0.0,0.0,1.0,0.0,1.0,1.0,0.0,0.0,0.0,1.0,0.0,0.0,1.0
15,30.2,6.154114717993229,1,1.8875,1,0.21457705266891292,0.42984953233021556,0,1.0,1.0,1.0,0.0,1.0,0.0,0.0,0.0,0.0,0.0,1.0,0.0,0.0,0.0
2,70.35,4.943426544402806,0,23.45,0,0.3435006206774251,0.44104447164422683,0,0.0,0.0,0.0,1.0,0.0,0.0,1.0,0.0,0.0,0.0,0.0,0.0,1.0,0.0
66,19.7,7.1347314763165235,0,0.29402985074626864,1,0.21457705266891292,0.02787769784172662,0,1.0,0.0,0.0,1.0,0.0,0.0,0.0,1.0,0.0,1.0,0.0,0.0,0.0,0.0
34,106.35,8.174773302525123,4,3.0385714285714283,0,0.3435006206774251,0.44104447164422683,0,1.0,0.0,0.0,1.0,0.0,1.0,1.0,0.0,0.0,0.0,1.0,0.0,1.0,0.0
65,92.7,8.694401698823368,3,1.4045454545454545,1,0.21599574392622806,0.027827648114901255,1,1.0,1.0,0.0,1.0,0.0,1.0,1.0,0.0,0.0,1.0,1.0,1.0,0.0,0.0
26,66.05,7.410589052818575,2,2.446296296296296,0,0.3435006206774251,0.44104447164422683,1,0.0,0.0,0.0,1.0,0.0,1.0,0.0,0.0,0.0,0.0,1.0,0.0,1.0,0.0
54,19.65,6.917408536010275,0,0.35727272727272724,1,0.21599574392622806,0.02787769784172662,0,1.0,0.0,0.0,1.0,0.0,0.0,0.0,1.0,0.0,1.0,0.0,1.0,0.0,0.0
22,25.25,6.341240749355558,0,1.0978260869565217,0,0.22592658272743393,0.024346257889990983,0,1.0,0.0,0.0,1.0,0.0,1.0,0.0,1.0,0.0,1.0,0.0,0.0,0.0,1.0
1,45.3,3.835141961092188,0,22.65,0,0.3435006206774251,0.42984953233021556,0,1.0,0.0,0.0,1.0,0.0,0.0,0.0,0.0,0.0,0.0,0.0,0.0,1.0,0.0
23,95.3,7.693436060945015,3,3.970833333333333,0,0.22592658272743393,0.431938236489232,0,1.0,0.0,0.0,1.0,0.0,0.0,1.0,0.0,0.0,0.0,0.0,0.0,0.0,1.0
36,40.65,7.344945126784543,3,1.0986486486486486,1,0.21599574392622806,0.03211009174311927,0,0.0,1.0,1.0,0.0,1.0,0.0,0.0,0.0,0.0,1.0,0.0,1.0,0.0,0.0
61,103.95,8.767796255626598,4,1.6766129032258066,0,0.3435006206774251,0.11158342189160468,0,0.0,0.0,0.0,1.0,0.0,1.0,1.0,0.0,1.0,0.0,1.0,0.0,1.0,0.0
34,56.05,7.274895272768633,3,1.6014285714285714,0,0.3435006206774251,0.4231860559383867,0,1.0,1.0,1.0,0.0,1.0,0.0,0.0,0.0,0.0,0.0,1.0,0.0,1.0,0.0
1,46.2,3.8543938925915096,0,23.1,1,0.21599574392622806,0.44104447164422683,0,1.0,0.0,0.0,1.0,0.0,0.0,0.0,0.0,0.0,0.0,0.0,1.0,0.0,0.0
15,20.35,5.819934551392226,0,1.271875,1,0.21599574392622806,0.11882229232386961,0,0.0,1.0,1.0,1.0,0.0,0.0,0.0,1.0,1.0,0.0,0.0,1.0,0.0,0.0
49,107.95,8.574367160690755,5,2.1590000000000003,1,0.21457705266891292,0.02787769784172662,0,0.0,1.0,1.0,1.0,0.0,1.0,1.0,0.0,0.0,1.0,1.0,0.0,0.0,0.0
4,88.85,5.922784126803076,2,17.77,0,0.3435006206774251,0.42851340373679936,1,0.0,0.0,0.0,1.0,0.0,1.0,1.0,0.0,0.0,0.0,1.0,0.0,1.0,0.0
37,78.95,7.951788178207204,1,2.0776315789473685,1,0.21599574392622806,0.44104447164422683,0,0.0,1.0,0.0,1.0,0.0,1.0,1.0,0.0,0.0,0.0,1.0,1.0,0.0,0.0
71,25.95,7.497151758548155,0,0.36041666666666666,1,0.21599574392622806,0.03211009174311927,0,0.0,1.0,0.0,1.0,0.0,1.0,0.0,1.0,0.0,1.0,1.0,1.0,0.0,0.0
4,95.45,5.984188138137206,2,19.09,0,0.3435006206774251,0.431938236489232,1,0.0,0.0,0.0,1.0,0.0,1.0,1.0,0.0,0.0,0.0,1.0,0.0,1.0,0.0
72,19.85,7.268989812176886,0,0.2719178082191781,1,0.21457705266891292,0.03211009174311927,0,1.0,0.0,0.0,1.0,0.0,0.0,0.0,1.0,0.0,1.0,0.0,0.0,0.0,0.0
15,20.0,5.666599683528485,0,1.25,0,0.3435006206774251,0.4231860559383867,0,1.0,1.0,1.0,1.0,0.0,0.0,0.0,1.0,0.0,0.0,1.0,0.0,1.0,0.0
14,76.1,6.962054052389516,5,5.073333333333333,1,0.21457705266891292,0.02787769784172662,0,1.0,0.0,1.0,1.0,0.0,0.0,0.0,0.0,0.0,1.0,0.0,0.0,0.0,0.0
4,80.35,5.731397641689174,1,16.07,0,0.3435006206774251,0.42851340373679936,0,1.0,1.0,0.0,1.0,0.0,0.0,1.0,0.0,0.0,0.0,1.0,0.0,1.0,0.0
22,20.3,6.1656279162004735,0,0.8826086956521739,0,0.22592658272743393,0.11158342189160468,0,1.0,0.0,0.0,1.0,0.0,0.0,0.0,1.0,1.0,0.0,0.0,0.0,0.0,1.0
4,33.65,4.933394213752808,2,6.7299999999999995,0,0.3435006206774251,0.42984953233021556,0,0.0,0.0,0.0,0.0,1.0,0.0,0.0,0.0,0.0,0.0,1.0,0.0,1.0,0.0
69,85.4,8.677678053601017,2,1.22,1,0.21457705266891292,0.44104447164422683,0,0.0,1.0,0.0,1.0,0.0,1.0,1.0,0.0,0.0,0.0,1.0,0.0,0.0,0.0
1,20.1,3.0492730404820207,0,10.05,0,0.22592658272743393,0.42984953233021556,0,1.0,0.0,0.0,1.0,0.0,0.0,0.0,1.0,0.0,0.0,1.0,0.0,0.0,1.0
43,90.65,8.26444058659791,4,2.060227272727273,1,0.21599574392622806,0.11882229232386961,0,1.0,0.0,0.0,1.0,0.0,0.0,1.0,0.0,1.0,0.0,1.0,1.0,0.0,0.0
1,19.55,3.022860940942244,0,9.775,0,0.22592658272743393,0.42984953233021556,0,1.0,0.0,0.0,1.0,0.0,0.0,0.0,1.0,0.0,0.0,0.0,0.0,0.0,1.0
1,76.0,4.343805421853684,0,38.0,0,0.3435006206774251,0.431938236489232,0,0.0,0.0,0.0,1.0,0.0,1.0,1.0,0.0,0.0,0.0,0.0,0.0,1.0,0.0
72,24.3,7.40503963218146,0,0.33287671232876714,1,0.21457705266891292,0.027827648114901255,0,1.0,1.0,1.0,1.0,0.0,1.0,0.0,1.0,0.0,1.0,0.0,0.0,0.0,0.0
9,85.05,6.616734305264841,1,8.504999999999999,0,0.3435006206774251,0.42851340373679936,1,1.0,0.0,0.0,1.0,0.0,1.0,1.0,0.0,0.0,0.0,1.0,0.0,1.0,0.0
46,72.8,8.086533344673517,0,1.548936170212766,1,0.21457705266891292,0.431938236489232,0,1.0,0.0,0.0,1.0,0.0,1.0,1.0,0.0,0.0,0.0,0.0,0.0,0.0,0.0
1,20.15,3.0516399054922867,0,10.075,1,0.21599574392622806,0.431938236489232,0,0.0,1.0,1.0,1.0,0.0,0.0,0.0,1.0,0.0,0.0,1.0,1.0,0.0,0.0
39,41.15,7.439500553000631,3,1.02875,1,0.21457705266891292,0.11266094420600858,0,0.0,0.0,0.0,0.0,1.0,0.0,0.0,0.0,1.0,0.0,0.0,0.0,0.0,0.0
52,57.95,8.020681302289706,3,1.0933962264150945,1,0.21599574392622806,0.121875,0,0.0,0.0,0.0,1.0,0.0,0.0,0.0,0.0,1.0,0.0,0.0,1.0,0.0,0.0
33,79.15,7.836922748669972,4,2.3279411764705884,0,0.3435006206774251,0.10683760683760683,0,0.0,1.0,1.0,1.0,0.0,1.0,0.0,0.0,1.0,0.0,1.0,0.0,1.0,0.0
24,69.45,7.387121194929835,3,2.778,1,0.21457705266891292,0.431938236489232,0,0.0,1.0,0.0,1.0,0.0,0.0,0.0,0.0,0.0,0.0,1.0,0.0,0.0,0.0
15,91.5,7.245155656176172,2,5.71875,0,0.3435006206774251,0.42984953233021556,1,0.0,0.0,0.0,1.0,0.0,0.0,1.0,0.0,0.0,0.0,1.0,0.0,1.0,0.0
72,91.65,9.036701015565063,6,1.2554794520547945,1,0.21599574392622806,0.027827648114901255,0,0.0,0.0,0.0,1.0,0.0,1.0,1.0,0.0,0.0,1.0,0.0,1.0,0.0,0.0
72,105.5,8.928640371201949,4,1.4452054794520548,0,0.3435006206774251,0.021602160216021602,0,0.0,1.0,0.0,1.0,0.0,1.0,1.0,0.0,0.0,1.0,1.0,0.0,1.0,0.0
5,75.55,5.859788574982919,1,12.591666666666667,1,0.21599574392622806,0.431938236489232,1,0.0,0.0,0.0,1.0,0.0,0.0,1.0,0.0,0.0,0.0,1.0,1.0,0.0,0.0
4,56.4,5.463196009730271,1,11.28,0,0.3435006206774251,0.44104447164422683,0,1.0,0.0,0.0,1.0,0.0,0.0,0.0,0.0,0.0,0.0,1.0,0.0,1.0,0.0
8,38.5,5.8045323777563445,2,4.277777777777778,0,0.3435006206774251,0.42851340373679936,0,0.0,0.0,1.0,0.0,1.0,0.0,0.0,0.0,0.0,0.0,1.0,0.0,1.0,0.0
25,19.5,6.248622977009469,0,0.75,1,0.21457705266891292,0.11882229232386961,0,1.0,0.0,0.0,1.0,0.0,0.0,0.0,1.0,1.0,0.0,1.0,0.0,0.0,0.0
58,93.4,8.60090914445607,3,1.5830508474576273,1,0.21457705266891292,0.42984953233021556,0,0.0,1.0,1.0,1.0,0.0,1.0,1.0,0.0,0.0,0.0,1.0,0.0,0.0,0.0
7,20.35,5.021245473208271,0,2.54375,0,0.22592658272743393,0.42984953233021556,0,0.0,0.0,0.0,1.0,0.0,0.0,0.0,1.0,0.0,0.0,0.0,0.0,0.0,1.0
55,50.05,7.917335969569298,3,0.8937499999999999,1,0.21457705266891292,0.11158342189160468,1,1.0,0.0,0.0,0.0,1.0,0.0,0.0,0.0,1.0,0.0,1.0,0.0,0.0,0.0
8,64.4,6.367672474149028,3,7.155555555555556,1,0.21599574392622806,0.4231860559383867,1,1.0,1.0,0.0,1.0,0.0,0.0,0.0,0.0,0.0,0.0,1.0,1.0,0.0,0.0
45,51.0,7.725550764107193,4,1.108695652173913,1,0.21457705266891292,0.11882229232386961,0,0.0,1.0,1.0,0.0,1.0,0.0,0.0,0.0,1.0,0.0,0.0,0.0,0.0,0.0
41,70.25,7.961736243504653,0,1.6726190476190477,1,0.21457705266891292,0.4231860559383867,0,0.0,0.0,0.0,1.0,0.0,0.0,1.0,0.0,0.0,0.0,0.0,0.0,0.0,0.0
28,96.6,7.895566352265149,3,3.3310344827586205,1,0.21599574392622806,0.42851340373679936,0,1.0,1.0,0.0,1.0,0.0,1.0,1.0,0.0,0.0,0.0,0.0,1.0,0.0,0.0
56,45.05,7.84819213268437,4,0.7903508771929824,1,0.21457705266891292,0.027827648114901255,0,0.0,0.0,0.0,0.0,1.0,0.0,0.0,0.0,0.0,1.0,0.0,0.0,0.0,0.0
47,19.65,6.827141574987891,0,0.409375,1,0.21457705266891292,0.02787769784172662,0,0.0,1.0,0.0,1.0,0.0,0.0,0.0,1.0,0.0,1.0,0.0,0.0,0.0,0.0
71,19.6,7.256650035601907,0,0.27222222222222225,0,0.22592658272743393,0.027827648114901255,0,0.0,1.0,0.0,1.0,0.0,0.0,0.0,1.0,0.0,1.0,0.0,0.0,0.0,1.0
7,19.45,4.925440448033024,0,2.43125,0,0.22592658272743393,0.121875,0,1.0,0.0,1.0,1.0,0.0,0.0,0.0,1.0,1.0,0.0,0.0,0.0,0.0,1.0
35,75.2,7.854458817264487,0,2.088888888888889,0,0.3435006206774251,0.44104447164422683,0,1.0,1.0,0.0,1.0,0.0,1.0,1.0,0.0,0.0,0.0,1.0,0.0,1.0,0.0
55,59.2,8.06364541880172,3,1.0571428571428572,0,0.3435006206774251,0.02787769784172662,0,1.0,0.0,0.0,1.0,0.0,0.0,0.0,0.0,0.0,1.0,1.0,0.0,1.0,0.0
72,114.3,8.994613002676543,6,1.5657534246575342,1,0.21599574392622806,0.024346257889990983,0,1.0,1.0,1.0,1.0,0.0,1.0,1.0,0.0,0.0,1.0,1.0,1.0,0.0,0.0
39,19.35,6.659550297072556,0,0.48375,1,0.21457705266891292,0.11158342189160468,0,1.0,0.0,1.0,1.0,0.0,0.0,0.0,1.0,1.0,0.0,0.0,0.0,0.0,0.0
60,65.85,8.276216571950236,4,1.0795081967213114,1,0.21457705266891292,0.11882229232386961,0,1.0,1.0,1.0,1.0,0.0,0.0,0.0,0.0,1.0,0.0,1.0,0.0,0.0,0.0
36,35.35,7.184591244493121,2,0.9554054054054054,0,0.22592658272743393,0.11266094420600858,0,1.0,1.0,0.0,0.0,1.0,0.0,0.0,0.0,1.0,0.0,0.0,0.0,0.0,1.0
3,20.25,4.279440045898781,0,5.0625,0,0.22592658272743393,0.11158342189160468,0,0.0,0.0,0.0,1.0,0.0,0.0,0.0,1.0,1.0,0.0,0.0,0.0,0.0,1.0
30,97.0,8.01377340991084,3,3.129032258064516,1,0.21457705266891292,0.11266094420600858,0,1.0,0.0,0.0,1.0,0.0,0.0,1.0,0.0,1.0,0.0,1.0,0.0,0.0,0.0
66,20.15,7.204520970166961,0,0.3007462686567164,0,0.22592658272743393,0.02787769784172662,0,1.0,1.0,1.0,1.0,0.0,0.0,0.0,1.0,0.0,1.0,1.0,0.0,0.0,1.0
50,84.15,8.334567588404916,5,1.6500000000000001,1,0.21599574392622806,0.11266094420600858,0,0.0,1.0,1.0,1.0,0.0,1.0,0.0,0.0,1.0,0.0,1.0,1.0,0.0,0.0
25,18.7,5.952333829904943,0,0.7192307692307692,0,0.22592658272743393,0.027827648114901255,0,0.0,1.0,1.0,1.0,0.0,0.0,0.0,1.0,0.0,1.0,1.0,0.0,0.0,1.0
72,88.6,8.7327802643248,5,1.2136986301369863,1,0.21457705266891292,0.02787769784172662,0,1.0,0.0,0.0,1.0,0.0,1.0,0.0,0.0,0.0,1.0,1.0,0.0,0.0,0.0
72,108.95,8.971575439759016,5,1.4924657534246575,1,0.21599574392622806,0.02787769784172662,0,1.0,1.0,0.0,1.0,0.0,1.0,1.0,0.0,0.0,1.0,1.0,1.0,0.0,0.0
17,35.65,6.472423571267679,2,1.9805555555555554,1,0.21599574392622806,0.44104447164422683,0,0.0,1.0,0.0,0.0,1.0,0.0,0.0,0.0,0.0,0.0,1.0,1.0,0.0,0.0
72,65.55,8.47813006584538,6,0.897945205479452,1,0.21457705266891292,0.03211009174311927,0,1.0,0.0,0.0,0.0,1.0,0.0,0.0,0.0,0.0,1.0,1.0,0.0,0.0,0.0
64,111.6,8.867850063029406,5,1.7169230769230768,1,0.21457705266891292,0.021602160216021602,1,1.0,1.0,1.0,1.0,0.0,1.0,1.0,0.0,0.0,1.0,1.0,0.0,0.0,0.0
10,19.75,5.343529709369585,0,1.7954545454545454,1,0.21599574392622806,0.42984953233021556,0,1.0,0.0,0.0,1.0,0.0,0.0,0.0,1.0,0.0,0.0,0.0,1.0,0.0,0.0
37,100.05,8.245791209537222,3,2.6328947368421054,0,0.3435006206774251,0.431938236489232,0,0.0,0.0,0.0,1.0,0.0,1.0,1.0,0.0,0.0,0.0,1.0,0.0,1.0,0.0
10,110.1,6.951102083485503,6,10.009090909090908,0,0.3435006206774251,0.42984953233021556,0,1.0,0.0,0.0,1.0,0.0,0.0,1.0,0.0,0.0,0.0,1.0,0.0,1.0,0.0
16,54.1,6.7912214627261855,1,3.182352941176471,0,0.3435006206774251,0.42984953233021556,1,0.0,0.0,0.0,1.0,0.0,1.0,0.0,0.0,0.0,0.0,1.0,0.0,1.0,0.0
3,46.1,4.876341706312883,0,11.525,0,0.22592658272743393,0.44104447164422683,0,0.0,1.0,0.0,1.0,0.0,0.0,0.0,0.0,0.0,0.0,1.0,0.0,0.0,1.0
3,75.8,5.510602174527371,0,18.95,0,0.3435006206774251,0.4231860559383867,0,0.0,0.0,0.0,1.0,0.0,1.0,1.0,0.0,0.0,0.0,1.0,0.0,1.0,0.0
46,19.95,6.833139485601347,0,0.42446808510638295,0,0.22592658272743393,0.027827648114901255,0,0.0,1.0,1.0,1.0,0.0,0.0,0.0,1.0,0.0,1.0,1.0,0.0,0.0,1.0
1,45.4,3.8372994592322094,0,22.7,0,0.22592658272743393,0.44104447164422683,0,0.0,0.0,0.0,1.0,0.0,0.0,0.0,0.0,0.0,0.0,1.0,0.0,0.0,1.0
26,85.75,7.67205965385841,2,3.175925925925926,0,0.3435006206774251,0.4231860559383867,0,1.0,0.0,0.0,1.0,0.0,0.0,1.0,0.0,0.0,0.0,1.0,0.0,1.0,0.0
18,75.4,7.230852756654873,1,3.9684210526315793,0,0.3435006206774251,0.44104447164422683,0,0.0,0.0,0.0,1.0,0.0,0.0,1.0,0.0,0.0,0.0,1.0,0.0,1.0,0.0
18,35.2,6.41066818132666,2,1.8526315789473686,0,0.3435006206774251,0.44104447164422683,0,0.0,0.0,0.0,0.0,1.0,0.0,0.0,0.0,0.0,0.0,1.0,0.0,1.0,0.0
5,44.8,5.400196830369207,0,7.466666666666666,0,0.22592658272743393,0.42984953233021556,0,0.0,1.0,1.0,1.0,0.0,0.0,0.0,0.0,0.0,0.0,0.0,0.0,0.0,1.0
25,20.05,6.158460937799191,0,0.7711538461538462,1,0.21599574392622806,0.42851340373679936,0,0.0,0.0,1.0,1.0,0.0,0.0,0.0,1.0,0.0,0.0,0.0,1.0,0.0,0.0
70,19.45,7.173575104576783,0,0.27394366197183095,1,0.21457705266891292,0.03211009174311927,0,0.0,1.0,0.0,1.0,0.0,0.0,0.0,1.0,0.0,1.0,0.0,0.0,0.0,0.0
14,20.4,5.681536865708881,0,1.3599999999999999,0,0.22592658272743393,0.021602160216021602,0,0.0,1.0,0.0,1.0,0.0,0.0,0.0,1.0,0.0,1.0,0.0,0.0,0.0,1.0
66,99.5,8.828076521038081,3,1.4850746268656716,1,0.21599574392622806,0.44104447164422683,1,1.0,1.0,1.0,1.0,0.0,1.0,1.0,0.0,0.0,0.0,1.0,1.0,0.0,0.0
13,59.9,6.671209821977736,2,4.2785714285714285,0,0.3435006206774251,0.431938236489232,1,1.0,0.0,0.0,1.0,0.0,0.0,0.0,0.0,0.0,0.0,1.0,0.0,1.0,0.0
72,112.4,8.993160253994853,5,1.5397260273972604,0,0.3435006206774251,0.03211009174311927,1,0.0,1.0,0.0,1.0,0.0,1.0,1.0,0.0,0.0,1.0,1.0,0.0,1.0,0.0
7,81.25,6.36492285908106,5,10.15625,1,0.21457705266891292,0.42984953233021556,0,0.0,1.0,0.0,1.0,0.0,0.0,0.0,0.0,0.0,0.0,0.0,0.0,0.0,0.0
29,69.05,7.580419100600682,3,2.3016666666666667,1,0.21457705266891292,0.11158342189160468,0,1.0,1.0,1.0,1.0,0.0,1.0,0.0,0.0,1.0,0.0,0.0,0.0,0.0,0.0
1,70.3,4.26689632742025,0,35.15,0,0.3435006206774251,0.42984953233021556,0,1.0,0.0,0.0,1.0,0.0,0.0,1.0,0.0,0.0,0.0,1.0,0.0,1.0,0.0
1,55.45,4.033355290595671,1,27.725,0,0.3435006206774251,0.42984953233021556,0,0.0,0.0,0.0,1.0,0.0,0.0,0.0,0.0,0.0,0.0,1.0,0.0,1.0,0.0
16,49.45,6.684611727667927,1,2.908823529411765,0,0.22592658272743393,0.44104447164422683,0,1.0,0.0,0.0,1.0,0.0,0.0,0.0,0.0,0.0,0.0,1.0,0.0,0.0,1.0
39,35.55,7.177896913456929,2,0.8887499999999999,0,0.22592658272743393,0.10683760683760683,0,1.0,0.0,0.0,0.0,1.0,0.0,0.0,0.0,1.0,0.0,0.0,0.0,0.0,1.0
64,24.8,7.323731616715949,0,0.38153846153846155,0,0.22592658272743393,0.03211009174311927,0,1.0,1.0,1.0,1.0,0.0,1.0,0.0,1.0,0.0,1.0,1.0,0.0,0.0,1.0
4,74.65,5.711750644305378,0,14.930000000000001,0,0.3435006206774251,0.431938236489232,0,1.0,1.0,0.0,1.0,0.0,1.0,1.0,0.0,0.0,0.0,1.0,0.0,1.0,0.0
71,23.9,7.394738928262557,0,0.33194444444444443,1,0.21599574392622806,0.027827648114901255,0,1.0,1.0,1.0,1.0,0.0,1.0,0.0,1.0,0.0,1.0,0.0,1.0,0.0,0.0
71,24.85,7.550661243105336,0,0.3451388888888889,1,0.21457705266891292,0.03211009174311927,1,1.0,1.0,0.0,1.0,0.0,1.0,0.0,1.0,0.0,1.0,0.0,0.0,0.0,0.0
22,63.55,7.2318657080474695,3,2.7630434782608693,0,0.22592658272743393,0.431938236489232,1,0.0,1.0,0.0,1.0,0.0,1.0,0.0,0.0,0.0,0.0,1.0,0.0,0.0,1.0
70,84.8,8.685846765444772,5,1.1943661971830986,1,0.21457705266891292,0.03211009174311927,0,0.0,1.0,0.0,1.0,0.0,1.0,0.0,0.0,0.0,1.0,1.0,0.0,0.0,0.0
70,65.2,8.421595970419531,2,0.9183098591549296,1,0.21457705266891292,0.11266094420600858,0,0.0,1.0,1.0,1.0,0.0,1.0,0.0,0.0,1.0,0.0,0.0,0.0,0.0,0.0
66,25.45,7.43847176144592,0,0.3798507462686567,1,0.21457705266891292,0.11882229232386961,0,1.0,0.0,0.0,1.0,0.0,1.0,0.0,1.0,1.0,0.0,0.0,0.0,0.0,0.0
1,24.4,3.2347491740244907,0,12.2,0,0.3435006206774251,0.42984953233021556,0,1.0,0.0,0.0,0.0,1.0,0.0,0.0,0.0,0.0,0.0,1.0,0.0,1.0,0.0
34,103.8,8.15242847043445,4,2.9657142857142857,0,0.3435006206774251,0.11266094420600858,0,1.0,0.0,1.0,1.0,0.0,1.0,1.0,0.0,1.0,0.0,1.0,0.0,1.0,0.0
70,40.05,7.9376425174388325,2,0.5640845070422534,0,0.22592658272743393,0.03211009174311927,0,1.0,0.0,0.0,0.0,1.0,0.0,0.0,0.0,0.0,1.0,1.0,0.0,0.0,1.0
40,97.1,8.218234442236687,2,2.368292682926829,1,0.21457705266891292,0.4231860559383867,0,1.0,1.0,0.0,1.0,0.0,1.0,1.0,0.0,0.0,0.0,1.0,0.0,0.0,0.0
25,34.0,6.74993119378857,1,1.3076923076923077,1,0.21457705266891292,0.42984953233021556,0,0.0,1.0,0.0,0.0,1.0,0.0,0.0,0.0,0.0,0.0,1.0,0.0,0.0,0.0
58,86.1,8.495254283897484,5,1.459322033898305,0,0.3435006206774251,0.03211009174311927,0,1.0,1.0,0.0,1.0,0.0,1.0,0.0,0.0,0.0,1.0,1.0,0.0,1.0,0.0
6,18.95,4.710880640410205,0,2.707142857142857,0,0.22592658272743393,0.44104447164422683,0,1.0,0.0,0.0,1.0,0.0,0.0,0.0,1.0,0.0,0.0,0.0,0.0,0.0,1.0
72,90.95,8.774869561781612,6,1.2458904109589042,1,0.21457705266891292,0.024346257889990983,0,0.0,1.0,0.0,1.0,0.0,1.0,0.0,0.0,0.0,1.0,1.0,0.0,0.0,0.0
10,95.25,6.930054786476904,3,8.659090909090908,0,0.3435006206774251,0.44104447164422683,0,1.0,0.0,0.0,1.0,0.0,1.0,1.0,0.0,0.0,0.0,1.0,0.0,1.0,0.0
11,90.6,6.9287336853673285,2,7.55,0,0.3435006206774251,0.44104447164422683,0,1.0,1.0,1.0,1.0,0.0,0.0,1.0,0.0,0.0,0.0,0.0,0.0,1.0,0.0
51,93.8,8.420759380574932,3,1.8038461538461539,0,0.3435006206774251,0.42851340373679936,0,0.0,1.0,1.0,1.0,0.0,1.0,1.0,0.0,0.0,0.0,1.0,0.0,1.0,0.0
9,70.05,6.489964521183336,0,7.005,0,0.22592658272743393,0.431938236489232,0,1.0,0.0,0.0,1.0,0.0,0.0,1.0,0.0,0.0,0.0,0.0,0.0,0.0,1.0
11,78.0,6.74852505341158,1,6.5,0,0.22592658272743393,0.4231860559383867,0,1.0,0.0,1.0,1.0,0.0,1.0,1.0,0.0,0.0,0.0,1.0,0.0,0.0,1.0
53,46.3,7.843005145257438,3,0.8574074074074074,1,0.21457705266891292,0.42851340373679936,0,1.0,0.0,0.0,0.0,1.0,0.0,0.0,0.0,0.0,0.0,1.0,0.0,0.0,0.0
33,93.8,8.047349549371868,3,2.7588235294117647,0,0.3435006206774251,0.10683760683760683,0,0.0,1.0,1.0,1.0,0.0,0.0,1.0,0.0,1.0,0.0,1.0,0.0,1.0,0.0
69,23.95,7.446643440513011,0,0.34214285714285714,1,0.21457705266891292,0.021602160216021602,0,1.0,0.0,0.0,1.0,0.0,1.0,0.0,1.0,0.0,1.0,0.0,0.0,0.0,0.0
71,114.6,8.999773649741925,6,1.5916666666666666,1,0.21457705266891292,0.021602160216021602,0,0.0,1.0,1.0,1.0,0.0,1.0,1.0,0.0,0.0,1.0,0.0,0.0,0.0,0.0
68,54.1,8.241571433456823,4,0.7840579710144928,1,0.21457705266891292,0.03211009174311927,0,1.0,1.0,0.0,0.0,1.0,0.0,0.0,0.0,0.0,1.0,1.0,0.0,0.0,0.0
1,50.9,3.949318790171843,1,25.45,0,0.22592658272743393,0.42984953233021556,0,1.0,0.0,0.0,1.0,0.0,0.0,0.0,0.0,0.0,0.0,0.0,0.0,0.0,1.0
47,99.7,8.465520877841568,3,2.0770833333333334,0,0.3435006206774251,0.431938236489232,1,0.0,1.0,0.0,1.0,0.0,1.0,1.0,0.0,0.0,0.0,0.0,0.0,1.0,0.0
72,93.25,8.80836167925279,6,1.2773972602739727,1,0.21457705266891292,0.03211009174311927,0,0.0,1.0,1.0,1.0,0.0,1.0,0.0,0.0,0.0,1.0,1.0,0.0,0.0,0.0
21,80.9,7.447722142094264,5,3.6772727272727277,0,0.22592658272743393,0.121875,0,0.0,1.0,0.0,1.0,0.0,0.0,0.0,0.0,1.0,0.0,0.0,0.0,0.0,1.0
1,52.2,3.9740583963475986,1,26.1,0,0.3435006206774251,0.44104447164422683,0,0.0,0.0,0.0,1.0,0.0,0.0,0.0,0.0,0.0,0.0,1.0,0.0,1.0,0.0
13,49.95,6.377491961323671,1,3.567857142857143,0,0.22592658272743393,0.42984953233021556,0,1.0,1.0,1.0,1.0,0.0,0.0,0.0,0.0,0.0,0.0,1.0,0.0,0.0,1.0
3,50.15,5.130785895226717,1,12.5375,0,0.3435006206774251,0.44104447164422683,0,1.0,1.0,1.0,1.0,0.0,0.0,0.0,0.0,0.0,0.0,1.0,0.0,1.0,0.0
1,50.55,3.942552210462969,0,25.275,0,0.22592658272743393,0.44104447164422683,1,0.0,0.0,0.0,1.0,0.0,1.0,0.0,0.0,0.0,0.0,0.0,0.0,0.0,1.0
19,19.95,5.925591802957274,0,0.9974999999999999,0,0.22592658272743393,0.021602160216021602,0,1.0,0.0,0.0,1.0,0.0,0.0,0.0,1.0,0.0,1.0,1.0,0.0,0.0,1.0
27,100.5,7.891499030713357,3,3.5892857142857144,1,0.21457705266891292,0.11266094420600858,0,1.0,0.0,0.0,1.0,0.0,1.0,1.0,0.0,1.0,0.0,1.0,0.0,0.0,0.0
72,100.65,8.900419507186433,4,1.3787671232876713,1,0.21457705266891292,0.03211009174311927,0,0.0,1.0,0.0,1.0,0.0,1.0,1.0,0.0,0.0,1.0,0.0,0.0,0.0,0.0
1,19.1,3.0007198150650303,0,9.55,0,0.22592658272743393,0.44104447164422683,0,0.0,0.0,0.0,1.0,0.0,0.0,0.0,1.0,0.0,0.0,0.0,0.0,0.0,1.0
27,53.45,7.287868390487399,2,1.9089285714285715,0,0.22592658272743393,0.42851340373679936,0,1.0,0.0,0.0,1.0,0.0,0.0,0.0,0.0,0.0,0.0,0.0,0.0,0.0,1.0
48,24.35,7.034123577796944,0,0.4969387755102041,1,0.21457705266891292,0.11158342189160468,0,0.0,0.0,0.0,1.0,0.0,1.0,0.0,1.0,1.0,0.0,0.0,0.0,0.0,0.0
68,80.35,8.628788231972079,1,1.1644927536231884,1,0.21599574392622806,0.4231860559383867,1,1.0,1.0,0.0,1.0,0.0,1.0,1.0,0.0,0.0,0.0,1.0,1.0,0.0,0.0
66,66.1,8.396030701832627,3,0.9865671641791044,1,0.21599574392622806,0.021602160216021602,0,1.0,1.0,0.0,1.0,0.0,1.0,0.0,0.0,0.0,1.0,1.0,1.0,0.0,0.0
4,50.95,5.339219357868463,3,10.190000000000001,1,0.21599574392622806,0.42984953233021556,1,1.0,0.0,0.0,0.0,1.0,0.0,0.0,0.0,0.0,0.0,1.0,1.0,0.0,0.0
7,79.3,6.261777902898582,1,9.9125,0,0.3435006206774251,0.42984953233021556,0,0.0,0.0,0.0,1.0,0.0,0.0,1.0,0.0,0.0,0.0,1.0,0.0,1.0,0.0
6,49.25,5.547518452181536,3,7.035714285714286,0,0.22592658272743393,0.11158342189160468,0,0.0,0.0,0.0,0.0,1.0,0.0,0.0,0.0,1.0,0.0,1.0,0.0,0.0,1.0
40,61.9,7.881597680694297,3,1.5097560975609756,0,0.22592658272743393,0.4231860559383867,0,1.0,0.0,0.0,1.0,0.0,0.0,0.0,0.0,0.0,0.0,1.0,0.0,0.0,1.0
57,94.0,8.601525148631278,3,1.6206896551724137,1,0.21599574392622806,0.4231860559383867,1,0.0,1.0,0.0,1.0,0.0,1.0,1.0,0.0,0.0,0.0,0.0,1.0,0.0,0.0
1,50.55,3.942552210462969,1,25.275,0,0.3435006206774251,0.42851340373679936,0,0.0,0.0,0.0,1.0,0.0,0.0,0.0,0.0,0.0,0.0,0.0,0.0,1.0,0.0
4,100.85,5.992089351876824,3,20.169999999999998,0,0.22592658272743393,0.44104447164422683,0,0.0,0.0,0.0,1.0,0.0,1.0,1.0,0.0,0.0,0.0,1.0,0.0,0.0,1.0
35,55.6,7.6095896166895365,2,1.5444444444444445,1,0.21599574392622806,0.11266094420600858,0,0.0,0.0,1.0,1.0,0.0,0.0,0.0,0.0,1.0,0.0,0.0,1.0,0.0,0.0
12,19.7,5.55817850079741,0,1.5153846153846153,0,0.22592658272743393,0.021602160216021602,0,1.0,1.0,1.0,1.0,0.0,0.0,0.0,1.0,0.0,1.0,0.0,0.0,0.0,1.0
1,19.9,3.039749158970765,0,9.95,0,0.3435006206774251,0.44104447164422683,0,0.0,1.0,1.0,1.0,0.0,0.0,0.0,1.0,0.0,0.0,1.0,0.0,1.0,0.0
19,96.8,7.463965273782727,3,4.84,0,0.3435006206774251,0.431938236489232,0,0.0,1.0,0.0,1.0,0.0,0.0,1.0,0.0,0.0,0.0,1.0,0.0,1.0,0.0
69,104.7,8.884797195017596,4,1.4957142857142858,1,0.21457705266891292,0.11158342189160468,0,1.0,0.0,0.0,1.0,0.0,1.0,1.0,0.0,1.0,0.0,1.0,0.0,0.0,0.0
72,80.2,8.650884571242125,5,1.0986301369863014,1,0.21457705266891292,0.02787769784172662,0,0.0,1.0,1.0,1.0,0.0,1.0,0.0,0.0,0.0,1.0,0.0,0.0,0.0,0.0
26,19.8,6.127523991515078,0,0.7333333333333334,1,0.21599574392622806,0.11158342189160468,0,1.0,0.0,0.0,1.0,0.0,0.0,0.0,1.0,1.0,0.0,0.0,1.0,0.0,0.0
59,56.05,8.283797263637677,4,0.9341666666666666,1,0.21599574392622806,0.121875,0,1.0,1.0,0.0,1.0,0.0,0.0,0.0,0.0,1.0,0.0,0.0,1.0,0.0,0.0
44,85.25,8.217479022740617,5,1.8944444444444444,1,0.21457705266891292,0.11266094420600858,0,1.0,0.0,0.0,1.0,0.0,1.0,0.0,0.0,1.0,0.0,1.0,0.0,0.0,0.0
1,69.9,4.2612704335380815,0,34.95,0,0.3435006206774251,0.4231860559383867,0,1.0,0.0,0.0,1.0,0.0,0.0,1.0,0.0,0.0,0.0,1.0,0.0,1.0,0.0
72,83.7,8.715699728594453,6,1.1465753424657534,1,0.21457705266891292,0.03211009174311927,0,0.0,1.0,1.0,1.0,0.0,0.0,0.0,0.0,0.0,1.0,1.0,0.0,0.0,0.0
8,75.25,6.35905470278722,0,8.36111111111111,0,0.3435006206774251,0.42984953233021556,0,0.0,0.0,0.0,1.0,0.0,1.0,1.0,0.0,0.0,0.0,1.0,0.0,1.0,0.0
68,110.0,8.937592887972736,5,1.5942028985507246,1,0.21457705266891292,0.024346257889990983,0,1.0,1.0,0.0,1.0,0.0,1.0,1.0,0.0,0.0,1.0,1.0,0.0,0.0,0.0
6,19.7,4.871756295145138,0,2.814285714285714,1,0.21599574392622806,0.44104447164422683,0,0.0,0.0,0.0,1.0,0.0,0.0,0.0,1.0,0.0,0.0,0.0,1.0,0.0,0.0
20,76.0,7.371332050147517,3,3.619047619047619,1,0.21457705266891292,0.11158342189160468,0,0.0,1.0,1.0,1.0,0.0,1.0,0.0,0.0,1.0,0.0,0.0,0.0,0.0,0.0
13,25.15,5.8076919380467125,0,1.7964285714285713,1,0.21457705266891292,0.431938236489232,0,1.0,0.0,0.0,0.0,1.0,0.0,0.0,0.0,0.0,0.0,1.0,0.0,0.0,0.0
20,85.25,7.4590508353018405,1,4.059523809523809,0,0.3435006206774251,0.44104447164422683,0,1.0,0.0,0.0,1.0,0.0,1.0,1.0,0.0,0.0,0.0,1.0,0.0,1.0,0.0
11,59.65,6.5283233479207885,2,4.970833333333333,1,0.21457705266891292,0.42851340373679936,0,1.0,1.0,1.0,1.0,0.0,0.0,0.0,0.0,0.0,0.0,1.0,0.0,0.0,0.0
72,109.75,8.956724726496294,5,1.5034246575342465,1,0.21599574392622806,0.02787769784172662,0,1.0,1.0,0.0,1.0,0.0,1.0,1.0,0.0,0.0,1.0,1.0,1.0,0.0,0.0
43,78.8,8.149399520029084,5,1.7909090909090908,0,0.3435006206774251,0.02787769784172662,0,0.0,1.0,0.0,1.0,0.0,0.0,0.0,0.0,0.0,1.0,1.0,0.0,1.0,0.0
64,74.35,8.468118486769002,5,1.1438461538461537,0,0.22592658272743393,0.03211009174311927,0,0.0,1.0,0.0,1.0,0.0,0.0,0.0,0.0,0.0,1.0,1.0,0.0,0.0,1.0
66,54.65,8.197814032221203,4,0.8156716417910448,1,0.21457705266891292,0.03211009174311927,0,1.0,1.0,1.0,0.0,1.0,0.0,0.0,0.0,0.0,1.0,0.0,0.0,0.0,0.0
7,89.5,6.518704712142068,2,11.1875,0,0.3435006206774251,0.42851340373679936,1,1.0,1.0,0.0,1.0,0.0,0.0,1.0,0.0,0.0,0.0,1.0,0.0,1.0,0.0
39,59.8,7.759976712949614,3,1.4949999999999999,0,0.3435006206774251,0.11158342189160468,0,1.0,1.0,1.0,1.0,0.0,0.0,0.0,0.0,1.0,0.0,0.0,0.0,1.0,0.0
29,31.2,6.832169292025542,1,1.04,0,0.3435006206774251,0.42851340373679936,0,0.0,0.0,0.0,0.0,1.0,0.0,0.0,0.0,0.0,0.0,1.0,0.0,1.0,0.0
1,90.6,4.517431271680085,2,45.3,0,0.3435006206774251,0.42984953233021556,1,0.0,1.0,0.0,1.0,0.0,1.0,1.0,0.0,0.0,0.0,1.0,0.0,1.0,0.0
34,26.1,6.888929174732088,0,0.7457142857142858,1,0.21457705266891292,0.021602160216021602,0,1.0,0.0,0.0,1.0,0.0,1.0,0.0,1.0,0.0,1.0,0.0,0.0,0.0,0.0
16,50.15,6.6375856316149875,1,2.9499999999999997,0,0.3435006206774251,0.44104447164422683,0,0.0,0.0,0.0,1.0,0.0,0.0,0.0,0.0,0.0,0.0,1.0,0.0,1.0,0.0
50,105.05,8.5495248447795,4,2.0598039215686272,1,0.21599574392622806,0.02787769784172662,1,1.0,1.0,0.0,1.0,0.0,1.0,1.0,0.0,0.0,1.0,1.0,1.0,0.0,0.0
34,77.2,7.921100123670543,3,2.205714285714286,1,0.21457705266891292,0.11266094420600858,0,1.0,1.0,1.0,1.0,0.0,1.0,0.0,0.0,1.0,0.0,0.0,0.0,0.0,0.0
48,20.15,6.891575082753099,0,0.41122448979591836,1,0.21599574392622806,0.021602160216021602,0,1.0,0.0,0.0,1.0,0.0,0.0,0.0,1.0,0.0,1.0,0.0,1.0,0.0,0.0
36,55.8,7.5717310822418025,1,1.508108108108108,0,0.3435006206774251,0.10683760683760683,0,0.0,0.0,0.0,1.0,0.0,1.0,0.0,0.0,1.0,0.0,0.0,0.0,1.0,0.0
72,84.2,8.697437592414992,5,1.1534246575342466,1,0.21457705266891292,0.021602160216021602,0,0.0,1.0,1.0,1.0,0.0,1.0,0.0,0.0,0.0,1.0,1.0,0.0,0.0,0.0
25,20.2,6.232251533594787,0,0.7769230769230769,1,0.21457705266891292,0.11158342189160468,0,0.0,1.0,0.0,1.0,0.0,0.0,0.0,1.0,1.0,0.0,1.0,0.0,0.0,0.0
1,80.5,4.400603020246817,1,40.25,0,0.3435006206774251,0.42851340373679936,0,1.0,0.0,0.0,1.0,0.0,0.0,1.0,0.0,0.0,0.0,0.0,0.0,1.0,0.0
25,71.05,7.516814079159796,4,2.7326923076923078,0,0.22592658272743393,0.42851340373679936,0,0.0,1.0,0.0,1.0,0.0,0.0,0.0,0.0,0.0,0.0,1.0,0.0,0.0,1.0
63,107.5,8.835610558237235,4,1.6796875,0,0.3435006206774251,0.11882229232386961,0,0.0,1.0,0.0,1.0,0.0,1.0,1.0,0.0,1.0,0.0,1.0,0.0,1.0,0.0
62,43.6,7.91924709380068,3,0.692063492063492,1,0.21599574392622806,0.021602160216021602,0,0.0,0.0,0.0,0.0,1.0,0.0,0.0,0.0,0.0,1.0,1.0,1.0,0.0,0.0
46,40.4,7.519529701076345,3,0.8595744680851064,1,0.21599574392622806,0.027827648114901255,0,1.0,1.0,0.0,0.0,1.0,0.0,0.0,0.0,0.0,1.0,0.0,1.0,0.0,0.0
30,44.5,7.176865965848482,2,1.435483870967742,0,0.3435006206774251,0.42984953233021556,0,1.0,0.0,1.0,0.0,1.0,0.0,0.0,0.0,0.0,0.0,1.0,0.0,1.0,0.0
72,90.15,8.81246389721669,6,1.2349315068493152,1,0.21457705266891292,0.03211009174311927,1,0.0,1.0,1.0,1.0,0.0,1.0,0.0,0.0,0.0,1.0,1.0,0.0,0.0,0.0
50,44.8,7.710586116941816,0,0.8784313725490196,1,0.21457705266891292,0.10683760683760683,0,1.0,1.0,1.0,1.0,0.0,0.0,0.0,0.0,1.0,0.0,1.0,0.0,0.0,0.0
13,80.85,6.917408536010275,1,5.7749999999999995,0,0.3435006206774251,0.42851340373679936,0,1.0,0.0,0.0,1.0,0.0,0.0,1.0,0.0,0.0,0.0,1.0,0.0,1.0,0.0
51,34.2,7.48605261786314,2,0.6576923076923078,1,0.21457705266891292,0.024346257889990983,0,0.0,1.0,1.0,0.0,1.0,0.0,0.0,0.0,0.0,1.0,0.0,0.0,0.0,0.0
72,92.3,8.812977353120994,6,1.2643835616438355,1,0.21599574392622806,0.024346257889990983,0,1.0,1.0,0.0,1.0,0.0,1.0,0.0,0.0,0.0,1.0,0.0,1.0,0.0,0.0
71,104.15,8.904670823843324,4,1.4465277777777779,0,0.3435006206774251,0.02787769784172662,0,1.0,1.0,0.0,1.0,0.0,1.0,1.0,0.0,0.0,1.0,1.0,0.0,1.0,0.0
3,25.0,4.37260741275739,0,6.25,0,0.22592658272743393,0.44104447164422683,0,1.0,1.0,0.0,0.0,1.0,0.0,0.0,0.0,0.0,0.0,0.0,0.0,0.0,1.0
1,20.4,3.0633909220278057,0,10.2,0,0.22592658272743393,0.11882229232386961,0,1.0,1.0,1.0,1.0,0.0,0.0,0.0,1.0,1.0,0.0,0.0,0.0,0.0,1.0
61,85.55,8.566507027969159,2,1.3798387096774194,1,0.21457705266891292,0.11158342189160468,1,1.0,1.0,0.0,1.0,0.0,1.0,1.0,0.0,1.0,0.0,1.0,0.0,0.0,0.0
2,79.95,5.167354102029224,1,26.650000000000002,0,0.3435006206774251,0.44104447164422683,0,1.0,0.0,0.0,1.0,0.0,0.0,1.0,0.0,0.0,0.0,1.0,0.0,1.0,0.0
15,51.1,6.568288563380595,0,3.19375,0,0.3435006206774251,0.4231860559383867,0,0.0,1.0,0.0,1.0,0.0,1.0,0.0,0.0,0.0,0.0,1.0,0.0,1.0,0.0
50,71.05,8.144925887411512,0,1.3931372549019607,0,0.3435006206774251,0.4231860559383867,1,0.0,1.0,0.0,1.0,0.0,0.0,1.0,0.0,0.0,0.0,1.0,0.0,1.0,0.0
65,105.25,8.82282323116865,4,1.5946969696969697,1,0.21457705266891292,0.431938236489232,1,0.0,1.0,0.0,1.0,0.0,1.0,1.0,0.0,0.0,0.0,0.0,0.0,0.0,0.0
67,19.25,7.225408689929902,0,0.28308823529411764,1,0.21457705266891292,0.021602160216021602,0,0.0,1.0,1.0,1.0,0.0,0.0,0.0,1.0,0.0,1.0,1.0,0.0,0.0,0.0
70,76.1,8.568883906821593,4,1.0718309859154929,1,0.21599574392622806,0.03211009174311927,0,1.0,1.0,0.0,1.0,0.0,1.0,0.0,0.0,0.0,1.0,0.0,1.0,0.0,0.0
18,59.1,6.919733255741544,2,3.110526315789474,0,0.3435006206774251,0.42984953233021556,1,1.0,1.0,0.0,1.0,0.0,0.0,0.0,0.0,0.0,0.0,1.0,0.0,1.0,0.0
56,86.4,8.501754627727045,2,1.5157894736842106,0,0.3435006206774251,0.42984953233021556,0,1.0,0.0,0.0,1.0,0.0,1.0,1.0,0.0,0.0,0.0,1.0,0.0,1.0,0.0
1,93.85,4.552296696381023,2,46.925,0,0.3435006206774251,0.4231860559383867,0,0.0,0.0,0.0,1.0,0.0,1.0,1.0,0.0,0.0,0.0,1.0,0.0,1.0,0.0
58,61.05,8.15471573110751,2,1.0347457627118644,1,0.21457705266891292,0.11266094420600858,0,0.0,1.0,0.0,1.0,0.0,1.0,0.0,0.0,1.0,0.0,1.0,0.0,0.0,0.0
38,80.45,8.059481703299733,1,2.062820512820513,0,0.22592658272743393,0.431938236489232,1,1.0,0.0,1.0,1.0,0.0,1.0,1.0,0.0,0.0,0.0,1.0,0.0,0.0,1.0
52,94.6,8.52253887774099,3,1.7849056603773583,1,0.21457705266891292,0.42851340373679936,0,0.0,1.0,0.0,1.0,0.0,1.0,1.0,0.0,0.0,0.0,0.0,0.0,0.0,0.0
53,96.75,8.557864774625278,4,1.7916666666666667,0,0.22592658272743393,0.10683760683760683,1,0.0,0.0,0.0,1.0,0.0,0.0,1.0,0.0,1.0,0.0,1.0,0.0,0.0,1.0
60,110.8,8.80112323379829,5,1.8163934426229509,1,0.21599574392622806,0.03211009174311927,0,0.0,1.0,0.0,1.0,0.0,1.0,1.0,0.0,0.0,1.0,1.0,1.0,0.0,0.0
10,89.8,6.819251880390734,2,8.163636363636364,0,0.3435006206774251,0.431938236489232,1,1.0,1.0,0.0,1.0,0.0,1.0,1.0,0.0,0.0,0.0,1.0,0.0,1.0,0.0
8,19.05,5.311727053457954,0,2.1166666666666667,0,0.22592658272743393,0.027827648114901255,0,0.0,1.0,1.0,1.0,0.0,0.0,0.0,1.0,0.0,1.0,0.0,0.0,0.0,1.0
9,19.5,5.019595035467727,0,1.95,1,0.21457705266891292,0.42984953233021556,0,0.0,0.0,0.0,1.0,0.0,0.0,0.0,1.0,0.0,0.0,0.0,0.0,0.0,0.0
11,75.2,6.654539043411635,0,6.266666666666667,1,0.21599574392622806,0.4231860559383867,1,1.0,1.0,1.0,1.0,0.0,1.0,1.0,0.0,0.0,0.0,1.0,1.0,0.0,0.0
5,84.85,6.032006502420918,2,14.141666666666666,0,0.22592658272743393,0.44104447164422683,1,0.0,0.0,0.0,1.0,0.0,0.0,1.0,0.0,0.0,0.0,1.0,0.0,0.0,1.0
42,60.15,7.7925966225827015,2,1.3988372093023256,1,0.21457705266891292,0.11158342189160468,0,0.0,0.0,0.0,1.0,0.0,1.0,0.0,0.0,1.0,0.0,1.0,0.0,0.0,0.0
72,102.65,8.929475012851324,4,1.406164383561644,1,0.21599574392622806,0.024346257889990983,1,1.0,1.0,0.0,1.0,0.0,1.0,1.0,0.0,0.0,1.0,1.0,1.0,0.0,0.0
56,75.85,8.357540737883225,4,1.3307017543859647,1,0.21599574392622806,0.03211009174311927,0,1.0,1.0,1.0,1.0,0.0,1.0,0.0,0.0,0.0,1.0,1.0,1.0,0.0,0.0
17,80.05,7.2053753059728765,1,4.447222222222222,1,0.21457705266891292,0.42984953233021556,0,0.0,0.0,0.0,1.0,0.0,1.0,1.0,0.0,0.0,0.0,0.0,0.0,0.0,0.0
6,79.7,6.211804171089457,1,11.385714285714286,0,0.3435006206774251,0.42984953233021556,1,1.0,0.0,0.0,1.0,0.0,0.0,1.0,0.0,0.0,0.0,1.0,0.0,1.0,0.0
5,19.35,4.8445807097661735,0,3.225,0,0.22592658272743393,0.44104447164422683,0,1.0,1.0,0.0,1.0,0.0,0.0,0.0,1.0,0.0,0.0,0.0,0.0,0.0,1.0
12,19.4,5.293807211070151,0,1.4923076923076921,1,0.21457705266891292,0.42851340373679936,0,0.0,1.0,1.0,1.0,0.0,0.0,0.0,1.0,0.0,0.0,0.0,0.0,0.0,0.0
20,19.7,6.041206639002796,0,0.9380952380952381,0,0.22592658272743393,0.03211009174311927,0,1.0,0.0,0.0,1.0,0.0,0.0,0.0,1.0,0.0,1.0,1.0,0.0,0.0,1.0
69,109.95,8.940530961059032,5,1.5707142857142857,0,0.3435006206774251,0.024346257889990983,1,1.0,1.0,0.0,1.0,0.0,1.0,1.0,0.0,0.0,1.0,1.0,0.0,1.0,0.0
57,65.2,8.213070035344117,3,1.1241379310344828,1,0.21457705266891292,0.42851340373679936,0,0.0,1.0,1.0,1.0,0.0,1.0,0.0,0.0,0.0,0.0,0.0,0.0,0.0,0.0
27,74.4,7.587487885120221,1,2.6571428571428575,0,0.22592658272743393,0.42851340373679936,0,0.0,1.0,1.0,1.0,0.0,0.0,1.0,0.0,0.0,0.0,0.0,0.0,0.0,1.0
11,69.35,6.5698319900936095,3,5.779166666666666,0,0.3435006206774251,0.431938236489232,0,1.0,0.0,0.0,1.0,0.0,0.0,0.0,0.0,0.0,0.0,1.0,0.0,1.0,0.0
67,25.6,7.490724804520613,0,0.3764705882352941,1,0.21457705266891292,0.024346257889990983,0,0.0,0.0,0.0,1.0,0.0,1.0,0.0,1.0,0.0,1.0,1.0,0.0,0.0,0.0
62,20.65,7.106155216405431,0,0.3277777777777778,1,0.21599574392622806,0.02787769784172662,0,1.0,1.0,1.0,1.0,0.0,0.0,0.0,1.0,0.0,1.0,0.0,1.0,0.0,0.0
57,94.7,8.607024754606424,3,1.6327586206896552,0,0.3435006206774251,0.121875,0,0.0,0.0,0.0,1.0,0.0,1.0,1.0,0.0,1.0,0.0,0.0,0.0,1.0,0.0
1,25.75,3.2865344733420154,0,12.875,0,0.22592658272743393,0.42851340373679936,0,0.0,0.0,0.0,1.0,0.0,1.0,0.0,1.0,0.0,0.0,1.0,0.0,0.0,1.0
34,56.25,7.477010175371521,4,1.6071428571428572,0,0.3435006206774251,0.431938236489232,1,0.0,0.0,0.0,0.0,1.0,0.0,0.0,0.0,0.0,0.0,1.0,0.0,1.0,0.0
41,73.0,8.007100632226075,3,1.7380952380952381,0,0.3435006206774251,0.11266094420600858,0,1.0,1.0,0.0,1.0,0.0,1.0,0.0,0.0,1.0,0.0,1.0,0.0,1.0,0.0
68,99.55,8.805225202632306,4,1.4427536231884057,0,0.3435006206774251,0.024346257889990983,0,1.0,1.0,1.0,1.0,0.0,0.0,1.0,0.0,0.0,1.0,1.0,0.0,1.0,0.0
58,105.5,8.733352408956003,5,1.7881355932203389,1,0.21599574392622806,0.11266094420600858,1,0.0,1.0,0.0,1.0,0.0,0.0,1.0,0.0,1.0,0.0,1.0,1.0,0.0,0.0
22,93.2,7.677076153764925,3,4.052173913043478,0,0.22592658272743393,0.44104447164422683,0,1.0,0.0,0.0,1.0,0.0,0.0,1.0,0.0,0.0,0.0,1.0,0.0,0.0,1.0
71,87.25,8.753008120650192,6,1.2118055555555556,1,0.21599574392622806,0.021602160216021602,0,0.0,1.0,1.0,1.0,0.0,0.0,0.0,0.0,0.0,1.0,0.0,1.0,0.0,0.0
18,25.55,6.150282887865634,0,1.3447368421052632,1,0.21599574392622806,0.44104447164422683,0,1.0,1.0,1.0,0.0,1.0,0.0,0.0,0.0,0.0,0.0,0.0,1.0,0.0,0.0
9,49.2,6.106800145787886,1,4.92,0,0.22592658272743393,0.42984953233021556,1,1.0,0.0,0.0,1.0,0.0,0.0,0.0,0.0,0.0,0.0,0.0,0.0,0.0,1.0
67,50.55,8.141116968201862,1,0.7433823529411764,1,0.21599574392622806,0.11158342189160468,0,0.0,1.0,1.0,1.0,0.0,0.0,0.0,0.0,1.0,0.0,0.0,1.0,0.0,0.0
43,90.25,8.253162539295738,2,2.0511363636363638,0,0.3435006206774251,0.44104447164422683,1,0.0,0.0,0.0,1.0,0.0,1.0,1.0,0.0,0.0,0.0,1.0,0.0,1.0,0.0
28,25.7,6.6006864927301665,0,0.8862068965517241,0,0.22592658272743393,0.42851340373679936,1,0.0,1.0,0.0,1.0,0.0,1.0,0.0,1.0,0.0,0.0,0.0,0.0,0.0,1.0
32,85.0,7.879688832321678,1,2.5757575757575757,0,0.3435006206774251,0.44104447164422683,1,1.0,1.0,0.0,1.0,0.0,1.0,1.0,0.0,0.0,0.0,1.0,0.0,1.0,0.0
13,96.85,7.1200805228604676,3,6.917857142857143,0,0.3435006206774251,0.44104447164422683,1,0.0,0.0,0.0,1.0,0.0,0.0,1.0,0.0,0.0,0.0,1.0,0.0,1.0,0.0
23,49.7,6.98679748632209,1,2.0708333333333333,1,0.21599574392622806,0.42851340373679936,0,0.0,0.0,0.0,1.0,0.0,0.0,0.0,0.0,0.0,0.0,0.0,1.0,0.0,0.0
72,108.4,8.951634407760919,5,1.4849315068493152,0,0.3435006206774251,0.03211009174311927,0,1.0,1.0,0.0,1.0,0.0,1.0,1.0,0.0,0.0,1.0,1.0,0.0,1.0,0.0
3,29.9,4.535284058523925,1,7.475,0,0.3435006206774251,0.44104447164422683,0,1.0,1.0,0.0,0.0,1.0,0.0,0.0,0.0,0.0,0.0,1.0,0.0,1.0,0.0
41,66.5,7.91191035729736,3,1.5833333333333333,1,0.21457705266891292,0.10683760683760683,0,0.0,1.0,1.0,1.0,0.0,0.0,0.0,0.0,1.0,0.0,1.0,0.0,0.0,0.0
5,99.15,6.144292924507166,4,16.525000000000002,0,0.22592658272743393,0.42851340373679936,0,0.0,1.0,1.0,1.0,0.0,0.0,1.0,0.0,0.0,0.0,1.0,0.0,0.0,1.0
1,69.55,4.256321678298823,0,34.775,0,0.3435006206774251,0.42851340373679936,1,0.0,1.0,0.0,1.0,0.0,0.0,1.0,0.0,0.0,0.0,1.0,0.0,1.0,0.0
1,69.4,4.254193263163997,0,34.7,0,0.22592658272743393,0.431938236489232,0,0.0,1.0,0.0,1.0,0.0,0.0,1.0,0.0,0.0,0.0,1.0,0.0,0.0,1.0
36,70.7,7.829212640807651,3,1.9108108108108108,0,0.22592658272743393,0.10683760683760683,0,0.0,0.0,0.0,1.0,0.0,1.0,0.0,0.0,1.0,0.0,1.0,0.0,0.0,1.0
70,114.6,8.972527246677537,6,1.6140845070422534,0,0.3435006206774251,0.027827648114901255,0,1.0,0.0,1.0,1.0,0.0,1.0,1.0,0.0,0.0,1.0,1.0,0.0,1.0,0.0
1,79.55,4.388878109622984,1,39.775,0,0.22592658272743393,0.44104447164422683,0,0.0,0.0,0.0,1.0,0.0,1.0,1.0,0.0,0.0,0.0,1.0,0.0,0.0,1.0
7,35.5,5.523658501405734,2,4.4375,1,0.21599574392622806,0.11882229232386961,0,1.0,0.0,0.0,0.0,1.0,0.0,0.0,0.0,1.0,0.0,1.0,1.0,0.0,0.0
7,89.35,6.450233427238458,2,11.16875,1,0.21599574392622806,0.42851340373679936,0,1.0,0.0,0.0,1.0,0.0,1.0,1.0,0.0,0.0,0.0,1.0,1.0,0.0,0.0
6,45.65,5.782131441067177,0,6.521428571428571,0,0.22592658272743393,0.431938236489232,0,0.0,1.0,0.0,1.0,0.0,0.0,0.0,0.0,0.0,0.0,0.0,0.0,0.0,1.0
26,49.15,7.121494750221053,1,1.8203703703703704,1,0.21457705266891292,0.4231860559383867,0,1.0,0.0,0.0,1.0,0.0,0.0,0.0,0.0,0.0,0.0,0.0,0.0,0.0,0.0
27,59.45,7.385634067599347,2,2.123214285714286,0,0.3435006206774251,0.4231860559383867,0,1.0,0.0,0.0,1.0,0.0,1.0,0.0,0.0,0.0,0.0,0.0,0.0,1.0,0.0
71,91.65,8.947923106104142,5,1.2729166666666667,1,0.21599574392622806,0.02787769784172662,0,1.0,1.0,0.0,1.0,0.0,1.0,1.0,0.0,0.0,1.0,1.0,1.0,0.0,0.0
37,67.45,7.801514062349206,4,1.7750000000000001,0,0.3435006206774251,0.11882229232386961,0,1.0,0.0,0.0,1.0,0.0,1.0,0.0,0.0,1.0,0.0,0.0,0.0,1.0,0.0
26,73.05,7.580954821732386,4,2.7055555555555553,0,0.3435006206774251,0.431938236489232,0,0.0,1.0,0.0,1.0,0.0,0.0,0.0,0.0,0.0,0.0,1.0,0.0,1.0,0.0
1,35.0,3.58351893845611,1,17.5,0,0.3435006206774251,0.42984953233021556,0,0.0,1.0,0.0,0.0,1.0,0.0,0.0,0.0,0.0,0.0,0.0,0.0,1.0,0.0
67,93.15,8.759229151982272,3,1.3698529411764706,0,0.3435006206774251,0.024346257889990983,0,1.0,1.0,0.0,1.0,0.0,1.0,1.0,0.0,0.0,1.0,1.0,0.0,1.0,0.0
9,94.85,6.793017601511714,4,9.485,0,0.22592658272743393,0.4231860559383867,0,1.0,1.0,0.0,1.0,0.0,0.0,1.0,0.0,0.0,0.0,1.0,0.0,0.0,1.0
39,25.25,6.85514532870984,0,0.63125,1,0.21599574392622806,0.121875,0,1.0,1.0,1.0,0.0,1.0,0.0,0.0,0.0,1.0,0.0,1.0,1.0,0.0,0.0
66,105.2,8.84474720723256,4,1.5701492537313433,0,0.3435006206774251,0.4231860559383867,0,0.0,1.0,0.0,1.0,0.0,1.0,1.0,0.0,0.0,0.0,1.0,0.0,1.0,0.0
30,74.85,7.688340828690917,3,2.414516129032258,0,0.3435006206774251,0.03211009174311927,1,1.0,1.0,0.0,1.0,0.0,1.0,0.0,0.0,0.0,1.0,0.0,0.0,1.0,0.0
9,71.0,6.512562232144577,0,7.1,0,0.3435006206774251,0.42984953233021556,0,0.0,0.0,0.0,1.0,0.0,0.0,1.0,0.0,0.0,0.0,0.0,0.0,1.0,0.0
55,57.55,8.022044047035255,3,1.0276785714285714,1,0.21457705266891292,0.021602160216021602,0,1.0,1.0,1.0,1.0,0.0,0.0,0.0,0.0,0.0,1.0,0.0,0.0,0.0,0.0
68,102.1,8.87491658553894,4,1.479710144927536,1,0.21457705266891292,0.027827648114901255,0,1.0,0.0,0.0,1.0,0.0,1.0,1.0,0.0,0.0,1.0,1.0,0.0,0.0,0.0
66,25.15,7.4292834258812634,0,0.37537313432835817,1,0.21599574392622806,0.02787769784172662,0,0.0,0.0,0.0,1.0,0.0,1.0,0.0,1.0,0.0,1.0,1.0,1.0,0.0,0.0
57,104.9,8.685238323291383,4,1.8086206896551724,1,0.21457705266891292,0.42984953233021556,1,1.0,0.0,0.0,1.0,0.0,1.0,1.0,0.0,0.0,0.0,1.0,0.0,0.0,0.0
53,94.25,8.490633587080888,3,1.7453703703703705,1,0.21457705266891292,0.11158342189160468,0,1.0,1.0,0.0,1.0,0.0,0.0,1.0,0.0,1.0,0.0,1.0,0.0,0.0,0.0
10,24.4,5.54087131138207,0,2.2181818181818183,0,0.22592658272743393,0.4231860559383867,0,1.0,1.0,1.0,1.0,0.0,1.0,0.0,1.0,0.0,0.0,1.0,0.0,0.0,1.0
27,94.55,7.910443866346757,2,3.376785714285714,0,0.22592658272743393,0.431938236489232,0,0.0,0.0,0.0,1.0,0.0,1.0,1.0,0.0,0.0,0.0,1.0,0.0,0.0,1.0
26,19.2,6.132529987386585,0,0.7111111111111111,0,0.22592658272743393,0.121875,0,0.0,1.0,0.0,1.0,0.0,0.0,0.0,1.0,1.0,0.0,0.0,0.0,0.0,1.0
70,101.1,8.853065247965418,5,1.4239436619718309,1,0.21599574392622806,0.02787769784172662,0,1.0,1.0,1.0,1.0,0.0,0.0,1.0,0.0,0.0,1.0,1.0,1.0,0.0,0.0
12,20.15,5.7595324897606925,0,1.5499999999999998,0,0.3435006206774251,0.4231860559383867,0,1.0,0.0,0.0,1.0,0.0,1.0,0.0,1.0,0.0,0.0,0.0,0.0,1.0,0.0
15,19.4,5.670914871030584,0,1.2125,1,0.21457705266891292,0.4231860559383867,0,0.0,0.0,0.0,1.0,0.0,0.0,0.0,1.0,0.0,0.0,0.0,0.0,0.0,0.0
27,20.3,6.3903245561640105,0,0.725,0,0.22592658272743393,0.10683760683760683,0,1.0,0.0,0.0,1.0,0.0,0.0,0.0,1.0,1.0,0.0,0.0,0.0,0.0,1.0
56,81.8,8.419679585851359,5,1.4350877192982456,1,0.21599574392622806,0.021602160216021602,0,1.0,0.0,0.0,1.0,0.0,0.0,0.0,0.0,0.0,1.0,1.0,1.0,0.0,0.0
2,54.45,4.480740107609915,2,18.150000000000002,0,0.22592658272743393,0.42984953233021556,0,1.0,0.0,0.0,1.0,0.0,0.0,0.0,0.0,0.0,0.0,1.0,0.0,0.0,1.0
42,56.1,7.778148658469255,1,1.3046511627906978,1,0.21599574392622806,0.121875,0,1.0,1.0,0.0,1.0,0.0,1.0,0.0,0.0,1.0,0.0,0.0,1.0,0.0,0.0
68,24.0,7.417760566364225,0,0.34782608695652173,1,0.21457705266891292,0.02787769784172662,0,1.0,1.0,1.0,1.0,0.0,1.0,0.0,1.0,0.0,1.0,1.0,0.0,0.0,0.0
61,100.7,8.702784397077815,4,1.6241935483870968,1,0.21599574392622806,0.11882229232386961,0,0.0,1.0,1.0,1.0,0.0,1.0,1.0,0.0,1.0,0.0,1.0,1.0,0.0,0.0
3,41.35,4.684443366882599,3,10.3375,0,0.22592658272743393,0.42851340373679936,0,1.0,0.0,0.0,0.0,1.0,0.0,0.0,0.0,0.0,0.0,0.0,0.0,0.0,1.0
21,73.7,7.35224877405778,0,3.35,0,0.3435006206774251,0.42984953233021556,0,1.0,0.0,0.0,1.0,0.0,1.0,1.0,0.0,0.0,0.0,1.0,0.0,1.0,0.0
52,50.5,7.850610041981843,4,0.9528301886792453,0,0.3435006206774251,0.42984953233021556,1,0.0,0.0,0.0,0.0,1.0,0.0,0.0,0.0,0.0,0.0,1.0,0.0,1.0,0.0
10,26.1,5.422965671113147,0,2.372727272727273,1,0.21599574392622806,0.027827648114901255,0,0.0,1.0,1.0,1.0,0.0,1.0,0.0,1.0,0.0,1.0,0.0,1.0,0.0,0.0
41,20.65,6.775993747799883,0,0.49166666666666664,1,0.21599574392622806,0.024346257889990983,0,0.0,1.0,0.0,1.0,0.0,0.0,0.0,1.0,0.0,1.0,0.0,1.0,0.0,0.0
60,105.9,8.764404770064148,4,1.736065573770492,0,0.3435006206774251,0.4231860559383867,1,0.0,1.0,0.0,1.0,0.0,1.0,1.0,0.0,0.0,0.0,1.0,0.0,1.0,0.0
36,53.65,7.570623648156153,2,1.45,0,0.22592658272743393,0.11158342189160468,0,1.0,1.0,1.0,1.0,0.0,0.0,0.0,0.0,1.0,0.0,0.0,0.0,0.0,1.0
52,20.65,6.931422976282321,0,0.38962264150943393,0,0.22592658272743393,0.11882229232386961,0,0.0,0.0,0.0,1.0,0.0,0.0,0.0,1.0,1.0,0.0,0.0,0.0,0.0,1.0
8,84.0,6.420646181833463,1,9.333333333333334,0,0.3435006206774251,0.44104447164422683,1,0.0,1.0,0.0,1.0,0.0,1.0,1.0,0.0,0.0,0.0,1.0,0.0,1.0,0.0
47,100.05,8.491270072062852,3,2.084375,0,0.3435006206774251,0.431938236489232,1,1.0,1.0,0.0,1.0,0.0,1.0,1.0,0.0,0.0,0.0,1.0,0.0,1.0,0.0
31,98.9,7.976698425988199,4,3.090625,0,0.3435006206774251,0.42984953233021556,1,0.0,1.0,1.0,1.0,0.0,0.0,1.0,0.0,0.0,0.0,1.0,0.0,1.0,0.0
22,84.75,7.505354751530167,1,3.6847826086956523,0,0.3435006206774251,0.42984953233021556,0,0.0,0.0,1.0,1.0,0.0,1.0,1.0,0.0,0.0,0.0,1.0,0.0,1.0,0.0
71,85.45,8.70449399781289,2,1.1868055555555557,1,0.21599574392622806,0.10683760683760683,0,1.0,0.0,1.0,1.0,0.0,1.0,1.0,0.0,1.0,0.0,1.0,1.0,0.0,0.0
22,48.8,6.961864604629169,1,2.1217391304347823,1,0.21599574392622806,0.4231860559383867,0,0.0,0.0,0.0,1.0,0.0,0.0,0.0,0.0,0.0,0.0,1.0,1.0,0.0,0.0
1,69.9,4.2612704335380815,0,34.95,0,0.3435006206774251,0.42851340373679936,0,1.0,0.0,0.0,1.0,0.0,0.0,1.0,0.0,0.0,0.0,1.0,0.0,1.0,0.0
7,75.1,6.317074429966682,0,9.3875,1,0.21457705266891292,0.431938236489232,0,0.0,0.0,0.0,1.0,0.0,1.0,1.0,0.0,0.0,0.0,1.0,0.0,0.0,0.0
66,110.9,8.913691551461717,5,1.655223880597015,1,0.21599574392622806,0.11158342189160468,1,1.0,0.0,0.0,1.0,0.0,1.0,1.0,0.0,1.0,0.0,0.0,1.0,0.0,0.0
13,106.9,7.219129463690706,4,7.635714285714286,0,0.3435006206774251,0.431938236489232,1,1.0,0.0,0.0,1.0,0.0,1.0,1.0,0.0,0.0,0.0,1.0,0.0,1.0,0.0
24,89.25,7.70129063357335,3,3.57,0,0.3435006206774251,0.42851340373679936,0,1.0,1.0,0.0,1.0,0.0,0.0,1.0,0.0,0.0,0.0,1.0,0.0,1.0,0.0
5,54.2,5.734150011272598,2,9.033333333333333,0,0.3435006206774251,0.431938236489232,0,0.0,0.0,0.0,1.0,0.0,0.0,0.0,0.0,0.0,0.0,0.0,0.0,1.0,0.0
3,40.15,4.880906187421472,2,10.0375,0,0.22592658272743393,0.4231860559383867,0,1.0,0.0,0.0,0.0,1.0,0.0,0.0,0.0,0.0,0.0,1.0,0.0,0.0,1.0
3,20.2,4.203946072137182,0,5.05,0,0.3435006206774251,0.42851340373679936,0,0.0,0.0,0.0,1.0,0.0,0.0,0.0,1.0,0.0,0.0,0.0,0.0,1.0,0.0
14,48.8,6.500388363584376,1,3.253333333333333,1,0.21457705266891292,0.4231860559383867,0,1.0,1.0,0.0,1.0,0.0,0.0,0.0,0.0,0.0,0.0,0.0,0.0,0.0,0.0
25,69.5,7.4694546091209375,3,2.673076923076923,1,0.21599574392622806,0.431938236489232,1,0.0,1.0,0.0,1.0,0.0,1.0,0.0,0.0,0.0,0.0,1.0,1.0,0.0,0.0
23,75.3,7.440675020221193,1,3.1374999999999997,1,0.21599574392622806,0.431938236489232,0,0.0,1.0,1.0,1.0,0.0,0.0,1.0,0.0,0.0,0.0,1.0,1.0,0.0,0.0
8,73.5,6.450786328006857,0,8.166666666666666,0,0.3435006206774251,0.42851340373679936,0,0.0,0.0,0.0,1.0,0.0,1.0,1.0,0.0,0.0,0.0,1.0,0.0,1.0,0.0
15,101.9,7.419530451783716,4,6.36875,0,0.3435006206774251,0.11158342189160468,0,1.0,1.0,1.0,1.0,0.0,0.0,1.0,0.0,1.0,0.0,0.0,0.0,1.0,0.0
23,90.0,7.613374361037403,3,3.75,0,0.3435006206774251,0.431938236489232,1,1.0,1.0,0.0,1.0,0.0,0.0,1.0,0.0,0.0,0.0,1.0,0.0,1.0,0.0
3,74.6,5.48084723497695,1,18.65,1,0.21457705266891292,0.42984953233021556,1,0.0,1.0,0.0,1.0,0.0,0.0,1.0,0.0,0.0,0.0,1.0,0.0,0.0,0.0
12,19.45,5.431317368009281,0,1.4961538461538462,1,0.21457705266891292,0.4231860559383867,0,0.0,0.0,0.0,1.0,0.0,0.0,0.0,1.0,0.0,0.0,0.0,0.0,0.0,0.0
18,80.65,7.281316838077293,1,4.244736842105263,0,0.3435006206774251,0.42984953233021556,0,1.0,0.0,0.0,1.0,0.0,1.0,1.0,0.0,0.0,0.0,1.0,0.0,1.0,0.0
56,25.95,7.275899202024019,0,0.4552631578947368,1,0.21457705266891292,0.02787769784172662,0,1.0,0.0,0.0,1.0,0.0,1.0,0.0,1.0,0.0,1.0,1.0,0.0,0.0,0.0
10,24.8,5.41565585896527,0,2.2545454545454544,1,0.21599574392622806,0.44104447164422683,0,1.0,0.0,1.0,1.0,0.0,1.0,0.0,1.0,0.0,0.0,0.0,1.0,0.0,0.0
10,20.15,5.401776074916267,0,1.8318181818181818,0,0.22592658272743393,0.03211009174311927,0,0.0,1.0,1.0,1.0,0.0,0.0,0.0,1.0,0.0,1.0,0.0,0.0,0.0,1.0
65,99.1,8.7791188981929,4,1.5015151515151515,1,0.21457705266891292,0.431938236489232,1,1.0,0.0,0.0,1.0,0.0,0.0,1.0,0.0,0.0,0.0,1.0,0.0,0.0,0.0
50,20.35,6.84582668235997,0,0.3990196078431373,0,0.22592658272743393,0.10683760683760683,0,1.0,1.0,1.0,1.0,0.0,0.0,0.0,1.0,1.0,0.0,1.0,0.0,0.0,1.0
13,80.5,6.9204740513899115,1,5.75,0,0.3435006206774251,0.44104447164422683,0,0.0,0.0,0.0,1.0,0.0,0.0,1.0,0.0,0.0,0.0,1.0,0.0,1.0,0.0
31,93.8,7.986436932161368,3,2.93125,0,0.3435006206774251,0.11158342189160468,0,1.0,1.0,0.0,1.0,0.0,0.0,1.0,0.0,1.0,0.0,1.0,0.0,1.0,0.0
65,20.4,7.255202780720728,0,0.3090909090909091,1,0.21599574392622806,0.03211009174311927,0,1.0,1.0,0.0,1.0,0.0,0.0,0.0,1.0,0.0,1.0,1.0,1.0,0.0,0.0
5,20.5,4.6568134191399295,0,3.4166666666666665,0,0.22592658272743393,0.42851340373679936,0,0.0,0.0,0.0,1.0,0.0,0.0,0.0,1.0,0.0,0.0,1.0,0.0,0.0,1.0
62,80.4,8.513616803759081,5,1.2761904761904763,1,0.21457705266891292,0.431938236489232,0,1.0,0.0,0.0,1.0,0.0,0.0,0.0,0.0,0.0,0.0,1.0,0.0,0.0,0.0
40,99.2,8.309726119487035,4,2.419512195121951,1,0.21599574392622806,0.10683760683760683,1,0.0,1.0,0.0,1.0,0.0,0.0,1.0,0.0,1.0,0.0,1.0,1.0,0.0,0.0
71,23.85,7.422433472063617,0,0.33125000000000004,0,0.22592658272743393,0.03211009174311927,0,0.0,1.0,0.0,1.0,0.0,1.0,0.0,1.0,0.0,1.0,0.0,0.0,0.0,1.0
8,19.5,5.077358926139164,0,2.1666666666666665,1,0.21457705266891292,0.02787769784172662,0,0.0,1.0,1.0,1.0,0.0,0.0,0.0,1.0,0.0,1.0,0.0,0.0,0.0,0.0
64,66.15,8.387881454935897,2,1.0176923076923077,1,0.21599574392622806,0.11266094420600858,0,1.0,1.0,0.0,1.0,0.0,1.0,0.0,0.0,1.0,0.0,1.0,1.0,0.0,0.0
72,114.85,9.026291323928044,6,1.5732876712328767,1,0.21457705266891292,0.024346257889990983,1,0.0,1.0,0.0,1.0,0.0,1.0,1.0,0.0,0.0,1.0,1.0,0.0,0.0,0.0
2,20.75,3.8110970868381857,0,6.916666666666667,0,0.22592658272743393,0.431938236489232,0,1.0,0.0,0.0,1.0,0.0,0.0,0.0,1.0,0.0,0.0,0.0,0.0,0.0,1.0
8,19.85,4.994505912166372,0,2.2055555555555557,0,0.22592658272743393,0.024346257889990983,0,0.0,1.0,1.0,1.0,0.0,0.0,0.0,1.0,0.0,1.0,1.0,0.0,0.0,1.0
1,75.3,4.334672938290411,1,37.65,1,0.21457705266891292,0.44104447164422683,1,0.0,0.0,0.0,1.0,0.0,0.0,1.0,0.0,0.0,0.0,1.0,0.0,0.0,0.0
1,20.3,3.0587070727153796,0,10.15,0,0.22592658272743393,0.42984953233021556,0,1.0,0.0,0.0,1.0,0.0,0.0,0.0,1.0,0.0,0.0,0.0,0.0,0.0,1.0
2,54.35,4.771108263531522,1,18.116666666666667,0,0.22592658272743393,0.42851340373679936,0,0.0,0.0,0.0,1.0,0.0,1.0,0.0,0.0,0.0,0.0,1.0,0.0,0.0,1.0
9,79.55,6.578626016616183,1,7.955,0,0.3435006206774251,0.431938236489232,1,1.0,0.0,0.0,1.0,0.0,0.0,1.0,0.0,0.0,0.0,1.0,0.0,1.0,0.0
52,39.9,7.611792942373255,2,0.7528301886792452,0,0.3435006206774251,0.42984953233021556,0,1.0,1.0,0.0,0.0,1.0,0.0,0.0,0.0,0.0,0.0,1.0,0.0,1.0,0.0
4,19.65,4.227563406008323,0,3.9299999999999997,0,0.22592658272743393,0.42851340373679936,0,1.0,0.0,0.0,1.0,0.0,0.0,0.0,1.0,0.0,0.0,1.0,0.0,0.0,1.0
71,84.2,8.692464956722665,5,1.1694444444444445,1,0.21599574392622806,0.021602160216021602,0,1.0,1.0,0.0,1.0,0.0,1.0,0.0,0.0,0.0,1.0,0.0,1.0,0.0,0.0
29,94.2,7.866568957936183,3,3.14,0,0.3435006206774251,0.431938236489232,0,1.0,0.0,0.0,1.0,0.0,0.0,1.0,0.0,0.0,0.0,1.0,0.0,1.0,0.0
4,90.4,5.879554854554393,3,18.080000000000002,0,0.3435006206774251,0.42984953233021556,0,1.0,0.0,0.0,1.0,0.0,0.0,1.0,0.0,0.0,0.0,1.0,0.0,1.0,0.0
27,86.45,7.7840778184099575,2,3.0875,1,0.21457705266891292,0.42984953233021556,1,0.0,0.0,0.0,1.0,0.0,1.0,1.0,0.0,0.0,0.0,1.0,0.0,0.0,0.0
48,19.85,6.821107472256465,0,0.40510204081632656,1,0.21599574392622806,0.03211009174311927,0,1.0,0.0,0.0,1.0,0.0,0.0,0.0,1.0,0.0,1.0,0.0,1.0,0.0,0.0
1,20.35,3.0610517396746335,0,10.175,0,0.22592658272743393,0.42984953233021556,0,0.0,0.0,0.0,1.0,0.0,0.0,0.0,1.0,0.0,0.0,1.0,0.0,0.0,1.0
2,70.7,4.869071729774468,0,23.566666666666666,0,0.22592658272743393,0.4231860559383867,0,1.0,0.0,0.0,1.0,0.0,0.0,1.0,0.0,0.0,0.0,0.0,0.0,0.0,1.0
72,118.75,9.068021914499312,6,1.6267123287671232,1,0.21457705266891292,0.024346257889990983,0,0.0,1.0,1.0,1.0,0.0,1.0,1.0,0.0,0.0,1.0,1.0,0.0,0.0,0.0
9,74.25,6.462483285955585,1,7.425,1,0.21599574392622806,0.42851340373679936,0,0.0,0.0,0.0,1.0,0.0,0.0,1.0,0.0,0.0,0.0,1.0,1.0,0.0,0.0
71,25.6,7.543935203900829,0,0.35555555555555557,0,0.3435006206774251,0.021602160216021602,0,0.0,1.0,0.0,1.0,0.0,1.0,0.0,1.0,0.0,1.0,0.0,0.0,1.0,0.0
34,100.85,8.168571447525101,3,2.8814285714285712,0,0.3435006206774251,0.431938236489232,0,1.0,1.0,0.0,1.0,0.0,1.0,1.0,0.0,0.0,0.0,0.0,0.0,1.0,0.0
68,79.6,8.61555326102932,5,1.153623188405797,1,0.21457705266891292,0.024346257889990983,0,0.0,1.0,0.0,1.0,0.0,0.0,0.0,0.0,0.0,1.0,1.0,0.0,0.0,0.0
23,69.5,7.4104075920589665,3,2.8958333333333335,1,0.21599574392622806,0.431938236489232,0,0.0,1.0,1.0,1.0,0.0,1.0,0.0,0.0,0.0,0.0,1.0,1.0,0.0,0.0
12,19.7,5.567962751513666,0,1.5153846153846153,0,0.22592658272743393,0.11266094420600858,0,0.0,0.0,0.0,1.0,0.0,0.0,0.0,1.0,1.0,0.0,0.0,0.0,0.0,1.0
9,103.1,6.878789800689122,4,10.309999999999999,0,0.3435006206774251,0.42851340373679936,0,1.0,1.0,1.0,1.0,0.0,0.0,1.0,0.0,0.0,0.0,0.0,0.0,1.0,0.0
1,78.8,4.379523504455763,1,39.4,0,0.3435006206774251,0.4231860559383867,0,0.0,1.0,0.0,1.0,0.0,0.0,1.0,0.0,0.0,0.0,0.0,0.0,1.0,0.0
29,84.9,7.830902451652778,1,2.83,0,0.3435006206774251,0.4231860559383867,0,1.0,0.0,0.0,1.0,0.0,1.0,1.0,0.0,0.0,0.0,1.0,0.0,1.0,0.0
28,35.75,6.869430164660469,2,1.2327586206896552,0,0.22592658272743393,0.44104447164422683,0,0.0,0.0,0.0,0.0,1.0,0.0,0.0,0.0,0.0,0.0,1.0,0.0,0.0,1.0
6,49.15,5.605066501717044,1,7.021428571428571,0,0.3435006206774251,0.44104447164422683,0,0.0,1.0,0.0,1.0,0.0,0.0,0.0,0.0,0.0,0.0,1.0,0.0,1.0,0.0
3,74.55,5.458095042240426,1,18.6375,0,0.3435006206774251,0.44104447164422683,0,0.0,0.0,0.0,1.0,0.0,0.0,1.0,0.0,0.0,0.0,1.0,0.0,1.0,0.0
51,90.35,8.437186316434035,2,1.7374999999999998,1,0.21599574392622806,0.11882229232386961,0,1.0,1.0,0.0,1.0,0.0,1.0,1.0,0.0,1.0,0.0,1.0,1.0,0.0,0.0
64,73.55,8.469052816088302,1,1.1315384615384616,0,0.22592658272743393,0.431938236489232,0,1.0,1.0,0.0,1.0,0.0,0.0,1.0,0.0,0.0,0.0,1.0,0.0,0.0,1.0
16,94.45,7.32132082312417,3,5.555882352941176,0,0.3435006206774251,0.42984953233021556,1,0.0,0.0,0.0,1.0,0.0,0.0,1.0,0.0,0.0,0.0,1.0,0.0,1.0,0.0
56,109.8,8.717788429486097,5,1.9263157894736842,1,0.21457705266891292,0.11266094420600858,0,0.0,1.0,0.0,1.0,0.0,1.0,1.0,0.0,1.0,0.0,0.0,0.0,0.0,0.0
2,20.35,3.835141961092188,0,6.783333333333334,0,0.22592658272743393,0.44104447164422683,0,0.0,0.0,0.0,1.0,0.0,0.0,0.0,1.0,0.0,0.0,0.0,0.0,0.0,1.0
72,86.65,8.715265058301425,5,1.1869863013698632,1,0.21599574392622806,0.02787769784172662,0,1.0,1.0,0.0,1.0,0.0,1.0,0.0,0.0,0.0,1.0,0.0,1.0,0.0,0.0
55,100.15,8.596142994394638,3,1.7883928571428573,0,0.3435006206774251,0.121875,1,0.0,0.0,0.0,1.0,0.0,1.0,1.0,0.0,1.0,0.0,1.0,0.0,1.0,0.0
72,97.85,8.830879211404719,3,1.3404109589041096,0,0.3435006206774251,0.027827648114901255,0,0.0,1.0,0.0,1.0,0.0,1.0,1.0,0.0,0.0,1.0,1.0,0.0,1.0,0.0
1,35.75,3.6041382256588457,1,17.875,0,0.3435006206774251,0.42851340373679936,0,0.0,0.0,0.0,0.0,1.0,0.0,0.0,0.0,0.0,0.0,1.0,0.0,1.0,0.0
48,55.8,7.883144763243498,2,1.1387755102040815,1,0.21599574392622806,0.10683760683760683,0,1.0,1.0,1.0,1.0,0.0,0.0,0.0,0.0,1.0,0.0,1.0,1.0,0.0,0.0
32,106.35,8.166713304140416,4,3.2227272727272727,1,0.21457705266891292,0.431938236489232,1,1.0,1.0,0.0,1.0,0.0,1.0,1.0,0.0,0.0,0.0,0.0,0.0,0.0,0.0
14,76.45,7.019788482657914,1,5.096666666666667,0,0.3435006206774251,0.4231860559383867,0,1.0,0.0,0.0,1.0,0.0,0.0,1.0,0.0,0.0,0.0,0.0,0.0,1.0,0.0
38,20.2,6.616132117297094,0,0.5179487179487179,0,0.22592658272743393,0.021602160216021602,0,0.0,1.0,1.0,1.0,0.0,0.0,0.0,1.0,0.0,1.0,1.0,0.0,0.0,1.0
67,19.8,7.179536601902241,0,0.2911764705882353,0,0.22592658272743393,0.027827648114901255,0,1.0,0.0,0.0,1.0,0.0,0.0,0.0,1.0,0.0,1.0,1.0,0.0,0.0,1.0
68,19.5,7.085524824408029,0,0.2826086956521739,1,0.21457705266891292,0.11158342189160468,1,1.0,1.0,1.0,1.0,0.0,0.0,0.0,1.0,1.0,0.0,0.0,0.0,0.0,0.0
20,24.45,6.181671598175927,0,1.1642857142857141,0,0.3435006206774251,0.44104447164422683,0,0.0,1.0,0.0,0.0,1.0,0.0,0.0,0.0,0.0,0.0,1.0,0.0,1.0,0.0
57,87.55,8.494098551387365,3,1.5094827586206896,1,0.21457705266891292,0.44104447164422683,0,0.0,0.0,0.0,1.0,0.0,1.0,1.0,0.0,0.0,0.0,1.0,0.0,0.0,0.0
46,103.15,8.43286548289217,4,2.19468085106383,0,0.3435006206774251,0.10683760683760683,0,0.0,1.0,0.0,1.0,0.0,1.0,1.0,0.0,1.0,0.0,1.0,0.0,1.0,0.0
10,19.5,5.424289006109973,0,1.7727272727272727,0,0.22592658272743393,0.10683760683760683,0,1.0,0.0,0.0,1.0,0.0,0.0,0.0,1.0,1.0,0.0,0.0,0.0,0.0,1.0
31,19.55,6.492164074574964,0,0.6109375,0,0.22592658272743393,0.42984953233021556,0,0.0,1.0,1.0,1.0,0.0,0.0,0.0,1.0,0.0,0.0,1.0,0.0,0.0,1.0
46,81.0,8.255139878598271,5,1.7234042553191489,0,0.22592658272743393,0.024346257889990983,0,1.0,1.0,1.0,1.0,0.0,0.0,0.0,0.0,0.0,1.0,0.0,0.0,0.0,1.0
6,20.95,4.705015520957808,0,2.992857142857143,0,0.22592658272743393,0.4231860559383867,0,0.0,0.0,0.0,1.0,0.0,0.0,0.0,1.0,0.0,0.0,1.0,0.0,0.0,1.0
61,25.0,7.312786959840947,0,0.4032258064516129,1,0.21599574392622806,0.021602160216021602,0,0.0,0.0,1.0,1.0,0.0,1.0,0.0,1.0,0.0,1.0,1.0,1.0,0.0,0.0
2,50.15,4.754451888703846,1,16.716666666666665,1,0.21599574392622806,0.42851340373679936,1,0.0,1.0,0.0,1.0,0.0,0.0,0.0,0.0,0.0,0.0,0.0,1.0,0.0,0.0
32,19.8,6.377916716034216,0,0.6,1,0.21599574392622806,0.11882229232386961,1,1.0,0.0,0.0,1.0,0.0,0.0,0.0,1.0,1.0,0.0,0.0,1.0,0.0,0.0
22,89.25,7.554256245468311,2,3.880434782608696,0,0.3435006206774251,0.4231860559383867,0,0.0,0.0,0.0,1.0,0.0,0.0,1.0,0.0,0.0,0.0,0.0,0.0,1.0,0.0
67,107.05,8.873958131305212,4,1.574264705882353,1,0.21599574392622806,0.121875,1,0.0,1.0,0.0,1.0,0.0,1.0,1.0,0.0,1.0,0.0,1.0,1.0,0.0,0.0
51,78.65,8.281939102681845,4,1.5125000000000002,1,0.21599574392622806,0.11882229232386961,0,0.0,1.0,0.0,1.0,0.0,1.0,0.0,0.0,1.0,0.0,1.0,1.0,0.0,0.0
17,70.0,7.04359650189355,0,3.888888888888889,0,0.3435006206774251,0.42851340373679936,0,0.0,0.0,0.0,1.0,0.0,0.0,1.0,0.0,0.0,0.0,1.0,0.0,1.0,0.0
62,86.1,8.559534031905763,6,1.3666666666666665,0,0.3435006206774251,0.024346257889990983,0,1.0,1.0,1.0,1.0,0.0,0.0,0.0,0.0,0.0,1.0,0.0,0.0,1.0,0.0
18,44.35,6.645155986897819,0,2.3342105263157897,1,0.21457705266891292,0.44104447164422683,0,1.0,1.0,0.0,1.0,0.0,0.0,0.0,0.0,0.0,0.0,1.0,0.0,0.0,0.0
1,55.55,4.03512520256213,1,27.775,0,0.22592658272743393,0.4231860559383867,0,1.0,0.0,0.0,1.0,0.0,0.0,0.0,0.0,0.0,0.0,0.0,0.0,0.0,1.0
53,85.45,8.415880029715748,1,1.5824074074074075,1,0.21457705266891292,0.42851340373679936,0,1.0,0.0,0.0,1.0,0.0,1.0,1.0,0.0,0.0,0.0,0.0,0.0,0.0,0.0
53,20.8,6.930299243417031,0,0.3851851851851852,1,0.21457705266891292,0.10683760683760683,0,0.0,1.0,0.0,1.0,0.0,0.0,0.0,1.0,1.0,0.0,0.0,0.0,0.0,0.0
13,54.45,6.562232206840506,4,3.8892857142857147,0,0.3435006206774251,0.42984953233021556,0,1.0,1.0,0.0,0.0,1.0,0.0,0.0,0.0,0.0,0.0,1.0,0.0,1.0,0.0
71,97.2,8.840913032207272,3,1.35,0,0.3435006206774251,0.03211009174311927,0,1.0,1.0,1.0,1.0,0.0,1.0,1.0,0.0,0.0,1.0,1.0,0.0,1.0,0.0
17,61.95,6.977001451718952,2,3.441666666666667,0,0.22592658272743393,0.121875,0,0.0,1.0,1.0,1.0,0.0,1.0,0.0,0.0,1.0,0.0,1.0,0.0,0.0,1.0
21,102.8,7.6549881016953245,5,4.672727272727273,0,0.3435006206774251,0.42851340373679936,0,0.0,1.0,1.0,1.0,0.0,0.0,1.0,0.0,0.0,0.0,1.0,0.0,1.0,0.0
58,102.1,8.68039988435051,4,1.730508474576271,1,0.21599574392622806,0.42851340373679936,0,0.0,1.0,0.0,1.0,0.0,1.0,1.0,0.0,0.0,0.0,1.0,1.0,0.0,0.0
6,49.45,5.75447558897172,1,7.064285714285715,0,0.3435006206774251,0.431938236489232,0,0.0,0.0,0.0,1.0,0.0,0.0,0.0,0.0,0.0,0.0,1.0,0.0,1.0,0.0
54,65.65,8.17967640944743,3,1.1936363636363638,1,0.21599574392622806,0.03211009174311927,0,1.0,1.0,1.0,1.0,0.0,1.0,0.0,0.0,0.0,1.0,1.0,1.0,0.0,0.0
22,19.9,5.994709277272871,0,0.8652173913043477,0,0.22592658272743393,0.4231860559383867,0,0.0,1.0,1.0,1.0,0.0,0.0,0.0,1.0,0.0,0.0,0.0,0.0,0.0,1.0
15,64.65,6.903295348260044,2,4.040625,1,0.21457705266891292,0.42851340373679936,0,0.0,0.0,0.0,1.0,0.0,1.0,0.0,0.0,0.0,0.0,1.0,0.0,0.0,0.0
39,23.8,6.80771392480191,0,0.595,0,0.22592658272743393,0.03211009174311927,0,1.0,1.0,1.0,1.0,0.0,1.0,0.0,1.0,0.0,1.0,1.0,0.0,0.0,1.0
13,31.05,5.852920612659915,1,2.217857142857143,0,0.3435006206774251,0.42984953233021556,0,0.0,0.0,0.0,0.0,1.0,0.0,0.0,0.0,0.0,0.0,1.0,0.0,1.0,0.0
54,44.1,7.770940549169187,3,0.8018181818181819,1,0.21457705266891292,0.11158342189160468,0,0.0,0.0,0.0,0.0,1.0,0.0,0.0,0.0,1.0,0.0,0.0,0.0,0.0,0.0
70,24.25,7.4530692822067,0,0.3415492957746479,1,0.21457705266891292,0.024346257889990983,0,1.0,1.0,0.0,1.0,0.0,1.0,0.0,1.0,0.0,1.0,0.0,0.0,0.0,0.0
17,82.65,7.293731710506439,1,4.591666666666667,1,0.21599574392622806,0.44104447164422683,1,0.0,0.0,0.0,1.0,0.0,1.0,1.0,0.0,0.0,0.0,1.0,1.0,0.0,0.0
6,20.2,4.598648968997826,0,2.8857142857142857,0,0.22592658272743393,0.42984953233021556,0,1.0,0.0,1.0,1.0,0.0,0.0,0.0,1.0,0.0,0.0,1.0,0.0,0.0,1.0
63,19.95,7.119473812626879,0,0.31171875,1,0.21457705266891292,0.03211009174311927,0,1.0,1.0,0.0,1.0,0.0,0.0,0.0,1.0,0.0,1.0,1.0,0.0,0.0,0.0
58,60.3,8.17886323029291,3,1.0220338983050847,1,0.21599574392622806,0.10683760683760683,0,1.0,1.0,0.0,1.0,0.0,0.0,0.0,0.0,1.0,0.0,0.0,1.0,0.0,0.0
72,82.3,8.668393809802371,5,1.1273972602739726,1,0.21457705266891292,0.02787769784172662,0,1.0,1.0,1.0,1.0,0.0,1.0,0.0,0.0,0.0,1.0,0.0,0.0,0.0,0.0
1,69.2,4.251348311031766,0,34.6,0,0.3435006206774251,0.4231860559383867,0,0.0,0.0,0.0,1.0,0.0,0.0,1.0,0.0,0.0,0.0,1.0,0.0,1.0,0.0
67,60.05,8.292811373766611,3,0.8830882352941176,0,0.22592658272743393,0.121875,0,1.0,1.0,1.0,1.0,0.0,0.0,0.0,0.0,1.0,0.0,0.0,0.0,0.0,1.0
40,105.95,8.374753667516991,4,2.5841463414634145,1,0.21599574392622806,0.10683760683760683,0,0.0,0.0,0.0,1.0,0.0,1.0,1.0,0.0,1.0,0.0,1.0,1.0,0.0,0.0
1,69.85,4.260564966136689,0,34.925,0,0.3435006206774251,0.42851340373679936,0,1.0,0.0,0.0,1.0,0.0,0.0,1.0,0.0,0.0,0.0,1.0,0.0,1.0,0.0
32,96.2,8.066019167214423,3,2.915151515151515,0,0.3435006206774251,0.431938236489232,0,1.0,0.0,0.0,1.0,0.0,0.0,1.0,0.0,0.0,0.0,1.0,0.0,1.0,0.0
41,111.15,8.41364214878533,6,2.6464285714285714,0,0.3435006206774251,0.03211009174311927,0,1.0,0.0,1.0,1.0,0.0,0.0,1.0,0.0,0.0,1.0,1.0,0.0,1.0,0.0
16,84.9,7.243691657771469,5,4.9941176470588236,0,0.3435006206774251,0.42984953233021556,0,1.0,1.0,1.0,1.0,0.0,1.0,0.0,0.0,0.0,0.0,0.0,0.0,1.0,0.0
25,89.05,7.686368893721923,2,3.425,0,0.3435006206774251,0.121875,1,1.0,1.0,0.0,1.0,0.0,1.0,1.0,0.0,1.0,0.0,1.0,0.0,1.0,0.0
61,81.0,8.512612717042128,4,1.3064516129032258,1,0.21457705266891292,0.021602160216021602,0,1.0,1.0,1.0,1.0,0.0,1.0,0.0,0.0,0.0,1.0,1.0,0.0,0.0,0.0
43,55.45,7.8019026461706025,2,1.2602272727272728,0,0.3435006206774251,0.11266094420600858,0,0.0,0.0,0.0,1.0,0.0,0.0,0.0,0.0,1.0,0.0,0.0,0.0,1.0,0.0
71,19.8,7.236663264368146,0,0.275,1,0.21599574392622806,0.03211009174311927,1,1.0,1.0,1.0,1.0,0.0,0.0,0.0,1.0,0.0,1.0,0.0,1.0,0.0,0.0
9,80.8,6.5710230085550645,1,8.08,0,0.3435006206774251,0.42851340373679936,0,1.0,0.0,0.0,1.0,0.0,0.0,1.0,0.0,0.0,0.0,1.0,0.0,1.0,0.0
18,40.2,6.569411291728128,3,2.115789473684211,0,0.22592658272743393,0.11158342189160468,0,0.0,0.0,0.0,0.0,1.0,0.0,0.0,0.0,1.0,0.0,1.0,0.0,0.0,1.0
69,99.15,8.83584326689432,3,1.4164285714285716,1,0.21457705266891292,0.02787769784172662,0,0.0,1.0,0.0,1.0,0.0,1.0,1.0,0.0,0.0,1.0,0.0,0.0,0.0,0.0
62,110.8,8.830828057706112,5,1.7587301587301587,0,0.3435006206774251,0.10683760683760683,0,0.0,1.0,1.0,1.0,0.0,1.0,1.0,0.0,1.0,0.0,1.0,0.0,1.0,0.0
48,24.55,7.094193351287931,0,0.5010204081632653,1,0.21457705266891292,0.121875,0,0.0,0.0,0.0,1.0,0.0,1.0,0.0,1.0,1.0,0.0,0.0,0.0,0.0,0.0
10,65.5,6.426326632066933,3,5.954545454545454,0,0.3435006206774251,0.4231860559383867,0,0.0,1.0,1.0,1.0,0.0,0.0,0.0,0.0,0.0,0.0,1.0,0.0,1.0,0.0
4,70.05,5.590613776550563,0,14.01,1,0.21599574392622806,0.42851340373679936,0,0.0,0.0,0.0,1.0,0.0,0.0,1.0,0.0,0.0,0.0,1.0,1.0,0.0,0.0
43,71.9,8.06285816595844,3,1.6340909090909093,1,0.21599574392622806,0.11882229232386961,0,1.0,1.0,1.0,1.0,0.0,1.0,0.0,0.0,1.0,0.0,1.0,1.0,0.0,0.0
72,42.1,7.993957547573565,3,0.5767123287671233,1,0.21457705266891292,0.024346257889990983,0,1.0,1.0,0.0,0.0,1.0,0.0,0.0,0.0,0.0,1.0,0.0,0.0,0.0,0.0
28,59.0,7.411828154175417,2,2.0344827586206895,0,0.22592658272743393,0.11158342189160468,0,0.0,0.0,0.0,1.0,0.0,1.0,0.0,0.0,1.0,0.0,0.0,0.0,0.0,1.0
2,56.7,4.741011408899505,1,18.900000000000002,0,0.22592658272743393,0.44104447164422683,0,1.0,1.0,1.0,1.0,0.0,1.0,0.0,0.0,0.0,0.0,0.0,0.0,0.0,1.0
59,83.25,8.50716305737888,2,1.3875,0,0.3435006206774251,0.44104447164422683,0,0.0,0.0,0.0,1.0,0.0,1.0,1.0,0.0,0.0,0.0,1.0,0.0,1.0,0.0
7,69.9,6.211202305287359,0,8.7375,0,0.22592658272743393,0.42851340373679936,0,0.0,0.0,0.0,1.0,0.0,0.0,1.0,0.0,0.0,0.0,1.0,0.0,0.0,1.0
3,91.85,5.553153364594737,2,22.9625,0,0.3435006206774251,0.431938236489232,0,1.0,0.0,1.0,1.0,0.0,1.0,1.0,0.0,0.0,0.0,0.0,0.0,1.0,0.0
48,104.5,8.53090870230218,5,2.13265306122449,0,0.3435006206774251,0.44104447164422683,1,0.0,1.0,1.0,1.0,0.0,0.0,1.0,0.0,0.0,0.0,1.0,0.0,1.0,0.0
23,23.85,6.440388171057531,0,0.99375,0,0.22592658272743393,0.027827648114901255,0,0.0,1.0,1.0,1.0,0.0,1.0,0.0,1.0,0.0,1.0,0.0,0.0,0.0,1.0
31,64.0,7.555774331924335,3,2.0,0,0.3435006206774251,0.11158342189160468,0,0.0,1.0,0.0,1.0,0.0,0.0,0.0,0.0,1.0,0.0,1.0,0.0,1.0,0.0
72,109.2,8.971994346418777,5,1.4958904109589042,1,0.21457705266891292,0.03211009174311927,0,1.0,0.0,0.0,1.0,0.0,1.0,1.0,0.0,0.0,1.0,0.0,0.0,0.0,0.0
40,20.15,6.691897620968727,0,0.49146341463414633,0,0.22592658272743393,0.021602160216021602,0,0.0,0.0,0.0,1.0,0.0,0.0,0.0,1.0,0.0,1.0,0.0,0.0,0.0,1.0
14,50.2,6.507053806722995,1,3.3466666666666667,1,0.21599574392622806,0.4231860559383867,0,1.0,1.0,0.0,1.0,0.0,0.0,0.0,0.0,0.0,0.0,0.0,1.0,0.0,0.0
70,91.65,8.845849246837444,4,1.2908450704225354,1,0.21599574392622806,0.021602160216021602,0,1.0,1.0,0.0,1.0,0.0,1.0,1.0,0.0,0.0,1.0,1.0,1.0,0.0,0.0
69,26.3,7.475650979353125,0,0.3757142857142857,0,0.3435006206774251,0.121875,0,0.0,1.0,0.0,1.0,0.0,1.0,0.0,1.0,1.0,0.0,1.0,0.0,1.0,0.0
68,82.45,8.63898595513537,6,1.194927536231884,1,0.21599574392622806,0.02787769784172662,0,0.0,0.0,0.0,1.0,0.0,0.0,0.0,0.0,0.0,1.0,1.0,1.0,0.0,0.0
53,65.0,8.121123804948436,3,1.2037037037037037,1,0.21599574392622806,0.431938236489232,0,1.0,1.0,1.0,1.0,0.0,0.0,0.0,0.0,0.0,0.0,0.0,1.0,0.0,0.0
23,83.8,7.550266843573502,3,3.4916666666666667,0,0.3435006206774251,0.431938236489232,0,0.0,1.0,1.0,1.0,0.0,0.0,1.0,0.0,0.0,0.0,0.0,0.0,1.0,0.0
10,72.85,6.536184222521529,1,6.622727272727272,0,0.3435006206774251,0.44104447164422683,1,1.0,0.0,0.0,1.0,0.0,0.0,1.0,0.0,0.0,0.0,1.0,0.0,1.0,0.0
6,20.65,4.703203926259457,0,2.9499999999999997,0,0.22592658272743393,0.42984953233021556,0,1.0,0.0,0.0,1.0,0.0,0.0,0.0,1.0,0.0,0.0,0.0,0.0,0.0,1.0
66,20.35,7.215607558223301,0,0.3037313432835821,0,0.3435006206774251,0.11882229232386961,0,1.0,1.0,1.0,1.0,0.0,0.0,0.0,1.0,1.0,0.0,1.0,0.0,1.0,0.0
52,79.2,8.29836531416963,5,1.4943396226415095,0,0.3435006206774251,0.03211009174311927,0,1.0,1.0,1.0,1.0,0.0,0.0,0.0,0.0,0.0,1.0,0.0,0.0,1.0,0.0
1,84.85,4.4526015873434845,2,42.425,0,0.3435006206774251,0.42984953233021556,0,1.0,0.0,0.0,1.0,0.0,0.0,1.0,0.0,0.0,0.0,1.0,0.0,1.0,0.0
24,57.6,7.221653193564811,5,2.3040000000000003,0,0.3435006206774251,0.10683760683760683,0,0.0,1.0,1.0,0.0,1.0,0.0,0.0,0.0,1.0,0.0,0.0,0.0,1.0,0.0
2,74.2,4.9494688588587685,1,24.733333333333334,0,0.3435006206774251,0.42984953233021556,1,1.0,1.0,0.0,1.0,0.0,0.0,1.0,0.0,0.0,0.0,1.0,0.0,1.0,0.0
4,56.5,5.464255444091467,2,11.3,0,0.22592658272743393,0.42851340373679936,0,0.0,1.0,1.0,1.0,0.0,0.0,0.0,0.0,0.0,0.0,0.0,0.0,0.0,1.0
35,19.85,6.607123047354728,0,0.5513888888888889,0,0.22592658272743393,0.021602160216021602,0,0.0,1.0,1.0,1.0,0.0,0.0,0.0,1.0,0.0,1.0,1.0,0.0,0.0,1.0
63,108.75,8.835312321107413,5,1.69921875,0,0.3435006206774251,0.4231860559383867,0,0.0,1.0,0.0,1.0,0.0,1.0,1.0,0.0,0.0,0.0,1.0,0.0,1.0,0.0
44,94.4,8.365521104006048,3,2.097777777777778,0,0.3435006206774251,0.121875,0,0.0,1.0,1.0,1.0,0.0,1.0,1.0,0.0,1.0,0.0,0.0,0.0,1.0,0.0
2,90.0,5.252535173892909,3,30.0,1,0.21599574392622806,0.42984953233021556,0,1.0,1.0,1.0,1.0,0.0,0.0,1.0,0.0,0.0,0.0,0.0,1.0,0.0,0.0
52,49.75,7.838560169014315,1,0.9386792452830188,1,0.21457705266891292,0.431938236489232,0,0.0,0.0,0.0,1.0,0.0,0.0,0.0,0.0,0.0,0.0,1.0,0.0,0.0,0.0
39,81.5,8.041831231925816,2,2.0375,1,0.21457705266891292,0.44104447164422683,0,0.0,1.0,1.0,1.0,0.0,0.0,1.0,0.0,0.0,0.0,1.0,0.0,0.0,0.0
12,25.25,5.619313318029751,0,1.9423076923076923,1,0.21599574392622806,0.02787769784172662,0,0.0,1.0,1.0,1.0,0.0,1.0,0.0,1.0,0.0,1.0,0.0,1.0,0.0,0.0
6,59.15,5.822157927391522,2,8.45,1,0.21457705266891292,0.431938236489232,0,1.0,0.0,0.0,1.0,0.0,0.0,0.0,0.0,0.0,0.0,1.0,0.0,0.0,0.0
70,74.8,8.57862689760033,4,1.0535211267605633,1,0.21599574392622806,0.03211009174311927,0,1.0,1.0,0.0,1.0,0.0,1.0,0.0,0.0,0.0,1.0,1.0,1.0,0.0,0.0
40,71.35,7.954442494785328,4,1.7402439024390242,0,0.22592658272743393,0.42984953233021556,0,0.0,1.0,1.0,1.0,0.0,0.0,0.0,0.0,0.0,0.0,1.0,0.0,0.0,1.0
70,77.3,8.61235790609557,4,1.088732394366197,1,0.21599574392622806,0.024346257889990983,0,1.0,1.0,0.0,1.0,0.0,1.0,0.0,0.0,0.0,1.0,0.0,1.0,0.0,0.0
21,41.9,6.734710558968391,2,1.9045454545454545,0,0.3435006206774251,0.42984953233021556,1,0.0,0.0,0.0,0.0,1.0,0.0,0.0,0.0,0.0,0.0,1.0,0.0,1.0,0.0
58,24.7,7.326465613840322,0,0.4186440677966102,1,0.21599574392622806,0.02787769784172662,0,0.0,0.0,0.0,1.0,0.0,1.0,0.0,1.0,0.0,1.0,1.0,1.0,0.0,0.0
14,89.65,7.097838304169856,3,5.9766666666666675,1,0.21599574392622806,0.431938236489232,0,0.0,1.0,1.0,1.0,0.0,0.0,1.0,0.0,0.0,0.0,1.0,1.0,0.0,0.0
24,53.6,7.182618033971659,2,2.144,0,0.22592658272743393,0.44104447164422683,0,1.0,1.0,0.0,1.0,0.0,0.0,0.0,0.0,0.0,0.0,0.0,0.0,0.0,1.0
18,80.55,7.253222652072605,1,4.239473684210526,1,0.21599574392622806,0.4231860559383867,1,1.0,0.0,0.0,1.0,0.0,1.0,1.0,0.0,0.0,0.0,1.0,1.0,0.0,0.0
63,24.65,7.362327961197329,0,0.38515625,1,0.21599574392622806,0.021602160216021602,0,1.0,1.0,1.0,1.0,0.0,1.0,0.0,1.0,0.0,1.0,0.0,1.0,0.0,0.0
15,76.5,7.053239945724118,5,4.78125,1,0.21457705266891292,0.44104447164422683,0,0.0,1.0,1.0,1.0,0.0,0.0,0.0,0.0,0.0,0.0,0.0,0.0,0.0,0.0
27,76.1,7.647022395155635,1,2.7178571428571425,0,0.3435006206774251,0.42851340373679936,0,0.0,1.0,0.0,1.0,0.0,0.0,1.0,0.0,0.0,0.0,1.0,0.0,1.0,0.0
7,89.15,6.354978551269467,2,11.14375,0,0.3435006206774251,0.42851340373679936,1,0.0,0.0,0.0,1.0,0.0,0.0,1.0,0.0,0.0,0.0,1.0,0.0,1.0,0.0
1,20.5,3.068052935133617,0,10.25,0,0.22592658272743393,0.42851340373679936,0,0.0,0.0,0.0,1.0,0.0,0.0,0.0,1.0,0.0,0.0,0.0,0.0,0.0,1.0
72,20.3,7.2457620518857775,0,0.27808219178082194,1,0.21457705266891292,0.027827648114901255,0,1.0,1.0,1.0,1.0,0.0,0.0,0.0,1.0,0.0,1.0,0.0,0.0,0.0,0.0
35,100.25,8.168656470693966,3,2.7847222222222223,0,0.3435006206774251,0.4231860559383867,0,0.0,0.0,0.0,1.0,0.0,1.0,1.0,0.0,0.0,0.0,1.0,0.0,1.0,0.0
3,70.25,5.441118165179708,0,17.5625,0,0.3435006206774251,0.42851340373679936,0,0.0,0.0,0.0,1.0,0.0,0.0,1.0,0.0,0.0,0.0,1.0,0.0,1.0,0.0
30,89.9,7.909911731832617,2,2.9000000000000004,1,0.21599574392622806,0.431938236489232,0,1.0,0.0,0.0,1.0,0.0,1.0,1.0,0.0,0.0,0.0,1.0,1.0,0.0,0.0
2,43.95,4.455509411433685,0,14.65,0,0.3435006206774251,0.4231860559383867,1,0.0,0.0,0.0,1.0,0.0,0.0,0.0,0.0,0.0,0.0,0.0,0.0,1.0,0.0
19,89.1,7.391291922510457,2,4.455,0,0.3435006206774251,0.42984953233021556,0,0.0,1.0,0.0,1.0,0.0,1.0,1.0,0.0,0.0,0.0,1.0,0.0,1.0,0.0
20,18.9,5.85406855366702,0,0.8999999999999999,1,0.21599574392622806,0.431938236489232,0,0.0,0.0,0.0,1.0,0.0,0.0,0.0,1.0,0.0,0.0,1.0,1.0,0.0,0.0
23,20.15,6.007829901194246,0,0.8395833333333332,0,0.3435006206774251,0.121875,0,1.0,0.0,0.0,1.0,0.0,0.0,0.0,1.0,1.0,0.0,0.0,0.0,1.0,0.0
16,19.6,5.754000190816819,0,1.1529411764705884,0,0.22592658272743393,0.42851340373679936,0,0.0,1.0,0.0,1.0,0.0,0.0,0.0,1.0,0.0,0.0,0.0,0.0,0.0,1.0
9,24.6,5.252796851246227,0,2.46,0,0.22592658272743393,0.44104447164422683,0,1.0,0.0,0.0,0.0,1.0,0.0,0.0,0.0,0.0,0.0,1.0,0.0,0.0,1.0
8,94.0,6.6524113144423005,3,10.444444444444445,0,0.3435006206774251,0.431938236489232,0,1.0,0.0,0.0,1.0,0.0,1.0,1.0,0.0,0.0,0.0,1.0,0.0,1.0,0.0
23,34.6,6.702513038803614,2,1.4416666666666667,0,0.22592658272743393,0.021602160216021602,0,0.0,1.0,1.0,0.0,1.0,0.0,0.0,0.0,0.0,1.0,0.0,0.0,0.0,1.0
29,85.8,7.8002654821908886,2,2.86,0,0.3435006206774251,0.431938236489232,0,1.0,1.0,0.0,1.0,0.0,1.0,1.0,0.0,0.0,0.0,1.0,0.0,1.0,0.0
13,80.0,6.937653829328,1,5.714285714285714,1,0.21599574392622806,0.4231860559383867,0,0.0,0.0,0.0,1.0,0.0,1.0,1.0,0.0,0.0,0.0,1.0,1.0,0.0,0.0
25,25.4,6.306001526851403,0,0.9769230769230769,1,0.21457705266891292,0.42851340373679936,0,1.0,1.0,1.0,1.0,0.0,1.0,0.0,1.0,0.0,0.0,1.0,0.0,0.0,0.0
7,74.9,6.295542715918191,0,9.3625,0,0.3435006206774251,0.42851340373679936,0,0.0,0.0,0.0,1.0,0.0,1.0,1.0,0.0,0.0,0.0,1.0,0.0,1.0,0.0
23,73.75,7.4717045210704,3,3.0729166666666665,0,0.22592658272743393,0.10683760683760683,0,0.0,0.0,0.0,1.0,0.0,1.0,0.0,0.0,1.0,0.0,1.0,0.0,0.0,1.0
9,83.3,6.689972333910023,1,8.33,0,0.3435006206774251,0.4231860559383867,0,0.0,0.0,0.0,1.0,0.0,1.0,1.0,0.0,0.0,0.0,1.0,0.0,1.0,0.0
48,91.05,8.382918665593769,2,1.8581632653061224,1,0.21599574392622806,0.431938236489232,1,1.0,1.0,0.0,1.0,0.0,1.0,1.0,0.0,0.0,0.0,1.0,1.0,0.0,0.0
47,20.15,6.953875214595691,0,0.4197916666666666,0,0.22592658272743393,0.03211009174311927,0,0.0,0.0,0.0,1.0,0.0,0.0,0.0,1.0,0.0,1.0,0.0,0.0,0.0,1.0
26,59.45,7.318539548567902,2,2.201851851851852,1,0.21599574392622806,0.11266094420600858,0,1.0,0.0,0.0,1.0,0.0,0.0,0.0,0.0,1.0,0.0,0.0,1.0,0.0,0.0
25,105.95,7.884670632672727,4,4.075,0,0.22592658272743393,0.44104447164422683,1,1.0,0.0,0.0,1.0,0.0,1.0,1.0,0.0,0.0,0.0,0.0,0.0,0.0,1.0
39,81.4,8.075504873150548,1,2.035,1,0.21599574392622806,0.121875,0,1.0,0.0,0.0,1.0,0.0,1.0,1.0,0.0,1.0,0.0,0.0,1.0,0.0,0.0
1,71.35,4.281515453077493,0,35.675,0,0.22592658272743393,0.42851340373679936,0,1.0,0.0,0.0,1.0,0.0,0.0,1.0,0.0,0.0,0.0,1.0,0.0,0.0,1.0
3,79.9,5.567962751513666,1,19.975,0,0.3435006206774251,0.42984953233021556,1,1.0,0.0,0.0,1.0,0.0,0.0,1.0,0.0,0.0,0.0,1.0,0.0,1.0,0.0
72,109.5,8.96902012082905,6,1.5,1,0.21599574392622806,0.024346257889990983,0,0.0,1.0,1.0,1.0,0.0,0.0,1.0,0.0,0.0,1.0,1.0,1.0,0.0,0.0
35,61.0,7.664557778271204,3,1.6944444444444444,0,0.22592658272743393,0.431938236489232,0,1.0,1.0,0.0,1.0,0.0,0.0,0.0,0.0,0.0,0.0,0.0,0.0,0.0,1.0
10,80.05,6.723471798874642,1,7.277272727272727,1,0.21457705266891292,0.42851340373679936,0,0.0,0.0,0.0,1.0,0.0,1.0,1.0,0.0,0.0,0.0,1.0,0.0,0.0,0.0
6,49.65,5.592292098622838,1,7.0928571428571425,1,0.21457705266891292,0.42851340373679936,0,0.0,0.0,0.0,1.0,0.0,0.0,0.0,0.0,0.0,0.0,1.0,0.0,0.0,0.0
47,85.5,8.304816469212922,2,1.78125,0,0.22592658272743393,0.4231860559383867,1,1.0,0.0,0.0,1.0,0.0,0.0,1.0,0.0,0.0,0.0,0.0,0.0,0.0,1.0
3,74.45,5.403127730900382,1,18.6125,1,0.21599574392622806,0.431938236489232,0,1.0,0.0,0.0,1.0,0.0,0.0,1.0,0.0,0.0,0.0,0.0,1.0,0.0,0.0
15,75.35,7.017102835817419,1,4.709375,1,0.21457705266891292,0.42851340373679936,0,0.0,1.0,0.0,1.0,0.0,0.0,1.0,0.0,0.0,0.0,0.0,0.0,0.0,0.0
11,20.25,5.342334251964811,0,1.6875,0,0.22592658272743393,0.42984953233021556,0,1.0,0.0,0.0,1.0,0.0,0.0,0.0,1.0,0.0,0.0,0.0,0.0,0.0,1.0
21,82.35,7.525019836703854,1,3.7431818181818177,0,0.3435006206774251,0.42851340373679936,0,1.0,0.0,0.0,1.0,0.0,1.0,1.0,0.0,0.0,0.0,1.0,0.0,1.0,0.0
12,96.05,7.046734306263588,2,7.388461538461538,0,0.3435006206774251,0.42984953233021556,0,1.0,0.0,0.0,1.0,0.0,1.0,1.0,0.0,0.0,0.0,1.0,0.0,1.0,0.0
3,44.3,4.908971640319756,0,11.075,0,0.22592658272743393,0.4231860559383867,0,0.0,1.0,1.0,1.0,0.0,0.0,0.0,0.0,0.0,0.0,0.0,0.0,0.0,1.0
1,150.0,4.259152536523347,0,75.0,1,0.21457705266891292,0.44104447164422683,0,1.0,0.0,1.0,1.0,0.0,0.0,1.0,0.0,0.0,0.0,0.0,0.0,0.0,0.0
60,23.95,7.318141591409369,0,0.39262295081967213,1,0.21599574392622806,0.11266094420600858,0,1.0,1.0,1.0,1.0,0.0,1.0,0.0,1.0,1.0,0.0,0.0,1.0,0.0,0.0
60,104.35,8.75470502283044,4,1.7106557377049179,0,0.3435006206774251,0.121875,1,1.0,1.0,0.0,1.0,0.0,1.0,1.0,0.0,1.0,0.0,1.0,0.0,1.0,0.0
24,104.65,7.8412767061179585,4,4.186,0,0.3435006206774251,0.44104447164422683,0,1.0,1.0,0.0,1.0,0.0,1.0,1.0,0.0,0.0,0.0,1.0,0.0,1.0,0.0
68,54.45,8.20956688164205,2,0.7891304347826087,1,0.21599574392622806,0.11266094420600858,0,0.0,0.0,0.0,1.0,0.0,0.0,0.0,0.0,1.0,0.0,1.0,1.0,0.0,0.0
63,109.85,8.85422955460242,5,1.71640625,1,0.21599574392622806,0.4231860559383867,0,0.0,0.0,0.0,1.0,0.0,1.0,1.0,0.0,0.0,0.0,1.0,1.0,0.0,0.0
71,85.45,8.704651532315344,6,1.1868055555555557,1,0.21457705266891292,0.024346257889990983,0,1.0,1.0,1.0,1.0,0.0,0.0,0.0,0.0,0.0,1.0,0.0,0.0,0.0,0.0
20,24.9,6.228412379398589,0,1.1857142857142857,1,0.21599574392622806,0.431938236489232,0,0.0,0.0,0.0,0.0,1.0,0.0,0.0,0.0,0.0,0.0,0.0,1.0,0.0,0.0
4,46.0,5.207297968160868,0,9.2,0,0.3435006206774251,0.4231860559383867,1,0.0,1.0,1.0,1.0,0.0,0.0,0.0,0.0,0.0,0.0,0.0,0.0,1.0,0.0
53,94.0,8.491352169656412,4,1.7407407407407407,0,0.3435006206774251,0.11266094420600858,1,0.0,1.0,0.0,1.0,0.0,0.0,1.0,0.0,1.0,0.0,1.0,0.0,1.0,0.0
25,25.3,6.518188126026746,0,0.9730769230769231,1,0.21457705266891292,0.11266094420600858,0,1.0,0.0,0.0,1.0,0.0,1.0,0.0,1.0,1.0,0.0,0.0,0.0,0.0,0.0
29,33.75,6.917953103958583,1,1.125,0,0.22592658272743393,0.44104447164422683,0,1.0,1.0,0.0,0.0,1.0,0.0,0.0,0.0,0.0,0.0,0.0,0.0,0.0,1.0
1,20.2,3.054001181677967,0,10.1,0,0.22592658272743393,0.44104447164422683,0,1.0,0.0,0.0,1.0,0.0,0.0,0.0,1.0,0.0,0.0,0.0,0.0,0.0,1.0
12,73.3,6.720280466947382,0,5.638461538461538,1,0.21599574392622806,0.44104447164422683,1,1.0,0.0,0.0,1.0,0.0,1.0,1.0,0.0,0.0,0.0,1.0,1.0,0.0,0.0
20,68.9,7.223550935092717,3,3.2809523809523813,1,0.21599574392622806,0.42984953233021556,0,0.0,0.0,0.0,1.0,0.0,1.0,0.0,0.0,0.0,0.0,1.0,1.0,0.0,0.0
62,96.75,8.72036258072303,3,1.5357142857142858,0,0.3435006206774251,0.11158342189160468,0,1.0,0.0,0.0,1.0,0.0,1.0,1.0,0.0,1.0,0.0,1.0,0.0,1.0,0.0
11,23.15,5.506144213750353,0,1.9291666666666665,1,0.21599574392622806,0.42851340373679936,0,1.0,0.0,0.0,1.0,0.0,1.0,0.0,1.0,0.0,0.0,0.0,1.0,0.0,0.0
70,114.2,8.95220415669834,6,1.6084507042253522,1,0.21457705266891292,0.024346257889990983,0,0.0,1.0,1.0,1.0,0.0,1.0,1.0,0.0,0.0,1.0,1.0,0.0,0.0,0.0
51,98.85,8.50684988335764,3,1.9009615384615384,0,0.3435006206774251,0.11882229232386961,0,0.0,1.0,0.0,1.0,0.0,1.0,1.0,0.0,1.0,0.0,1.0,0.0,1.0,0.0
26,82.0,7.6420923863669445,4,3.037037037037037,1,0.21599574392622806,0.11266094420600858,0,1.0,1.0,1.0,1.0,0.0,1.0,0.0,0.0,1.0,0.0,1.0,1.0,0.0,0.0
17,25.1,5.950121583573599,0,1.3944444444444446,1,0.21599574392622806,0.42851340373679936,0,1.0,0.0,0.0,0.0,1.0,0.0,0.0,0.0,0.0,0.0,0.0,1.0,0.0,0.0
64,19.45,7.098045005425268,0,0.29923076923076924,1,0.21599574392622806,0.021602160216021602,0,0.0,1.0,0.0,1.0,0.0,0.0,0.0,1.0,0.0,1.0,0.0,1.0,0.0,0.0
72,24.45,7.444307127319008,0,0.33493150684931505,1,0.21457705266891292,0.027827648114901255,0,0.0,1.0,1.0,1.0,0.0,1.0,0.0,1.0,0.0,1.0,0.0,0.0,0.0,0.0
15,56.15,6.838298013966916,1,3.509375,0,0.22592658272743393,0.10683760683760683,0,0.0,0.0,0.0,1.0,0.0,0.0,0.0,0.0,1.0,0.0,0.0,0.0,0.0,1.0
12,99.45,7.091034710201204,3,7.65,0,0.3435006206774251,0.42984953233021556,1,1.0,0.0,0.0,1.0,0.0,1.0,1.0,0.0,0.0,0.0,1.0,0.0,1.0,0.0
64,70.2,8.407824654360873,4,1.08,1,0.21599574392622806,0.021602160216021602,1,0.0,0.0,0.0,1.0,0.0,0.0,0.0,0.0,0.0,1.0,1.0,1.0,0.0,0.0
23,90.15,7.623617508285297,2,3.75625,0,0.22592658272743393,0.42984953233021556,0,0.0,1.0,0.0,1.0,0.0,1.0,1.0,0.0,0.0,0.0,0.0,0.0,0.0,1.0
67,89.55,8.706084784842092,3,1.3169117647058823,0,0.3435006206774251,0.10683760683760683,0,1.0,1.0,1.0,1.0,0.0,1.0,1.0,0.0,1.0,0.0,0.0,0.0,1.0,0.0
11,96.2,7.109103017925889,3,8.016666666666667,1,0.21599574392622806,0.42984953233021556,0,0.0,1.0,0.0,1.0,0.0,1.0,1.0,0.0,0.0,0.0,1.0,1.0,0.0,0.0
49,79.3,8.26961605646076,4,1.5859999999999999,1,0.21457705266891292,0.021602160216021602,0,0.0,1.0,1.0,1.0,0.0,1.0,0.0,0.0,0.0,1.0,0.0,0.0,0.0,0.0
58,75.8,8.39315941049279,4,1.2847457627118644,0,0.22592658272743393,0.021602160216021602,0,0.0,1.0,1.0,1.0,0.0,1.0,0.0,0.0,0.0,1.0,0.0,0.0,0.0,1.0
13,91.65,7.181021439699557,3,6.546428571428572,0,0.3435006206774251,0.4231860559383867,0,1.0,0.0,0.0,1.0,0.0,1.0,1.0,0.0,0.0,0.0,0.0,0.0,1.0,0.0
24,99.65,7.785658550451497,3,3.986,1,0.21457705266891292,0.42984953233021556,0,1.0,0.0,0.0,1.0,0.0,1.0,1.0,0.0,0.0,0.0,1.0,0.0,0.0,0.0
2,24.9,3.9259259105971376,0,8.299999999999999,1,0.21599574392622806,0.42984953233021556,0,1.0,0.0,0.0,0.0,1.0,0.0,0.0,0.0,0.0,0.0,1.0,1.0,0.0,0.0
10,99.85,6.899622295751948,4,9.077272727272726,0,0.3435006206774251,0.44104447164422683,0,1.0,1.0,0.0,1.0,0.0,0.0,1.0,0.0,0.0,0.0,1.0,0.0,1.0,0.0
26,81.95,7.635811004030272,2,3.035185185185185,0,0.3435006206774251,0.4231860559383867,0,0.0,1.0,1.0,1.0,0.0,0.0,1.0,0.0,0.0,0.0,0.0,0.0,1.0,0.0
3,54.2,4.951592753462473,1,13.55,0,0.3435006206774251,0.42984953233021556,0,0.0,0.0,0.0,1.0,0.0,0.0,0.0,0.0,0.0,0.0,1.0,0.0,1.0,0.0
69,19.4,7.205783643488062,0,0.27714285714285714,0,0.22592658272743393,0.024346257889990983,0,0.0,1.0,1.0,1.0,0.0,0.0,0.0,1.0,0.0,1.0,0.0,0.0,0.0,1.0
71,79.1,8.624404992387447,5,1.098611111111111,1,0.21599574392622806,0.024346257889990983,0,1.0,1.0,0.0,1.0,0.0,0.0,0.0,0.0,0.0,1.0,1.0,1.0,0.0,0.0
2,20.7,3.709906821306012,0,6.8999999999999995,1,0.21457705266891292,0.44104447164422683,0,0.0,0.0,0.0,1.0,0.0,0.0,0.0,1.0,0.0,0.0,1.0,0.0,0.0,0.0
17,19.7,5.83290834386429,0,1.0944444444444443,1,0.21599574392622806,0.44104447164422683,0,0.0,0.0,0.0,1.0,0.0,0.0,0.0,1.0,0.0,0.0,0.0,1.0,0.0,0.0
72,118.2,9.05347016424951,6,1.619178082191781,0,0.3435006206774251,0.027827648114901255,0,1.0,0.0,0.0,1.0,0.0,1.0,1.0,0.0,0.0,1.0,1.0,0.0,1.0,0.0
2,20.2,3.5765502691400166,0,6.733333333333333,0,0.22592658272743393,0.10683760683760683,0,1.0,1.0,1.0,1.0,0.0,0.0,0.0,1.0,1.0,0.0,0.0,0.0,0.0,1.0
0,19.7,0.0,0,19.7,0,0.22592658272743393,0.121875,0,1.0,1.0,1.0,1.0,0.0,0.0,0.0,1.0,1.0,0.0,1.0,0.0,0.0,1.0
4,78.45,5.802269421370855,1,15.690000000000001,0,0.3435006206774251,0.42984953233021556,0,1.0,0.0,0.0,1.0,0.0,1.0,1.0,0.0,0.0,0.0,0.0,0.0,1.0,0.0
43,94.3,8.282520939278072,3,2.143181818181818,0,0.3435006206774251,0.4231860559383867,1,1.0,1.0,0.0,1.0,0.0,1.0,1.0,0.0,0.0,0.0,1.0,0.0,1.0,0.0
48,34.7,7.381190513529568,2,0.7081632653061225,0,0.22592658272743393,0.11266094420600858,0,0.0,1.0,0.0,0.0,1.0,0.0,0.0,0.0,1.0,0.0,0.0,0.0,0.0,1.0
66,102.85,8.850481794220427,4,1.5350746268656716,1,0.21599574392622806,0.10683760683760683,1,0.0,0.0,0.0,1.0,0.0,1.0,1.0,0.0,1.0,0.0,1.0,1.0,0.0,0.0
31,79.3,7.818027938530729,4,2.478125,0,0.22592658272743393,0.11158342189160468,0,1.0,1.0,0.0,1.0,0.0,1.0,0.0,0.0,1.0,0.0,1.0,0.0,0.0,1.0
33,20.35,6.537777963803526,0,0.598529411764706,0,0.22592658272743393,0.02787769784172662,0,1.0,0.0,0.0,1.0,0.0,0.0,0.0,1.0,0.0,1.0,0.0,0.0,0.0,1.0
30,91.7,7.922677940263891,3,2.958064516129032,1,0.21599574392622806,0.4231860559383867,1,0.0,0.0,0.0,1.0,0.0,1.0,1.0,0.0,0.0,0.0,0.0,1.0,0.0,0.0
22,19.6,6.048553514092109,0,0.8521739130434783,0,0.22592658272743393,0.11266094420600858,0,1.0,0.0,0.0,1.0,0.0,0.0,0.0,1.0,1.0,0.0,0.0,0.0,0.0,1.0
71,108.55,8.938137870372788,5,1.5076388888888888,1,0.21599574392622806,0.027827648114901255,0,1.0,1.0,0.0,1.0,0.0,1.0,1.0,0.0,0.0,1.0,1.0,1.0,0.0,0.0
35,89.65,8.059149753089216,2,2.490277777777778,1,0.21457705266891292,0.431938236489232,0,1.0,1.0,1.0,1.0,0.0,1.0,1.0,0.0,0.0,0.0,1.0,0.0,0.0,0.0
69,19.75,7.227226673923325,0,0.28214285714285714,1,0.21457705266891292,0.024346257889990983,0,0.0,1.0,1.0,1.0,0.0,0.0,0.0,1.0,0.0,1.0,0.0,0.0,0.0,0.0
17,79.85,7.235871270662697,5,4.436111111111111,1,0.21599574392622806,0.121875,0,0.0,0.0,0.0,1.0,0.0,0.0,0.0,0.0,1.0,0.0,0.0,1.0,0.0,0.0
5,20.25,4.707726774313183,0,3.375,0,0.22592658272743393,0.42984953233021556,0,1.0,0.0,0.0,1.0,0.0,0.0,0.0,1.0,0.0,0.0,0.0,0.0,0.0,1.0
6,19.7,4.558602550171757,0,2.814285714285714,0,0.22592658272743393,0.121875,0,0.0,1.0,1.0,1.0,0.0,0.0,0.0,1.0,1.0,0.0,0.0,0.0,0.0,1.0
72,115.55,9.039113045987753,6,1.582876712328767,0,0.3435006206774251,0.02787769784172662,0,1.0,1.0,0.0,1.0,0.0,1.0,1.0,0.0,0.0,1.0,1.0,0.0,1.0,0.0
72,55.3,8.290192209774723,1,0.7575342465753424,1,0.21457705266891292,0.024346257889990983,0,1.0,1.0,1.0,1.0,0.0,1.0,0.0,0.0,0.0,1.0,0.0,0.0,0.0,0.0
13,70.15,6.821925022376944,0,5.010714285714286,0,0.3435006206774251,0.44104447164422683,1,0.0,1.0,0.0,1.0,0.0,0.0,1.0,0.0,0.0,0.0,1.0,0.0,1.0,0.0
21,19.6,5.986452005284438,0,0.890909090909091,0,0.22592658272743393,0.02787769784172662,0,1.0,0.0,1.0,1.0,0.0,0.0,0.0,1.0,0.0,1.0,0.0,0.0,0.0,1.0
24,20.75,6.1904178596209745,0,0.83,0,0.22592658272743393,0.03211009174311927,0,1.0,0.0,0.0,1.0,0.0,0.0,0.0,1.0,0.0,1.0,0.0,0.0,0.0,1.0
1,20.25,3.056356895370426,0,10.125,0,0.22592658272743393,0.431938236489232,0,1.0,0.0,0.0,1.0,0.0,0.0,0.0,1.0,0.0,0.0,0.0,0.0,0.0,1.0
1,89.1,4.500920164614292,2,44.55,0,0.3435006206774251,0.42851340373679936,0,1.0,0.0,0.0,1.0,0.0,0.0,1.0,0.0,0.0,0.0,1.0,0.0,1.0,0.0
1,35.9,3.6082115510464816,1,17.95,0,0.3435006206774251,0.4231860559383867,0,1.0,0.0,0.0,0.0,1.0,0.0,0.0,0.0,0.0,0.0,0.0,0.0,1.0,0.0
1,40.1,3.716008121502189,2,20.05,0,0.3435006206774251,0.42984953233021556,0,0.0,1.0,1.0,0.0,1.0,0.0,0.0,0.0,0.0,0.0,0.0,0.0,1.0,0.0
4,101.7,5.901403068739325,3,20.34,0,0.3435006206774251,0.431938236489232,0,1.0,0.0,1.0,1.0,0.0,1.0,1.0,0.0,0.0,0.0,1.0,0.0,1.0,0.0
3,18.8,4.04305126783455,0,4.7,0,0.22592658272743393,0.4231860559383867,0,0.0,0.0,0.0,1.0,0.0,0.0,0.0,1.0,0.0,0.0,0.0,0.0,0.0,1.0
4,50.8,5.314682720634301,1,10.16,0,0.22592658272743393,0.42984953233021556,0,1.0,0.0,0.0,1.0,0.0,0.0,0.0,0.0,0.0,0.0,1.0,0.0,0.0,1.0
8,25.5,5.376203905205108,0,2.8333333333333335,0,0.22592658272743393,0.431938236489232,0,1.0,0.0,1.0,0.0,1.0,0.0,0.0,0.0,0.0,0.0,0.0,0.0,0.0,1.0
3,56.15,5.130785895226717,2,14.0375,0,0.22592658272743393,0.431938236489232,0,1.0,1.0,1.0,1.0,0.0,0.0,0.0,0.0,0.0,0.0,1.0,0.0,0.0,1.0
54,111.1,8.702152931808193,5,2.02,0,0.3435006206774251,0.44104447164422683,0,0.0,0.0,0.0,1.0,0.0,1.0,1.0,0.0,0.0,0.0,0.0,0.0,1.0,0.0
46,100.25,8.466920428740588,3,2.132978723404255,0,0.3435006206774251,0.11882229232386961,1,0.0,1.0,0.0,1.0,0.0,1.0,1.0,0.0,1.0,0.0,0.0,0.0,1.0,0.0
58,25.15,7.320460778745796,0,0.42627118644067796,1,0.21599574392622806,0.02787769784172662,0,0.0,1.0,1.0,1.0,0.0,1.0,0.0,1.0,0.0,1.0,0.0,1.0,0.0,0.0
1,94.0,4.553876891600541,2,47.0,0,0.3435006206774251,0.42984953233021556,1,1.0,0.0,0.0,1.0,0.0,1.0,1.0,0.0,0.0,0.0,1.0,0.0,1.0,0.0
64,25.55,7.447722142094264,0,0.3930769230769231,0,0.22592658272743393,0.02787769784172662,0,0.0,1.0,0.0,1.0,0.0,1.0,0.0,1.0,0.0,1.0,0.0,0.0,0.0,1.0
7,53.65,6.004750891433717,1,6.70625,0,0.3435006206774251,0.44104447164422683,0,0.0,0.0,0.0,1.0,0.0,1.0,0.0,0.0,0.0,0.0,1.0,0.0,1.0,0.0
53,106.1,8.660557333724107,5,1.9648148148148148,1,0.21457705266891292,0.10683760683760683,0,0.0,1.0,0.0,1.0,0.0,0.0,1.0,0.0,1.0,0.0,1.0,0.0,0.0,0.0
37,92.5,8.153177081220612,2,2.4342105263157894,0,0.3435006206774251,0.431938236489232,1,1.0,1.0,0.0,1.0,0.0,1.0,1.0,0.0,0.0,0.0,1.0,0.0,1.0,0.0
18,19.35,5.737378424084716,0,1.0184210526315791,0,0.22592658272743393,0.03211009174311927,0,0.0,1.0,1.0,1.0,0.0,0.0,0.0,1.0,0.0,1.0,0.0,0.0,0.0,1.0
3,35.2,4.70002571700077,1,8.8,1,0.21599574392622806,0.44104447164422683,0,0.0,0.0,0.0,0.0,1.0,0.0,0.0,0.0,0.0,0.0,0.0,1.0,0.0,0.0
67,88.4,8.665492499595755,2,1.3,1,0.21457705266891292,0.11882229232386961,0,1.0,1.0,0.0,1.0,0.0,1.0,1.0,0.0,1.0,0.0,1.0,0.0,0.0,0.0
43,104.3,8.40129961959827,4,2.3704545454545456,1,0.21599574392622806,0.121875,0,1.0,1.0,1.0,1.0,0.0,1.0,1.0,0.0,1.0,0.0,1.0,1.0,0.0,0.0
72,105.75,8.93995452043283,4,1.4486301369863013,1,0.21599574392622806,0.11882229232386961,1,0.0,1.0,0.0,1.0,0.0,1.0,1.0,0.0,1.0,0.0,1.0,1.0,0.0,0.0
49,59.6,7.996754846467186,3,1.192,1,0.21599574392622806,0.4231860559383867,0,1.0,1.0,1.0,1.0,0.0,0.0,0.0,0.0,0.0,0.0,0.0,1.0,0.0,0.0
66,110.6,8.883480785438028,5,1.6507462686567163,1,0.21599574392622806,0.10683760683760683,1,0.0,1.0,1.0,1.0,0.0,1.0,1.0,0.0,1.0,0.0,1.0,1.0,0.0,0.0
72,101.3,8.890444977159751,4,1.3876712328767122,1,0.21457705266891292,0.03211009174311927,0,0.0,0.0,0.0,1.0,0.0,1.0,1.0,0.0,0.0,1.0,1.0,0.0,0.0,0.0
66,56.6,8.24017406713271,5,0.8447761194029851,1,0.21457705266891292,0.024346257889990983,0,1.0,1.0,0.0,0.0,1.0,0.0,0.0,0.0,0.0,1.0,1.0,0.0,0.0,0.0
47,96.1,8.387642436957194,4,2.002083333333333,0,0.3435006206774251,0.10683760683760683,0,1.0,1.0,1.0,1.0,0.0,0.0,1.0,0.0,1.0,0.0,1.0,0.0,1.0,0.0
24,98.75,7.786676383386288,3,3.95,0,0.3435006206774251,0.4231860559383867,0,0.0,0.0,0.0,1.0,0.0,1.0,1.0,0.0,0.0,0.0,1.0,0.0,1.0,0.0
49,20.45,6.933081836928146,0,0.409,1,0.21599574392622806,0.03211009174311927,0,0.0,0.0,1.0,1.0,0.0,0.0,0.0,1.0,0.0,1.0,0.0,1.0,0.0,0.0
70,98.7,8.833448143354206,4,1.3901408450704227,1,0.21457705266891292,0.027827648114901255,0,1.0,1.0,0.0,1.0,0.0,1.0,1.0,0.0,0.0,1.0,1.0,0.0,0.0,0.0
23,84.25,7.585331864551124,2,3.5104166666666665,0,0.3435006206774251,0.44104447164422683,0,1.0,1.0,0.0,1.0,0.0,1.0,1.0,0.0,0.0,0.0,0.0,0.0,1.0,0.0
72,104.9,8.930699217850082,5,1.4369863013698632,1,0.21599574392622806,0.03211009174311927,0,1.0,1.0,1.0,1.0,0.0,0.0,1.0,0.0,0.0,1.0,1.0,1.0,0.0,0.0
34,79.6,7.908129773227916,1,2.274285714285714,0,0.22592658272743393,0.42984953233021556,1,0.0,1.0,1.0,1.0,0.0,1.0,1.0,0.0,0.0,0.0,1.0,0.0,0.0,1.0
34,79.95,7.911433983591508,5,2.2842857142857143,1,0.21457705266891292,0.11266094420600858,0,0.0,0.0,0.0,1.0,0.0,0.0,0.0,0.0,1.0,0.0,1.0,0.0,0.0,0.0
60,20.55,7.095105835797533,0,0.3368852459016394,0,0.22592658272743393,0.027827648114901255,0,1.0,1.0,1.0,1.0,0.0,0.0,0.0,1.0,0.0,1.0,0.0,0.0,0.0,1.0
34,40.55,7.190562991017657,2,1.1585714285714286,0,0.3435006206774251,0.024346257889990983,0,1.0,1.0,1.0,0.0,1.0,0.0,0.0,0.0,0.0,1.0,1.0,0.0,1.0,0.0
56,100.55,8.615399174332588,3,1.7640350877192983,0,0.3435006206774251,0.11266094420600858,0,1.0,1.0,0.0,1.0,0.0,1.0,1.0,0.0,1.0,0.0,1.0,0.0,1.0,0.0
23,20.4,6.173265134887809,0,0.85,1,0.21457705266891292,0.021602160216021602,0,0.0,1.0,1.0,1.0,0.0,0.0,0.0,1.0,0.0,1.0,0.0,0.0,0.0,0.0
6,47.95,5.723911845951367,3,6.8500000000000005,0,0.3435006206774251,0.42851340373679936,0,0.0,0.0,0.0,0.0,1.0,0.0,0.0,0.0,0.0,0.0,1.0,0.0,1.0,0.0
53,101.9,8.621625276215486,3,1.887037037037037,0,0.3435006206774251,0.42851340373679936,1,1.0,1.0,0.0,1.0,0.0,1.0,1.0,0.0,0.0,0.0,1.0,0.0,1.0,0.0
66,88.9,8.699698064740023,2,1.326865671641791,1,0.21457705266891292,0.11158342189160468,0,0.0,0.0,0.0,1.0,0.0,1.0,1.0,0.0,1.0,0.0,1.0,0.0,0.0,0.0
27,101.25,7.92133604763153,4,3.6160714285714284,0,0.3435006206774251,0.44104447164422683,1,0.0,1.0,0.0,1.0,0.0,0.0,1.0,0.0,0.0,0.0,1.0,0.0,1.0,0.0
1,48.75,3.907010463604602,1,24.375,0,0.22592658272743393,0.44104447164422683,0,1.0,1.0,1.0,1.0,0.0,0.0,0.0,0.0,0.0,0.0,1.0,0.0,0.0,1.0
41,79.9,8.109886388428702,5,1.9023809523809525,1,0.21599574392622806,0.44104447164422683,0,0.0,1.0,1.0,1.0,0.0,1.0,0.0,0.0,0.0,0.0,0.0,1.0,0.0,0.0
32,50.6,7.411223906294559,3,1.5333333333333334,1,0.21599574392622806,0.431938236489232,0,1.0,1.0,1.0,0.0,1.0,0.0,0.0,0.0,0.0,0.0,0.0,1.0,0.0,0.0
71,24.65,7.47746283048435,0,0.3423611111111111,0,0.22592658272743393,0.02787769784172662,1,1.0,0.0,0.0,1.0,0.0,1.0,0.0,1.0,0.0,1.0,1.0,0.0,0.0,1.0
70,101.0,8.86594684460696,5,1.4225352112676057,1,0.21599574392622806,0.021602160216021602,0,1.0,1.0,0.0,1.0,0.0,0.0,1.0,0.0,0.0,1.0,0.0,1.0,0.0,0.0
12,94.2,6.953779717293417,2,7.246153846153846,0,0.3435006206774251,0.42984953233021556,0,0.0,0.0,0.0,1.0,0.0,1.0,1.0,0.0,0.0,0.0,1.0,0.0,1.0,0.0
72,103.65,8.940602992779214,4,1.41986301369863,0,0.3435006206774251,0.03211009174311927,0,1.0,0.0,0.0,1.0,0.0,1.0,1.0,0.0,0.0,1.0,1.0,0.0,1.0,0.0
64,99.15,8.727810617365039,4,1.5253846153846156,1,0.21599574392622806,0.42851340373679936,0,1.0,0.0,1.0,1.0,0.0,0.0,1.0,0.0,0.0,0.0,1.0,1.0,0.0,0.0
63,71.5,8.428864583622543,4,1.1171875,0,0.3435006206774251,0.11882229232386961,0,1.0,0.0,0.0,1.0,0.0,1.0,0.0,0.0,1.0,0.0,0.0,0.0,1.0,0.0
72,25.1,7.490473565772694,0,0.3438356164383562,1,0.21599574392622806,0.03211009174311927,1,1.0,0.0,0.0,1.0,0.0,1.0,0.0,1.0,0.0,1.0,1.0,1.0,0.0,0.0
9,68.25,6.359487359740276,4,6.825,1,0.21457705266891292,0.42851340373679936,0,1.0,0.0,0.0,1.0,0.0,0.0,0.0,0.0,0.0,0.0,1.0,0.0,0.0,0.0
72,109.55,8.977361108239862,5,1.5006849315068493,1,0.21457705266891292,0.024346257889990983,1,1.0,1.0,0.0,1.0,0.0,1.0,1.0,0.0,0.0,1.0,1.0,0.0,0.0,0.0
41,94.3,8.267346257267478,3,2.2452380952380953,1,0.21457705266891292,0.44104447164422683,0,0.0,1.0,1.0,1.0,0.0,1.0,1.0,0.0,0.0,0.0,1.0,0.0,0.0,0.0
50,75.7,8.262868522618453,3,1.4843137254901961,1,0.21457705266891292,0.10683760683760683,0,0.0,1.0,0.0,1.0,0.0,1.0,0.0,0.0,1.0,0.0,0.0,0.0,0.0,0.0
70,69.2,8.491536864602452,3,0.9746478873239437,1,0.21599574392622806,0.024346257889990983,0,0.0,1.0,1.0,1.0,0.0,1.0,0.0,0.0,0.0,1.0,1.0,1.0,0.0,0.0
41,24.85,6.870312983506267,0,0.5916666666666667,0,0.22592658272743393,0.121875,0,0.0,0.0,0.0,1.0,0.0,1.0,0.0,1.0,1.0,0.0,1.0,0.0,0.0,1.0
2,80.65,4.977767690470639,1,26.883333333333336,0,0.3435006206774251,0.42851340373679936,0,0.0,0.0,0.0,1.0,0.0,0.0,1.0,0.0,0.0,0.0,1.0,0.0,1.0,0.0
52,25.05,7.14775594736277,0,0.47264150943396227,1,0.21457705266891292,0.024346257889990983,0,0.0,1.0,1.0,1.0,0.0,1.0,0.0,1.0,0.0,1.0,1.0,0.0,0.0,0.0
70,89.75,8.759072134066205,6,1.2640845070422535,1,0.21599574392622806,0.024346257889990983,0,0.0,0.0,0.0,1.0,0.0,1.0,0.0,0.0,0.0,1.0,0.0,1.0,0.0,0.0
10,29.65,5.678122727875623,1,2.6954545454545453,0,0.3435006206774251,0.44104447164422683,1,0.0,0.0,0.0,0.0,1.0,0.0,0.0,0.0,0.0,0.0,1.0,0.0,1.0,0.0
24,34.25,6.720461380561624,2,1.37,0,0.22592658272743393,0.4231860559383867,1,1.0,1.0,0.0,0.0,1.0,0.0,0.0,0.0,0.0,0.0,0.0,0.0,0.0,1.0
72,110.45,8.994650224905662,5,1.513013698630137,1,0.21457705266891292,0.03211009174311927,0,0.0,1.0,1.0,1.0,0.0,1.0,1.0,0.0,0.0,1.0,1.0,0.0,0.0,0.0
48,64.4,8.018411415138372,3,1.3142857142857145,1,0.21457705266891292,0.121875,0,1.0,0.0,1.0,1.0,0.0,1.0,0.0,0.0,1.0,0.0,1.0,0.0,0.0,0.0
68,20.5,7.262558472288074,0,0.2971014492753623,1,0.21599574392622806,0.021602160216021602,0,0.0,0.0,0.0,1.0,0.0,0.0,0.0,1.0,0.0,1.0,0.0,1.0,0.0,0.0
5,20.35,4.812184355372417,0,3.391666666666667,1,0.21599574392622806,0.42851340373679936,0,1.0,0.0,1.0,1.0,0.0,0.0,0.0,1.0,0.0,0.0,0.0,1.0,0.0,0.0
9,76.25,6.530658944924416,0,7.625,0,0.3435006206774251,0.42851340373679936,0,1.0,0.0,0.0,1.0,0.0,1.0,1.0,0.0,0.0,0.0,1.0,0.0,1.0,0.0
68,107.15,8.906637312803555,4,1.5528985507246378,1,0.21599574392622806,0.11266094420600858,1,1.0,1.0,1.0,1.0,0.0,1.0,1.0,0.0,1.0,0.0,1.0,1.0,0.0,0.0
63,80.0,8.525399427963336,5,1.25,1,0.21599574392622806,0.11882229232386961,0,1.0,1.0,0.0,1.0,0.0,1.0,0.0,0.0,1.0,0.0,0.0,1.0,0.0,0.0
2,49.6,4.751000634199631,1,16.533333333333335,0,0.22592658272743393,0.42984953233021556,0,0.0,0.0,0.0,1.0,0.0,0.0,0.0,0.0,0.0,0.0,1.0,0.0,0.0,1.0
3,71.1,5.367610193043986,4,17.775,0,0.22592658272743393,0.027827648114901255,0,0.0,0.0,0.0,1.0,0.0,0.0,0.0,0.0,0.0,1.0,0.0,0.0,0.0,1.0
23,81.0,7.559090391727643,1,3.375,0,0.3435006206774251,0.42851340373679936,0,1.0,0.0,0.0,1.0,0.0,1.0,1.0,0.0,0.0,0.0,1.0,0.0,1.0,0.0
40,67.45,7.912789220690681,3,1.6451219512195123,0,0.3435006206774251,0.42851340373679936,0,1.0,0.0,0.0,1.0,0.0,0.0,0.0,0.0,0.0,0.0,0.0,0.0,1.0,0.0
1,19.65,3.027715319407042,0,9.825,0,0.3435006206774251,0.42984953233021556,0,0.0,0.0,0.0,1.0,0.0,0.0,0.0,1.0,0.0,0.0,0.0,0.0,1.0,0.0
1,85.8,4.463606621666305,1,42.9,0,0.22592658272743393,0.44104447164422683,0,0.0,0.0,0.0,1.0,0.0,1.0,1.0,0.0,0.0,0.0,0.0,0.0,0.0,1.0
30,21.25,6.569341158123582,0,0.6854838709677419,0,0.22592658272743393,0.027827648114901255,0,1.0,1.0,1.0,1.0,0.0,0.0,0.0,1.0,0.0,1.0,0.0,0.0,0.0,1.0
69,56.05,8.355873542493944,3,0.8007142857142857,1,0.21599574392622806,0.03211009174311927,0,0.0,1.0,1.0,1.0,0.0,1.0,0.0,0.0,0.0,1.0,1.0,1.0,0.0,0.0
28,64.45,7.532944766358855,3,2.222413793103448,1,0.21457705266891292,0.44104447164422683,1,0.0,0.0,0.0,1.0,0.0,1.0,0.0,0.0,0.0,0.0,0.0,0.0,0.0,0.0
31,65.25,7.598549693958486,3,2.0390625,1,0.21599574392622806,0.42851340373679936,0,0.0,0.0,0.0,1.0,0.0,1.0,0.0,0.0,0.0,0.0,0.0,1.0,0.0,0.0
66,91.7,8.712249976512057,6,1.3686567164179104,1,0.21457705266891292,0.03211009174311927,0,1.0,1.0,0.0,1.0,0.0,1.0,0.0,0.0,0.0,1.0,0.0,0.0,0.0,0.0
2,19.95,3.667400422436812,0,6.6499999999999995,0,0.22592658272743393,0.4231860559383867,0,0.0,0.0,0.0,1.0,0.0,0.0,0.0,1.0,0.0,0.0,0.0,0.0,0.0,1.0
67,25.1,7.42246335626235,0,0.36911764705882355,1,0.21599574392622806,0.027827648114901255,1,1.0,0.0,0.0,1.0,0.0,1.0,0.0,1.0,0.0,1.0,0.0,1.0,0.0,0.0
61,114.1,8.87250821107698,5,1.8403225806451613,0,0.3435006206774251,0.4231860559383867,0,1.0,1.0,0.0,1.0,0.0,1.0,1.0,0.0,0.0,0.0,1.0,0.0,1.0,0.0
5,96.5,6.201624170863897,3,16.083333333333332,1,0.21457705266891292,0.4231860559383867,0,1.0,0.0,0.0,1.0,0.0,0.0,1.0,0.0,0.0,0.0,0.0,0.0,0.0,0.0
1,80.55,4.401216329067023,1,40.275,0,0.3435006206774251,0.42984953233021556,0,1.0,0.0,0.0,1.0,0.0,0.0,1.0,0.0,0.0,0.0,1.0,0.0,1.0,0.0
33,20.1,6.432216358237724,0,0.5911764705882353,1,0.21599574392622806,0.11266094420600858,0,1.0,1.0,1.0,1.0,0.0,0.0,0.0,1.0,1.0,0.0,0.0,1.0,0.0,0.0
48,70.55,8.137834330392552,3,1.4397959183673468,1,0.21599574392622806,0.11266094420600858,0,1.0,1.0,0.0,1.0,0.0,1.0,0.0,0.0,1.0,0.0,1.0,1.0,0.0,0.0
60,100.5,8.704502289721232,3,1.6475409836065573,1,0.21599574392622806,0.11266094420600858,1,0.0,1.0,0.0,1.0,0.0,1.0,1.0,0.0,1.0,0.0,1.0,1.0,0.0,0.0
32,20.35,6.563150059130735,0,0.6166666666666667,1,0.21599574392622806,0.11266094420600858,0,1.0,0.0,0.0,1.0,0.0,0.0,0.0,1.0,1.0,0.0,0.0,1.0,0.0,0.0
1,50.8,3.9473901492654373,1,25.4,0,0.3435006206774251,0.42851340373679936,0,1.0,0.0,0.0,1.0,0.0,0.0,0.0,0.0,0.0,0.0,0.0,0.0,1.0,0.0
62,20.05,7.092282734325254,0,0.3182539682539683,1,0.21599574392622806,0.027827648114901255,0,1.0,0.0,0.0,1.0,0.0,0.0,0.0,1.0,0.0,1.0,1.0,1.0,0.0,0.0
14,86.3,7.07492089588689,2,5.753333333333333,0,0.3435006206774251,0.42851340373679936,0,0.0,0.0,0.0,1.0,0.0,0.0,1.0,0.0,0.0,0.0,1.0,0.0,1.0,0.0
1,20.75,3.079613757534693,0,10.375,0,0.3435006206774251,0.42984953233021556,0,1.0,0.0,0.0,1.0,0.0,0.0,0.0,1.0,0.0,0.0,0.0,0.0,1.0,0.0
72,24.25,7.487453767034503,0,0.3321917808219178,1,0.21599574392622806,0.024346257889990983,0,0.0,1.0,1.0,1.0,0.0,1.0,0.0,1.0,0.0,1.0,0.0,1.0,0.0,0.0
33,109.9,8.214925260636038,5,3.2323529411764707,1,0.21457705266891292,0.44104447164422683,1,1.0,1.0,0.0,1.0,0.0,1.0,1.0,0.0,0.0,0.0,1.0,0.0,0.0,0.0
38,19.6,6.576887309080756,0,0.5025641025641026,0,0.3435006206774251,0.44104447164422683,0,1.0,1.0,1.0,1.0,0.0,0.0,0.0,1.0,0.0,0.0,0.0,0.0,1.0,0.0
60,104.7,8.753813521617571,4,1.7163934426229508,0,0.3435006206774251,0.027827648114901255,0,0.0,0.0,0.0,1.0,0.0,1.0,1.0,0.0,0.0,1.0,0.0,0.0,1.0,0.0
25,108.9,7.940957555763793,5,4.188461538461539,0,0.3435006206774251,0.024346257889990983,0,0.0,0.0,0.0,1.0,0.0,1.0,1.0,0.0,0.0,1.0,0.0,0.0,1.0,0.0
37,96.55,8.183481141971171,2,2.5407894736842103,0,0.3435006206774251,0.42984953233021556,1,0.0,0.0,0.0,1.0,0.0,1.0,1.0,0.0,0.0,0.0,1.0,0.0,1.0,0.0
6,87.95,6.260250456300893,2,12.564285714285715,1,0.21457705266891292,0.42851340373679936,0,1.0,0.0,0.0,1.0,0.0,1.0,1.0,0.0,0.0,0.0,1.0,0.0,0.0,0.0
12,86.55,6.9734493821775,1,6.657692307692307,0,0.3435006206774251,0.42984953233021556,0,0.0,0.0,0.0,1.0,0.0,1.0,1.0,0.0,0.0,0.0,1.0,0.0,1.0,0.0
5,19.25,4.466482666214198,0,3.2083333333333335,0,0.22592658272743393,0.431938236489232,0,1.0,0.0,0.0,1.0,0.0,0.0,0.0,1.0,0.0,0.0,1.0,0.0,0.0,1.0
4,70.5,5.687653092726317,0,14.1,0,0.3435006206774251,0.44104447164422683,0,1.0,1.0,0.0,1.0,0.0,0.0,1.0,0.0,0.0,0.0,0.0,0.0,1.0,0.0
60,79.0,8.476808601220762,5,1.2950819672131149,0,0.22592658272743393,0.10683760683760683,0,1.0,0.0,0.0,1.0,0.0,0.0,0.0,0.0,1.0,0.0,0.0,0.0,0.0,1.0
4,63.75,5.4258306868469965,3,12.75,1,0.21457705266891292,0.4231860559383867,0,1.0,0.0,0.0,1.0,0.0,0.0,0.0,0.0,0.0,0.0,1.0,0.0,0.0,0.0
29,24.85,6.670829690194141,0,0.8283333333333334,0,0.22592658272743393,0.11266094420600858,0,1.0,0.0,0.0,0.0,1.0,0.0,0.0,0.0,1.0,0.0,1.0,0.0,0.0,1.0
23,79.1,7.48703362838257,2,3.295833333333333,0,0.22592658272743393,0.4231860559383867,0,0.0,0.0,0.0,1.0,0.0,0.0,1.0,0.0,0.0,0.0,1.0,0.0,0.0,1.0
12,89.55,6.930250356809508,2,6.888461538461538,0,0.3435006206774251,0.42984953233021556,0,1.0,0.0,0.0,1.0,0.0,1.0,1.0,0.0,0.0,0.0,1.0,0.0,1.0,0.0
58,108.85,8.746438091588423,5,1.844915254237288,0,0.3435006206774251,0.10683760683760683,1,1.0,1.0,0.0,1.0,0.0,1.0,1.0,0.0,1.0,0.0,1.0,0.0,1.0,0.0
67,104.0,8.859370551399595,4,1.5294117647058822,0,0.3435006206774251,0.021602160216021602,0,0.0,0.0,1.0,1.0,0.0,1.0,1.0,0.0,0.0,1.0,1.0,0.0,1.0,0.0
40,81.2,8.099645380565091,1,1.9804878048780488,0,0.3435006206774251,0.42851340373679936,0,1.0,1.0,1.0,1.0,0.0,1.0,1.0,0.0,0.0,0.0,1.0,0.0,1.0,0.0
30,55.3,7.3340682196031395,2,1.7838709677419353,1,0.21457705266891292,0.4231860559383867,0,0.0,0.0,0.0,1.0,0.0,0.0,0.0,0.0,0.0,0.0,1.0,0.0,0.0,0.0
44,92.95,8.324554596540237,3,2.0655555555555556,1,0.21457705266891292,0.42851340373679936,0,1.0,1.0,1.0,1.0,0.0,0.0,1.0,0.0,0.0,0.0,1.0,0.0,0.0,0.0
47,84.95,8.298800835277511,2,1.7697916666666667,1,0.21457705266891292,0.11882229232386961,1,1.0,1.0,1.0,1.0,0.0,0.0,1.0,0.0,1.0,0.0,1.0,0.0,0.0,0.0
11,51.1,6.276925404487053,1,4.258333333333334,0,0.3435006206774251,0.42984953233021556,0,0.0,0.0,0.0,1.0,0.0,0.0,0.0,0.0,0.0,0.0,0.0,0.0,1.0,0.0
49,87.2,8.377011160816375,6,1.744,0,0.22592658272743393,0.121875,0,0.0,1.0,1.0,1.0,0.0,0.0,0.0,0.0,1.0,0.0,1.0,0.0,0.0,1.0
52,102.7,8.544633245841629,4,1.937735849056604,1,0.21599574392622806,0.4231860559383867,0,0.0,1.0,0.0,1.0,0.0,1.0,1.0,0.0,0.0,0.0,1.0,1.0,0.0,0.0
1,74.7,4.3267781604434035,1,37.35,0,0.3435006206774251,0.42984953233021556,0,0.0,0.0,0.0,1.0,0.0,0.0,1.0,0.0,0.0,0.0,1.0,0.0,1.0,0.0
69,19.7,7.242726389477083,0,0.2814285714285714,1,0.21457705266891292,0.03211009174311927,0,0.0,1.0,1.0,1.0,0.0,0.0,0.0,1.0,0.0,1.0,0.0,0.0,0.0,0.0
19,50.1,6.8150367379789305,0,2.505,1,0.21599574392622806,0.4231860559383867,0,1.0,1.0,1.0,1.0,0.0,1.0,0.0,0.0,0.0,0.0,0.0,1.0,0.0,0.0
47,20.05,6.859142599061444,0,0.41770833333333335,0,0.22592658272743393,0.121875,0,1.0,1.0,1.0,1.0,0.0,0.0,0.0,1.0,1.0,0.0,0.0,0.0,0.0,1.0
22,89.75,7.5703917043370605,2,3.902173913043478,1,0.21457705266891292,0.42851340373679936,1,1.0,1.0,0.0,1.0,0.0,0.0,1.0,0.0,0.0,0.0,1.0,0.0,0.0,0.0
68,92.2,8.763091869851333,6,1.336231884057971,1,0.21599574392622806,0.024346257889990983,0,1.0,1.0,1.0,1.0,0.0,1.0,0.0,0.0,0.0,1.0,1.0,1.0,0.0,0.0
37,19.35,6.529053808143187,0,0.5092105263157896,0,0.3435006206774251,0.44104447164422683,0,0.0,1.0,1.0,1.0,0.0,0.0,0.0,1.0,0.0,0.0,0.0,0.0,1.0,0.0
3,70.15,5.274024673978992,0,17.5375,0,0.3435006206774251,0.42984953233021556,0,0.0,0.0,0.0,1.0,0.0,0.0,1.0,0.0,0.0,0.0,1.0,0.0,1.0,0.0
9,75.5,6.458965046135599,1,7.55,1,0.21599574392622806,0.42851340373679936,1,0.0,0.0,0.0,1.0,0.0,0.0,1.0,0.0,0.0,0.0,0.0,1.0,0.0,0.0
9,19.9,5.109575241951159,0,1.9899999999999998,0,0.3435006206774251,0.10683760683760683,0,1.0,0.0,0.0,1.0,0.0,0.0,0.0,1.0,1.0,0.0,1.0,0.0,1.0,0.0
4,60.4,5.610021094841726,3,12.08,0,0.22592658272743393,0.42851340373679936,0,0.0,0.0,0.0,1.0,0.0,0.0,0.0,0.0,0.0,0.0,1.0,0.0,0.0,1.0
49,74.45,8.222258213452887,4,1.489,1,0.21457705266891292,0.03211009174311927,0,0.0,0.0,0.0,1.0,0.0,0.0,0.0,0.0,0.0,1.0,1.0,0.0,0.0,0.0
19,89.35,7.431210808648149,2,4.467499999999999,1,0.21457705266891292,0.11266094420600858,0,0.0,1.0,1.0,1.0,0.0,1.0,1.0,0.0,1.0,0.0,1.0,0.0,0.0,0.0
13,70.45,6.745353989623313,0,5.0321428571428575,1,0.21457705266891292,0.42984953233021556,1,1.0,1.0,0.0,1.0,0.0,0.0,1.0,0.0,0.0,0.0,0.0,0.0,0.0,0.0
17,25.15,6.024899323194219,0,1.3972222222222221,0,0.22592658272743393,0.024346257889990983,0,1.0,1.0,1.0,1.0,0.0,1.0,0.0,1.0,0.0,1.0,1.0,0.0,0.0,1.0
68,91.7,8.768060853245206,6,1.3289855072463768,0,0.3435006206774251,0.027827648114901255,0,0.0,1.0,0.0,1.0,0.0,1.0,0.0,0.0,0.0,1.0,1.0,0.0,1.0,0.0
19,25.35,6.340535655019982,0,1.2675,1,0.21599574392622806,0.44104447164422683,0,1.0,0.0,1.0,0.0,1.0,0.0,0.0,0.0,0.0,0.0,1.0,1.0,0.0,0.0
24,49.55,7.0995319945468465,1,1.982,1,0.21457705266891292,0.44104447164422683,0,1.0,0.0,0.0,1.0,0.0,0.0,0.0,0.0,0.0,0.0,1.0,0.0,0.0,0.0
11,19.65,5.423848088995246,0,1.6375,0,0.22592658272743393,0.021602160216021602,0,1.0,1.0,1.0,1.0,0.0,0.0,0.0,1.0,0.0,1.0,0.0,0.0,0.0,1.0
65,104.25,8.82672726036012,4,1.5795454545454546,0,0.3435006206774251,0.42984953233021556,0,1.0,1.0,0.0,1.0,0.0,1.0,1.0,0.0,0.0,0.0,1.0,0.0,1.0,0.0
9,19.6,5.290285194850773,0,1.9600000000000002,0,0.22592658272743393,0.024346257889990983,0,1.0,1.0,1.0,1.0,0.0,0.0,0.0,1.0,0.0,1.0,0.0,0.0,0.0,1.0
11,45.2,6.20050917404269,0,3.766666666666667,1,0.21599574392622806,0.4231860559383867,0,1.0,0.0,0.0,1.0,0.0,0.0,0.0,0.0,0.0,0.0,0.0,1.0,0.0,0.0
52,111.25,8.685660891838289,5,2.099056603773585,1,0.21599574392622806,0.11158342189160468,0,0.0,0.0,0.0,1.0,0.0,1.0,1.0,0.0,1.0,0.0,1.0,1.0,0.0,0.0
21,106.1,7.719107628309968,4,4.822727272727272,0,0.3435006206774251,0.42984953233021556,0,1.0,1.0,0.0,1.0,0.0,1.0,1.0,0.0,0.0,0.0,1.0,0.0,1.0,0.0
63,50.65,8.077835152284889,1,0.79140625,1,0.21457705266891292,0.021602160216021602,0,0.0,1.0,1.0,1.0,0.0,0.0,0.0,0.0,0.0,1.0,1.0,0.0,0.0,0.0
9,40.75,5.887214525734183,2,4.075,0,0.3435006206774251,0.44104447164422683,0,0.0,0.0,0.0,0.0,1.0,0.0,0.0,0.0,0.0,0.0,0.0,0.0,1.0,0.0
40,80.75,8.07391717591148,4,1.9695121951219512,0,0.22592658272743393,0.10683760683760683,0,0.0,0.0,0.0,1.0,0.0,1.0,0.0,0.0,1.0,0.0,1.0,0.0,0.0,1.0
1,24.0,3.2188758248682006,0,12.0,0,0.22592658272743393,0.42984953233021556,0,0.0,0.0,1.0,1.0,0.0,1.0,0.0,1.0,0.0,0.0,0.0,0.0,0.0,1.0
68,19.95,7.228896305177583,0,0.2891304347826087,1,0.21457705266891292,0.024346257889990983,0,1.0,1.0,1.0,1.0,0.0,0.0,0.0,1.0,0.0,1.0,0.0,0.0,0.0,0.0
34,62.65,7.7301308575498675,3,1.79,0,0.3435006206774251,0.42851340373679936,0,0.0,1.0,0.0,1.0,0.0,1.0,0.0,0.0,0.0,0.0,0.0,0.0,1.0,0.0
54,94.75,8.541446683216941,3,1.7227272727272727,1,0.21457705266891292,0.10683760683760683,0,0.0,0.0,0.0,1.0,0.0,1.0,1.0,0.0,1.0,0.0,1.0,0.0,0.0,0.0
22,84.3,7.526529067552247,2,3.6652173913043478,0,0.22592658272743393,0.42984953233021556,0,0.0,0.0,0.0,1.0,0.0,0.0,1.0,0.0,0.0,0.0,1.0,0.0,0.0,1.0
13,75.3,6.89815938530869,3,5.378571428571428,0,0.22592658272743393,0.11158342189160468,0,1.0,1.0,0.0,1.0,0.0,1.0,0.0,0.0,1.0,0.0,1.0,0.0,0.0,1.0
45,50.9,7.755702928210837,3,1.1065217391304347,1,0.21457705266891292,0.431938236489232,0,0.0,1.0,1.0,0.0,1.0,0.0,0.0,0.0,0.0,0.0,1.0,0.0,0.0,0.0
65,105.05,8.841585617164554,4,1.5916666666666666,0,0.3435006206774251,0.42851340373679936,0,0.0,1.0,0.0,1.0,0.0,1.0,1.0,0.0,0.0,0.0,1.0,0.0,1.0,0.0
1,59.55,4.1034694699991014,2,29.775,0,0.22592658272743393,0.42851340373679936,0,1.0,0.0,1.0,1.0,0.0,0.0,0.0,0.0,0.0,0.0,1.0,0.0,0.0,1.0
72,110.1,8.955151304107668,5,1.5082191780821916,1,0.21457705266891292,0.02787769784172662,1,0.0,0.0,0.0,1.0,0.0,1.0,1.0,0.0,0.0,1.0,1.0,0.0,0.0,0.0
50,95.05,8.494886230893696,3,1.8637254901960785,0,0.3435006206774251,0.4231860559383867,1,0.0,1.0,0.0,1.0,0.0,1.0,1.0,0.0,0.0,0.0,1.0,0.0,1.0,0.0
4,19.7,4.777441406928545,0,3.94,0,0.22592658272743393,0.10683760683760683,0,1.0,0.0,0.0,1.0,0.0,0.0,0.0,1.0,1.0,0.0,0.0,0.0,0.0,1.0
61,106.45,8.748487435403822,4,1.7169354838709678,0,0.3435006206774251,0.4231860559383867,0,1.0,0.0,0.0,1.0,0.0,1.0,1.0,0.0,0.0,0.0,1.0,0.0,1.0,0.0
27,88.3,7.811467228649432,2,3.1535714285714285,1,0.21599574392622806,0.42851340373679936,1,0.0,0.0,0.0,1.0,0.0,1.0,1.0,0.0,0.0,0.0,0.0,1.0,0.0,0.0
16,54.55,6.716715831568459,2,3.2088235294117644,1,0.21457705266891292,0.44104447164422683,1,1.0,1.0,0.0,1.0,0.0,0.0,0.0,0.0,0.0,0.0,1.0,0.0,0.0,0.0
8,74.6,6.309736443513769,0,8.288888888888888,1,0.21599574392622806,0.42851340373679936,0,0.0,0.0,0.0,1.0,0.0,1.0,1.0,0.0,0.0,0.0,1.0,1.0,0.0,0.0
71,90.3,8.746446042894624,6,1.2541666666666667,1,0.21599574392622806,0.02787769784172662,0,1.0,1.0,1.0,1.0,0.0,1.0,0.0,0.0,0.0,1.0,0.0,1.0,0.0,0.0
59,20.2,7.08447785737561,0,0.33666666666666667,1,0.21457705266891292,0.024346257889990983,0,1.0,0.0,0.0,1.0,0.0,0.0,0.0,1.0,0.0,1.0,1.0,0.0,0.0,0.0
33,90.65,8.003229315149744,2,2.6661764705882356,0,0.3435006206774251,0.4231860559383867,0,0.0,0.0,0.0,1.0,0.0,1.0,1.0,0.0,0.0,0.0,1.0,0.0,1.0,0.0
45,100.85,8.464003362902119,3,2.192391304347826,1,0.21599574392622806,0.44104447164422683,0,1.0,0.0,0.0,1.0,0.0,1.0,1.0,0.0,0.0,0.0,1.0,1.0,0.0,0.0
11,78.1,6.76371168339816,1,6.508333333333333,1,0.21599574392622806,0.4231860559383867,1,0.0,1.0,1.0,1.0,0.0,1.0,1.0,0.0,0.0,0.0,1.0,1.0,0.0,0.0
14,95.8,7.205857868761802,2,6.386666666666667,0,0.3435006206774251,0.431938236489232,1,0.0,1.0,1.0,1.0,0.0,1.0,1.0,0.0,0.0,0.0,1.0,0.0,1.0,0.0
1,49.75,3.926911617921897,1,24.875,0,0.3435006206774251,0.4231860559383867,0,1.0,0.0,0.0,1.0,0.0,0.0,0.0,0.0,0.0,0.0,0.0,0.0,1.0,0.0
50,20.15,6.897755446903804,0,0.39509803921568626,1,0.21599574392622806,0.121875,0,1.0,0.0,0.0,1.0,0.0,0.0,0.0,1.0,1.0,0.0,0.0,1.0,0.0,0.0
47,20.55,6.852982253134845,0,0.42812500000000003,0,0.22592658272743393,0.02787769784172662,0,0.0,0.0,0.0,1.0,0.0,0.0,0.0,1.0,0.0,1.0,1.0,0.0,0.0,1.0
15,85.9,7.1472051565706565,2,5.36875,1,0.21457705266891292,0.44104447164422683,0,0.0,0.0,1.0,1.0,0.0,0.0,1.0,0.0,0.0,0.0,1.0,0.0,0.0,0.0
2,25.05,4.04917284357538,0,8.35,0,0.3435006206774251,0.4231860559383867,0,1.0,0.0,0.0,0.0,1.0,0.0,0.0,0.0,0.0,0.0,1.0,0.0,1.0,0.0
3,77.0,5.47541697936084,0,19.25,0,0.3435006206774251,0.42851340373679936,1,1.0,0.0,0.0,1.0,0.0,1.0,1.0,0.0,0.0,0.0,1.0,0.0,1.0,0.0
3,94.85,5.819340815290474,2,23.7125,0,0.3435006206774251,0.431938236489232,1,1.0,0.0,0.0,1.0,0.0,1.0,1.0,0.0,0.0,0.0,1.0,0.0,1.0,0.0
7,20.75,4.956531035103055,0,2.59375,0,0.22592658272743393,0.42851340373679936,0,1.0,0.0,0.0,1.0,0.0,0.0,0.0,1.0,0.0,0.0,0.0,0.0,0.0,1.0
35,73.45,7.886870563989527,3,2.040277777777778,1,0.21457705266891292,0.11266094420600858,0,1.0,1.0,1.0,1.0,0.0,1.0,0.0,0.0,1.0,0.0,1.0,0.0,0.0,0.0
1,20.65,3.075005454448499,0,10.325,0,0.3435006206774251,0.431938236489232,0,1.0,0.0,0.0,1.0,0.0,0.0,0.0,1.0,0.0,0.0,0.0,0.0,1.0,0.0
71,83.2,8.720476833793706,5,1.1555555555555557,0,0.3435006206774251,0.027827648114901255,0,1.0,1.0,0.0,1.0,0.0,1.0,0.0,0.0,0.0,1.0,0.0,0.0,1.0,0.0
10,34.55,5.896054362303324,1,3.1409090909090907,1,0.21457705266891292,0.4231860559383867,1,1.0,1.0,1.0,0.0,1.0,0.0,0.0,0.0,0.0,0.0,1.0,0.0,0.0,0.0
19,20.0,5.936348164549315,0,1.0,0,0.3435006206774251,0.4231860559383867,0,1.0,0.0,1.0,1.0,0.0,0.0,0.0,1.0,0.0,0.0,1.0,0.0,1.0,0.0
5,80.6,6.032006502420918,1,13.433333333333332,0,0.3435006206774251,0.431938236489232,0,1.0,0.0,0.0,1.0,0.0,0.0,1.0,0.0,0.0,0.0,1.0,0.0,1.0,0.0
7,69.35,6.11390339430056,0,8.66875,0,0.3435006206774251,0.4231860559383867,0,1.0,1.0,0.0,1.0,0.0,0.0,1.0,0.0,0.0,0.0,1.0,0.0,1.0,0.0
8,49.55,5.977492389541099,1,5.5055555555555555,1,0.21457705266891292,0.431938236489232,0,1.0,1.0,0.0,1.0,0.0,0.0,0.0,0.0,0.0,0.0,1.0,0.0,0.0,0.0
1,75.35,4.335328031664641,1,37.675,0,0.3435006206774251,0.4231860559383867,0,1.0,0.0,1.0,1.0,0.0,0.0,1.0,0.0,0.0,0.0,1.0,0.0,1.0,0.0
1,18.85,2.9882040071331994,0,9.425,0,0.22592658272743393,0.431938236489232,0,1.0,0.0,0.0,1.0,0.0,0.0,0.0,1.0,0.0,0.0,1.0,0.0,0.0,1.0
59,51.7,8.008631669303314,3,0.8616666666666667,0,0.3435006206774251,0.42984953233021556,0,1.0,0.0,0.0,0.0,1.0,0.0,0.0,0.0,0.0,0.0,1.0,0.0,1.0,0.0
68,70.95,8.46430915879102,4,1.0282608695652173,1,0.21457705266891292,0.021602160216021602,0,1.0,1.0,0.0,1.0,0.0,0.0,0.0,0.0,0.0,1.0,0.0,0.0,0.0,0.0
71,93.2,8.780656851327029,6,1.2944444444444445,1,0.21599574392622806,0.02787769784172662,0,0.0,1.0,0.0,1.0,0.0,1.0,0.0,0.0,0.0,1.0,0.0,1.0,0.0,0.0
56,98.0,8.570089200769734,3,1.719298245614035,0,0.3435006206774251,0.11158342189160468,0,0.0,1.0,0.0,1.0,0.0,1.0,1.0,0.0,1.0,0.0,1.0,0.0,1.0,0.0
56,98.6,8.627311371419102,3,1.7298245614035086,0,0.3435006206774251,0.431938236489232,0,1.0,0.0,0.0,1.0,0.0,1.0,1.0,0.0,0.0,0.0,0.0,0.0,1.0,0.0
40,24.8,6.933130585313365,0,0.6048780487804878,0,0.22592658272743393,0.02787769784172662,0,0.0,1.0,1.0,1.0,0.0,1.0,0.0,1.0,0.0,1.0,1.0,0.0,0.0,1.0
61,93.7,8.676194942888575,4,1.511290322580645,1,0.21457705266891292,0.11158342189160468,0,0.0,1.0,0.0,1.0,0.0,0.0,1.0,0.0,1.0,0.0,0.0,0.0,0.0,0.0
37,94.3,8.149587293113084,3,2.481578947368421,0,0.22592658272743393,0.02787769784172662,0,1.0,1.0,0.0,1.0,0.0,1.0,1.0,0.0,0.0,1.0,0.0,0.0,0.0,1.0
10,84.7,6.725093664375078,2,7.7,0,0.22592658272743393,0.4231860559383867,0,0.0,0.0,0.0,1.0,0.0,0.0,1.0,0.0,0.0,0.0,1.0,0.0,0.0,1.0
3,75.5,5.400873954873129,0,18.875,0,0.3435006206774251,0.42851340373679936,0,0.0,0.0,0.0,1.0,0.0,1.0,1.0,0.0,0.0,0.0,1.0,0.0,1.0,0.0
67,89.55,8.759998183589703,2,1.3169117647058823,1,0.21457705266891292,0.44104447164422683,0,1.0,1.0,1.0,1.0,0.0,1.0,1.0,0.0,0.0,0.0,1.0,0.0,0.0,0.0
53,99.5,8.598819260296182,5,1.8425925925925926,0,0.22592658272743393,0.027827648114901255,0,0.0,0.0,0.0,1.0,0.0,0.0,1.0,0.0,0.0,1.0,0.0,0.0,0.0,1.0
41,79.85,8.108247031471418,5,1.901190476190476,1,0.21457705266891292,0.121875,0,0.0,0.0,0.0,1.0,0.0,0.0,0.0,0.0,1.0,0.0,1.0,0.0,0.0,0.0
1,44.4,3.8155121050473024,0,22.2,0,0.22592658272743393,0.44104447164422683,0,1.0,0.0,0.0,1.0,0.0,0.0,0.0,0.0,0.0,0.0,0.0,0.0,0.0,1.0
9,83.85,6.6734875831649925,1,8.385,0,0.3435006206774251,0.4231860559383867,1,1.0,0.0,0.0,1.0,0.0,1.0,1.0,0.0,0.0,0.0,1.0,0.0,1.0,0.0
10,45.55,6.000424288479454,0,4.140909090909091,0,0.3435006206774251,0.4231860559383867,0,1.0,0.0,0.0,1.0,0.0,0.0,0.0,0.0,0.0,0.0,1.0,0.0,1.0,0.0
19,83.65,7.290804347805969,1,4.1825,0,0.3435006206774251,0.431938236489232,0,1.0,1.0,1.0,1.0,0.0,1.0,1.0,0.0,0.0,0.0,1.0,0.0,1.0,0.0
8,29.4,5.406723240391823,1,3.2666666666666666,0,0.3435006206774251,0.431938236489232,1,1.0,0.0,0.0,0.0,1.0,0.0,0.0,0.0,0.0,0.0,1.0,0.0,1.0,0.0
24,51.1,7.147244508832433,1,2.044,1,0.21599574392622806,0.42984953233021556,0,1.0,0.0,0.0,1.0,0.0,0.0,0.0,0.0,0.0,0.0,1.0,1.0,0.0,0.0
8,94.45,6.611973828273706,3,10.494444444444445,1,0.21599574392622806,0.44104447164422683,1,0.0,0.0,0.0,1.0,0.0,0.0,1.0,0.0,0.0,0.0,1.0,1.0,0.0,0.0
22,81.7,7.507635191571639,2,3.5521739130434784,0,0.3435006206774251,0.42851340373679936,1,0.0,0.0,0.0,1.0,0.0,0.0,1.0,0.0,0.0,0.0,0.0,0.0,1.0,0.0
61,73.8,8.437511251991344,4,1.1903225806451612,1,0.21457705266891292,0.02787769784172662,0,0.0,1.0,1.0,1.0,0.0,0.0,0.0,0.0,0.0,1.0,1.0,0.0,0.0,0.0
37,75.1,7.886006210979063,4,1.976315789473684,1,0.21457705266891292,0.11882229232386961,0,0.0,1.0,1.0,1.0,0.0,0.0,0.0,0.0,1.0,0.0,0.0,0.0,0.0,0.0
4,61.45,5.440467758652715,2,12.290000000000001,1,0.21599574392622806,0.431938236489232,0,1.0,1.0,1.0,1.0,0.0,0.0,0.0,0.0,0.0,0.0,0.0,1.0,0.0,0.0
6,75.5,6.0844994130751715,0,10.785714285714286,0,0.3435006206774251,0.4231860559383867,0,1.0,1.0,0.0,1.0,0.0,1.0,1.0,0.0,0.0,0.0,1.0,0.0,1.0,0.0
8,29.35,5.381968939043647,1,3.261111111111111,0,0.22592658272743393,0.4231860559383867,0,1.0,0.0,0.0,0.0,1.0,0.0,0.0,0.0,0.0,0.0,0.0,0.0,0.0,1.0
72,69.65,8.49887645963034,4,0.954109589041096,1,0.21457705266891292,0.024346257889990983,0,1.0,0.0,0.0,1.0,0.0,1.0,0.0,0.0,0.0,1.0,0.0,0.0,0.0,0.0
54,89.8,8.448485993406447,3,1.6327272727272726,0,0.22592658272743393,0.42851340373679936,0,1.0,0.0,0.0,1.0,0.0,0.0,1.0,0.0,0.0,0.0,0.0,0.0,0.0,1.0
48,26.3,7.1277338269531905,0,0.536734693877551,1,0.21457705266891292,0.02787769784172662,0,1.0,1.0,1.0,1.0,0.0,1.0,0.0,1.0,0.0,1.0,0.0,0.0,0.0,0.0
53,105.55,8.645278531179455,4,1.9546296296296295,0,0.3435006206774251,0.024346257889990983,0,0.0,0.0,0.0,1.0,0.0,1.0,1.0,0.0,0.0,1.0,0.0,0.0,1.0,0.0
70,106.15,8.919466544622965,5,1.4950704225352114,0,0.3435006206774251,0.11882229232386961,0,1.0,1.0,1.0,1.0,0.0,0.0,1.0,0.0,1.0,0.0,1.0,0.0,1.0,0.0
70,97.55,8.805382635133446,3,1.373943661971831,1,0.21599574392622806,0.431938236489232,0,1.0,1.0,1.0,1.0,0.0,1.0,1.0,0.0,0.0,0.0,1.0,1.0,0.0,0.0
5,75.15,5.975462189630476,4,12.525,1,0.21457705266891292,0.42851340373679936,0,1.0,0.0,0.0,1.0,0.0,0.0,0.0,0.0,0.0,0.0,0.0,0.0,0.0,0.0
16,81.0,7.180184109971104,1,4.764705882352941,0,0.3435006206774251,0.44104447164422683,0,0.0,0.0,1.0,1.0,0.0,0.0,1.0,0.0,0.0,0.0,1.0,0.0,1.0,0.0
28,104.8,8.02192918843427,4,3.613793103448276,0,0.3435006206774251,0.44104447164422683,0,0.0,1.0,0.0,1.0,0.0,1.0,1.0,0.0,0.0,0.0,1.0,0.0,1.0,0.0
2,20.05,3.5467396869528134,0,6.683333333333334,0,0.22592658272743393,0.431938236489232,0,1.0,0.0,0.0,1.0,0.0,0.0,0.0,1.0,0.0,0.0,0.0,0.0,0.0,1.0
69,84.9,8.663308819357752,2,1.2128571428571429,1,0.21599574392622806,0.4231860559383867,1,1.0,1.0,0.0,1.0,0.0,1.0,1.0,0.0,0.0,0.0,1.0,1.0,0.0,0.0
40,42.35,7.448595911591226,3,1.0329268292682927,0,0.3435006206774251,0.121875,0,1.0,1.0,0.0,0.0,1.0,0.0,0.0,0.0,1.0,0.0,1.0,0.0,1.0,0.0
54,59.8,8.085625351967414,2,1.0872727272727272,1,0.21457705266891292,0.02787769784172662,0,0.0,1.0,1.0,1.0,0.0,1.0,0.0,0.0,0.0,1.0,1.0,0.0,0.0,0.0
15,101.75,7.420818397688319,4,6.359375,0,0.3435006206774251,0.44104447164422683,0,0.0,1.0,0.0,1.0,0.0,0.0,1.0,0.0,0.0,0.0,0.0,0.0,1.0,0.0
59,93.35,8.591836734412004,3,1.5558333333333332,0,0.3435006206774251,0.431938236489232,0,0.0,1.0,0.0,1.0,0.0,1.0,1.0,0.0,0.0,0.0,0.0,0.0,1.0,0.0
1,20.9,3.086486636822455,0,10.45,0,0.22592658272743393,0.44104447164422683,0,0.0,0.0,0.0,1.0,0.0,0.0,0.0,1.0,0.0,0.0,0.0,0.0,0.0,1.0
14,78.85,6.951580758522167,2,5.256666666666666,0,0.3435006206774251,0.42984953233021556,1,0.0,0.0,0.0,1.0,0.0,0.0,1.0,0.0,0.0,0.0,0.0,0.0,1.0,0.0
2,62.05,4.78164132910387,1,20.683333333333334,1,0.21457705266891292,0.4231860559383867,0,1.0,0.0,0.0,1.0,0.0,1.0,0.0,0.0,0.0,0.0,0.0,0.0,0.0,0.0
62,89.1,8.596494085552596,2,1.4142857142857141,1,0.21599574392622806,0.024346257889990983,0,1.0,1.0,1.0,1.0,0.0,1.0,1.0,0.0,0.0,1.0,1.0,1.0,0.0,0.0
20,94.1,7.486276933700779,3,4.480952380952381,0,0.3435006206774251,0.42984953233021556,1,0.0,0.0,0.0,1.0,0.0,1.0,1.0,0.0,0.0,0.0,1.0,0.0,1.0,0.0
26,26.0,6.5294918282991175,0,0.9629629629629629,0,0.22592658272743393,0.10683760683760683,0,0.0,1.0,0.0,1.0,0.0,1.0,0.0,1.0,1.0,0.0,0.0,0.0,0.0,1.0
38,20.05,6.610022870676855,0,0.5141025641025642,0,0.22592658272743393,0.027827648114901255,0,0.0,0.0,0.0,1.0,0.0,0.0,0.0,1.0,0.0,1.0,0.0,0.0,0.0,1.0
41,19.7,6.691152788211308,0,0.46904761904761905,1,0.21457705266891292,0.027827648114901255,0,0.0,1.0,1.0,1.0,0.0,0.0,0.0,1.0,0.0,1.0,0.0,0.0,0.0,0.0
60,94.15,8.667817661466938,3,1.5434426229508198,1,0.21457705266891292,0.11266094420600858,0,0.0,1.0,1.0,1.0,0.0,1.0,1.0,0.0,1.0,0.0,0.0,0.0,0.0,0.0
10,20.35,5.177843213080163,0,1.85,0,0.22592658272743393,0.11266094420600858,0,1.0,0.0,0.0,1.0,0.0,0.0,0.0,1.0,1.0,0.0,0.0,0.0,0.0,1.0
30,79.3,7.794864337492712,4,2.5580645161290323,1,0.21599574392622806,0.10683760683760683,0,0.0,0.0,0.0,1.0,0.0,1.0,0.0,0.0,1.0,0.0,1.0,1.0,0.0,0.0
71,24.45,7.456829990179825,0,0.33958333333333335,1,0.21457705266891292,0.027827648114901255,0,1.0,1.0,0.0,1.0,0.0,1.0,0.0,1.0,0.0,1.0,0.0,0.0,0.0,0.0
50,103.7,8.531500354112636,4,2.033333333333333,0,0.3435006206774251,0.4231860559383867,0,1.0,1.0,1.0,1.0,0.0,1.0,1.0,0.0,0.0,0.0,0.0,0.0,1.0,0.0
2,49.25,4.584967478670572,1,16.416666666666668,0,0.22592658272743393,0.431938236489232,0,1.0,0.0,0.0,1.0,0.0,0.0,0.0,0.0,0.0,0.0,0.0,0.0,0.0,1.0
14,75.1,6.9220032922473385,0,5.006666666666666,0,0.3435006206774251,0.44104447164422683,1,1.0,1.0,0.0,1.0,0.0,1.0,1.0,0.0,0.0,0.0,1.0,0.0,1.0,0.0
1,20.7,3.077312260546414,0,10.35,0,0.3435006206774251,0.431938236489232,0,0.0,0.0,0.0,1.0,0.0,0.0,0.0,1.0,0.0,0.0,0.0,0.0,1.0,0.0
5,28.45,4.883180638743141,1,4.741666666666666,0,0.3435006206774251,0.42984953233021556,1,0.0,0.0,0.0,0.0,1.0,0.0,0.0,0.0,0.0,0.0,0.0,0.0,1.0,0.0
55,85.1,8.446545379842489,5,1.519642857142857,1,0.21457705266891292,0.027827648114901255,0,0.0,1.0,1.0,1.0,0.0,1.0,0.0,0.0,0.0,1.0,1.0,0.0,0.0,0.0
60,89.45,8.574631566063502,2,1.4663934426229508,0,0.3435006206774251,0.4231860559383867,1,0.0,1.0,0.0,1.0,0.0,1.0,1.0,0.0,0.0,0.0,0.0,0.0,1.0,0.0
35,80.05,7.950467185685669,1,2.223611111111111,1,0.21599574392622806,0.44104447164422683,0,0.0,0.0,0.0,1.0,0.0,1.0,1.0,0.0,0.0,0.0,0.0,1.0,0.0,0.0
72,81.0,8.657129031713755,5,1.1095890410958904,1,0.21599574392622806,0.024346257889990983,0,1.0,1.0,1.0,1.0,0.0,1.0,0.0,0.0,0.0,1.0,0.0,1.0,0.0,0.0
26,56.05,7.348716222775142,2,2.075925925925926,0,0.22592658272743393,0.11882229232386961,0,0.0,0.0,0.0,1.0,0.0,0.0,0.0,0.0,1.0,0.0,1.0,0.0,0.0,1.0
32,84.15,7.8582348545929905,2,2.5500000000000003,1,0.21457705266891292,0.42851340373679936,0,0.0,1.0,0.0,1.0,0.0,0.0,1.0,0.0,0.0,0.0,0.0,0.0,0.0,0.0
15,101.1,7.31658139922248,3,6.31875,0,0.3435006206774251,0.42851340373679936,0,1.0,1.0,0.0,1.0,0.0,1.0,1.0,0.0,0.0,0.0,1.0,0.0,1.0,0.0
34,20.1,6.526641261737804,0,0.5742857142857143,1,0.21457705266891292,0.11882229232386961,0,0.0,1.0,1.0,1.0,0.0,0.0,0.0,1.0,1.0,0.0,1.0,0.0,0.0,0.0
50,95.7,8.46183903128416,2,1.8764705882352941,0,0.3435006206774251,0.4231860559383867,0,0.0,0.0,0.0,1.0,0.0,1.0,1.0,0.0,0.0,0.0,1.0,0.0,1.0,0.0
23,20.0,6.100991371635224,0,0.8333333333333334,1,0.21599574392622806,0.121875,0,1.0,1.0,1.0,1.0,0.0,0.0,0.0,1.0,1.0,0.0,1.0,1.0,0.0,0.0
4,20.05,4.460144413937834,0,4.01,1,0.21457705266891292,0.42851340373679936,0,0.0,0.0,1.0,1.0,0.0,0.0,0.0,1.0,0.0,0.0,1.0,0.0,0.0,0.0
29,75.3,7.725065102162505,1,2.51,1,0.21599574392622806,0.431938236489232,0,1.0,1.0,0.0,1.0,0.0,0.0,1.0,0.0,0.0,0.0,1.0,1.0,0.0,0.0
70,75.65,8.596447896389488,0,1.065492957746479,1,0.21599574392622806,0.024346257889990983,1,0.0,1.0,0.0,1.0,0.0,1.0,1.0,0.0,0.0,1.0,1.0,1.0,0.0,0.0
1,85.55,4.4607222816222185,2,42.775,1,0.21599574392622806,0.4231860559383867,0,0.0,0.0,0.0,1.0,0.0,0.0,1.0,0.0,0.0,0.0,1.0,1.0,0.0,0.0
38,85.4,8.101071503119543,5,2.18974358974359,1,0.21457705266891292,0.021602160216021602,0,1.0,1.0,1.0,1.0,0.0,1.0,0.0,0.0,0.0,1.0,1.0,0.0,0.0,0.0
72,24.75,7.528385528702905,0,0.339041095890411,1,0.21599574392622806,0.03211009174311927,0,1.0,1.0,1.0,1.0,0.0,1.0,0.0,1.0,0.0,1.0,0.0,1.0,0.0,0.0
35,21.1,6.60934924316738,0,0.5861111111111111,0,0.22592658272743393,0.10683760683760683,0,0.0,0.0,0.0,1.0,0.0,0.0,0.0,1.0,1.0,0.0,0.0,0.0,0.0,1.0
59,61.35,8.201523082424288,2,1.0225,1,0.21457705266891292,0.11882229232386961,0,1.0,0.0,0.0,1.0,0.0,0.0,0.0,0.0,1.0,0.0,1.0,0.0,0.0,0.0
68,75.8,8.57450881512029,4,1.098550724637681,1,0.21457705266891292,0.11158342189160468,0,1.0,1.0,1.0,1.0,0.0,1.0,0.0,0.0,1.0,0.0,1.0,0.0,0.0,0.0
42,45.1,7.6256194620789195,3,1.0488372093023257,1,0.21599574392622806,0.11158342189160468,0,1.0,1.0,1.0,0.0,1.0,0.0,0.0,0.0,1.0,0.0,1.0,1.0,0.0,0.0
55,55.7,8.04968245233619,2,0.9946428571428572,0,0.3435006206774251,0.431938236489232,0,0.0,1.0,1.0,1.0,0.0,0.0,0.0,0.0,0.0,0.0,0.0,0.0,1.0,0.0
56,54.05,7.993214781071947,4,0.9482456140350877,1,0.21457705266891292,0.11266094420600858,0,1.0,1.0,0.0,0.0,1.0,0.0,0.0,0.0,1.0,0.0,1.0,0.0,0.0,0.0
57,104.5,8.686488608569949,4,1.8017241379310345,1,0.21599574392622806,0.431938236489232,0,0.0,1.0,0.0,1.0,0.0,1.0,1.0,0.0,0.0,0.0,1.0,1.0,0.0,0.0
52,24.8,7.114850745874739,0,0.4679245283018868,0,0.22592658272743393,0.02787769784172662,0,1.0,1.0,1.0,1.0,0.0,1.0,0.0,1.0,0.0,1.0,0.0,0.0,0.0,1.0
20,90.7,7.485687997274867,2,4.319047619047619,1,0.21599574392622806,0.431938236489232,0,1.0,0.0,0.0,1.0,0.0,1.0,1.0,0.0,0.0,0.0,1.0,1.0,0.0,0.0
71,20.1,7.237490587664918,0,0.2791666666666667,1,0.21457705266891292,0.027827648114901255,0,0.0,1.0,1.0,1.0,0.0,0.0,0.0,1.0,0.0,1.0,0.0,0.0,0.0,0.0
11,20.0,5.3610573963692225,0,1.6666666666666667,0,0.22592658272743393,0.10683760683760683,0,0.0,0.0,0.0,1.0,0.0,0.0,0.0,1.0,1.0,0.0,0.0,0.0,0.0,1.0
34,50.2,7.504556743755398,1,1.4342857142857144,1,0.21457705266891292,0.42851340373679936,0,0.0,1.0,0.0,1.0,0.0,0.0,0.0,0.0,0.0,0.0,0.0,0.0,0.0,0.0
72,25.85,7.535403477309386,0,0.3541095890410959,1,0.21599574392622806,0.02787769784172662,0,1.0,1.0,0.0,1.0,0.0,1.0,0.0,1.0,0.0,1.0,0.0,1.0,0.0,0.0
69,19.3,7.278559926826676,0,0.27571428571428575,1,0.21457705266891292,0.027827648114901255,0,1.0,0.0,0.0,1.0,0.0,0.0,0.0,1.0,0.0,1.0,1.0,0.0,0.0,0.0
59,75.95,8.421419904394316,4,1.2658333333333334,1,0.21599574392622806,0.02787769784172662,0,0.0,1.0,1.0,1.0,0.0,0.0,0.0,0.0,0.0,1.0,1.0,1.0,0.0,0.0
1,20.55,3.070375816549757,0,10.275,0,0.3435006206774251,0.42851340373679936,0,1.0,0.0,0.0,1.0,0.0,0.0,0.0,1.0,0.0,0.0,0.0,0.0,1.0,0.0
1,45.7,3.8437441646748516,0,22.85,0,0.3435006206774251,0.431938236489232,0,0.0,1.0,1.0,1.0,0.0,0.0,0.0,0.0,0.0,0.0,1.0,0.0,1.0,0.0
17,45.05,6.648466281031574,0,2.5027777777777778,0,0.3435006206774251,0.431938236489232,1,1.0,0.0,0.0,1.0,0.0,0.0,0.0,0.0,0.0,0.0,1.0,0.0,1.0,0.0
72,117.35,9.04041170511219,6,1.6075342465753424,1,0.21599574392622806,0.021602160216021602,1,0.0,0.0,0.0,1.0,0.0,1.0,1.0,0.0,0.0,1.0,1.0,1.0,0.0,0.0
1,68.5,4.241326752570746,0,34.25,0,0.3435006206774251,0.431938236489232,0,1.0,1.0,1.0,1.0,0.0,0.0,1.0,0.0,0.0,0.0,1.0,0.0,1.0,0.0
16,55.85,6.755536066004626,2,3.2852941176470587,0,0.22592658272743393,0.11158342189160468,0,1.0,1.0,1.0,1.0,0.0,0.0,0.0,0.0,1.0,0.0,1.0,0.0,0.0,1.0
63,71.9,8.407422967269712,4,1.1234375,1,0.21457705266891292,0.03211009174311927,0,1.0,0.0,0.0,1.0,0.0,1.0,0.0,0.0,0.0,1.0,1.0,0.0,0.0,0.0
21,20.0,6.037154673025098,0,0.9090909090909091,0,0.22592658272743393,0.44104447164422683,0,1.0,0.0,0.0,1.0,0.0,0.0,0.0,1.0,0.0,0.0,0.0,0.0,0.0,1.0
4,20.35,4.348340577019075,0,4.07,0,0.22592658272743393,0.44104447164422683,0,0.0,1.0,1.0,1.0,0.0,0.0,0.0,1.0,0.0,0.0,0.0,0.0,0.0,1.0
5,69.35,5.83656358589002,0,11.558333333333332,0,0.3435006206774251,0.4231860559383867,1,0.0,1.0,0.0,1.0,0.0,0.0,1.0,0.0,0.0,0.0,1.0,0.0,1.0,0.0
5,50.6,5.525253716100942,0,8.433333333333334,0,0.22592658272743393,0.42851340373679936,0,0.0,0.0,0.0,1.0,0.0,1.0,0.0,0.0,0.0,0.0,1.0,0.0,0.0,1.0
11,25.0,5.709433146165015,0,2.0833333333333335,0,0.22592658272743393,0.024346257889990983,0,0.0,1.0,1.0,1.0,0.0,1.0,0.0,1.0,0.0,1.0,0.0,0.0,0.0,1.0
1,44.8,3.824284091120139,0,22.4,0,0.3435006206774251,0.42984953233021556,0,1.0,0.0,0.0,1.0,0.0,0.0,0.0,0.0,0.0,0.0,1.0,0.0,1.0,0.0
58,20.3,7.032182857357189,0,0.3440677966101695,1,0.21599574392622806,0.021602160216021602,0,1.0,0.0,0.0,1.0,0.0,0.0,0.0,1.0,0.0,1.0,0.0,1.0,0.0,0.0
27,75.75,7.5652752818989315,0,2.705357142857143,1,0.21457705266891292,0.42984953233021556,0,1.0,1.0,1.0,1.0,0.0,1.0,1.0,0.0,0.0,0.0,1.0,0.0,0.0,0.0
11,19.55,5.412315470601449,0,1.6291666666666667,1,0.21599574392622806,0.021602160216021602,0,1.0,0.0,0.0,1.0,0.0,0.0,0.0,1.0,0.0,1.0,0.0,1.0,0.0,0.0
13,75.0,6.908205177762502,0,5.357142857142857,0,0.22592658272743393,0.44104447164422683,0,0.0,0.0,0.0,1.0,0.0,1.0,1.0,0.0,0.0,0.0,1.0,0.0,0.0,1.0
31,79.2,7.823325751531809,5,2.475,0,0.22592658272743393,0.027827648114901255,0,0.0,0.0,0.0,1.0,0.0,0.0,0.0,0.0,0.0,1.0,0.0,0.0,0.0,1.0
9,80.85,6.623600312306513,1,8.084999999999999,0,0.3435006206774251,0.431938236489232,1,0.0,0.0,0.0,1.0,0.0,0.0,1.0,0.0,0.0,0.0,1.0,0.0,1.0,0.0
39,47.85,7.542955499587233,1,1.19625,0,0.3435006206774251,0.11882229232386961,0,0.0,0.0,0.0,1.0,0.0,0.0,0.0,0.0,1.0,0.0,1.0,0.0,1.0,0.0
68,85.0,8.632083157290193,6,1.2318840579710144,1,0.21599574392622806,0.021602160216021602,0,0.0,1.0,1.0,1.0,0.0,0.0,0.0,0.0,0.0,1.0,1.0,1.0,0.0,0.0
3,23.6,4.500365071621965,0,5.9,0,0.22592658272743393,0.42851340373679936,0,1.0,1.0,0.0,1.0,0.0,1.0,0.0,1.0,0.0,0.0,1.0,0.0,0.0,1.0
71,105.75,8.907050461783502,4,1.46875,1,0.21457705266891292,0.10683760683760683,1,1.0,0.0,0.0,1.0,0.0,1.0,1.0,0.0,1.0,0.0,0.0,0.0,0.0,0.0
3,20.25,4.134366236571586,0,5.0625,0,0.3435006206774251,0.44104447164422683,0,1.0,0.0,0.0,1.0,0.0,0.0,0.0,1.0,0.0,0.0,1.0,0.0,1.0,0.0
30,74.75,7.655532680193197,4,2.411290322580645,0,0.3435006206774251,0.42984953233021556,1,1.0,0.0,0.0,1.0,0.0,0.0,0.0,0.0,0.0,0.0,1.0,0.0,1.0,0.0
31,20.95,6.5283233479207885,0,0.6546875,0,0.22592658272743393,0.10683760683760683,0,0.0,0.0,0.0,1.0,0.0,0.0,0.0,1.0,1.0,0.0,0.0,0.0,0.0,1.0
1,89.3,4.5031374604229395,2,44.65,0,0.3435006206774251,0.42984953233021556,1,0.0,0.0,0.0,1.0,0.0,0.0,1.0,0.0,0.0,0.0,1.0,0.0,1.0,0.0
2,95.85,5.291796149557771,3,31.95,0,0.3435006206774251,0.44104447164422683,0,1.0,0.0,0.0,1.0,0.0,0.0,1.0,0.0,0.0,0.0,1.0,0.0,1.0,0.0
60,89.55,8.562587118706123,2,1.4680327868852459,0,0.3435006206774251,0.024346257889990983,0,1.0,0.0,0.0,1.0,0.0,1.0,1.0,0.0,0.0,1.0,1.0,0.0,1.0,0.0
61,96.5,8.643772977516159,2,1.5564516129032258,1,0.21457705266891292,0.10683760683760683,0,1.0,1.0,0.0,1.0,0.0,1.0,1.0,0.0,1.0,0.0,1.0,0.0,0.0,0.0
1,50.5,3.9415818076696905,1,25.25,0,0.3435006206774251,0.44104447164422683,0,1.0,0.0,0.0,1.0,0.0,0.0,0.0,0.0,0.0,0.0,1.0,0.0,1.0,0.0
11,44.05,6.18353014285133,0,3.670833333333333,0,0.3435006206774251,0.4231860559383867,0,0.0,1.0,0.0,1.0,0.0,0.0,0.0,0.0,0.0,0.0,1.0,0.0,1.0,0.0
70,78.35,8.602811097976756,5,1.1035211267605634,1,0.21457705266891292,0.11266094420600858,0,1.0,1.0,1.0,1.0,0.0,1.0,0.0,0.0,1.0,0.0,0.0,0.0,0.0,0.0
23,20.85,6.163104255555076,0,0.86875,0,0.3435006206774251,0.4231860559383867,0,1.0,0.0,0.0,1.0,0.0,0.0,0.0,1.0,0.0,0.0,0.0,0.0,1.0,0.0
69,24.45,7.449614345328301,0,0.34928571428571425,1,0.21457705266891292,0.024346257889990983,0,1.0,1.0,1.0,1.0,0.0,1.0,0.0,1.0,0.0,1.0,0.0,0.0,0.0,0.0
49,98.7,8.501378800521875,3,1.974,0,0.3435006206774251,0.4231860559383867,0,1.0,0.0,0.0,1.0,0.0,1.0,1.0,0.0,0.0,0.0,0.0,0.0,1.0,0.0
66,108.1,8.887321235234717,4,1.6134328358208954,1,0.21457705266891292,0.11882229232386961,1,0.0,0.0,0.0,1.0,0.0,1.0,1.0,0.0,1.0,0.0,0.0,0.0,0.0,0.0
20,84.35,7.465197277376707,1,4.016666666666667,0,0.3435006206774251,0.44104447164422683,1,1.0,0.0,0.0,1.0,0.0,1.0,1.0,0.0,0.0,0.0,1.0,0.0,1.0,0.0
72,103.4,8.905668113604712,4,1.4164383561643836,0,0.3435006206774251,0.024346257889990983,0,1.0,1.0,1.0,1.0,0.0,1.0,1.0,0.0,0.0,1.0,1.0,0.0,1.0,0.0
22,55.1,7.134213331264177,2,2.3956521739130436,0,0.22592658272743393,0.42984953233021556,0,1.0,0.0,0.0,1.0,0.0,0.0,0.0,0.0,0.0,0.0,0.0,0.0,0.0,1.0
55,74.0,8.307311314085213,0,1.3214285714285714,0,0.3435006206774251,0.42851340373679936,1,1.0,1.0,0.0,1.0,0.0,1.0,1.0,0.0,0.0,0.0,1.0,0.0,1.0,0.0
55,94.75,8.571131983387192,3,1.6919642857142858,0,0.3435006206774251,0.11266094420600858,0,0.0,1.0,0.0,1.0,0.0,0.0,1.0,0.0,1.0,0.0,1.0,0.0,1.0,0.0
72,66.85,8.467960929536012,3,0.9157534246575342,1,0.21457705266891292,0.027827648114901255,0,0.0,1.0,1.0,1.0,0.0,1.0,0.0,0.0,0.0,1.0,0.0,0.0,0.0,0.0
9,90.35,6.644960922038135,2,9.035,0,0.3435006206774251,0.11266094420600858,0,1.0,1.0,1.0,1.0,0.0,1.0,1.0,0.0,1.0,0.0,1.0,0.0,1.0,0.0
66,19.95,7.146850916510274,0,0.29776119402985074,1,0.21599574392622806,0.02787769784172662,0,1.0,0.0,1.0,1.0,0.0,0.0,0.0,1.0,0.0,1.0,0.0,1.0,0.0,0.0
2,46.6,4.487512142519859,0,15.533333333333333,1,0.21457705266891292,0.42984953233021556,0,1.0,0.0,0.0,1.0,0.0,0.0,0.0,0.0,0.0,0.0,1.0,0.0,0.0,0.0
50,108.75,8.60022834034495,5,2.1323529411764706,1,0.21457705266891292,0.431938236489232,1,0.0,1.0,0.0,1.0,0.0,1.0,1.0,0.0,0.0,0.0,0.0,0.0,0.0,0.0
58,94.35,8.62418936865003,3,1.5991525423728812,1,0.21457705266891292,0.03211009174311927,0,1.0,1.0,1.0,1.0,0.0,1.0,1.0,0.0,0.0,1.0,0.0,0.0,0.0,0.0
13,18.8,5.530420659233719,0,1.342857142857143,0,0.22592658272743393,0.4231860559383867,0,0.0,1.0,1.0,1.0,0.0,0.0,0.0,1.0,0.0,0.0,0.0,0.0,0.0,1.0
65,94.4,8.72048499422784,4,1.4303030303030304,0,0.3435006206774251,0.42984953233021556,1,0.0,1.0,0.0,1.0,0.0,0.0,1.0,0.0,0.0,0.0,0.0,0.0,1.0,0.0
3,19.1,3.970291913552122,0,4.775,0,0.22592658272743393,0.02787769784172662,0,0.0,1.0,1.0,1.0,0.0,0.0,0.0,1.0,0.0,1.0,0.0,0.0,0.0,1.0
9,20.25,5.155312672131032,0,2.025,0,0.22592658272743393,0.10683760683760683,0,0.0,1.0,1.0,1.0,0.0,0.0,0.0,1.0,1.0,0.0,0.0,0.0,0.0,1.0
3,35.1,4.625952725170619,2,8.775,0,0.22592658272743393,0.44104447164422683,0,1.0,1.0,0.0,0.0,1.0,0.0,0.0,0.0,0.0,0.0,0.0,0.0,0.0,1.0
72,74.4,8.587045693315071,5,1.0191780821917809,1,0.21457705266891292,0.027827648114901255,1,1.0,1.0,0.0,1.0,0.0,0.0,0.0,0.0,0.0,1.0,0.0,0.0,0.0,0.0
9,19.05,5.066700518029204,0,1.905,0,0.22592658272743393,0.44104447164422683,0,0.0,0.0,0.0,1.0,0.0,0.0,0.0,1.0,0.0,0.0,0.0,0.0,0.0,1.0
67,35.7,7.842553682412031,2,0.525,1,0.21599574392622806,0.027827648114901255,0,0.0,1.0,1.0,0.0,1.0,0.0,0.0,0.0,0.0,1.0,0.0,1.0,0.0,0.0
49,93.85,8.462546913636208,3,1.8769999999999998,1,0.21457705266891292,0.431938236489232,0,1.0,1.0,0.0,1.0,0.0,1.0,1.0,0.0,0.0,0.0,1.0,0.0,0.0,0.0
71,89.9,8.773098178053743,6,1.2486111111111111,1,0.21599574392622806,0.03211009174311927,0,1.0,1.0,1.0,1.0,0.0,1.0,0.0,0.0,0.0,1.0,0.0,1.0,0.0,0.0
26,75.5,7.610407146556328,1,2.7962962962962963,1,0.21457705266891292,0.11266094420600858,0,1.0,0.0,0.0,1.0,0.0,0.0,1.0,0.0,1.0,0.0,0.0,0.0,0.0,0.0
71,115.15,8.99703575917263,6,1.5993055555555555,1,0.21599574392622806,0.02787769784172662,0,0.0,1.0,0.0,1.0,0.0,1.0,1.0,0.0,0.0,1.0,1.0,1.0,0.0,0.0
4,20.5,4.382651439442724,0,4.1,1,0.21457705266891292,0.11882229232386961,0,0.0,1.0,0.0,1.0,0.0,0.0,0.0,1.0,1.0,0.0,0.0,0.0,0.0,0.0
34,105.35,8.172347999231082,4,3.01,0,0.3435006206774251,0.42984953233021556,0,1.0,0.0,0.0,1.0,0.0,1.0,1.0,0.0,0.0,0.0,1.0,0.0,1.0,0.0
59,19.35,7.003610764625658,0,0.3225,0,0.22592658272743393,0.02787769784172662,0,1.0,0.0,0.0,1.0,0.0,0.0,0.0,1.0,0.0,1.0,0.0,0.0,0.0,1.0
60,19.85,7.029176134186477,0,0.3254098360655738,1,0.21457705266891292,0.03211009174311927,0,0.0,0.0,0.0,1.0,0.0,0.0,0.0,1.0,0.0,1.0,0.0,0.0,0.0,0.0
52,59.45,8.021157653122883,2,1.1216981132075472,0,0.3435006206774251,0.431938236489232,0,0.0,0.0,0.0,1.0,0.0,0.0,0.0,0.0,0.0,0.0,1.0,0.0,1.0,0.0
1,79.1,4.383275854074314,1,39.55,0,0.3435006206774251,0.42851340373679936,1,1.0,0.0,0.0,1.0,0.0,0.0,1.0,0.0,0.0,0.0,1.0,0.0,1.0,0.0
4,19.9,4.3522115495946965,0,3.9799999999999995,0,0.22592658272743393,0.021602160216021602,0,1.0,1.0,1.0,1.0,0.0,0.0,0.0,1.0,0.0,1.0,0.0,0.0,0.0,1.0
66,95.3,8.744233141898457,3,1.4223880597014924,0,0.3435006206774251,0.121875,0,1.0,1.0,0.0,1.0,0.0,1.0,1.0,0.0,1.0,0.0,0.0,0.0,1.0,0.0
15,19.8,5.722277057292366,0,1.2375,0,0.22592658272743393,0.11266094420600858,0,1.0,0.0,0.0,1.0,0.0,0.0,0.0,1.0,1.0,0.0,0.0,0.0,0.0,1.0
42,48.15,7.617415367916296,4,1.119767441860465,1,0.21599574392622806,0.03211009174311927,0,1.0,1.0,1.0,0.0,1.0,0.0,0.0,0.0,0.0,1.0,0.0,1.0,0.0,0.0
11,111.4,7.076696044282031,5,9.283333333333333,0,0.3435006206774251,0.42851340373679936,1,1.0,0.0,0.0,1.0,0.0,1.0,1.0,0.0,0.0,0.0,1.0,0.0,1.0,0.0
40,80.8,8.049985649472504,2,1.9707317073170731,0,0.3435006206774251,0.10683760683760683,0,1.0,1.0,0.0,1.0,0.0,0.0,1.0,0.0,1.0,0.0,0.0,0.0,1.0,0.0
26,60.05,7.388420619653236,2,2.224074074074074,0,0.3435006206774251,0.4231860559383867,0,0.0,1.0,1.0,1.0,0.0,1.0,0.0,0.0,0.0,0.0,1.0,0.0,1.0,0.0
43,60.4,7.879121145064257,5,1.3727272727272728,1,0.21599574392622806,0.11158342189160468,0,0.0,1.0,1.0,0.0,1.0,0.0,0.0,0.0,1.0,0.0,1.0,1.0,0.0,0.0
62,106.05,8.810534221719697,4,1.6833333333333333,1,0.21599574392622806,0.11158342189160468,0,0.0,1.0,1.0,1.0,0.0,1.0,1.0,0.0,1.0,0.0,1.0,1.0,0.0,0.0
49,51.8,7.8408047946712465,3,1.036,1,0.21457705266891292,0.121875,0,1.0,1.0,1.0,0.0,1.0,0.0,0.0,0.0,1.0,0.0,1.0,0.0,0.0,0.0
52,95.7,8.512612717042128,3,1.8056603773584907,1,0.21599574392622806,0.10683760683760683,0,0.0,1.0,1.0,1.0,0.0,1.0,1.0,0.0,1.0,0.0,1.0,1.0,0.0,0.0
2,74.75,4.982235819574558,1,24.916666666666668,0,0.3435006206774251,0.42984953233021556,0,1.0,0.0,0.0,1.0,0.0,0.0,1.0,0.0,0.0,0.0,1.0,0.0,1.0,0.0
4,70.2,5.4762543250241675,0,14.040000000000001,0,0.3435006206774251,0.42851340373679936,0,1.0,0.0,0.0,1.0,0.0,0.0,1.0,0.0,0.0,0.0,1.0,0.0,1.0,0.0
10,21.2,5.410082329878857,0,1.9272727272727272,0,0.3435006206774251,0.42851340373679936,0,0.0,0.0,0.0,1.0,0.0,0.0,0.0,1.0,0.0,0.0,1.0,0.0,1.0,0.0
11,58.95,6.401253626696201,1,4.9125000000000005,0,0.22592658272743393,0.42984953233021556,0,0.0,0.0,0.0,1.0,0.0,1.0,0.0,0.0,0.0,0.0,1.0,0.0,0.0,1.0
6,49.15,5.692552992704652,1,7.021428571428571,0,0.3435006206774251,0.431938236489232,0,1.0,1.0,1.0,1.0,0.0,0.0,0.0,0.0,0.0,0.0,1.0,0.0,1.0,0.0
9,20.15,5.104125637183595,0,2.0149999999999997,0,0.22592658272743393,0.11882229232386961,0,1.0,0.0,0.0,1.0,0.0,0.0,0.0,1.0,1.0,0.0,1.0,0.0,0.0,1.0
9,45.15,6.03416477664001,0,4.515,0,0.3435006206774251,0.42851340373679936,0,0.0,0.0,0.0,1.0,0.0,0.0,0.0,0.0,0.0,0.0,0.0,0.0,1.0,0.0
44,100.55,8.38916661942616,4,2.2344444444444442,0,0.3435006206774251,0.431938236489232,0,1.0,0.0,0.0,1.0,0.0,0.0,1.0,0.0,0.0,0.0,0.0,0.0,1.0,0.0
26,35.75,6.930983405101344,2,1.3240740740740742,0,0.3435006206774251,0.44104447164422683,0,1.0,0.0,0.0,0.0,1.0,0.0,0.0,0.0,0.0,0.0,0.0,0.0,1.0,0.0
70,20.15,7.476330808289032,0,0.2838028169014084,0,0.22592658272743393,0.027827648114901255,0,0.0,1.0,1.0,1.0,0.0,1.0,0.0,1.0,0.0,1.0,0.0,0.0,0.0,1.0
56,90.55,8.540440858135929,3,1.5885964912280701,0,0.3435006206774251,0.4231860559383867,0,0.0,1.0,0.0,1.0,0.0,1.0,1.0,0.0,0.0,0.0,0.0,0.0,1.0,0.0
10,20.45,5.494706180553427,0,1.8590909090909091,0,0.22592658272743393,0.11266094420600858,0,1.0,1.0,1.0,1.0,0.0,0.0,0.0,1.0,1.0,0.0,0.0,0.0,0.0,1.0
60,97.2,8.632796074488324,4,1.5934426229508196,0,0.3435006206774251,0.024346257889990983,0,0.0,1.0,0.0,1.0,0.0,0.0,1.0,0.0,0.0,1.0,1.0,0.0,1.0,0.0
17,19.65,5.865192456165049,0,1.0916666666666666,1,0.21457705266891292,0.11158342189160468,0,1.0,0.0,0.0,1.0,0.0,0.0,0.0,1.0,1.0,0.0,1.0,0.0,0.0,0.0
65,26.0,7.412069751132471,0,0.3939393939393939,1,0.21599574392622806,0.02787769784172662,0,0.0,1.0,1.0,1.0,0.0,1.0,0.0,1.0,0.0,1.0,0.0,1.0,0.0,0.0
7,75.15,6.26530121273771,1,9.39375,0,0.3435006206774251,0.44104447164422683,0,0.0,0.0,0.0,1.0,0.0,0.0,1.0,0.0,0.0,0.0,1.0,0.0,1.0,0.0
52,53.75,7.934388097858083,2,1.0141509433962264,0,0.3435006206774251,0.11882229232386961,0,1.0,0.0,0.0,1.0,0.0,0.0,0.0,0.0,1.0,0.0,0.0,0.0,1.0,0.0
19,19.7,5.959715848793402,0,0.985,1,0.21599574392622806,0.10683760683760683,0,1.0,0.0,0.0,1.0,0.0,0.0,0.0,1.0,1.0,0.0,1.0,1.0,0.0,0.0
57,95.25,8.606238332238815,3,1.6422413793103448,0,0.3435006206774251,0.02787769784172662,0,0.0,0.0,0.0,1.0,0.0,0.0,1.0,0.0,0.0,1.0,1.0,0.0,1.0,0.0
1,91.65,4.278054044290903,0,45.825,0,0.22592658272743393,0.44104447164422683,0,0.0,0.0,0.0,1.0,0.0,0.0,1.0,0.0,0.0,0.0,0.0,0.0,0.0,1.0
7,59.5,6.032966310532994,2,7.4375,0,0.22592658272743393,0.42851340373679936,0,0.0,0.0,0.0,1.0,0.0,0.0,0.0,0.0,0.0,0.0,1.0,0.0,0.0,1.0
65,79.4,8.531667925170549,4,1.2030303030303031,1,0.21457705266891292,0.024346257889990983,0,0.0,1.0,1.0,1.0,0.0,1.0,0.0,0.0,0.0,1.0,1.0,0.0,0.0,0.0
17,50.3,6.742644758918536,1,2.7944444444444443,0,0.22592658272743393,0.42851340373679936,0,1.0,0.0,1.0,1.0,0.0,0.0,0.0,0.0,0.0,0.0,1.0,0.0,0.0,1.0
50,69.65,8.14414202904651,3,1.365686274509804,0,0.3435006206774251,0.121875,0,1.0,1.0,1.0,1.0,0.0,1.0,0.0,0.0,1.0,0.0,1.0,0.0,1.0,0.0
15,19.6,5.806940566758827,0,1.225,0,0.22592658272743393,0.02787769784172662,0,0.0,0.0,0.0,1.0,0.0,0.0,0.0,1.0,0.0,1.0,0.0,0.0,0.0,1.0
56,105.6,8.711056221765077,5,1.8526315789473684,1,0.21599574392622806,0.11266094420600858,0,0.0,1.0,0.0,1.0,0.0,0.0,1.0,0.0,1.0,0.0,1.0,1.0,0.0,0.0
1,62.8,4.155753190350744,2,31.4,0,0.22592658272743393,0.44104447164422683,0,1.0,0.0,0.0,1.0,0.0,0.0,0.0,0.0,0.0,0.0,1.0,0.0,0.0,1.0
55,19.4,6.988413181999592,0,0.3464285714285714,1,0.21599574392622806,0.02787769784172662,0,0.0,1.0,1.0,1.0,0.0,0.0,0.0,1.0,0.0,1.0,0.0,1.0,0.0,0.0
4,30.5,4.782479200958502,1,6.1,0,0.3435006206774251,0.42851340373679936,0,1.0,0.0,0.0,0.0,1.0,0.0,0.0,0.0,0.0,0.0,0.0,0.0,1.0,0.0
51,69.75,8.178498486941926,4,1.3413461538461537,1,0.21599574392622806,0.11158342189160468,0,0.0,1.0,1.0,1.0,0.0,0.0,0.0,0.0,1.0,0.0,1.0,1.0,0.0,0.0
46,94.9,8.394788241149152,3,2.019148936170213,1,0.21599574392622806,0.11266094420600858,0,1.0,0.0,0.0,1.0,0.0,1.0,1.0,0.0,1.0,0.0,1.0,1.0,0.0,0.0
17,19.9,5.781206371621004,0,1.1055555555555554,1,0.21457705266891292,0.10683760683760683,0,0.0,0.0,0.0,1.0,0.0,0.0,0.0,1.0,1.0,0.0,0.0,0.0,0.0,0.0
14,64.7,6.848005274576363,2,4.3133333333333335,1,0.21457705266891292,0.431938236489232,0,0.0,1.0,0.0,1.0,0.0,1.0,0.0,0.0,0.0,0.0,1.0,0.0,0.0,0.0
12,20.3,5.512218336495314,0,1.5615384615384615,0,0.22592658272743393,0.431938236489232,0,0.0,0.0,0.0,1.0,0.0,0.0,0.0,1.0,0.0,0.0,0.0,0.0,0.0,1.0
71,98.65,8.848487761310901,3,1.370138888888889,1,0.21599574392622806,0.11266094420600858,0,1.0,1.0,0.0,1.0,0.0,1.0,1.0,0.0,1.0,0.0,1.0,1.0,0.0,0.0
2,69.6,4.8877140805837485,0,23.2,0,0.3435006206774251,0.4231860559383867,1,0.0,0.0,0.0,1.0,0.0,0.0,1.0,0.0,0.0,0.0,1.0,0.0,1.0,0.0
32,54.65,7.512672158147668,2,1.656060606060606,1,0.21457705266891292,0.431938236489232,1,0.0,0.0,0.0,1.0,0.0,0.0,0.0,0.0,0.0,0.0,0.0,0.0,0.0,0.0
1,74.6,4.3254562831854875,0,37.3,1,0.21457705266891292,0.431938236489232,0,1.0,1.0,0.0,1.0,0.0,1.0,1.0,0.0,0.0,0.0,1.0,0.0,0.0,0.0
34,20.65,6.575633565098182,0,0.59,0,0.22592658272743393,0.44104447164422683,0,0.0,1.0,1.0,1.0,0.0,0.0,0.0,1.0,0.0,0.0,0.0,0.0,0.0,1.0
44,54.3,7.748503163607648,4,1.2066666666666666,0,0.3435006206774251,0.121875,0,1.0,1.0,1.0,0.0,1.0,0.0,0.0,0.0,1.0,0.0,1.0,0.0,1.0,0.0
10,79.85,6.789365809481915,2,7.259090909090909,0,0.22592658272743393,0.42851340373679936,0,1.0,0.0,0.0,1.0,0.0,0.0,1.0,0.0,0.0,0.0,1.0,0.0,0.0,1.0
13,20.85,5.610753025341008,0,1.4892857142857143,0,0.22592658272743393,0.03211009174311927,0,0.0,1.0,1.0,1.0,0.0,0.0,0.0,1.0,0.0,1.0,0.0,0.0,0.0,1.0
14,19.65,5.436556410771803,0,1.3099999999999998,0,0.22592658272743393,0.11158342189160468,1,1.0,1.0,0.0,1.0,0.0,0.0,0.0,1.0,1.0,0.0,0.0,0.0,0.0,1.0
55,60.0,8.106846186216465,2,1.0714285714285714,1,0.21599574392622806,0.11882229232386961,1,1.0,1.0,0.0,1.0,0.0,1.0,0.0,0.0,1.0,0.0,0.0,1.0,0.0,0.0
5,64.0,5.9168756901169095,2,10.666666666666666,0,0.3435006206774251,0.42851340373679936,0,0.0,0.0,0.0,1.0,0.0,1.0,0.0,0.0,0.0,0.0,1.0,0.0,1.0,0.0
1,81.05,4.4073288175361,1,40.525,0,0.3435006206774251,0.4231860559383867,0,1.0,1.0,1.0,1.0,0.0,0.0,1.0,0.0,0.0,0.0,1.0,0.0,1.0,0.0
2,20.1,3.787592927049969,0,6.7,1,0.21457705266891292,0.431938236489232,0,0.0,1.0,0.0,1.0,0.0,0.0,0.0,1.0,0.0,0.0,0.0,0.0,0.0,0.0
70,66.0,8.495458699270232,3,0.9295774647887324,0,0.3435006206774251,0.027827648114901255,0,0.0,0.0,1.0,1.0,0.0,1.0,0.0,0.0,0.0,1.0,0.0,0.0,1.0,0.0
25,24.75,6.541174288923939,0,0.9519230769230769,1,0.21599574392622806,0.02787769784172662,0,0.0,0.0,0.0,1.0,0.0,1.0,0.0,1.0,0.0,1.0,0.0,1.0,0.0,0.0
22,50.6,6.979424565672496,3,2.2,0,0.3435006206774251,0.4231860559383867,0,0.0,0.0,0.0,0.0,1.0,0.0,0.0,0.0,0.0,0.0,1.0,0.0,1.0,0.0
28,39.1,7.000881256971621,2,1.3482758620689657,0,0.3435006206774251,0.11158342189160468,1,0.0,1.0,1.0,0.0,1.0,0.0,0.0,0.0,1.0,0.0,1.0,0.0,1.0,0.0
70,111.95,8.961487910566197,6,1.5767605633802817,1,0.21599574392622806,0.027827648114901255,0,0.0,0.0,0.0,1.0,0.0,1.0,1.0,0.0,0.0,1.0,1.0,1.0,0.0,0.0
32,85.65,7.888071900620851,1,2.5954545454545457,1,0.21457705266891292,0.42984953233021556,0,1.0,0.0,0.0,1.0,0.0,1.0,1.0,0.0,0.0,0.0,1.0,0.0,0.0,0.0
48,96.9,8.40613871812758,4,1.9775510204081634,1,0.21457705266891292,0.027827648114901255,0,1.0,1.0,0.0,1.0,0.0,1.0,1.0,0.0,0.0,1.0,1.0,0.0,0.0,0.0
49,19.9,6.931081104285634,0,0.39799999999999996,1,0.21599574392622806,0.027827648114901255,0,1.0,0.0,0.0,1.0,0.0,0.0,0.0,1.0,0.0,1.0,1.0,1.0,0.0,0.0
2,44.9,4.718945200246936,0,14.966666666666667,1,0.21457705266891292,0.42851340373679936,0,1.0,0.0,0.0,1.0,0.0,0.0,0.0,0.0,0.0,0.0,0.0,0.0,0.0,0.0
61,61.45,8.230084288005028,5,0.9911290322580646,1,0.21457705266891292,0.03211009174311927,0,0.0,1.0,1.0,0.0,1.0,0.0,0.0,0.0,0.0,1.0,1.0,0.0,0.0,0.0
43,25.7,7.081036091123942,0,0.5840909090909091,1,0.21599574392622806,0.027827648114901255,0,0.0,0.0,0.0,1.0,0.0,1.0,0.0,1.0,0.0,1.0,1.0,1.0,0.0,0.0
10,104.4,6.986982269433439,5,9.490909090909092,0,0.3435006206774251,0.44104447164422683,0,1.0,0.0,0.0,1.0,0.0,0.0,1.0,0.0,0.0,0.0,1.0,0.0,1.0,0.0
19,44.85,6.796320798535832,2,2.2425,1,0.21599574392622806,0.11266094420600858,0,0.0,0.0,0.0,0.0,1.0,0.0,0.0,0.0,1.0,0.0,1.0,1.0,0.0,0.0
72,110.3,8.983176248984876,5,1.510958904109589,1,0.21457705266891292,0.03211009174311927,0,1.0,1.0,1.0,1.0,0.0,1.0,1.0,0.0,0.0,1.0,1.0,0.0,0.0,0.0
2,69.65,4.984633491557255,0,23.21666666666667,0,0.3435006206774251,0.42851340373679936,0,0.0,0.0,0.0,1.0,0.0,0.0,1.0,0.0,0.0,0.0,0.0,0.0,1.0,0.0
1,53.5,3.9982007016691985,1,26.75,0,0.22592658272743393,0.42984953233021556,0,1.0,0.0,0.0,1.0,0.0,0.0,0.0,0.0,0.0,0.0,1.0,0.0,0.0,1.0
72,96.6,8.828860309118479,4,1.3232876712328767,1,0.21457705266891292,0.024346257889990983,1,0.0,1.0,0.0,1.0,0.0,1.0,1.0,0.0,0.0,1.0,1.0,0.0,0.0,0.0
6,80.8,6.127087500892697,1,11.542857142857143,0,0.3435006206774251,0.42851340373679936,1,1.0,1.0,0.0,1.0,0.0,1.0,1.0,0.0,0.0,0.0,1.0,0.0,1.0,0.0
2,19.85,3.970291913552122,0,6.616666666666667,1,0.21457705266891292,0.44104447164422683,0,0.0,1.0,0.0,1.0,0.0,0.0,0.0,1.0,0.0,0.0,0.0,0.0,0.0,0.0
5,85.55,6.014936903293124,2,14.258333333333333,0,0.3435006206774251,0.42984953233021556,1,1.0,0.0,0.0,1.0,0.0,0.0,1.0,0.0,0.0,0.0,1.0,0.0,1.0,0.0
5,80.1,5.990338913820472,1,13.35,0,0.22592658272743393,0.431938236489232,0,1.0,0.0,0.0,1.0,0.0,0.0,1.0,0.0,0.0,0.0,1.0,0.0,0.0,1.0
1,69.1,4.249922794040544,0,34.55,0,0.22592658272743393,0.431938236489232,0,0.0,1.0,1.0,1.0,0.0,0.0,1.0,0.0,0.0,0.0,1.0,0.0,0.0,1.0
12,105.3,7.15199473859108,4,8.1,0,0.3435006206774251,0.431938236489232,0,0.0,0.0,1.0,1.0,0.0,1.0,1.0,0.0,0.0,0.0,1.0,0.0,1.0,0.0
66,63.85,8.35833812998439,2,0.9529850746268657,0,0.3435006206774251,0.42851340373679936,0,1.0,1.0,0.0,1.0,0.0,1.0,0.0,0.0,0.0,0.0,0.0,0.0,1.0,0.0
45,75.95,8.094012077502294,4,1.6510869565217392,0,0.3435006206774251,0.42984953233021556,0,1.0,0.0,0.0,1.0,0.0,0.0,0.0,0.0,0.0,0.0,1.0,0.0,1.0,0.0
71,24.7,7.501938111389494,0,0.34305555555555556,1,0.21457705266891292,0.021602160216021602,0,0.0,1.0,1.0,1.0,0.0,1.0,0.0,1.0,0.0,1.0,0.0,0.0,0.0,0.0
1,70.6,4.2710950739666,0,35.3,0,0.22592658272743393,0.4231860559383867,0,1.0,0.0,0.0,1.0,0.0,0.0,1.0,0.0,0.0,0.0,0.0,0.0,0.0,1.0
2,75.9,4.972240906108944,0,25.3,0,0.3435006206774251,0.42984953233021556,0,0.0,0.0,0.0,1.0,0.0,1.0,1.0,0.0,0.0,0.0,1.0,0.0,1.0,0.0
38,91.7,8.154801940481397,2,2.3512820512820514,1,0.21457705266891292,0.44104447164422683,0,1.0,1.0,0.0,1.0,0.0,1.0,1.0,0.0,0.0,0.0,0.0,0.0,0.0,0.0
1,20.5,3.068052935133617,0,10.25,0,0.22592658272743393,0.42851340373679936,0,0.0,0.0,0.0,1.0,0.0,0.0,0.0,1.0,0.0,0.0,0.0,0.0,0.0,1.0
29,19.55,6.259198981750067,0,0.6516666666666667,0,0.22592658272743393,0.027827648114901255,0,0.0,1.0,0.0,1.0,0.0,0.0,0.0,1.0,0.0,1.0,1.0,0.0,0.0,1.0
12,95.5,7.01764054251138,3,7.346153846153846,0,0.22592658272743393,0.10683760683760683,0,0.0,0.0,0.0,1.0,0.0,0.0,1.0,0.0,1.0,0.0,0.0,0.0,0.0,1.0
72,104.45,8.917310693197807,4,1.4308219178082193,1,0.21599574392622806,0.11266094420600858,0,1.0,1.0,1.0,1.0,0.0,1.0,1.0,0.0,1.0,0.0,1.0,1.0,0.0,0.0
63,100.55,8.734938196768649,4,1.57109375,0,0.3435006206774251,0.44104447164422683,0,0.0,1.0,1.0,1.0,0.0,1.0,1.0,0.0,0.0,0.0,1.0,0.0,1.0,0.0
49,100.65,8.500809712165713,4,2.013,1,0.21599574392622806,0.03211009174311927,0,0.0,0.0,0.0,1.0,0.0,0.0,1.0,0.0,0.0,1.0,0.0,1.0,0.0,0.0
65,72.45,8.4456649657763,4,1.0977272727272727,1,0.21599574392622806,0.10683760683760683,0,1.0,1.0,1.0,1.0,0.0,1.0,0.0,0.0,1.0,0.0,0.0,1.0,0.0,0.0
12,45.05,6.26168250580812,0,3.465384615384615,0,0.3435006206774251,0.42851340373679936,0,0.0,0.0,0.0,1.0,0.0,0.0,0.0,0.0,0.0,0.0,1.0,0.0,1.0,0.0
9,20.4,5.220896219579452,0,2.04,0,0.22592658272743393,0.44104447164422683,0,1.0,0.0,1.0,1.0,0.0,0.0,0.0,1.0,0.0,0.0,0.0,0.0,0.0,1.0
66,68.75,8.40033347936539,4,1.0261194029850746,1,0.21457705266891292,0.02787769784172662,0,1.0,0.0,0.0,1.0,0.0,1.0,0.0,0.0,0.0,1.0,0.0,0.0,0.0,0.0
3,69.35,5.259316629198304,3,17.3375,0,0.3435006206774251,0.44104447164422683,0,1.0,0.0,0.0,1.0,0.0,0.0,0.0,0.0,0.0,0.0,1.0,0.0,1.0,0.0
32,79.5,7.888334500738654,1,2.409090909090909,0,0.3435006206774251,0.42851340373679936,1,0.0,0.0,0.0,1.0,0.0,0.0,1.0,0.0,0.0,0.0,1.0,0.0,1.0,0.0
5,81.0,5.967684018442578,1,13.5,1,0.21599574392622806,0.44104447164422683,0,0.0,0.0,0.0,1.0,0.0,0.0,1.0,0.0,0.0,0.0,1.0,1.0,0.0,0.0
72,111.6,8.988914095301467,5,1.5287671232876712,1,0.21457705266891292,0.021602160216021602,0,0.0,0.0,0.0,1.0,0.0,1.0,1.0,0.0,0.0,1.0,1.0,0.0,0.0,0.0
4,77.95,5.725380874208697,1,15.59,1,0.21457705266891292,0.4231860559383867,0,0.0,0.0,0.0,1.0,0.0,1.0,1.0,0.0,0.0,0.0,0.0,0.0,0.0,0.0
1,49.3,3.9180050771056933,1,24.65,0,0.3435006206774251,0.42851340373679936,0,1.0,0.0,0.0,1.0,0.0,0.0,0.0,0.0,0.0,0.0,1.0,0.0,1.0,0.0
65,111.05,8.868976189274543,5,1.6825757575757576,1,0.21599574392622806,0.4231860559383867,0,0.0,0.0,0.0,1.0,0.0,1.0,1.0,0.0,0.0,0.0,1.0,1.0,0.0,0.0
2,80.2,5.2045559867335625,1,26.733333333333334,0,0.3435006206774251,0.4231860559383867,0,1.0,0.0,0.0,1.0,0.0,0.0,1.0,0.0,0.0,0.0,1.0,0.0,1.0,0.0
4,20.15,4.240607069200353,0,4.029999999999999,1,0.21599574392622806,0.42851340373679936,0,0.0,0.0,0.0,1.0,0.0,0.0,0.0,1.0,0.0,0.0,1.0,1.0,0.0,0.0
1,45.95,3.849083205654272,0,22.975,0,0.22592658272743393,0.42984953233021556,0,0.0,0.0,1.0,1.0,0.0,0.0,0.0,0.0,0.0,0.0,0.0,0.0,0.0,1.0
18,77.8,7.2149458178219605,2,4.094736842105263,0,0.3435006206774251,0.431938236489232,0,0.0,0.0,0.0,1.0,0.0,0.0,1.0,0.0,0.0,0.0,0.0,0.0,1.0,0.0
10,40.25,6.0221149863067405,3,3.659090909090909,0,0.22592658272743393,0.10683760683760683,0,0.0,0.0,1.0,0.0,1.0,0.0,0.0,0.0,1.0,0.0,0.0,0.0,0.0,1.0
71,111.25,8.985338845694965,5,1.5451388888888888,0,0.3435006206774251,0.027827648114901255,0,0.0,0.0,0.0,1.0,0.0,1.0,1.0,0.0,0.0,1.0,1.0,0.0,1.0,0.0
72,97.95,8.869995646941096,4,1.3417808219178082,1,0.21599574392622806,0.021602160216021602,0,1.0,1.0,0.0,1.0,0.0,1.0,1.0,0.0,0.0,1.0,1.0,1.0,0.0,0.0
32,96.15,8.013094888399673,2,2.913636363636364,1,0.21599574392622806,0.4231860559383867,1,1.0,0.0,0.0,1.0,0.0,1.0,1.0,0.0,0.0,0.0,1.0,1.0,0.0,0.0
63,75.55,8.457198995839414,5,1.18046875,1,0.21599574392622806,0.021602160216021602,0,0.0,1.0,1.0,1.0,0.0,0.0,0.0,0.0,0.0,1.0,0.0,1.0,0.0,0.0
41,104.4,8.327230515486256,4,2.4857142857142858,0,0.3435006206774251,0.44104447164422683,1,0.0,0.0,0.0,1.0,0.0,1.0,1.0,0.0,0.0,0.0,1.0,0.0,1.0,0.0
60,49.45,7.975409954194973,3,0.8106557377049181,1,0.21599574392622806,0.021602160216021602,1,0.0,1.0,0.0,0.0,1.0,0.0,0.0,0.0,0.0,1.0,1.0,1.0,0.0,0.0
46,84.8,8.283961424743229,2,1.804255319148936,1,0.21457705266891292,0.431938236489232,0,0.0,0.0,1.0,1.0,0.0,1.0,1.0,0.0,0.0,0.0,1.0,0.0,0.0,0.0
51,19.4,6.906504497080484,0,0.37307692307692303,0,0.22592658272743393,0.10683760683760683,0,1.0,1.0,1.0,1.0,0.0,0.0,0.0,1.0,1.0,0.0,0.0,0.0,0.0,1.0
30,85.35,7.836527788358348,6,2.7532258064516126,1,0.21457705266891292,0.11266094420600858,0,0.0,0.0,0.0,1.0,0.0,0.0,0.0,0.0,1.0,0.0,0.0,0.0,0.0,0.0
64,20.05,7.089284855575882,0,0.30846153846153845,1,0.21457705266891292,0.027827648114901255,1,1.0,0.0,0.0,1.0,0.0,0.0,0.0,1.0,0.0,1.0,1.0,0.0,0.0,0.0
1,85.0,4.454347296253507,1,42.5,0,0.3435006206774251,0.42851340373679936,0,0.0,0.0,0.0,1.0,0.0,1.0,1.0,0.0,0.0,0.0,1.0,0.0,1.0,0.0
4,20.4,4.45143608604605,0,4.08,0,0.22592658272743393,0.11266094420600858,0,0.0,0.0,1.0,1.0,0.0,0.0,0.0,1.0,1.0,0.0,1.0,0.0,0.0,1.0
1,19.45,3.017982882488811,0,9.725,0,0.3435006206774251,0.4231860559383867,0,1.0,0.0,0.0,1.0,0.0,0.0,0.0,1.0,0.0,0.0,0.0,0.0,1.0,0.0
2,69.7,4.9141243937154115,0,23.233333333333334,0,0.3435006206774251,0.42984953233021556,0,0.0,0.0,0.0,1.0,0.0,0.0,1.0,0.0,0.0,0.0,1.0,0.0,1.0,0.0
12,21.05,5.46721590300985,0,1.6192307692307693,1,0.21599574392622806,0.44104447164422683,0,1.0,0.0,1.0,1.0,0.0,0.0,0.0,1.0,0.0,0.0,0.0,1.0,0.0,0.0
66,115.8,8.980065201007257,6,1.7283582089552239,1,0.21457705266891292,0.11882229232386961,0,1.0,1.0,0.0,1.0,0.0,1.0,1.0,0.0,1.0,0.0,0.0,0.0,0.0,0.0
70,65.3,8.468160497838927,3,0.9197183098591549,1,0.21599574392622806,0.021602160216021602,0,0.0,1.0,0.0,1.0,0.0,1.0,0.0,0.0,0.0,1.0,0.0,1.0,0.0,0.0
69,19.95,7.2444774843585575,0,0.285,1,0.21599574392622806,0.027827648114901255,0,1.0,0.0,0.0,1.0,0.0,0.0,0.0,1.0,0.0,1.0,0.0,1.0,0.0,0.0
5,20.55,4.575741375297279,0,3.4250000000000003,1,0.21599574392622806,0.42984953233021556,0,0.0,0.0,0.0,1.0,0.0,0.0,0.0,1.0,0.0,0.0,0.0,1.0,0.0,0.0
34,19.7,6.517080256346608,0,0.5628571428571428,0,0.22592658272743393,0.431938236489232,0,1.0,0.0,0.0,1.0,0.0,0.0,0.0,1.0,0.0,0.0,0.0,0.0,0.0,1.0
6,29.45,5.090370262115109,1,4.207142857142857,1,0.21457705266891292,0.4231860559383867,0,0.0,0.0,0.0,0.0,1.0,0.0,0.0,0.0,0.0,0.0,0.0,0.0,0.0,0.0
52,95.65,8.534915224403854,3,1.8047169811320756,1,0.21599574392622806,0.44104447164422683,0,1.0,1.0,0.0,1.0,0.0,1.0,1.0,0.0,0.0,0.0,1.0,1.0,0.0,0.0
15,74.4,6.980354971396481,1,4.65,0,0.3435006206774251,0.42851340373679936,1,1.0,0.0,0.0,1.0,0.0,0.0,1.0,0.0,0.0,0.0,1.0,0.0,1.0,0.0
11,76.5,6.732151109935707,0,6.375,0,0.3435006206774251,0.44104447164422683,0,0.0,0.0,0.0,1.0,0.0,1.0,1.0,0.0,0.0,0.0,1.0,0.0,1.0,0.0
2,86.85,5.058472623510416,1,28.95,0,0.22592658272743393,0.42984953233021556,1,1.0,1.0,0.0,1.0,0.0,1.0,1.0,0.0,0.0,0.0,1.0,0.0,0.0,1.0
46,19.25,6.762960694078903,0,0.4095744680851064,0,0.22592658272743393,0.024346257889990983,0,0.0,1.0,1.0,1.0,0.0,0.0,0.0,1.0,0.0,1.0,1.0,0.0,0.0,1.0
67,65.55,8.380812027763055,3,0.963970588235294,1,0.21457705266891292,0.03211009174311927,0,1.0,0.0,0.0,1.0,0.0,0.0,0.0,0.0,0.0,1.0,0.0,0.0,0.0,0.0
70,86.45,8.691348158877132,6,1.217605633802817,1,0.21599574392622806,0.03211009174311927,0,0.0,1.0,0.0,1.0,0.0,0.0,0.0,0.0,0.0,1.0,0.0,1.0,0.0,0.0
3,20.55,3.9541241814467813,0,5.1375,1,0.21599574392622806,0.431938236489232,0,1.0,1.0,0.0,1.0,0.0,0.0,0.0,1.0,0.0,0.0,1.0,1.0,0.0,0.0
12,83.8,6.938041971587009,3,6.446153846153846,0,0.22592658272743393,0.42984953233021556,1,1.0,0.0,0.0,1.0,0.0,0.0,1.0,0.0,0.0,0.0,1.0,0.0,0.0,1.0
3,75.15,5.383347615732612,0,18.7875,1,0.21599574392622806,0.44104447164422683,0,0.0,1.0,0.0,1.0,0.0,1.0,1.0,0.0,0.0,0.0,1.0,1.0,0.0,0.0
1,24.05,3.2208738275308737,0,12.025,0,0.22592658272743393,0.42984953233021556,0,1.0,0.0,0.0,1.0,0.0,1.0,0.0,1.0,0.0,0.0,1.0,0.0,0.0,1.0
4,50.7,5.025852259901116,1,10.14,1,0.21599574392622806,0.431938236489232,0,0.0,0.0,0.0,1.0,0.0,0.0,0.0,0.0,0.0,0.0,0.0,1.0,0.0,0.0
59,72.1,8.341851220545456,3,1.2016666666666667,1,0.21457705266891292,0.021602160216021602,0,0.0,1.0,1.0,1.0,0.0,1.0,0.0,0.0,0.0,1.0,1.0,0.0,0.0,0.0
5,75.55,6.027434790897213,0,12.591666666666667,0,0.3435006206774251,0.42984953233021556,0,0.0,0.0,0.0,1.0,0.0,1.0,1.0,0.0,0.0,0.0,0.0,0.0,1.0,0.0
30,20.7,6.3768970014659105,0,0.667741935483871,1,0.21599574392622806,0.10683760683760683,0,1.0,1.0,0.0,1.0,0.0,0.0,0.0,1.0,1.0,0.0,0.0,1.0,0.0,0.0
8,25.25,5.2327116094500425,0,2.8055555555555554,1,0.21599574392622806,0.44104447164422683,0,1.0,0.0,0.0,0.0,1.0,0.0,0.0,0.0,0.0,0.0,1.0,1.0,0.0,0.0
4,70.15,5.596011649126543,0,14.030000000000001,0,0.3435006206774251,0.44104447164422683,0,0.0,0.0,0.0,1.0,0.0,0.0,1.0,0.0,0.0,0.0,1.0,0.0,1.0,0.0
16,19.35,5.692215838284736,0,1.1382352941176472,1,0.21599574392622806,0.11158342189160468,0,0.0,0.0,0.0,1.0,0.0,0.0,0.0,1.0,1.0,0.0,0.0,1.0,0.0,0.0
19,60.6,7.169196040228691,3,3.0300000000000002,0,0.3435006206774251,0.431938236489232,0,0.0,0.0,1.0,1.0,0.0,0.0,0.0,0.0,0.0,0.0,1.0,0.0,1.0,0.0
22,83.3,7.521263836881865,2,3.6217391304347823,0,0.3435006206774251,0.42984953233021556,0,0.0,1.0,1.0,1.0,0.0,0.0,1.0,0.0,0.0,0.0,0.0,0.0,1.0,0.0
40,19.65,6.722930591970064,0,0.4792682926829268,1,0.21599574392622806,0.024346257889990983,0,0.0,0.0,0.0,1.0,0.0,0.0,0.0,1.0,0.0,1.0,0.0,1.0,0.0,0.0
3,50.65,5.025852259901116,0,12.6625,0,0.22592658272743393,0.42851340373679936,0,0.0,0.0,0.0,1.0,0.0,1.0,0.0,0.0,0.0,0.0,1.0,0.0,0.0,1.0
32,93.4,7.99977924557339,4,2.8303030303030305,1,0.21599574392622806,0.42984953233021556,0,1.0,0.0,0.0,1.0,0.0,0.0,1.0,0.0,0.0,0.0,1.0,1.0,0.0,0.0
12,20.15,5.5671988095361,0,1.5499999999999998,0,0.3435006206774251,0.11158342189160468,0,0.0,0.0,0.0,1.0,0.0,0.0,0.0,1.0,1.0,0.0,0.0,0.0,1.0,0.0
49,95.6,8.473136805219317,2,1.912,0,0.3435006206774251,0.42984953233021556,0,0.0,1.0,1.0,1.0,0.0,1.0,1.0,0.0,0.0,0.0,1.0,0.0,1.0,0.0
23,84.4,7.56933439007442,3,3.516666666666667,0,0.22592658272743393,0.431938236489232,0,0.0,1.0,1.0,1.0,0.0,0.0,1.0,0.0,0.0,0.0,0.0,0.0,0.0,1.0
69,95.2,8.805779854602424,3,1.36,1,0.21599574392622806,0.03211009174311927,0,1.0,1.0,1.0,1.0,0.0,0.0,1.0,0.0,0.0,1.0,1.0,1.0,0.0,0.0
36,20.0,6.50391385199007,0,0.5405405405405406,0,0.22592658272743393,0.11158342189160468,0,1.0,1.0,0.0,1.0,0.0,0.0,0.0,1.0,1.0,0.0,0.0,0.0,0.0,1.0
58,45.3,7.883144763243498,3,0.7677966101694915,0,0.3435006206774251,0.42984953233021556,1,1.0,1.0,0.0,0.0,1.0,0.0,0.0,0.0,0.0,0.0,1.0,0.0,1.0,0.0
60,37.7,7.736176083599651,3,0.618032786885246,1,0.21457705266891292,0.024346257889990983,0,0.0,1.0,0.0,0.0,1.0,0.0,0.0,0.0,0.0,1.0,0.0,0.0,0.0,0.0
29,51.6,7.274479558773871,0,1.72,0,0.3435006206774251,0.42984953233021556,1,1.0,1.0,0.0,1.0,0.0,1.0,0.0,0.0,0.0,0.0,1.0,0.0,1.0,0.0
60,19.25,7.006921650476636,0,0.3155737704918033,1,0.21599574392622806,0.02787769784172662,0,0.0,1.0,1.0,1.0,0.0,0.0,0.0,1.0,0.0,1.0,1.0,1.0,0.0,0.0
57,95.0,8.619171995527653,3,1.6379310344827587,0,0.3435006206774251,0.11158342189160468,0,0.0,1.0,1.0,1.0,0.0,0.0,1.0,0.0,1.0,0.0,1.0,0.0,1.0,0.0
19,69.6,7.241043881786327,2,3.4799999999999995,0,0.22592658272743393,0.4231860559383867,0,1.0,0.0,0.0,1.0,0.0,1.0,0.0,0.0,0.0,0.0,0.0,0.0,0.0,1.0
16,94.25,7.302664873150785,3,5.544117647058823,0,0.3435006206774251,0.42984953233021556,0,1.0,0.0,0.0,1.0,0.0,0.0,1.0,0.0,0.0,0.0,1.0,0.0,1.0,0.0
16,90.8,7.274618149308359,2,5.341176470588235,1,0.21457705266891292,0.42984953233021556,0,1.0,1.0,1.0,1.0,0.0,1.0,1.0,0.0,0.0,0.0,1.0,0.0,0.0,0.0
22,55.15,7.095934645260251,2,2.3978260869565218,0,0.3435006206774251,0.44104447164422683,0,0.0,1.0,1.0,1.0,0.0,0.0,0.0,0.0,0.0,0.0,0.0,0.0,1.0,0.0
50,106.8,8.584655558945965,4,2.0941176470588236,0,0.3435006206774251,0.11158342189160468,1,0.0,0.0,0.0,1.0,0.0,1.0,1.0,0.0,1.0,0.0,1.0,0.0,1.0,0.0
7,19.3,4.983264097300124,0,2.4125,0,0.22592658272743393,0.42851340373679936,0,0.0,0.0,0.0,1.0,0.0,0.0,0.0,1.0,0.0,0.0,0.0,0.0,0.0,1.0
71,70.85,8.512060039304489,4,0.9840277777777777,1,0.21599574392622806,0.024346257889990983,0,1.0,1.0,1.0,1.0,0.0,0.0,0.0,0.0,0.0,1.0,1.0,1.0,0.0,0.0
45,20.4,6.836742511735718,0,0.4434782608695652,0,0.3435006206774251,0.10683760683760683,0,1.0,0.0,0.0,1.0,0.0,0.0,0.0,1.0,1.0,0.0,1.0,0.0,1.0,0.0
23,73.65,7.404735495926075,3,3.06875,1,0.21599574392622806,0.431938236489232,0,0.0,1.0,0.0,1.0,0.0,1.0,0.0,0.0,0.0,0.0,1.0,1.0,0.0,0.0
30,85.15,7.846550866196361,2,2.7467741935483874,0,0.3435006206774251,0.4231860559383867,0,0.0,0.0,0.0,1.0,0.0,0.0,1.0,0.0,0.0,0.0,0.0,0.0,1.0,0.0
14,100.2,7.223149790000454,3,6.680000000000001,0,0.3435006206774251,0.4231860559383867,1,0.0,1.0,0.0,1.0,0.0,1.0,1.0,0.0,0.0,0.0,1.0,0.0,1.0,0.0
5,45.4,5.374120329963537,3,7.566666666666666,1,0.21599574392622806,0.42851340373679936,1,1.0,0.0,0.0,0.0,1.0,0.0,0.0,0.0,0.0,0.0,0.0,1.0,0.0,0.0
72,113.8,8.967861084355231,6,1.558904109589041,1,0.21457705266891292,0.03211009174311927,1,1.0,0.0,0.0,1.0,0.0,1.0,1.0,0.0,0.0,1.0,0.0,0.0,0.0,0.0
31,90.7,7.953722482812561,2,2.834375,0,0.3435006206774251,0.42851340373679936,1,1.0,0.0,0.0,1.0,0.0,1.0,1.0,0.0,0.0,0.0,1.0,0.0,1.0,0.0
5,20.55,4.609660091260944,0,3.4250000000000003,0,0.3435006206774251,0.121875,0,1.0,1.0,1.0,1.0,0.0,0.0,0.0,1.0,1.0,0.0,0.0,0.0,1.0,0.0
24,89.55,7.690811716950717,3,3.582,0,0.3435006206774251,0.44104447164422683,0,1.0,0.0,0.0,1.0,0.0,0.0,1.0,0.0,0.0,0.0,1.0,0.0,1.0,0.0
10,80.7,6.671779748852549,1,7.336363636363637,1,0.21457705266891292,0.42984953233021556,0,1.0,0.0,0.0,1.0,0.0,1.0,1.0,0.0,0.0,0.0,1.0,0.0,0.0,0.0
55,75.0,8.34638114536211,4,1.3392857142857142,1,0.21599574392622806,0.11882229232386961,0,0.0,1.0,1.0,1.0,0.0,1.0,0.0,0.0,1.0,0.0,1.0,1.0,0.0,0.0
72,91.35,8.809594112567959,6,1.2513698630136985,1,0.21457705266891292,0.024346257889990983,0,0.0,0.0,0.0,1.0,0.0,1.0,0.0,0.0,0.0,1.0,1.0,0.0,0.0,0.0
14,86.0,7.060519283533766,2,5.733333333333333,0,0.22592658272743393,0.44104447164422683,0,0.0,0.0,1.0,1.0,0.0,1.0,1.0,0.0,0.0,0.0,1.0,0.0,0.0,1.0
1,19.45,3.017982882488811,0,9.725,0,0.22592658272743393,0.42984953233021556,0,1.0,0.0,1.0,1.0,0.0,0.0,0.0,1.0,0.0,0.0,1.0,0.0,0.0,1.0
19,34.3,6.359833350574971,2,1.7149999999999999,1,0.21599574392622806,0.42851340373679936,1,1.0,1.0,0.0,0.0,1.0,0.0,0.0,0.0,0.0,0.0,1.0,1.0,0.0,0.0
15,51.55,6.641834698311869,0,3.221875,0,0.3435006206774251,0.4231860559383867,0,1.0,0.0,0.0,1.0,0.0,1.0,0.0,0.0,0.0,0.0,0.0,0.0,1.0,0.0
1,69.65,4.257738109130536,0,34.825,0,0.3435006206774251,0.4231860559383867,1,0.0,0.0,0.0,1.0,0.0,0.0,1.0,0.0,0.0,0.0,1.0,0.0,1.0,0.0
16,63.05,6.973589834903684,1,3.7088235294117644,1,0.21457705266891292,0.431938236489232,0,0.0,0.0,0.0,1.0,0.0,1.0,0.0,0.0,0.0,0.0,1.0,0.0,0.0,0.0
68,24.55,7.41360856112157,0,0.3557971014492754,0,0.22592658272743393,0.027827648114901255,0,1.0,0.0,0.0,1.0,0.0,1.0,0.0,1.0,0.0,1.0,0.0,0.0,0.0,1.0
20,89.4,7.534842782032572,3,4.257142857142857,1,0.21457705266891292,0.44104447164422683,0,0.0,0.0,0.0,1.0,0.0,0.0,1.0,0.0,0.0,0.0,1.0,0.0,0.0,0.0
30,69.1,7.647261098520099,3,2.229032258064516,1,0.21599574392622806,0.02787769784172662,1,1.0,0.0,0.0,1.0,0.0,1.0,0.0,0.0,0.0,1.0,1.0,1.0,0.0,0.0
72,94.25,8.832113414313877,4,1.2910958904109588,1,0.21457705266891292,0.03211009174311927,0,0.0,1.0,0.0,1.0,0.0,1.0,1.0,0.0,0.0,1.0,1.0,0.0,0.0,0.0
10,85.95,6.756467164768355,1,7.8136363636363635,0,0.3435006206774251,0.4231860559383867,0,0.0,1.0,1.0,1.0,0.0,1.0,1.0,0.0,0.0,0.0,0.0,0.0,1.0,0.0
35,109.95,8.238378355231562,5,3.0541666666666667,0,0.3435006206774251,0.42851340373679936,0,1.0,1.0,1.0,1.0,0.0,1.0,1.0,0.0,0.0,0.0,1.0,0.0,1.0,0.0
58,71.6,8.350252736660584,4,1.2135593220338983,1,0.21599574392622806,0.03211009174311927,0,1.0,1.0,1.0,1.0,0.0,1.0,0.0,0.0,0.0,1.0,0.0,1.0,0.0,0.0
1,20.3,3.0587070727153796,0,10.15,0,0.22592658272743393,0.4231860559383867,0,1.0,0.0,0.0,1.0,0.0,0.0,0.0,1.0,0.0,0.0,0.0,0.0,0.0,1.0
29,19.1,6.2738199580540375,0,0.6366666666666667,0,0.22592658272743393,0.11266094420600858,0,1.0,0.0,0.0,1.0,0.0,0.0,0.0,1.0,1.0,0.0,0.0,0.0,0.0,1.0
12,54.2,6.538863151104813,2,4.1692307692307695,1,0.21457705266891292,0.42984953233021556,0,0.0,1.0,0.0,1.0,0.0,0.0,0.0,0.0,0.0,0.0,0.0,0.0,0.0,0.0
56,93.15,8.566925768517926,3,1.6342105263157896,0,0.3435006206774251,0.10683760683760683,0,1.0,1.0,0.0,1.0,0.0,1.0,1.0,0.0,1.0,0.0,1.0,0.0,1.0,0.0
72,65.25,8.407344842705635,6,0.8938356164383562,1,0.21599574392622806,0.03211009174311927,0,1.0,1.0,1.0,0.0,1.0,0.0,0.0,0.0,0.0,1.0,1.0,1.0,0.0,0.0
61,80.8,8.48917430289871,5,1.303225806451613,1,0.21457705266891292,0.03211009174311927,0,1.0,1.0,0.0,1.0,0.0,1.0,0.0,0.0,0.0,1.0,1.0,0.0,0.0,0.0
3,60.65,5.28776185260852,2,15.1625,0,0.22592658272743393,0.44104447164422683,0,1.0,0.0,0.0,1.0,0.0,0.0,0.0,0.0,0.0,0.0,0.0,0.0,0.0,1.0
24,78.6,7.521669840324939,4,3.1439999999999997,1,0.21599574392622806,0.021602160216021602,0,0.0,1.0,1.0,1.0,0.0,1.0,0.0,0.0,0.0,1.0,0.0,1.0,0.0,0.0
12,69.85,6.731614581263264,3,5.373076923076923,0,0.22592658272743393,0.431938236489232,0,1.0,0.0,1.0,1.0,0.0,0.0,0.0,0.0,0.0,0.0,1.0,0.0,0.0,1.0
22,54.45,7.028511667617919,1,2.367391304347826,0,0.3435006206774251,0.4231860559383867,0,1.0,0.0,0.0,1.0,0.0,1.0,0.0,0.0,0.0,0.0,1.0,0.0,1.0,0.0
59,99.45,8.634922892317014,4,1.6575,1,0.21457705266891292,0.431938236489232,0,0.0,0.0,0.0,1.0,0.0,1.0,1.0,0.0,0.0,0.0,1.0,0.0,0.0,0.0
3,20.75,4.220977213155467,0,5.1875,1,0.21599574392622806,0.431938236489232,0,1.0,0.0,0.0,1.0,0.0,0.0,0.0,1.0,0.0,0.0,1.0,1.0,0.0,0.0
55,76.25,8.332200069167115,4,1.3616071428571428,0,0.3435006206774251,0.11158342189160468,1,0.0,1.0,1.0,1.0,0.0,1.0,0.0,0.0,1.0,0.0,0.0,0.0,1.0,0.0
56,61.3,8.11605869266852,3,1.075438596491228,1,0.21599574392622806,0.021602160216021602,0,0.0,1.0,1.0,1.0,0.0,0.0,0.0,0.0,0.0,1.0,1.0,1.0,0.0,0.0
24,80.25,7.529674950253715,1,3.21,0,0.3435006206774251,0.42984953233021556,0,1.0,0.0,0.0,1.0,0.0,1.0,1.0,0.0,0.0,0.0,1.0,0.0,1.0,0.0
18,20.05,5.849036553975704,0,1.055263157894737,1,0.21457705266891292,0.121875,0,1.0,1.0,1.0,1.0,0.0,0.0,0.0,1.0,1.0,0.0,0.0,0.0,0.0,0.0
1,56.05,3.829727762701316,0,28.025,0,0.22592658272743393,0.4231860559383867,0,1.0,0.0,0.0,1.0,0.0,0.0,0.0,0.0,0.0,0.0,0.0,0.0,0.0,1.0
67,105.4,8.852300210838106,4,1.55,0,0.3435006206774251,0.11266094420600858,0,1.0,1.0,1.0,1.0,0.0,1.0,1.0,0.0,1.0,0.0,1.0,0.0,1.0,0.0
39,100.45,8.243466619725949,4,2.51125,0,0.3435006206774251,0.024346257889990983,0,1.0,0.0,0.0,1.0,0.0,0.0,1.0,0.0,0.0,1.0,1.0,0.0,1.0,0.0
3,79.4,5.328118857784826,1,19.85,0,0.3435006206774251,0.42984953233021556,1,0.0,0.0,0.0,1.0,0.0,1.0,1.0,0.0,0.0,0.0,1.0,0.0,1.0,0.0
51,87.35,8.406038142050075,3,1.6798076923076921,0,0.3435006206774251,0.44104447164422683,0,1.0,0.0,0.0,1.0,0.0,1.0,1.0,0.0,0.0,0.0,1.0,0.0,1.0,0.0
72,112.25,8.992513909856259,5,1.5376712328767124,1,0.21457705266891292,0.021602160216021602,0,1.0,1.0,1.0,1.0,0.0,1.0,1.0,0.0,0.0,1.0,1.0,0.0,0.0,0.0
47,39.65,7.49534748053304,3,0.8260416666666667,1,0.21599574392622806,0.121875,0,0.0,0.0,0.0,0.0,1.0,0.0,0.0,0.0,1.0,0.0,0.0,1.0,0.0,0.0
61,101.05,8.694879019805663,3,1.6298387096774194,1,0.21457705266891292,0.02787769784172662,0,0.0,1.0,0.0,1.0,0.0,1.0,1.0,0.0,0.0,1.0,1.0,0.0,0.0,0.0
24,21.1,6.197767081226165,0,0.8440000000000001,1,0.21599574392622806,0.024346257889990983,0,0.0,1.0,1.0,1.0,0.0,0.0,0.0,1.0,0.0,1.0,1.0,1.0,0.0,0.0
22,20.45,6.158143561441065,0,0.8891304347826087,1,0.21457705266891292,0.44104447164422683,0,1.0,1.0,0.0,1.0,0.0,0.0,0.0,1.0,0.0,0.0,1.0,0.0,0.0,0.0
50,69.5,8.137161884564883,3,1.3627450980392157,1,0.21457705266891292,0.02787769784172662,0,1.0,0.0,0.0,1.0,0.0,1.0,0.0,0.0,0.0,1.0,0.0,0.0,0.0,0.0
41,50.05,7.615815702274378,1,1.1916666666666667,1,0.21457705266891292,0.121875,0,0.0,0.0,0.0,1.0,0.0,0.0,0.0,0.0,1.0,0.0,0.0,0.0,0.0,0.0
15,19.35,5.634253745337369,0,1.209375,0,0.22592658272743393,0.02787769784172662,0,1.0,1.0,1.0,1.0,0.0,0.0,0.0,1.0,0.0,1.0,0.0,0.0,0.0,1.0
46,21.1,6.843856553131905,0,0.448936170212766,0,0.3435006206774251,0.027827648114901255,0,0.0,0.0,0.0,1.0,0.0,0.0,0.0,1.0,0.0,1.0,1.0,0.0,1.0,0.0
1,19.3,3.0106208860477417,0,9.65,0,0.22592658272743393,0.42984953233021556,0,1.0,0.0,1.0,1.0,0.0,0.0,0.0,1.0,0.0,0.0,1.0,0.0,0.0,1.0
18,94.75,7.434198313643204,2,4.9868421052631575,0,0.3435006206774251,0.44104447164422683,0,1.0,1.0,0.0,1.0,0.0,1.0,1.0,0.0,0.0,0.0,1.0,0.0,1.0,0.0
1,89.55,4.505902184329423,2,44.775,0,0.3435006206774251,0.431938236489232,0,1.0,0.0,0.0,1.0,0.0,0.0,1.0,0.0,0.0,0.0,1.0,0.0,1.0,0.0
1,20.75,3.079613757534693,0,10.375,0,0.22592658272743393,0.42851340373679936,0,1.0,0.0,1.0,1.0,0.0,0.0,0.0,1.0,0.0,0.0,0.0,0.0,0.0,1.0
10,75.05,6.668609370190421,0,6.822727272727272,0,0.3435006206774251,0.42851340373679936,0,1.0,0.0,0.0,1.0,0.0,1.0,1.0,0.0,0.0,0.0,0.0,0.0,1.0,0.0
72,55.45,8.338114371264128,5,0.7595890410958904,1,0.21599574392622806,0.027827648114901255,0,1.0,1.0,1.0,0.0,1.0,0.0,0.0,0.0,0.0,1.0,1.0,1.0,0.0,0.0
1,45.7,3.8437441646748516,0,22.85,0,0.22592658272743393,0.431938236489232,0,1.0,0.0,0.0,1.0,0.0,0.0,0.0,0.0,0.0,0.0,1.0,0.0,0.0,1.0
3,19.95,4.07753744390572,0,4.9875,0,0.22592658272743393,0.42984953233021556,0,0.0,0.0,0.0,1.0,0.0,0.0,0.0,1.0,0.0,0.0,0.0,0.0,0.0,1.0
1,79.2,4.384523514872469,1,39.6,0,0.3435006206774251,0.42851340373679936,1,0.0,0.0,0.0,1.0,0.0,0.0,1.0,0.0,0.0,0.0,1.0,0.0,1.0,0.0
11,99.55,7.03191792160256,3,8.295833333333333,0,0.3435006206774251,0.42851340373679936,1,0.0,1.0,0.0,1.0,0.0,1.0,1.0,0.0,0.0,0.0,1.0,0.0,1.0,0.0
7,38.55,5.638354669333745,3,4.81875,0,0.22592658272743393,0.021602160216021602,0,1.0,1.0,1.0,0.0,1.0,0.0,0.0,0.0,0.0,1.0,0.0,0.0,0.0,1.0
72,95.9,8.847237671342803,3,1.3136986301369864,1,0.21457705266891292,0.021602160216021602,0,0.0,1.0,1.0,1.0,0.0,1.0,1.0,0.0,0.0,1.0,1.0,0.0,0.0,0.0
2,51.4,4.582924577040772,3,17.133333333333333,0,0.3435006206774251,0.42984953233021556,0,0.0,0.0,0.0,0.0,1.0,0.0,0.0,0.0,0.0,0.0,0.0,0.0,1.0,0.0
1,69.35,4.253482783560398,0,34.675,0,0.3435006206774251,0.42851340373679936,0,1.0,0.0,0.0,1.0,0.0,0.0,1.0,0.0,0.0,0.0,1.0,0.0,1.0,0.0
61,103.3,8.782529956699463,4,1.6661290322580644,1,0.21457705266891292,0.121875,0,0.0,1.0,0.0,1.0,0.0,1.0,1.0,0.0,1.0,0.0,1.0,0.0,0.0,0.0
31,50.05,7.3293561689997055,3,1.5640625,0,0.3435006206774251,0.11882229232386961,0,1.0,0.0,0.0,0.0,1.0,0.0,0.0,0.0,1.0,0.0,1.0,0.0,1.0,0.0
32,61.4,7.531364796826192,3,1.8606060606060606,1,0.21457705266891292,0.431938236489232,0,0.0,1.0,1.0,1.0,0.0,0.0,0.0,0.0,0.0,0.0,0.0,0.0,0.0,0.0
52,25.75,7.205523811634928,0,0.4858490566037736,0,0.22592658272743393,0.03211009174311927,0,1.0,1.0,1.0,1.0,0.0,1.0,0.0,1.0,0.0,1.0,0.0,0.0,0.0,1.0
65,108.8,8.86551635613705,4,1.6484848484848484,1,0.21457705266891292,0.42984953233021556,1,0.0,1.0,0.0,1.0,0.0,1.0,1.0,0.0,0.0,0.0,1.0,0.0,0.0,0.0
12,74.15,6.609888181471991,4,5.703846153846154,0,0.3435006206774251,0.42984953233021556,0,1.0,1.0,0.0,1.0,0.0,0.0,0.0,0.0,0.0,0.0,1.0,0.0,1.0,0.0
6,89.35,6.343528878489031,2,12.764285714285714,0,0.3435006206774251,0.4231860559383867,1,0.0,0.0,0.0,1.0,0.0,0.0,1.0,0.0,0.0,0.0,1.0,0.0,1.0,0.0
32,19.3,6.387215963028507,0,0.5848484848484848,0,0.22592658272743393,0.10683760683760683,0,0.0,1.0,0.0,1.0,0.0,0.0,0.0,1.0,1.0,0.0,0.0,0.0,0.0,1.0
72,98.35,8.84367281057593,3,1.3472602739726027,1,0.21457705266891292,0.024346257889990983,1,1.0,1.0,0.0,1.0,0.0,1.0,1.0,0.0,0.0,1.0,0.0,0.0,0.0,0.0
72,110.8,8.972495534371573,5,1.5178082191780822,0,0.3435006206774251,0.021602160216021602,1,0.0,1.0,0.0,1.0,0.0,1.0,1.0,0.0,0.0,1.0,1.0,0.0,1.0,0.0
72,66.75,8.468276019181623,3,0.9143835616438356,1,0.21599574392622806,0.024346257889990983,0,0.0,1.0,1.0,1.0,0.0,1.0,0.0,0.0,0.0,1.0,0.0,1.0,0.0,0.0
4,19.75,4.373238128640803,0,3.95,0,0.22592658272743393,0.431938236489232,0,1.0,0.0,0.0,1.0,0.0,0.0,0.0,1.0,0.0,0.0,0.0,0.0,0.0,1.0
22,79.35,7.456656730000356,1,3.4499999999999997,0,0.3435006206774251,0.4231860559383867,0,1.0,0.0,0.0,1.0,0.0,1.0,1.0,0.0,0.0,0.0,1.0,0.0,1.0,0.0
8,100.6,6.709792026198225,3,11.177777777777777,0,0.3435006206774251,0.42984953233021556,1,1.0,0.0,0.0,1.0,0.0,1.0,1.0,0.0,0.0,0.0,1.0,0.0,1.0,0.0
3,85.7,5.551990122897069,2,21.425,1,0.21599574392622806,0.42984953233021556,0,1.0,0.0,0.0,1.0,0.0,0.0,1.0,0.0,0.0,0.0,0.0,1.0,0.0,0.0
14,18.8,5.547323577387973,0,1.2533333333333334,0,0.22592658272743393,0.024346257889990983,0,0.0,1.0,1.0,1.0,0.0,0.0,0.0,1.0,0.0,1.0,0.0,0.0,0.0,1.0
15,50.75,6.5355315046537745,3,3.171875,0,0.3435006206774251,0.11266094420600858,0,1.0,0.0,0.0,0.0,1.0,0.0,0.0,0.0,1.0,0.0,0.0,0.0,1.0,0.0
5,70.05,5.715711045521475,0,11.674999999999999,0,0.3435006206774251,0.431938236489232,1,0.0,1.0,0.0,1.0,0.0,0.0,1.0,0.0,0.0,0.0,0.0,0.0,1.0,0.0
41,35.4,7.253753428256754,2,0.8428571428571429,1,0.21599574392622806,0.10683760683760683,0,0.0,1.0,1.0,0.0,1.0,0.0,0.0,0.0,1.0,0.0,0.0,1.0,0.0,0.0
3,88.3,5.61586159328373,3,22.075,0,0.22592658272743393,0.42851340373679936,1,0.0,1.0,1.0,1.0,0.0,0.0,1.0,0.0,0.0,0.0,1.0,0.0,0.0,1.0
2,53.85,4.692723082995953,2,17.95,0,0.22592658272743393,0.44104447164422683,0,1.0,0.0,0.0,1.0,0.0,0.0,0.0,0.0,0.0,0.0,1.0,0.0,0.0,1.0
8,19.35,5.034351820713572,0,2.1500000000000004,0,0.22592658272743393,0.44104447164422683,0,1.0,1.0,1.0,1.0,0.0,0.0,0.0,1.0,0.0,0.0,1.0,0.0,0.0,1.0
72,25.4,7.501275475732016,0,0.347945205479452,1,0.21457705266891292,0.021602160216021602,1,1.0,0.0,0.0,1.0,0.0,1.0,0.0,1.0,0.0,1.0,0.0,0.0,0.0,0.0
5,50.95,5.439816928821736,3,8.491666666666667,1,0.21599574392622806,0.4231860559383867,0,0.0,0.0,0.0,0.0,1.0,0.0,0.0,0.0,0.0,0.0,1.0,1.0,0.0,0.0
16,86.6,7.156176637480615,1,5.094117647058823,0,0.3435006206774251,0.42984953233021556,1,1.0,0.0,0.0,1.0,0.0,1.0,1.0,0.0,0.0,0.0,1.0,0.0,1.0,0.0
25,79.85,7.609044225233705,2,3.071153846153846,1,0.21457705266891292,0.431938236489232,0,0.0,0.0,0.0,1.0,0.0,0.0,1.0,0.0,0.0,0.0,1.0,0.0,0.0,0.0
34,25.05,6.749579844016261,0,0.7157142857142857,1,0.21457705266891292,0.42984953233021556,0,1.0,0.0,0.0,0.0,1.0,0.0,0.0,0.0,0.0,0.0,1.0,0.0,0.0,0.0
30,107.5,8.08440827265311,5,3.467741935483871,0,0.3435006206774251,0.44104447164422683,0,0.0,1.0,1.0,1.0,0.0,1.0,1.0,0.0,0.0,0.0,1.0,0.0,1.0,0.0
4,93.5,5.894953646727139,3,18.7,0,0.3435006206774251,0.44104447164422683,0,0.0,0.0,0.0,1.0,0.0,1.0,1.0,0.0,0.0,0.0,1.0,0.0,1.0,0.0
42,19.55,6.7338779689708455,0,0.45465116279069767,0,0.22592658272743393,0.11882229232386961,0,1.0,0.0,0.0,1.0,0.0,0.0,0.0,1.0,1.0,0.0,1.0,0.0,0.0,1.0
34,20.35,6.51352680279996,0,0.5814285714285715,0,0.22592658272743393,0.42851340373679936,0,0.0,0.0,0.0,1.0,0.0,0.0,0.0,1.0,0.0,0.0,0.0,0.0,0.0,1.0
1,79.25,4.385146762010125,1,39.625,0,0.3435006206774251,0.44104447164422683,0,1.0,0.0,0.0,1.0,0.0,0.0,1.0,0.0,0.0,0.0,1.0,0.0,1.0,0.0
2,20.35,3.586292865338835,0,6.783333333333334,1,0.21599574392622806,0.42851340373679936,0,0.0,0.0,0.0,1.0,0.0,0.0,0.0,1.0,0.0,0.0,0.0,1.0,0.0,0.0
7,49.65,5.725380874208697,4,6.20625,1,0.21599574392622806,0.024346257889990983,0,1.0,1.0,1.0,0.0,1.0,0.0,0.0,0.0,0.0,1.0,0.0,1.0,0.0,0.0
1,44.45,3.816612820623488,0,22.225,0,0.22592658272743393,0.4231860559383867,0,1.0,0.0,0.0,1.0,0.0,0.0,0.0,0.0,0.0,0.0,0.0,0.0,0.0,1.0
12,19.3,5.436991761235796,0,1.4846153846153847,0,0.22592658272743393,0.10683760683760683,0,0.0,0.0,0.0,1.0,0.0,0.0,0.0,1.0,1.0,0.0,0.0,0.0,0.0,1.0
2,45.4,4.406109305189839,0,15.133333333333333,0,0.3435006206774251,0.4231860559383867,0,0.0,0.0,0.0,1.0,0.0,0.0,0.0,0.0,0.0,0.0,1.0,0.0,1.0,0.0
72,115.8,9.039065574441002,6,1.5863013698630137,1,0.21457705266891292,0.03211009174311927,0,1.0,1.0,0.0,1.0,0.0,1.0,1.0,0.0,0.0,1.0,1.0,0.0,0.0,0.0
1,70.15,4.264790324535862,0,35.075,0,0.22592658272743393,0.4231860559383867,0,0.0,0.0,0.0,1.0,0.0,0.0,1.0,0.0,0.0,0.0,1.0,0.0,0.0,1.0
71,109.25,8.950104840148782,5,1.5173611111111112,0,0.3435006206774251,0.02787769784172662,0,0.0,1.0,0.0,1.0,0.0,1.0,1.0,0.0,0.0,1.0,0.0,0.0,1.0,0.0
33,50.0,7.468427651392684,4,1.4705882352941178,0,0.3435006206774251,0.4231860559383867,1,1.0,1.0,0.0,0.0,1.0,0.0,0.0,0.0,0.0,0.0,1.0,0.0,1.0,0.0
25,76.15,7.597872874981718,4,2.928846153846154,1,0.21599574392622806,0.42851340373679936,0,0.0,0.0,0.0,1.0,0.0,0.0,0.0,0.0,0.0,0.0,1.0,1.0,0.0,0.0
70,104.0,8.888915355959444,4,1.4647887323943662,1,0.21599574392622806,0.021602160216021602,0,1.0,0.0,0.0,1.0,0.0,1.0,1.0,0.0,0.0,1.0,1.0,1.0,0.0,0.0
2,74.4,4.944495491591711,1,24.8,0,0.3435006206774251,0.42984953233021556,0,0.0,1.0,0.0,1.0,0.0,0.0,1.0,0.0,0.0,0.0,1.0,0.0,1.0,0.0
41,20.0,6.78083058540847,0,0.47619047619047616,0,0.22592658272743393,0.024346257889990983,0,1.0,1.0,1.0,1.0,0.0,0.0,0.0,1.0,0.0,1.0,1.0,0.0,0.0,1.0
67,20.8,7.253399608771762,0,0.3058823529411765,0,0.22592658272743393,0.027827648114901255,0,1.0,1.0,1.0,1.0,0.0,0.0,0.0,1.0,0.0,1.0,1.0,0.0,0.0,1.0
69,106.35,8.890513823975612,5,1.5192857142857141,1,0.21599574392622806,0.02787769784172662,0,1.0,1.0,1.0,1.0,0.0,0.0,1.0,0.0,0.0,1.0,1.0,1.0,0.0,0.0
1,35.45,3.5959414584546674,1,17.725,0,0.3435006206774251,0.44104447164422683,0,1.0,0.0,0.0,0.0,1.0,0.0,0.0,0.0,0.0,0.0,1.0,0.0,1.0,0.0
1,69.5,4.255612709818223,0,34.75,0,0.3435006206774251,0.44104447164422683,0,0.0,0.0,0.0,1.0,0.0,0.0,1.0,0.0,0.0,0.0,1.0,0.0,1.0,0.0
66,65.85,8.318266529798107,4,0.9828358208955223,0,0.22592658272743393,0.024346257889990983,0,1.0,1.0,1.0,1.0,0.0,0.0,0.0,0.0,0.0,1.0,0.0,0.0,0.0,1.0
51,56.05,8.021124808625153,2,1.0778846153846153,1,0.21599574392622806,0.11882229232386961,0,1.0,0.0,0.0,1.0,0.0,1.0,0.0,0.0,1.0,0.0,0.0,1.0,0.0,0.0
3,94.9,5.613857767128214,2,23.725,0,0.3435006206774251,0.42851340373679936,0,0.0,1.0,0.0,1.0,0.0,1.0,1.0,0.0,0.0,0.0,0.0,0.0,1.0,0.0
35,19.15,6.459904454377535,0,0.5319444444444444,0,0.22592658272743393,0.121875,0,1.0,0.0,0.0,1.0,0.0,0.0,0.0,1.0,1.0,0.0,1.0,0.0,0.0,1.0
12,58.35,6.608742590187972,2,4.4884615384615385,1,0.21599574392622806,0.42984953233021556,0,0.0,1.0,1.0,1.0,0.0,0.0,0.0,0.0,0.0,0.0,1.0,1.0,0.0,0.0
5,55.8,5.708438286192395,2,9.299999999999999,1,0.21599574392622806,0.42984953233021556,0,0.0,0.0,0.0,1.0,0.0,0.0,0.0,0.0,0.0,0.0,0.0,1.0,0.0,0.0
68,80.35,8.589727783599452,2,1.1644927536231884,1,0.21599574392622806,0.03211009174311927,0,1.0,1.0,1.0,1.0,0.0,0.0,1.0,0.0,0.0,1.0,0.0,1.0,0.0,0.0
1,80.3,4.398146016553765,1,40.15,0,0.3435006206774251,0.44104447164422683,1,1.0,1.0,0.0,1.0,0.0,1.0,1.0,0.0,0.0,0.0,1.0,0.0,1.0,0.0
22,65.25,7.2743409490293836,3,2.8369565217391304,1,0.21457705266891292,0.11882229232386961,0,0.0,0.0,0.0,1.0,0.0,0.0,0.0,0.0,1.0,0.0,0.0,0.0,0.0,0.0
66,65.7,8.38478117205963,3,0.9805970149253732,1,0.21457705266891292,0.03211009174311927,0,1.0,0.0,1.0,1.0,0.0,1.0,0.0,0.0,0.0,1.0,0.0,0.0,0.0,0.0
4,20.05,4.4343818650078095,0,4.01,0,0.22592658272743393,0.431938236489232,0,0.0,0.0,0.0,1.0,0.0,0.0,0.0,1.0,0.0,0.0,0.0,0.0,0.0,1.0
16,19.75,5.653716496982717,0,1.161764705882353,0,0.22592658272743393,0.02787769784172662,0,1.0,0.0,0.0,1.0,0.0,0.0,0.0,1.0,0.0,1.0,0.0,0.0,0.0,1.0
28,110.85,8.072592166559476,5,3.822413793103448,0,0.3435006206774251,0.42984953233021556,1,0.0,1.0,0.0,1.0,0.0,1.0,1.0,0.0,0.0,0.0,1.0,0.0,1.0,0.0
15,65.6,6.918695219020472,4,4.1,1,0.21599574392622806,0.11266094420600858,0,0.0,0.0,1.0,1.0,0.0,0.0,0.0,0.0,1.0,0.0,0.0,1.0,0.0,0.0
18,55.2,6.965174769849623,2,2.905263157894737,1,0.21599574392622806,0.4231860559383867,0,1.0,0.0,0.0,1.0,0.0,0.0,0.0,0.0,0.0,0.0,0.0,1.0,0.0,0.0
72,86.65,8.73645722713191,6,1.1869863013698632,1,0.21457705266891292,0.027827648114901255,0,1.0,0.0,0.0,1.0,0.0,1.0,0.0,0.0,0.0,1.0,0.0,0.0,0.0,0.0
1,45.65,3.8426729272933526,0,22.825,0,0.3435006206774251,0.44104447164422683,0,0.0,0.0,0.0,1.0,0.0,0.0,0.0,0.0,0.0,0.0,1.0,0.0,1.0,0.0
2,19.65,3.6838669122903918,0,6.55,0,0.22592658272743393,0.42851340373679936,0,1.0,0.0,0.0,1.0,0.0,0.0,0.0,1.0,0.0,0.0,1.0,0.0,0.0,1.0
13,88.95,7.058543168104206,6,6.353571428571429,1,0.21599574392622806,0.024346257889990983,0,0.0,0.0,1.0,1.0,0.0,1.0,0.0,0.0,0.0,1.0,0.0,1.0,0.0,0.0
29,98.5,8.00808276252883,3,3.283333333333333,0,0.3435006206774251,0.44104447164422683,1,1.0,1.0,0.0,1.0,0.0,1.0,1.0,0.0,0.0,0.0,1.0,0.0,1.0,0.0
71,19.7,7.171733624734682,0,0.2736111111111111,1,0.21599574392622806,0.021602160216021602,0,1.0,1.0,1.0,1.0,0.0,0.0,0.0,1.0,0.0,1.0,0.0,1.0,0.0,0.0
72,84.1,8.696618892598165,5,1.152054794520548,1,0.21599574392622806,0.024346257889990983,1,1.0,1.0,0.0,1.0,0.0,1.0,0.0,0.0,0.0,1.0,1.0,1.0,0.0,0.0
1,19.5,3.0204248861443626,0,9.75,0,0.22592658272743393,0.431938236489232,0,0.0,0.0,0.0,1.0,0.0,0.0,0.0,1.0,0.0,0.0,1.0,0.0,0.0,1.0
2,44.5,4.511408806173617,0,14.833333333333334,0,0.3435006206774251,0.44104447164422683,0,1.0,1.0,1.0,1.0,0.0,0.0,0.0,0.0,0.0,0.0,1.0,0.0,1.0,0.0
54,18.95,6.939350840571888,0,0.34454545454545454,0,0.22592658272743393,0.021602160216021602,1,0.0,1.0,0.0,1.0,0.0,0.0,0.0,1.0,0.0,1.0,1.0,0.0,0.0,1.0
56,68.75,8.247062848877691,3,1.206140350877193,1,0.21457705266891292,0.121875,0,0.0,1.0,1.0,1.0,0.0,1.0,0.0,0.0,1.0,0.0,0.0,0.0,0.0,0.0
5,53.85,5.563753830052498,2,8.975,1,0.21599574392622806,0.42984953233021556,0,0.0,0.0,0.0,1.0,0.0,0.0,0.0,0.0,0.0,0.0,0.0,1.0,0.0,0.0
72,115.75,9.036004841814826,6,1.5856164383561644,1,0.21599574392622806,0.03211009174311927,1,1.0,1.0,1.0,1.0,0.0,1.0,1.0,0.0,0.0,1.0,1.0,1.0,0.0,0.0
7,44.65,5.7791991139409555,0,5.58125,1,0.21457705266891292,0.44104447164422683,0,1.0,0.0,0.0,1.0,0.0,0.0,0.0,0.0,0.0,0.0,1.0,0.0,0.0,0.0
57,20.65,7.0269595264606135,0,0.35603448275862065,1,0.21457705266891292,0.024346257889990983,0,1.0,0.0,0.0,1.0,0.0,0.0,0.0,1.0,0.0,1.0,0.0,0.0,0.0,0.0
12,54.3,6.4853983032037545,2,4.176923076923076,0,0.3435006206774251,0.4231860559383867,0,0.0,0.0,0.0,1.0,0.0,0.0,0.0,0.0,0.0,0.0,1.0,0.0,1.0,0.0
22,59.0,7.135448464994918,2,2.5652173913043477,0,0.3435006206774251,0.42984953233021556,0,1.0,0.0,0.0,1.0,0.0,1.0,0.0,0.0,0.0,0.0,0.0,0.0,1.0,0.0
20,49.6,6.8467305771443625,1,2.361904761904762,0,0.3435006206774251,0.44104447164422683,0,1.0,1.0,1.0,1.0,0.0,0.0,0.0,0.0,0.0,0.0,1.0,0.0,1.0,0.0
51,93.8,8.466310339101604,3,1.8038461538461539,1,0.21457705266891292,0.42851340373679936,1,1.0,1.0,0.0,1.0,0.0,1.0,1.0,0.0,0.0,0.0,1.0,0.0,0.0,0.0
11,20.6,5.459159891664867,0,1.7166666666666668,0,0.22592658272743393,0.11882229232386961,0,0.0,1.0,1.0,1.0,0.0,0.0,0.0,1.0,1.0,0.0,0.0,0.0,0.0,1.0
71,24.75,7.516378894471428,0,0.34375,1,0.21457705266891292,0.021602160216021602,0,0.0,1.0,0.0,1.0,0.0,1.0,0.0,1.0,0.0,1.0,0.0,0.0,0.0,0.0
11,19.95,5.374120329963537,0,1.6624999999999999,0,0.22592658272743393,0.42851340373679936,1,1.0,1.0,0.0,1.0,0.0,0.0,0.0,1.0,0.0,0.0,0.0,0.0,0.0,1.0
70,19.8,7.229657602319611,0,0.27887323943661974,1,0.21457705266891292,0.021602160216021602,0,0.0,1.0,1.0,1.0,0.0,0.0,0.0,1.0,0.0,1.0,0.0,0.0,0.0,0.0
3,19.65,4.121473229610353,0,4.9125,0,0.22592658272743393,0.42851340373679936,0,0.0,1.0,1.0,1.0,0.0,0.0,0.0,1.0,0.0,0.0,0.0,0.0,0.0,1.0
26,20.9,6.252481750850273,0,0.774074074074074,0,0.22592658272743393,0.42851340373679936,0,1.0,0.0,0.0,1.0,0.0,0.0,0.0,1.0,0.0,0.0,0.0,0.0,0.0,1.0
49,99.05,8.48771288609373,3,1.9809999999999999,1,0.21457705266891292,0.42851340373679936,0,1.0,1.0,0.0,1.0,0.0,1.0,1.0,0.0,0.0,0.0,1.0,0.0,0.0,0.0
25,84.6,7.644464696167211,1,3.253846153846154,0,0.22592658272743393,0.431938236489232,0,0.0,0.0,0.0,1.0,0.0,1.0,1.0,0.0,0.0,0.0,1.0,0.0,0.0,1.0
33,54.65,7.418300863540809,1,1.6073529411764707,1,0.21457705266891292,0.4231860559383867,0,1.0,0.0,0.0,1.0,0.0,1.0,0.0,0.0,0.0,0.0,1.0,0.0,0.0,0.0
21,71.7,7.311919541357253,3,3.2590909090909093,1,0.21457705266891292,0.11158342189160468,1,0.0,1.0,0.0,1.0,0.0,1.0,0.0,0.0,1.0,0.0,0.0,0.0,0.0,0.0
72,104.95,8.928680131842896,4,1.4376712328767123,0,0.3435006206774251,0.11882229232386961,0,1.0,0.0,0.0,1.0,0.0,1.0,1.0,0.0,1.0,0.0,1.0,0.0,1.0,0.0
43,91.65,8.367532416861831,4,2.0829545454545455,1,0.21457705266891292,0.121875,1,1.0,1.0,0.0,1.0,0.0,0.0,1.0,0.0,1.0,0.0,1.0,0.0,0.0,0.0
4,49.35,5.396577735715557,1,9.870000000000001,0,0.3435006206774251,0.431938236489232,0,1.0,0.0,1.0,1.0,0.0,0.0,0.0,0.0,0.0,0.0,0.0,0.0,1.0,0.0
29,20.0,6.293511696017657,0,0.6666666666666666,0,0.3435006206774251,0.121875,0,0.0,1.0,1.0,1.0,0.0,0.0,0.0,1.0,1.0,0.0,0.0,0.0,1.0,0.0
3,20.2,3.9435216724875173,0,5.05,1,0.21457705266891292,0.42984953233021556,0,1.0,0.0,1.0,1.0,0.0,0.0,0.0,1.0,0.0,0.0,0.0,0.0,0.0,0.0
41,40.35,7.425864314194387,2,0.9607142857142857,0,0.3435006206774251,0.4231860559383867,0,0.0,0.0,0.0,0.0,1.0,0.0,0.0,0.0,0.0,0.0,1.0,0.0,1.0,0.0
5,85.75,6.1568730477709535,2,14.291666666666666,0,0.3435006206774251,0.42851340373679936,0,0.0,1.0,1.0,1.0,0.0,0.0,1.0,0.0,0.0,0.0,1.0,0.0,1.0,0.0
43,29.3,7.110736938472394,1,0.6659090909090909,1,0.21599574392622806,0.42984953233021556,0,1.0,1.0,1.0,0.0,1.0,0.0,0.0,0.0,0.0,0.0,0.0,1.0,0.0,0.0
1,50.15,3.9347624923976356,0,25.075,0,0.3435006206774251,0.431938236489232,0,1.0,0.0,0.0,1.0,0.0,1.0,0.0,0.0,0.0,0.0,1.0,0.0,1.0,0.0
70,114.3,9.017398620020051,6,1.6098591549295773,1,0.21599574392622806,0.024346257889990983,0,1.0,1.0,0.0,1.0,0.0,1.0,1.0,0.0,0.0,1.0,0.0,1.0,0.0,0.0
1,33.6,3.543853682063679,2,16.8,0,0.22592658272743393,0.44104447164422683,0,1.0,0.0,1.0,0.0,1.0,0.0,0.0,0.0,0.0,0.0,0.0,0.0,0.0,1.0
71,59.7,8.324493972476102,5,0.8291666666666667,1,0.21457705266891292,0.027827648114901255,0,0.0,1.0,1.0,0.0,1.0,0.0,0.0,0.0,0.0,1.0,0.0,0.0,0.0,0.0
1,73.65,4.312810523985199,0,36.825,0,0.3435006206774251,0.431938236489232,1,1.0,0.0,0.0,1.0,0.0,1.0,1.0,0.0,0.0,0.0,1.0,0.0,1.0,0.0
4,19.55,4.2456340097683265,0,3.91,1,0.21599574392622806,0.03211009174311927,0,1.0,1.0,1.0,1.0,0.0,0.0,0.0,1.0,0.0,1.0,0.0,1.0,0.0,0.0
9,19.75,5.354933966966933,0,1.975,0,0.22592658272743393,0.02787769784172662,0,0.0,1.0,1.0,1.0,0.0,0.0,0.0,1.0,0.0,1.0,0.0,0.0,0.0,1.0
23,93.5,7.758995358601965,2,3.8958333333333335,0,0.3435006206774251,0.44104447164422683,0,0.0,0.0,0.0,1.0,0.0,1.0,1.0,0.0,0.0,0.0,1.0,0.0,1.0,0.0
42,25.25,7.011394313741623,0,0.5872093023255814,0,0.3435006206774251,0.024346257889990983,0,0.0,1.0,0.0,1.0,0.0,1.0,0.0,1.0,0.0,1.0,0.0,0.0,1.0,0.0
6,20.0,4.702296896718814,0,2.857142857142857,0,0.22592658272743393,0.4231860559383867,0,0.0,0.0,0.0,1.0,0.0,0.0,0.0,1.0,0.0,0.0,0.0,0.0,0.0,1.0
14,19.75,5.7377006928596614,0,1.3166666666666667,0,0.22592658272743393,0.121875,0,1.0,1.0,1.0,1.0,0.0,0.0,0.0,1.0,1.0,0.0,0.0,0.0,0.0,1.0
4,19.4,4.547541073151455,0,3.88,0,0.22592658272743393,0.42984953233021556,0,1.0,0.0,0.0,1.0,0.0,0.0,0.0,1.0,0.0,0.0,0.0,0.0,0.0,1.0
38,20.1,6.59455024929927,0,0.5153846153846154,0,0.22592658272743393,0.11158342189160468,0,1.0,0.0,0.0,1.0,0.0,0.0,0.0,1.0,1.0,0.0,0.0,0.0,0.0,1.0
42,108.3,8.43101419517434,4,2.5186046511627906,0,0.3435006206774251,0.11882229232386961,0,1.0,1.0,0.0,1.0,0.0,1.0,1.0,0.0,1.0,0.0,1.0,0.0,1.0,0.0
71,95.15,8.820529592978177,4,1.3215277777777779,1,0.21599574392622806,0.10683760683760683,0,0.0,1.0,1.0,1.0,0.0,1.0,1.0,0.0,1.0,0.0,1.0,1.0,0.0,0.0
17,90.2,7.282864267075403,3,5.011111111111111,0,0.3435006206774251,0.42984953233021556,0,1.0,1.0,0.0,1.0,0.0,1.0,1.0,0.0,0.0,0.0,0.0,0.0,1.0,0.0
21,58.85,7.103692059858131,2,2.6750000000000003,1,0.21599574392622806,0.11158342189160468,0,0.0,1.0,1.0,1.0,0.0,0.0,0.0,0.0,1.0,0.0,1.0,1.0,0.0,0.0
32,73.6,7.748395310848131,5,2.23030303030303,0,0.22592658272743393,0.024346257889990983,0,0.0,1.0,1.0,1.0,0.0,0.0,0.0,0.0,0.0,1.0,0.0,0.0,0.0,1.0
39,55.9,7.689531277768115,4,1.3975,0,0.3435006206774251,0.42984953233021556,0,0.0,1.0,0.0,0.0,1.0,0.0,0.0,0.0,0.0,0.0,0.0,0.0,1.0,0.0
38,74.95,7.962363432152192,0,1.9217948717948719,1,0.21457705266891292,0.42851340373679936,1,0.0,1.0,0.0,1.0,0.0,1.0,1.0,0.0,0.0,0.0,1.0,0.0,0.0,0.0
29,25.1,6.5706728562352295,0,0.8366666666666667,1,0.21599574392622806,0.42851340373679936,0,0.0,0.0,0.0,0.0,1.0,0.0,0.0,0.0,0.0,0.0,1.0,1.0,0.0,0.0
8,19.55,5.088521832753327,0,2.1722222222222225,1,0.21457705266891292,0.431938236489232,0,1.0,1.0,0.0,1.0,0.0,0.0,0.0,1.0,0.0,0.0,1.0,0.0,0.0,0.0
2,24.45,3.8815637979434374,0,8.15,0,0.22592658272743393,0.4231860559383867,1,1.0,0.0,0.0,0.0,1.0,0.0,0.0,0.0,0.0,0.0,1.0,0.0,0.0,1.0
47,104.1,8.544059050550798,4,2.1687499999999997,0,0.3435006206774251,0.431938236489232,0,1.0,1.0,0.0,1.0,0.0,1.0,1.0,0.0,0.0,0.0,1.0,0.0,1.0,0.0
45,99.7,8.441466987554646,3,2.1673913043478263,1,0.21457705266891292,0.02787769784172662,0,1.0,0.0,1.0,1.0,0.0,1.0,1.0,0.0,0.0,1.0,0.0,0.0,0.0,0.0
46,24.45,6.972746822489577,0,0.5202127659574468,1,0.21457705266891292,0.11882229232386961,0,0.0,1.0,0.0,1.0,0.0,1.0,0.0,1.0,1.0,0.0,1.0,0.0,0.0,0.0
28,29.75,6.674182532177388,1,1.0258620689655173,0,0.22592658272743393,0.42851340373679936,0,0.0,0.0,0.0,0.0,1.0,0.0,0.0,0.0,0.0,0.0,1.0,0.0,0.0,1.0
1,34.7,3.5751506887855933,1,17.35,0,0.3435006206774251,0.42851340373679936,0,0.0,0.0,0.0,0.0,1.0,0.0,0.0,0.0,0.0,0.0,1.0,0.0,1.0,0.0
21,20.75,6.116333529153851,0,0.9431818181818182,0,0.22592658272743393,0.4231860559383867,0,0.0,0.0,1.0,1.0,0.0,0.0,0.0,1.0,0.0,0.0,0.0,0.0,0.0,1.0
2,80.55,5.242275975664412,1,26.849999999999998,1,0.21599574392622806,0.4231860559383867,0,0.0,0.0,1.0,1.0,0.0,1.0,1.0,0.0,0.0,0.0,0.0,1.0,0.0,0.0
46,20.25,6.7927371673978705,0,0.4308510638297872,1,0.21457705266891292,0.02787769784172662,0,0.0,1.0,1.0,1.0,0.0,0.0,0.0,1.0,0.0,1.0,0.0,0.0,0.0,0.0
11,53.8,6.480887764613537,2,4.483333333333333,1,0.21457705266891292,0.121875,0,0.0,0.0,0.0,1.0,0.0,0.0,0.0,0.0,1.0,0.0,0.0,0.0,0.0,0.0
6,19.7,4.740574822994295,0,2.814285714285714,0,0.22592658272743393,0.431938236489232,0,0.0,1.0,1.0,1.0,0.0,0.0,0.0,1.0,0.0,0.0,0.0,0.0,0.0,1.0
4,20.15,4.526126978647638,0,4.029999999999999,0,0.3435006206774251,0.431938236489232,0,0.0,1.0,0.0,1.0,0.0,0.0,0.0,1.0,0.0,0.0,0.0,0.0,1.0,0.0
72,93.05,8.815228978697464,4,1.2746575342465754,1,0.21457705266891292,0.02787769784172662,1,1.0,1.0,0.0,1.0,0.0,1.0,1.0,0.0,0.0,1.0,1.0,0.0,0.0,0.0
59,101.1,8.706308286450993,3,1.6849999999999998,0,0.3435006206774251,0.42984953233021556,0,0.0,1.0,0.0,1.0,0.0,1.0,1.0,0.0,0.0,0.0,0.0,0.0,1.0,0.0
69,92.15,8.776768956245249,3,1.3164285714285715,0,0.22592658272743393,0.027827648114901255,0,1.0,1.0,1.0,1.0,0.0,0.0,1.0,0.0,0.0,1.0,1.0,0.0,0.0,1.0
72,23.55,7.452953343538126,0,0.32260273972602743,1,0.21457705266891292,0.027827648114901255,0,1.0,1.0,0.0,1.0,0.0,1.0,0.0,1.0,0.0,1.0,1.0,0.0,0.0,0.0
1,54.65,4.019082077721554,1,27.325,0,0.3435006206774251,0.431938236489232,0,0.0,0.0,0.0,1.0,0.0,0.0,0.0,0.0,0.0,0.0,1.0,0.0,1.0,0.0
64,19.7,7.150740672509886,0,0.3030769230769231,1,0.21457705266891292,0.021602160216021602,0,1.0,1.0,1.0,1.0,0.0,0.0,0.0,1.0,0.0,1.0,1.0,0.0,0.0,0.0
43,75.2,8.070781080974667,1,1.7090909090909092,0,0.3435006206774251,0.4231860559383867,0,1.0,0.0,0.0,1.0,0.0,0.0,1.0,0.0,0.0,0.0,1.0,0.0,1.0,0.0
56,103.2,8.678418784915458,4,1.8105263157894738,0,0.3435006206774251,0.024346257889990983,0,1.0,1.0,1.0,1.0,0.0,1.0,1.0,0.0,0.0,1.0,1.0,0.0,1.0,0.0
66,25.3,7.422582884127426,0,0.3776119402985075,1,0.21599574392622806,0.021602160216021602,0,1.0,1.0,1.0,1.0,0.0,1.0,0.0,1.0,0.0,1.0,1.0,1.0,0.0,0.0
58,64.9,8.24182169854154,4,1.1,1,0.21599574392622806,0.02787769784172662,0,0.0,0.0,0.0,1.0,0.0,0.0,0.0,0.0,0.0,1.0,1.0,1.0,0.0,0.0
3,89.85,5.503093260504062,3,22.4625,0,0.22592658272743393,0.44104447164422683,0,1.0,0.0,0.0,1.0,0.0,0.0,1.0,0.0,0.0,0.0,1.0,0.0,0.0,1.0
1,76.45,4.349632566862877,0,38.225,0,0.3435006206774251,0.42984953233021556,1,1.0,0.0,0.0,1.0,0.0,1.0,1.0,0.0,0.0,0.0,1.0,0.0,1.0,0.0
15,55.7,6.803283257385426,1,3.48125,0,0.22592658272743393,0.431938236489232,0,0.0,0.0,0.0,1.0,0.0,1.0,0.0,0.0,0.0,0.0,1.0,0.0,0.0,1.0
12,20.05,5.5851866087427915,0,1.5423076923076924,1,0.21599574392622806,0.431938236489232,0,1.0,0.0,0.0,1.0,0.0,0.0,0.0,1.0,0.0,0.0,0.0,1.0,0.0,0.0
70,115.65,8.983420951029988,6,1.6288732394366199,1,0.21599574392622806,0.11158342189160468,0,1.0,1.0,0.0,1.0,0.0,1.0,1.0,0.0,1.0,0.0,0.0,1.0,0.0,0.0
6,19.55,4.819474788635096,0,2.792857142857143,0,0.22592658272743393,0.42851340373679936,0,1.0,1.0,1.0,1.0,0.0,0.0,0.0,1.0,0.0,0.0,0.0,0.0,0.0,1.0
53,103.85,8.610045808430854,4,1.923148148148148,0,0.3435006206774251,0.431938236489232,1,1.0,1.0,0.0,1.0,0.0,1.0,1.0,0.0,0.0,0.0,1.0,0.0,1.0,0.0
9,88.05,6.68748260275961,2,8.805,0,0.3435006206774251,0.4231860559383867,0,1.0,1.0,0.0,1.0,0.0,1.0,1.0,0.0,0.0,0.0,1.0,0.0,1.0,0.0
4,25.15,4.614625344758847,0,5.029999999999999,0,0.3435006206774251,0.4231860559383867,0,0.0,1.0,0.0,0.0,1.0,0.0,0.0,0.0,0.0,0.0,1.0,0.0,1.0,0.0
33,19.8,6.465133326477619,0,0.5823529411764706,1,0.21599574392622806,0.021602160216021602,0,0.0,1.0,1.0,1.0,0.0,0.0,0.0,1.0,0.0,1.0,0.0,1.0,0.0,0.0
46,99.65,8.440571292764794,4,2.120212765957447,0,0.22592658272743393,0.024346257889990983,0,0.0,1.0,1.0,1.0,0.0,1.0,1.0,0.0,0.0,1.0,0.0,0.0,0.0,1.0
58,24.35,7.261821824004301,0,0.4127118644067797,1,0.21599574392622806,0.027827648114901255,0,0.0,0.0,0.0,1.0,0.0,1.0,0.0,1.0,0.0,1.0,0.0,1.0,0.0,0.0
26,90.1,7.746538420389285,6,3.337037037037037,1,0.21599574392622806,0.11266094420600858,0,0.0,1.0,0.0,1.0,0.0,1.0,0.0,0.0,1.0,0.0,1.0,1.0,0.0,0.0
57,41.1,7.722788178782065,3,0.7086206896551724,1,0.21599574392622806,0.121875,0,0.0,0.0,0.0,0.0,1.0,0.0,0.0,0.0,1.0,0.0,1.0,1.0,0.0,0.0
1,48.6,3.903990833730882,1,24.3,1,0.21599574392622806,0.44104447164422683,0,0.0,0.0,0.0,1.0,0.0,0.0,0.0,0.0,0.0,0.0,1.0,1.0,0.0,0.0
72,97.25,8.872641383202147,3,1.332191780821918,1,0.21599574392622806,0.121875,1,1.0,1.0,0.0,1.0,0.0,1.0,1.0,0.0,1.0,0.0,1.0,1.0,0.0,0.0
9,79.55,6.585343726009258,1,7.955,0,0.3435006206774251,0.42851340373679936,0,0.0,0.0,0.0,1.0,0.0,0.0,1.0,0.0,0.0,0.0,1.0,0.0,1.0,0.0
31,49.85,7.327189036317697,4,1.5578125,1,0.21457705266891292,0.024346257889990983,0,0.0,0.0,0.0,0.0,1.0,0.0,0.0,0.0,0.0,1.0,1.0,0.0,0.0,0.0
70,19.85,7.192445379947863,0,0.2795774647887324,1,0.21599574392622806,0.027827648114901255,0,0.0,1.0,0.0,1.0,0.0,0.0,0.0,1.0,0.0,1.0,0.0,1.0,0.0,0.0
4,20.95,4.460144413937834,0,4.1899999999999995,1,0.21457705266891292,0.42984953233021556,0,0.0,0.0,0.0,1.0,0.0,0.0,0.0,1.0,0.0,0.0,0.0,0.0,0.0,0.0
15,49.0,6.620406484320476,0,3.0625,0,0.3435006206774251,0.44104447164422683,0,1.0,0.0,0.0,1.0,0.0,1.0,0.0,0.0,0.0,0.0,1.0,0.0,1.0,0.0
46,55.0,7.813975472778525,1,1.1702127659574468,1,0.21457705266891292,0.42984953233021556,0,0.0,1.0,0.0,1.0,0.0,1.0,0.0,0.0,0.0,0.0,0.0,0.0,0.0,0.0
49,20.7,6.940270870658817,0,0.414,1,0.21599574392622806,0.10683760683760683,0,0.0,1.0,0.0,1.0,0.0,0.0,0.0,1.0,1.0,0.0,0.0,1.0,0.0,0.0
56,98.7,8.643032576255385,4,1.731578947368421,0,0.3435006206774251,0.44104447164422683,0,0.0,1.0,0.0,1.0,0.0,0.0,1.0,0.0,0.0,0.0,1.0,0.0,1.0,0.0
1,39.65,3.7049988359938197,2,19.825,0,0.3435006206774251,0.42851340373679936,1,1.0,0.0,0.0,0.0,1.0,0.0,0.0,0.0,0.0,0.0,1.0,0.0,1.0,0.0
46,69.1,8.06117135969092,3,1.4702127659574467,1,0.21599574392622806,0.44104447164422683,0,0.0,1.0,0.0,1.0,0.0,0.0,0.0,0.0,0.0,0.0,1.0,1.0,0.0,0.0
41,104.45,8.33400325769215,5,2.486904761904762,1,0.21457705266891292,0.121875,0,0.0,1.0,0.0,1.0,0.0,0.0,1.0,0.0,1.0,0.0,1.0,0.0,0.0,0.0
62,92.05,8.658137043756215,3,1.461111111111111,0,0.3435006206774251,0.11158342189160468,0,0.0,0.0,0.0,1.0,0.0,1.0,1.0,0.0,1.0,0.0,1.0,0.0,1.0,0.0
1,24.75,3.248434627109745,0,12.375,0,0.3435006206774251,0.44104447164422683,0,1.0,0.0,1.0,0.0,1.0,0.0,0.0,0.0,0.0,0.0,0.0,0.0,1.0,0.0
67,112.35,8.907808586274065,5,1.652205882352941,1,0.21599574392622806,0.11882229232386961,0,0.0,1.0,1.0,1.0,0.0,1.0,1.0,0.0,1.0,0.0,1.0,1.0,0.0,0.0
51,84.2,8.366544705077148,2,1.6192307692307693,1,0.21457705266891292,0.121875,0,1.0,1.0,1.0,1.0,0.0,1.0,1.0,0.0,1.0,0.0,0.0,0.0,0.0,0.0
43,20.0,6.708023031928389,0,0.45454545454545453,0,0.22592658272743393,0.10683760683760683,0,0.0,1.0,1.0,1.0,0.0,0.0,0.0,1.0,1.0,0.0,0.0,0.0,0.0,1.0
68,100.2,8.832390717758596,3,1.4521739130434783,0,0.3435006206774251,0.42851340373679936,1,0.0,1.0,0.0,1.0,0.0,1.0,1.0,0.0,0.0,0.0,1.0,0.0,1.0,0.0
12,84.45,6.966542920465225,1,6.496153846153846,0,0.3435006206774251,0.431938236489232,0,1.0,0.0,0.0,1.0,0.0,1.0,1.0,0.0,0.0,0.0,1.0,0.0,1.0,0.0
10,100.25,6.971340220607248,3,9.113636363636363,0,0.3435006206774251,0.42851340373679936,0,0.0,1.0,1.0,1.0,0.0,1.0,1.0,0.0,0.0,0.0,1.0,0.0,1.0,0.0
7,29.8,5.400196830369207,1,3.725,1,0.21457705266891292,0.42851340373679936,1,1.0,1.0,0.0,0.0,1.0,0.0,0.0,0.0,0.0,0.0,0.0,0.0,0.0,0.0
23,85.6,7.533372802748483,1,3.5666666666666664,0,0.3435006206774251,0.431938236489232,0,0.0,1.0,1.0,1.0,0.0,1.0,1.0,0.0,0.0,0.0,0.0,0.0,1.0,0.0
39,49.8,7.586879597178514,1,1.2449999999999999,1,0.21457705266891292,0.024346257889990983,0,1.0,0.0,0.0,1.0,0.0,0.0,0.0,0.0,0.0,1.0,1.0,0.0,0.0,0.0
8,70.1,6.314181903318284,0,7.788888888888888,0,0.22592658272743393,0.4231860559383867,0,1.0,0.0,0.0,1.0,0.0,0.0,1.0,0.0,0.0,0.0,1.0,0.0,0.0,1.0
61,82.15,8.498183649544655,1,1.3250000000000002,0,0.3435006206774251,0.42851340373679936,1,1.0,1.0,0.0,1.0,0.0,1.0,1.0,0.0,0.0,0.0,1.0,0.0,1.0,0.0
4,50.9,5.423186348593906,0,10.18,0,0.3435006206774251,0.42984953233021556,0,1.0,1.0,1.0,1.0,0.0,1.0,0.0,0.0,0.0,0.0,1.0,0.0,1.0,0.0
3,55.35,5.113191882421348,2,13.8375,0,0.3435006206774251,0.42851340373679936,0,0.0,0.0,0.0,1.0,0.0,0.0,0.0,0.0,0.0,0.0,0.0,0.0,1.0,0.0
6,55.7,5.81904381499129,2,7.957142857142857,1,0.21457705266891292,0.431938236489232,0,1.0,0.0,0.0,1.0,0.0,0.0,0.0,0.0,0.0,0.0,1.0,0.0,0.0,0.0
32,93.5,7.996923108822247,3,2.8333333333333335,0,0.3435006206774251,0.44104447164422683,1,1.0,1.0,0.0,1.0,0.0,1.0,1.0,0.0,0.0,0.0,1.0,0.0,1.0,0.0
44,77.55,8.152514877208793,3,1.7233333333333332,0,0.22592658272743393,0.11266094420600858,0,0.0,0.0,1.0,1.0,0.0,1.0,0.0,0.0,1.0,0.0,1.0,0.0,0.0,1.0
72,115.55,9.025623949779954,6,1.582876712328767,1,0.21599574392622806,0.02787769784172662,0,0.0,1.0,0.0,1.0,0.0,1.0,1.0,0.0,0.0,1.0,1.0,1.0,0.0,0.0
66,49.4,8.0872868141283,1,0.7373134328358208,1,0.21599574392622806,0.10683760683760683,0,0.0,1.0,1.0,1.0,0.0,0.0,0.0,0.0,1.0,0.0,1.0,1.0,0.0,0.0
2,70.3,4.976733742420574,0,23.433333333333334,0,0.3435006206774251,0.42984953233021556,0,1.0,0.0,0.0,1.0,0.0,0.0,1.0,0.0,0.0,0.0,1.0,0.0,1.0,0.0
35,95.5,8.137161884564883,3,2.6527777777777777,0,0.3435006206774251,0.42984953233021556,0,1.0,0.0,0.0,1.0,0.0,1.0,1.0,0.0,0.0,0.0,0.0,0.0,1.0,0.0
23,25.6,6.245622151951361,0,1.0666666666666667,1,0.21599574392622806,0.02787769784172662,0,0.0,1.0,1.0,1.0,0.0,1.0,0.0,1.0,0.0,1.0,1.0,1.0,0.0,0.0
0,61.9,0.0,3,61.9,1,0.21457705266891292,0.024346257889990983,0,1.0,0.0,1.0,1.0,0.0,1.0,0.0,0.0,0.0,1.0,1.0,0.0,0.0,0.0
6,85.15,6.223766036206958,2,12.164285714285715,0,0.3435006206774251,0.431938236489232,1,1.0,0.0,0.0,1.0,0.0,0.0,1.0,0.0,0.0,0.0,1.0,0.0,1.0,0.0
34,69.15,7.730218731012139,0,1.975714285714286,1,0.21599574392622806,0.44104447164422683,1,1.0,0.0,0.0,1.0,0.0,0.0,1.0,0.0,0.0,0.0,0.0,1.0,0.0,0.0
33,79.95,7.895752530400927,2,2.351470588235294,1,0.21457705266891292,0.11158342189160468,0,0.0,0.0,0.0,1.0,0.0,0.0,1.0,0.0,1.0,0.0,1.0,0.0,0.0,0.0
9,85.3,6.662366118720607,2,8.53,1,0.21599574392622806,0.44104447164422683,0,0.0,0.0,0.0,1.0,0.0,0.0,1.0,0.0,0.0,0.0,1.0,1.0,0.0,0.0
72,19.7,7.260452321551646,0,0.26986301369863014,1,0.21599574392622806,0.021602160216021602,0,1.0,1.0,0.0,1.0,0.0,0.0,0.0,1.0,0.0,1.0,0.0,1.0,0.0,0.0
6,49.5,5.748437115196633,1,7.071428571428571,1,0.21599574392622806,0.44104447164422683,0,1.0,0.0,0.0,1.0,0.0,0.0,0.0,0.0,0.0,0.0,1.0,1.0,0.0,0.0
5,68.95,5.8650506222523235,0,11.491666666666667,0,0.3435006206774251,0.42984953233021556,0,0.0,1.0,0.0,1.0,0.0,0.0,1.0,0.0,0.0,0.0,1.0,0.0,1.0,0.0
40,24.6,6.882386187631596,0,0.6000000000000001,0,0.22592658272743393,0.027827648114901255,0,1.0,0.0,0.0,1.0,0.0,1.0,0.0,1.0,0.0,1.0,1.0,0.0,0.0,1.0
49,66.15,8.070906088787819,2,1.3230000000000002,1,0.21457705266891292,0.03211009174311927,0,1.0,0.0,0.0,1.0,0.0,1.0,0.0,0.0,0.0,1.0,1.0,0.0,0.0,0.0
45,108.45,8.510309553449911,5,2.357608695652174,1,0.21599574392622806,0.44104447164422683,0,1.0,0.0,0.0,1.0,0.0,1.0,1.0,0.0,0.0,0.0,1.0,1.0,0.0,0.0
42,99.0,8.327484416188264,4,2.302325581395349,1,0.21599574392622806,0.03211009174311927,0,0.0,1.0,0.0,1.0,0.0,0.0,1.0,0.0,0.0,1.0,1.0,1.0,0.0,0.0
25,54.2,7.261330423503012,4,2.0846153846153848,0,0.3435006206774251,0.11158342189160468,0,0.0,0.0,0.0,0.0,1.0,0.0,0.0,0.0,1.0,0.0,0.0,0.0,1.0,0.0
18,20.45,5.8805329864007,0,1.0763157894736841,0,0.22592658272743393,0.4231860559383867,0,0.0,1.0,1.0,1.0,0.0,0.0,0.0,1.0,0.0,0.0,0.0,0.0,0.0,1.0
29,48.95,7.188941297690216,1,1.6316666666666668,1,0.21457705266891292,0.42984953233021556,0,1.0,0.0,0.0,1.0,0.0,0.0,0.0,0.0,0.0,0.0,0.0,0.0,0.0,0.0
64,24.4,7.3457843779635645,0,0.37538461538461537,1,0.21457705266891292,0.03211009174311927,1,1.0,1.0,1.0,1.0,0.0,1.0,0.0,1.0,0.0,1.0,1.0,0.0,0.0,0.0
4,65.55,5.473110656921199,2,13.11,0,0.22592658272743393,0.431938236489232,0,1.0,0.0,0.0,1.0,0.0,1.0,0.0,0.0,0.0,0.0,0.0,0.0,0.0,1.0
57,53.75,8.069968149059841,4,0.9267241379310345,0,0.3435006206774251,0.42851340373679936,0,1.0,0.0,0.0,0.0,1.0,0.0,0.0,0.0,0.0,0.0,1.0,0.0,1.0,0.0
26,95.0,7.823325751531809,3,3.5185185185185186,0,0.3435006206774251,0.431938236489232,1,0.0,0.0,0.0,1.0,0.0,1.0,1.0,0.0,0.0,0.0,1.0,0.0,1.0,0.0
36,95.4,8.153407310299562,2,2.5783783783783787,0,0.3435006206774251,0.44104447164422683,0,1.0,1.0,0.0,1.0,0.0,1.0,1.0,0.0,0.0,0.0,1.0,0.0,1.0,0.0
29,66.1,7.556506377239256,2,2.203333333333333,0,0.3435006206774251,0.42984953233021556,0,0.0,0.0,0.0,1.0,0.0,1.0,0.0,0.0,0.0,0.0,1.0,0.0,1.0,0.0
26,44.45,7.077329262953589,3,1.6462962962962964,1,0.21599574392622806,0.431938236489232,0,0.0,0.0,0.0,0.0,1.0,0.0,0.0,0.0,0.0,0.0,1.0,1.0,0.0,0.0
1,25.35,3.2714682749873716,0,12.675,0,0.22592658272743393,0.42851340373679936,0,1.0,0.0,0.0,0.0,1.0,0.0,0.0,0.0,0.0,0.0,0.0,0.0,0.0,1.0
35,54.95,7.558516743045645,2,1.526388888888889,1,0.21457705266891292,0.10683760683760683,0,0.0,1.0,1.0,1.0,0.0,0.0,0.0,0.0,1.0,0.0,1.0,0.0,0.0,0.0
9,50.1,6.184251978407293,1,5.01,0,0.3435006206774251,0.42984953233021556,0,1.0,0.0,1.0,1.0,0.0,0.0,0.0,0.0,0.0,0.0,1.0,0.0,1.0,0.0
8,66.65,6.2575717978543075,3,7.405555555555556,0,0.3435006206774251,0.42851340373679936,0,1.0,0.0,0.0,1.0,0.0,0.0,0.0,0.0,0.0,0.0,1.0,0.0,1.0,0.0
44,54.05,7.773257852024187,5,1.201111111111111,1,0.21599574392622806,0.03211009174311927,0,1.0,1.0,1.0,0.0,1.0,0.0,0.0,0.0,0.0,1.0,1.0,1.0,0.0,0.0
11,20.1,5.404252716956705,0,1.675,1,0.21599574392622806,0.42851340373679936,0,0.0,0.0,1.0,1.0,0.0,0.0,0.0,1.0,0.0,0.0,0.0,1.0,0.0,0.0
1,54.9,4.023564380161053,2,27.45,0,0.3435006206774251,0.4231860559383867,0,0.0,0.0,0.0,1.0,0.0,0.0,0.0,0.0,0.0,0.0,1.0,0.0,1.0,0.0
68,105.3,8.89571866426845,4,1.526086956521739,0,0.3435006206774251,0.431938236489232,1,1.0,1.0,0.0,1.0,0.0,1.0,1.0,0.0,0.0,0.0,1.0,0.0,1.0,0.0
31,93.8,8.013177659578796,3,2.93125,0,0.3435006206774251,0.42984953233021556,0,1.0,1.0,0.0,1.0,0.0,1.0,1.0,0.0,0.0,0.0,0.0,0.0,1.0,0.0
58,19.15,6.943604931875834,0,0.32457627118644067,1,0.21457705266891292,0.03211009174311927,0,1.0,0.0,0.0,1.0,0.0,0.0,0.0,1.0,0.0,1.0,1.0,0.0,0.0,0.0
7,99.25,6.501965118050027,3,12.40625,0,0.3435006206774251,0.42851340373679936,1,1.0,1.0,0.0,1.0,0.0,1.0,1.0,0.0,0.0,0.0,1.0,0.0,1.0,0.0
36,94.8,8.179382058873774,3,2.562162162162162,1,0.21599574392622806,0.42984953233021556,0,0.0,0.0,0.0,1.0,0.0,0.0,1.0,0.0,0.0,0.0,1.0,1.0,0.0,0.0
3,19.55,4.127940511650616,0,4.8875,0,0.3435006206774251,0.42851340373679936,0,0.0,0.0,0.0,1.0,0.0,0.0,0.0,1.0,0.0,0.0,0.0,0.0,1.0,0.0
1,86.05,4.466482666214198,1,43.025,0,0.3435006206774251,0.42851340373679936,1,1.0,1.0,0.0,1.0,0.0,1.0,1.0,0.0,0.0,0.0,1.0,0.0,1.0,0.0
13,19.85,5.53338948872752,0,1.417857142857143,0,0.22592658272743393,0.431938236489232,0,1.0,1.0,1.0,1.0,0.0,0.0,0.0,1.0,0.0,0.0,1.0,0.0,0.0,1.0
1,20.45,3.065724645374026,0,10.225,0,0.22592658272743393,0.021602160216021602,0,1.0,0.0,0.0,1.0,0.0,0.0,0.0,1.0,0.0,1.0,0.0,0.0,0.0,1.0
18,71.1,7.129898329962764,0,3.7421052631578946,0,0.3435006206774251,0.42984953233021556,0,0.0,0.0,0.0,1.0,0.0,0.0,1.0,0.0,0.0,0.0,1.0,0.0,1.0,0.0
1,77.15,4.358630056867486,0,38.575,0,0.3435006206774251,0.42984953233021556,0,0.0,0.0,0.0,1.0,0.0,1.0,1.0,0.0,0.0,0.0,1.0,0.0,1.0,0.0
66,103.15,8.858269100571052,5,1.5395522388059701,1,0.21457705266891292,0.11158342189160468,0,1.0,1.0,1.0,1.0,0.0,0.0,1.0,0.0,1.0,0.0,1.0,0.0,0.0,0.0
2,45.35,4.505349850705881,0,15.116666666666667,0,0.3435006206774251,0.431938236489232,0,1.0,0.0,0.0,1.0,0.0,0.0,0.0,0.0,0.0,0.0,0.0,0.0,1.0,0.0
1,19.1,3.0007198150650303,0,9.55,0,0.22592658272743393,0.4231860559383867,0,1.0,0.0,0.0,1.0,0.0,0.0,0.0,1.0,0.0,0.0,0.0,0.0,0.0,1.0
72,109.2,8.950591185210456,5,1.4958904109589042,1,0.21457705266891292,0.03211009174311927,0,0.0,1.0,1.0,1.0,0.0,1.0,1.0,0.0,0.0,1.0,1.0,0.0,0.0,0.0
3,69.65,5.3986150878634005,0,17.4125,0,0.3435006206774251,0.4231860559383867,0,1.0,0.0,1.0,1.0,0.0,0.0,1.0,0.0,0.0,0.0,0.0,0.0,1.0,0.0
