customerID,gender,SeniorCitizen,Partner,Dependents,tenure,PhoneService,MultipleLines,InternetService,OnlineSecurity,OnlineBackup,DeviceProtection,TechSupport,StreamingTV,StreamingMovies,Contract,PaperlessBilling,PaymentMethod,MonthlyCharges,TotalCharges
3594-BDSOA,Female,0,Yes,No,24,Yes,No,No,No internet service,No internet service,No internet service,No internet service,No internet service,No internet service,One Year,No,Credit Card (Automatic),20.4,482.8
6371-NZYEG,Male,0,Yes,Yes,16,Yes,No,Dsl,Yes,No,Yes,No,Yes,No,Two Year,No,Mailed Check,64.25,1024.0
6418-HNFED,Male,0,Yes,No,51,Yes,No,Dsl,Yes,Yes,Yes,Yes,Yes,Yes,Two Year,Yes,Credit Card (Automatic),83.25,4089.45
4881-GQJTW,Male,0,No,No,14,Yes,No,No,No internet service,No internet service,No internet service,No internet service,No internet service,No internet service,Month-To-Month,No,Credit Card (Automatic),19.6,300.4
8069-YQQAJ,Male,0,No,No,14,No,No phone service,Dsl,No,Yes,No,No,No,No,Month-To-Month,Yes,Mailed Check,31.1,419.7
9356-AXGMP,Male,0,Yes,No,38,Yes,Yes,Fiber Optic,Yes,No,Yes,Yes,Yes,Yes,One Year,Yes,Electronic Check,110.7,4428.6
7515-LODFU,Male,1,No,No,69,Yes,No,No,No internet service,No internet service,No internet service,No internet service,No internet service,No internet service,Two Year,No,Credit Card (Automatic),20.3,1356.3
0280-XJGEX,Male,0,No,No,49,Yes,Yes,Fiber Optic,No,Yes,Yes,No,Yes,Yes,Month-To-Month,Yes,Bank Transfer (Automatic),103.7,5036.3
8148-WOCMK,Male,0,Yes,Yes,8,Yes,No,No,No internet service,No internet service,No internet service,No internet service,No internet service,No internet service,Two Year,No,Credit Card (Automatic),19.6,125.0
8630-FJLIB,Female,0,No,No,18,Yes,No,Fiber Optic,No,No,No,No,No,No,Month-To-Month,Yes,Electronic Check,69.8,1221.65
3489-HHPFY,Female,0,Yes,No,2,Yes,Yes,Fiber Optic,No,No,No,No,Yes,No,Month-To-Month,Yes,Electronic Check,84.05,134.05
5451-MHQOF,Male,0,Yes,Yes,56,Yes,Yes,No,No internet service,No internet service,No internet service,No internet service,No internet service,No internet service,One Year,Yes,Mailed Check,20.15,1431.65
8058-INTPH,Female,0,No,No,1,Yes,No,Fiber Optic,No,No,No,No,Yes,No,Month-To-Month,Yes,Electronic Check,79.65,79.65
0215-BQKGS,Male,0,No,No,30,Yes,No,Fiber Optic,Yes,Yes,Yes,No,No,No,Month-To-Month,Yes,Credit Card (Automatic),84.3,2438.6
5568-DMXZS,Female,0,No,No,8,Yes,No,Dsl,No,Yes,No,Yes,Yes,No,Month-To-Month,Yes,Electronic Check,65.45,554.45
2137-DQMEV,Male,0,Yes,Yes,68,No,No phone service,Dsl,Yes,Yes,No,No,Yes,No,One Year,No,Mailed Check,56.05,2983.65
7445-WMRBW,Female,0,No,No,48,Yes,Yes,Dsl,No,Yes,Yes,Yes,Yes,No,One Year,Yes,Bank Transfer (Automatic),73.85,3581.4
0114-RSRRW,Female,0,Yes,No,10,Yes,No,No,No internet service,No internet service,No internet service,No internet service,No internet service,No internet service,Month-To-Month,Yes,Bank Transfer (Automatic),19.95,187.75
2038-YSEZE,Female,0,No,No,29,Yes,Yes,Dsl,Yes,Yes,No,Yes,No,No,Month-To-Month,No,Mailed Check,67.45,1801.1
2595-KIWPV,Male,0,No,Yes,27,Yes,No,No,No internet service,No internet service,No internet service,No internet service,No internet service,No internet service,Two Year,No,Credit Card (Automatic),19.7,509.3
0756-MPZRL,Male,0,No,No,46,No,No phone service,Dsl,No,No,Yes,Yes,No,No,One Year,No,Credit Card (Automatic),33.7,1537.85
4525-VZCZG,Male,0,No,Yes,54,Yes,No,Fiber Optic,Yes,Yes,No,Yes,Yes,Yes,One Year,Yes,Electronic Check,105.85,5826.65
1932-UEDCX,Male,1,Yes,No,33,Yes,Yes,Fiber Optic,No,Yes,No,No,Yes,Yes,Month-To-Month,Yes,Bank Transfer (Automatic),100.6,3270.25
0129-KPTWJ,Male,0,Yes,No,72,Yes,No,Fiber Optic,No,No,Yes,No,Yes,Yes,Month-To-Month,Yes,Electronic Check,94.65,6747.35
8417-FMLZI,Male,0,Yes,Yes,6,Yes,No,Fiber Optic,No,Yes,No,No,No,Yes,Month-To-Month,Yes,Credit Card (Automatic),83.55,477.55
1403-LKLIK,Female,0,Yes,Yes,33,Yes,No,No,No internet service,No internet service,No internet service,No internet service,No internet service,No internet service,One Year,No,Mailed Check,20.1,579.4
7789-HKSBS,Female,1,Yes,No,42,Yes,Yes,Fiber Optic,Yes,No,Yes,No,Yes,Yes,One Year,Yes,Bank Transfer (Automatic),105.2,4599.15
5138-WVKYJ,Male,0,No,No,10,Yes,Yes,Fiber Optic,Yes,No,No,No,Yes,Yes,Month-To-Month,No,Electronic Check,98.55,1008.55
6647-ZEDXT,Female,0,No,No,30,Yes,Yes,Fiber Optic,No,Yes,Yes,Yes,Yes,Yes,One Year,No,Credit Card (Automatic),110.45,3327.05
0634-SZPQA,Female,0,No,No,23,Yes,Yes,Fiber Optic,Yes,No,No,No,Yes,No,Month-To-Month,Yes,Bank Transfer (Automatic),90.05,2169.8
9705-ZJBCG,Female,0,Yes,Yes,13,Yes,No,Dsl,Yes,No,No,Yes,No,No,One Year,No,Bank Transfer (Automatic),54.15,701.05
2800-VEQXM,Female,0,No,No,3,Yes,No,Fiber Optic,No,No,Yes,No,No,No,Month-To-Month,Yes,Mailed Check,74.75,238.1
0907-HQNTS,Female,1,Yes,No,70,Yes,Yes,Fiber Optic,Yes,Yes,Yes,Yes,Yes,Yes,Two Year,Yes,Credit Card (Automatic),113.0,7987.6
1414-YADCW,Male,0,Yes,No,70,Yes,No,Fiber Optic,Yes,Yes,No,Yes,No,No,Two Year,No,Bank Transfer (Automatic),84.6,5706.2
4468-KAZHE,Female,1,Yes,No,20,Yes,No,Dsl,No,Yes,No,No,No,Yes,Month-To-Month,Yes,Electronic Check,60.0,1259.35
5687-DKDTV,Female,0,No,No,4,Yes,No,No,No internet service,No internet service,No internet service,No internet service,No internet service,No internet service,Month-To-Month,No,Mailed Check,20.35,77.5
0495-ZBNGW,Male,1,Yes,No,5,Yes,Yes,Fiber Optic,No,No,Yes,No,No,No,Month-To-Month,Yes,Bank Transfer (Automatic),79.9,343.95
8819-IMISP,Male,0,No,No,31,Yes,Yes,Fiber Optic,No,Yes,No,No,No,No,Month-To-Month,Yes,Electronic Check,80.45,2429.1
3174-AKMAS,Female,0,Yes,No,46,Yes,No,Dsl,No,Yes,No,Yes,Yes,No,Two Year,Yes,Credit Card (Automatic),64.2,3009.5
1816-FLZDK,Male,0,No,No,1,No,No phone service,Dsl,No,No,No,Yes,No,No,Month-To-Month,No,Mailed Check,29.15,29.15
5820-PTRYM,Female,1,Yes,No,56,Yes,Yes,Dsl,Yes,Yes,Yes,Yes,No,No,One Year,Yes,Credit Card (Automatic),68.45,4014.0
5168-MSWXT,Male,0,Yes,Yes,8,Yes,No,Fiber Optic,No,No,Yes,No,Yes,Yes,Month-To-Month,Yes,Electronic Check,94.75,759.55
7872-BAAZR,Female,0,Yes,Yes,53,Yes,No,No,No internet service,No internet service,No internet service,No internet service,No internet service,No internet service,One Year,No,Bank Transfer (Automatic),19.55,1007.9
8434-VGEQQ,Male,0,Yes,Yes,61,Yes,No,No,No internet service,No internet service,No internet service,No internet service,No internet service,No internet service,Two Year,No,Credit Card (Automatic),20.55,1305.95
3259-FDWOY,Male,0,Yes,Yes,71,Yes,Yes,Fiber Optic,No,Yes,Yes,No,Yes,Yes,Two Year,Yes,Bank Transfer (Automatic),106.0,7723.7
0781-LKXBR,Male,1,No,No,9,Yes,Yes,Fiber Optic,No,No,Yes,No,Yes,Yes,Month-To-Month,Yes,Electronic Check,100.5,918.6
9658-WYUFB,Female,0,No,No,17,Yes,Yes,Fiber Optic,Yes,Yes,No,No,Yes,No,Month-To-Month,Yes,Electronic Check,94.4,1617.5
2672-TGEFF,Female,0,Yes,Yes,37,Yes,Yes,Fiber Optic,No,Yes,No,No,Yes,No,Month-To-Month,Yes,Electronic Check,88.8,3340.55
8184-WMOFI,Male,0,Yes,Yes,62,Yes,No,Dsl,Yes,No,Yes,Yes,No,Yes,One Year,No,Credit Card (Automatic),71.4,4487.3
2990-OGYTD,Female,0,Yes,No,67,Yes,Yes,Dsl,No,Yes,Yes,Yes,Yes,Yes,Two Year,No,Bank Transfer (Automatic),86.15,5883.85
1950-KSVVJ,Female,0,Yes,No,45,Yes,Yes,Fiber Optic,Yes,Yes,Yes,Yes,Yes,Yes,One Year,No,Mailed Check,113.3,5032.25
5510-BOIUJ,Male,0,No,Yes,1,Yes,No,No,No internet service,No internet service,No internet service,No internet service,No internet service,No internet service,Month-To-Month,No,Mailed Check,19.25,19.25
3902-FOIGH,Male,1,Yes,No,12,Yes,Yes,Fiber Optic,No,Yes,No,No,Yes,Yes,Month-To-Month,Yes,Electronic Check,101.35,1218.55
6275-YDUVO,Female,0,No,No,2,Yes,No,Fiber Optic,No,No,Yes,No,No,Yes,Month-To-Month,Yes,Mailed Check,86.2,178.7
1744-JHKYS,Female,0,Yes,No,34,Yes,Yes,No,No internet service,No internet service,No internet service,No internet service,No internet service,No internet service,Month-To-Month,No,Electronic Check,24.7,780.2
4452-QIIEB,Male,0,No,No,7,Yes,No,Dsl,No,No,No,No,No,No,Month-To-Month,No,Mailed Check,43.9,278.4
2068-WWXQZ,Male,0,No,No,46,Yes,No,No,No internet service,No internet service,No internet service,No internet service,No internet service,No internet service,Two Year,No,Bank Transfer (Automatic),20.05,902.0
8218-FFJDS,Female,0,Yes,No,72,Yes,Yes,Dsl,Yes,Yes,No,Yes,Yes,Yes,Two Year,Yes,Bank Transfer (Automatic),86.4,6058.95
2511-MORQY,Male,0,Yes,Yes,50,Yes,Yes,Dsl,No,No,Yes,No,No,No,One Year,No,Bank Transfer (Automatic),54.9,2614.1
6474-FVJLC,Male,0,No,No,2,Yes,Yes,Fiber Optic,No,No,No,No,No,Yes,Month-To-Month,Yes,Electronic Check,86.0,165.45
4029-HPFVY,Male,0,No,No,3,Yes,No,Fiber Optic,No,No,No,No,No,No,Month-To-Month,Yes,Mailed Check,70.3,220.4
1568-BEKZM,Male,1,Yes,No,70,Yes,Yes,Dsl,Yes,Yes,Yes,Yes,Yes,Yes,Two Year,No,Credit Card (Automatic),90.05,6333.4
6848-YLDFR,Male,0,Yes,Yes,58,Yes,No,Dsl,No,Yes,No,Yes,Yes,Yes,One Year,Yes,Credit Card (Automatic),75.2,4300.8
7621-VPNET,Female,0,Yes,No,42,Yes,Yes,Fiber Optic,No,No,Yes,Yes,No,No,Month-To-Month,Yes,Credit Card (Automatic),85.9,3729.75
8231-BSWXX,Male,0,No,No,71,Yes,Yes,Fiber Optic,No,Yes,No,No,No,No,One Year,Yes,Credit Card (Automatic),79.05,5552.5
1569-TTNYJ,Male,0,Yes,No,5,Yes,Yes,Fiber Optic,No,Yes,No,No,No,No,Month-To-Month,Yes,Electronic Check,78.75,412.1
5294-IMHHT,Male,0,Yes,No,53,Yes,Yes,Fiber Optic,No,Yes,No,Yes,No,Yes,One Year,No,Bank Transfer (Automatic),97.75,5043.2
2947-DOMLJ,Male,0,No,Yes,1,Yes,No,Dsl,Yes,No,No,No,No,No,Month-To-Month,No,Mailed Check,50.6,50.6
5010-IPEAQ,Female,0,Yes,Yes,67,No,No phone service,Dsl,Yes,Yes,Yes,Yes,Yes,No,Two Year,No,Credit Card (Automatic),54.2,3623.95
0670-ANMUU,Male,0,No,No,71,Yes,Yes,Fiber Optic,Yes,No,No,Yes,No,Yes,One Year,No,Credit Card (Automatic),97.65,6687.85
9927-DSWDF,Male,0,Yes,No,22,Yes,No,Fiber Optic,Yes,Yes,No,Yes,Yes,Yes,Month-To-Month,Yes,Electronic Check,91.65,2180.55
0917-EZOLA,Male,1,Yes,No,72,Yes,Yes,Fiber Optic,No,Yes,Yes,No,Yes,Yes,Two Year,Yes,Bank Transfer (Automatic),104.15,7689.95
6969-MVBAI,Female,1,No,No,9,Yes,Yes,Fiber Optic,No,No,Yes,No,Yes,No,Month-To-Month,Yes,Electronic Check,90.1,816.8
8041-TMEID,Male,1,Yes,No,63,Yes,Yes,Fiber Optic,Yes,Yes,Yes,No,Yes,Yes,Two Year,No,Credit Card (Automatic),108.5,6991.9
2074-GKOWZ,Male,0,Yes,Yes,2,Yes,No,Fiber Optic,No,No,No,No,Yes,Yes,Month-To-Month,Yes,Bank Transfer (Automatic),89.55,185.55
8189-HBVRW,Female,0,No,No,53,Yes,Yes,Fiber Optic,Yes,Yes,Yes,No,No,No,Month-To-Month,No,Electronic Check,90.8,4921.2
6621-NRZAK,Female,0,Yes,Yes,63,Yes,No,No,No internet service,No internet service,No internet service,No internet service,No internet service,No internet service,Two Year,No,Credit Card (Automatic),20.0,1209.25
4359-INNWN,Female,0,No,No,17,Yes,No,No,No internet service,No internet service,No internet service,No internet service,No internet service,No internet service,One Year,No,Credit Card (Automatic),20.05,337.9
4742-TXUEX,Female,0,Yes,Yes,47,Yes,No,No,No internet service,No internet service,No internet service,No internet service,No internet service,No internet service,Two Year,No,Bank Transfer (Automatic),19.3,890.5
7206-GZCDC,Female,1,No,No,1,Yes,No,Fiber Optic,No,No,No,No,No,No,Month-To-Month,Yes,Electronic Check,69.25,69.25
4283-FUTGF,Male,1,No,No,19,Yes,Yes,Fiber Optic,No,No,Yes,No,No,No,Month-To-Month,Yes,Electronic Check,79.85,1471.75
9786-IJYDL,Female,0,No,No,35,Yes,Yes,Fiber Optic,Yes,Yes,Yes,Yes,Yes,Yes,Two Year,Yes,Mailed Check,113.2,3914.05
5183-SNMJQ,Male,0,No,No,10,Yes,No,Fiber Optic,No,No,No,Yes,Yes,Yes,Month-To-Month,Yes,Credit Card (Automatic),95.1,865.1
2528-HFYZX,Male,1,Yes,No,17,Yes,No,Fiber Optic,No,Yes,No,No,No,No,Month-To-Month,Yes,Electronic Check,76.45,1233.4
3005-NFMTA,Male,1,No,No,55,Yes,Yes,Fiber Optic,Yes,No,No,No,Yes,Yes,Month-To-Month,Yes,Electronic Check,98.8,5617.75
3272-VUHPV,Female,0,Yes,Yes,8,Yes,No,Dsl,No,Yes,No,Yes,No,No,Month-To-Month,No,Bank Transfer (Automatic),56.3,401.5
5429-LWCMV,Female,0,No,No,12,Yes,Yes,Fiber Optic,No,Yes,No,No,No,Yes,Month-To-Month,Yes,Electronic Check,89.15,1057.55
3716-LRGXK,Male,0,Yes,No,60,Yes,Yes,Fiber Optic,No,No,Yes,No,Yes,Yes,Two Year,No,Credit Card (Automatic),101.15,6067.4
0347-UBKUZ,Female,0,No,No,15,Yes,No,No,No internet service,No internet service,No internet service,No internet service,No internet service,No internet service,Month-To-Month,No,Mailed Check,19.9,320.45
7839-NUIAA,Female,0,Yes,Yes,61,Yes,Yes,Dsl,Yes,Yes,No,No,No,No,Month-To-Month,No,Electronic Check,59.8,3641.5
4737-AQCPU,Male,0,Yes,Yes,72,Yes,Yes,Dsl,Yes,Yes,Yes,Yes,No,No,Two Year,No,Credit Card (Automatic),72.1,5016.65
4553-DVPZG,Female,0,Yes,No,62,Yes,Yes,Fiber Optic,No,No,Yes,No,Yes,Yes,Month-To-Month,Yes,Electronic Check,101.35,6164.7
9992-RRAMN,Male,0,Yes,No,22,Yes,Yes,Fiber Optic,No,No,No,No,No,Yes,Month-To-Month,Yes,Electronic Check,85.1,1873.7
3413-CSSTH,Male,0,No,No,41,Yes,Yes,Dsl,No,No,Yes,No,No,No,Month-To-Month,Yes,Bank Transfer (Automatic),55.7,2237.55
9378-FXTIZ,Female,0,Yes,No,54,Yes,Yes,Dsl,No,No,No,No,Yes,Yes,One Year,Yes,Credit Card (Automatic),70.15,3715.65
6418-PIQSP,Female,0,Yes,No,62,Yes,No,Dsl,Yes,No,Yes,Yes,Yes,Yes,Two Year,No,Mailed Check,81.0,4985.9
6341-JVQGF,Female,0,Yes,Yes,31,Yes,No,Dsl,Yes,No,Yes,Yes,Yes,Yes,One Year,Yes,Mailed Check,81.15,2545.75
1135-LMECX,Female,0,No,No,1,Yes,No,No,No internet service,No internet service,No internet service,No internet service,No internet service,No internet service,Month-To-Month,No,Mailed Check,19.85,19.85
5883-GTGVD,Male,0,No,No,19,Yes,Yes,Fiber Optic,No,Yes,No,No,Yes,Yes,Month-To-Month,Yes,Electronic Check,99.95,1931.75
1193-RTSLK,Female,0,No,No,38,Yes,No,Fiber Optic,Yes,Yes,Yes,No,No,No,Month-To-Month,Yes,Credit Card (Automatic),83.9,3233.6
2478-EEWWM,Male,0,Yes,No,59,No,No phone service,Dsl,No,No,No,No,Yes,Yes,Month-To-Month,Yes,Electronic Check,44.3,2666.75
2155-AMQRX,Female,0,No,No,28,Yes,Yes,Dsl,No,No,No,Yes,No,No,Month-To-Month,Yes,Credit Card (Automatic),54.9,1505.15
4832-VRBMR,Male,1,Yes,No,65,Yes,Yes,Fiber Optic,No,Yes,Yes,No,Yes,Yes,One Year,Yes,Bank Transfer (Automatic),103.15,6792.45
2770-NSVDG,Male,0,Yes,No,24,No,No phone service,Dsl,No,No,Yes,No,No,No,Month-To-Month,No,Electronic Check,29.1,688.0
0230-UBYPQ,Male,1,Yes,No,63,No,No phone service,Dsl,Yes,No,No,Yes,No,No,One Year,No,Bank Transfer (Automatic),36.1,2298.9
1965-DDBWU,Male,0,No,No,16,Yes,Yes,Fiber Optic,No,No,No,Yes,No,Yes,Month-To-Month,Yes,Credit Card (Automatic),89.05,1448.6
8390-FESFV,Female,0,No,No,62,Yes,Yes,Dsl,No,Yes,Yes,Yes,Yes,Yes,Two Year,No,Bank Transfer (Automatic),84.5,5193.2
4213-HKBJO,Female,0,No,No,33,Yes,Yes,No,No internet service,No internet service,No internet service,No internet service,No internet service,No internet service,Two Year,No,Credit Card (Automatic),25.7,826.1
5296-BFCYD,Male,0,Yes,Yes,46,Yes,No,No,No internet service,No internet service,No internet service,No internet service,No internet service,No internet service,Two Year,Yes,Mailed Check,20.1,936.85
4774-HHGGS,Male,0,Yes,No,30,Yes,No,No,No internet service,No internet service,No internet service,No internet service,No internet service,No internet service,Two Year,No,Mailed Check,19.05,637.55
4298-OYIFC,Male,0,Yes,No,15,Yes,Yes,Fiber Optic,No,No,Yes,Yes,Yes,Yes,Month-To-Month,Yes,Electronic Check,103.45,1539.8
6000-UKLWI,Male,0,No,No,41,Yes,No,No,No internet service,No internet service,No internet service,No internet service,No internet service,No internet service,Two Year,No,Mailed Check,20.15,802.35
9896-UYMIE,Male,0,No,No,66,Yes,Yes,Fiber Optic,Yes,Yes,Yes,Yes,Yes,Yes,One Year,Yes,Bank Transfer (Automatic),114.3,7383.7
8495-LJDFO,Female,1,No,No,64,Yes,Yes,Fiber Optic,Yes,No,Yes,Yes,Yes,Yes,Month-To-Month,Yes,Bank Transfer (Automatic),108.95,7111.3
4088-YLDSU,Male,0,Yes,No,55,Yes,Yes,Fiber Optic,No,No,Yes,Yes,Yes,Yes,One Year,Yes,Electronic Check,104.15,5743.05
9092-GDZKO,Male,0,No,No,22,Yes,Yes,No,No internet service,No internet service,No internet service,No internet service,No internet service,No internet service,Month-To-Month,Yes,Credit Card (Automatic),24.85,493.4
6199-IPCAO,Female,0,Yes,Yes,29,Yes,Yes,No,No internet service,No internet service,No internet service,No internet service,No internet service,No internet service,Two Year,No,Mailed Check,26.1,692.55
6891-JPYFF,Female,0,Yes,Yes,48,Yes,Yes,Fiber Optic,Yes,Yes,No,No,Yes,Yes,Month-To-Month,Yes,Credit Card (Automatic),105.25,4997.5
4644-PIZRT,Male,0,Yes,Yes,17,Yes,Yes,Dsl,Yes,No,Yes,No,Yes,No,One Year,Yes,Bank Transfer (Automatic),70.35,1201.65
5067-DGXLL,Male,0,No,No,2,Yes,No,No,No internet service,No internet service,No internet service,No internet service,No internet service,No internet service,Month-To-Month,No,Mailed Check,20.25,36.8
3787-TRIAL,Male,0,Yes,Yes,21,No,No phone service,Dsl,No,No,No,No,No,No,Month-To-Month,Yes,Electronic Check,26.05,565.75
7636-OWBPG,Male,1,No,No,12,No,No phone service,Dsl,No,Yes,No,No,No,No,Month-To-Month,Yes,Credit Card (Automatic),29.35,381.2
8174-TBVCF,Female,0,Yes,No,70,Yes,Yes,Dsl,Yes,Yes,Yes,Yes,Yes,Yes,Two Year,Yes,Credit Card (Automatic),94.8,6859.05
0186-CAERR,Male,0,No,No,71,Yes,Yes,Fiber Optic,Yes,Yes,Yes,Yes,Yes,Yes,One Year,Yes,Bank Transfer (Automatic),116.3,8309.55
8092-NLTGF,Male,0,No,No,72,Yes,Yes,No,No internet service,No internet service,No internet service,No internet service,No internet service,No internet service,Two Year,No,Bank Transfer (Automatic),24.75,1777.6
0793-TWELN,Female,0,No,No,4,Yes,Yes,Fiber Optic,Yes,No,No,No,No,No,Month-To-Month,Yes,Electronic Check,80.15,319.85
8229-TNIQA,Female,0,No,No,4,Yes,No,Dsl,No,No,No,No,No,No,Month-To-Month,Yes,Mailed Check,45.3,196.95
6204-IEUXJ,Female,0,No,No,3,Yes,No,Fiber Optic,No,No,Yes,Yes,No,No,Month-To-Month,No,Credit Card (Automatic),80.1,217.55
8079-XRJRS,Male,0,Yes,No,65,Yes,Yes,Fiber Optic,Yes,Yes,Yes,No,No,No,One Year,No,Electronic Check,89.75,5769.6
1544-JJMYL,Male,0,No,No,27,Yes,No,Dsl,Yes,No,Yes,Yes,Yes,No,One Year,No,Credit Card (Automatic),69.35,1927.3
3320-VEOYC,Male,1,No,No,14,Yes,Yes,Fiber Optic,No,No,No,No,Yes,Yes,Month-To-Month,Yes,Electronic Check,95.6,1273.3
9261-WDCAF,Male,0,No,No,3,Yes,No,Dsl,No,No,No,No,No,Yes,Month-To-Month,No,Mailed Check,54.65,189.1
6583-SZVGP,Male,0,No,No,48,Yes,Yes,Fiber Optic,No,Yes,Yes,No,Yes,Yes,Two Year,Yes,Bank Transfer (Automatic),108.1,5067.45
1335-NTIUC,Male,0,No,No,9,No,No phone service,Dsl,No,No,No,No,No,No,Month-To-Month,Yes,Electronic Check,24.95,190.25
0599-XNYDO,Female,0,Yes,No,20,Yes,No,Fiber Optic,No,No,No,No,No,No,Month-To-Month,Yes,Bank Transfer (Automatic),69.8,1540.35
8439-LTUGF,Male,0,No,No,10,Yes,No,No,No internet service,No internet service,No internet service,No internet service,No internet service,No internet service,Month-To-Month,Yes,Credit Card (Automatic),20.0,198.6
4647-XXZAM,Female,0,Yes,Yes,6,Yes,No,Dsl,No,No,No,No,No,No,Month-To-Month,No,Mailed Check,45.5,285.2
4652-NNHNY,Male,0,Yes,No,16,Yes,Yes,Fiber Optic,No,No,No,No,No,No,Month-To-Month,Yes,Bank Transfer (Automatic),73.85,1284.2
7969-AULMZ,Female,0,No,No,21,Yes,Yes,Fiber Optic,No,No,No,No,Yes,Yes,Month-To-Month,Yes,Electronic Check,97.35,2119.5
2758-RNWXS,Male,0,No,No,35,Yes,No,Fiber Optic,Yes,No,No,Yes,No,Yes,One Year,Yes,Electronic Check,89.2,3251.3
2672-DZUOY,Male,0,No,No,1,No,No phone service,Dsl,No,No,No,No,No,No,Month-To-Month,Yes,Electronic Check,25.15,25.15
5678-VFNEQ,Female,0,Yes,No,71,Yes,Yes,Fiber Optic,Yes,No,Yes,No,Yes,Yes,One Year,Yes,Credit Card (Automatic),104.1,7412.25
1452-UZOSF,Male,0,Yes,Yes,72,Yes,Yes,Fiber Optic,Yes,Yes,Yes,Yes,Yes,No,Two Year,Yes,Credit Card (Automatic),106.1,7548.6
4946-EDSEW,Female,0,Yes,Yes,11,Yes,No,No,No internet service,No internet service,No internet service,No internet service,No internet service,No internet service,Month-To-Month,Yes,Mailed Check,19.25,180.3
3251-YMVWZ,Male,0,No,No,53,Yes,Yes,No,No internet service,No internet service,No internet service,No internet service,No internet service,No internet service,One Year,No,Bank Transfer (Automatic),24.05,1301.9
1323-OOEPC,Female,0,Yes,No,53,Yes,Yes,Fiber Optic,No,Yes,No,No,Yes,Yes,Month-To-Month,Yes,Credit Card (Automatic),98.4,5149.5
8957-THMOA,Female,0,No,Yes,50,Yes,No,No,No internet service,No internet service,No internet service,No internet service,No internet service,No internet service,Two Year,No,Credit Card (Automatic),20.15,970.85
0876-WDUUZ,Female,0,No,No,5,Yes,No,Fiber Optic,No,No,No,Yes,No,Yes,Month-To-Month,Yes,Credit Card (Automatic),85.4,425.9
2709-UQGNP,Male,0,No,No,10,Yes,No,Dsl,Yes,No,No,No,No,No,Month-To-Month,Yes,Mailed Check,51.65,524.5
2682-KEVRP,Female,1,No,No,22,Yes,No,No,No internet service,No internet service,No internet service,No internet service,No internet service,No internet service,One Year,Yes,Mailed Check,20.05,417.0
3318-OSATS,Male,1,No,No,35,Yes,Yes,Fiber Optic,No,No,No,No,Yes,Yes,Month-To-Month,Yes,Electronic Check,95.45,3474.05
9185-TQCVP,Male,0,Yes,No,14,Yes,Yes,Fiber Optic,No,No,No,No,No,Yes,Month-To-Month,Yes,Electronic Check,91.65,1139.2
4641-FROLU,Female,0,Yes,Yes,30,Yes,No,No,No internet service,No internet service,No internet service,No internet service,No internet service,No internet service,Two Year,No,Mailed Check,19.3,602.9
3230-IUALN,Female,0,Yes,Yes,45,Yes,No,Dsl,Yes,No,Yes,Yes,Yes,Yes,Two Year,Yes,Mailed Check,81.0,3533.6
0851-DFJKB,Female,0,No,No,15,Yes,No,Dsl,Yes,No,Yes,Yes,No,No,Month-To-Month,No,Electronic Check,58.95,955.15
2580-ASVVY,Female,0,Yes,No,37,No,No phone service,Dsl,Yes,No,No,Yes,Yes,No,Two Year,No,Electronic Check,45.4,1593.1
8246-SHFGA,Male,0,No,No,17,Yes,No,No,No internet service,No internet service,No internet service,No internet service,No internet service,No internet service,Month-To-Month,No,Credit Card (Automatic),21.1,385.55
4816-LXZYW,Female,0,No,No,23,Yes,Yes,Fiber Optic,No,Yes,No,No,No,No,Month-To-Month,Yes,Electronic Check,79.15,1676.95
8910-LEDAG,Male,1,Yes,No,34,Yes,No,Fiber Optic,No,No,No,No,No,No,Month-To-Month,No,Credit Card (Automatic),71.55,2427.35
8229-MYEJZ,Female,0,No,No,10,Yes,No,Dsl,No,Yes,No,No,No,No,Month-To-Month,No,Electronic Check,51.2,498.25
5561-NWEVX,Female,1,Yes,No,2,Yes,Yes,Fiber Optic,No,No,Yes,No,No,No,Month-To-Month,No,Electronic Check,79.2,172.85
2479-BRAMR,Male,1,Yes,No,41,Yes,Yes,Fiber Optic,Yes,No,Yes,No,No,No,Month-To-Month,Yes,Bank Transfer (Automatic),83.75,3273.55
0856-NAOES,Male,0,No,No,6,Yes,No,Dsl,No,No,Yes,No,Yes,No,Month-To-Month,No,Mailed Check,60.9,414.1
6741-QRLUP,Female,0,No,No,63,Yes,Yes,Dsl,Yes,Yes,Yes,Yes,No,Yes,Two Year,Yes,Credit Card (Automatic),80.3,4995.35
8780-RSYYU,Female,0,No,No,25,Yes,No,No,No internet service,No internet service,No internet service,No internet service,No internet service,No internet service,Month-To-Month,Yes,Credit Card (Automatic),19.2,532.1
2364-UFROM,Male,0,No,No,30,Yes,No,Dsl,Yes,Yes,No,Yes,Yes,No,One Year,No,Electronic Check,70.4,2044.75
4873-ILOLJ,Male,0,No,No,24,Yes,No,Fiber Optic,No,No,No,No,Yes,Yes,Month-To-Month,Yes,Electronic Check,90.35,2238.5
1862-SKORY,Female,1,Yes,No,40,No,No phone service,Dsl,No,Yes,No,No,Yes,No,Month-To-Month,Yes,Electronic Check,39.3,1637.4
7130-YXBRO,Male,0,Yes,No,48,Yes,Yes,Fiber Optic,Yes,Yes,Yes,No,Yes,Yes,Month-To-Month,Yes,Bank Transfer (Automatic),111.45,5315.1
4143-HHPMK,Male,0,No,No,52,Yes,No,Fiber Optic,No,Yes,No,No,No,Yes,Month-To-Month,Yes,Electronic Check,85.35,4338.6
3086-RUCRN,Female,0,No,No,66,Yes,Yes,Fiber Optic,Yes,Yes,Yes,Yes,No,Yes,Month-To-Month,Yes,Bank Transfer (Automatic),103.1,6595.0
5063-IUOKK,Male,0,No,No,13,Yes,No,No,No internet service,No internet service,No internet service,No internet service,No internet service,No internet service,Two Year,No,Mailed Check,19.75,265.75
5569-IDSEY,Male,0,Yes,No,71,Yes,Yes,Fiber Optic,No,Yes,Yes,No,Yes,Yes,One Year,Yes,Bank Transfer (Automatic),105.7,7472.15
6230-BSUXY,Female,1,No,No,1,Yes,No,Fiber Optic,No,No,Yes,No,No,Yes,Month-To-Month,Yes,Electronic Check,85.0,85.0
4908-XAXAY,Female,1,No,No,49,Yes,No,Fiber Optic,No,Yes,Yes,No,No,Yes,One Year,Yes,Bank Transfer (Automatic),89.85,4287.2
4872-VXRIL,Male,0,No,No,56,Yes,Yes,Dsl,Yes,Yes,No,Yes,No,No,One Year,Yes,Bank Transfer (Automatic),64.65,3665.55
4627-MIHJH,Female,1,No,No,69,Yes,Yes,Fiber Optic,Yes,No,Yes,Yes,Yes,Yes,Two Year,No,Credit Card (Automatic),110.25,7467.55
6825-UYPFK,Female,0,No,No,23,Yes,Yes,Fiber Optic,No,No,No,No,No,No,Month-To-Month,No,Bank Transfer (Automatic),75.6,1758.6
1015-OWJKI,Male,0,No,No,1,Yes,No,No,No internet service,No internet service,No internet service,No internet service,No internet service,No internet service,Month-To-Month,No,Mailed Check,19.05,19.05
8708-XPXHZ,Female,0,Yes,Yes,42,Yes,Yes,Fiber Optic,No,No,No,No,Yes,Yes,Month-To-Month,Yes,Electronic Check,94.2,4186.3
4080-OGPJL,Female,0,No,No,8,Yes,Yes,Dsl,Yes,No,No,Yes,No,Yes,Month-To-Month,No,Electronic Check,71.15,563.65
7501-VTYLJ,Female,0,No,Yes,2,Yes,No,Dsl,No,Yes,No,No,No,No,Month-To-Month,No,Mailed Check,51.55,106.2
6278-FEPBZ,Female,0,No,No,9,Yes,No,No,No internet service,No internet service,No internet service,No internet service,No internet service,No internet service,Month-To-Month,No,Mailed Check,20.25,186.15
8805-JNRAZ,Female,0,No,No,2,Yes,No,Dsl,No,Yes,No,No,No,No,Month-To-Month,No,Mailed Check,49.2,103.7
2171-UDMFD,Male,0,Yes,Yes,32,Yes,No,No,No internet service,No internet service,No internet service,No internet service,No internet service,No internet service,Month-To-Month,Yes,Credit Card (Automatic),19.45,674.55
2812-SFXMJ,Male,0,No,Yes,1,Yes,No,No,No internet service,No internet service,No internet service,No internet service,No internet service,No internet service,Month-To-Month,No,Mailed Check,20.05,20.05
0378-NHQXU,Female,0,Yes,Yes,17,Yes,Yes,Fiber Optic,No,No,Yes,No,Yes,No,Month-To-Month,No,Electronic Check,88.25,1460.65
7083-YNSKY,Female,0,No,No,15,Yes,Yes,No,No internet service,No internet service,No internet service,No internet service,No internet service,No internet service,Month-To-Month,Yes,Credit Card (Automatic),25.4,399.6
3572-UUHRS,Male,0,No,No,45,Yes,No,No,No internet service,No internet service,No internet service,No internet service,No internet service,No internet service,One Year,No,Bank Transfer (Automatic),18.85,867.3
1400-MMYXY,Male,1,Yes,No,3,Yes,Yes,Fiber Optic,No,Yes,Yes,No,Yes,Yes,Month-To-Month,Yes,Electronic Check,105.9,334.65
8714-EUHJO,Female,0,Yes,Yes,31,Yes,Yes,Fiber Optic,No,Yes,No,No,No,Yes,Month-To-Month,Yes,Electronic Check,91.15,2995.45
4367-NUYAO,Male,0,Yes,Yes,0,Yes,Yes,No,No internet service,No internet service,No internet service,No internet service,No internet service,No internet service,Two Year,No,Mailed Check,25.75,0.0
8992-VONJD,Female,0,No,Yes,13,Yes,No,Dsl,Yes,Yes,No,No,No,No,Month-To-Month,Yes,Electronic Check,56.0,764.55
6439-GTPCA,Female,0,No,No,45,Yes,Yes,Fiber Optic,No,No,Yes,Yes,No,No,Month-To-Month,Yes,Electronic Check,87.25,3941.7
5312-UXESG,Female,0,No,No,41,Yes,Yes,Fiber Optic,No,No,Yes,No,Yes,Yes,Month-To-Month,No,Bank Transfer (Automatic),98.05,3990.6
4188-FRABG,Male,0,Yes,No,57,Yes,Yes,Fiber Optic,Yes,Yes,Yes,Yes,Yes,No,Month-To-Month,Yes,Electronic Check,103.05,5925.75
0386-CWRGM,Female,0,Yes,Yes,46,Yes,No,No,No internet service,No internet service,No internet service,No internet service,No internet service,No internet service,Two Year,No,Mailed Check,19.4,967.85
9498-FIMXL,Female,0,No,No,8,Yes,No,No,No internet service,No internet service,No internet service,No internet service,No internet service,No internet service,One Year,Yes,Mailed Check,19.2,161.95
6035-RIIOM,Female,0,No,No,54,Yes,Yes,Fiber Optic,No,Yes,No,No,Yes,Yes,Two Year,Yes,Bank Transfer (Automatic),97.2,5129.45
9544-PYPSJ,Female,1,Yes,Yes,62,Yes,Yes,Fiber Optic,No,Yes,Yes,No,No,Yes,Month-To-Month,Yes,Credit Card (Automatic),96.1,6019.35
0322-YINQP,Male,0,No,No,1,Yes,No,Dsl,Yes,No,No,No,No,No,Month-To-Month,Yes,Mailed Check,48.55,48.55
2466-FCCPT,Female,0,Yes,Yes,20,Yes,No,No,No internet service,No internet service,No internet service,No internet service,No internet service,No internet service,One Year,No,Bank Transfer (Automatic),19.7,395.6
0265-EDXBD,Male,1,Yes,No,32,Yes,Yes,Fiber Optic,No,No,No,No,No,No,Month-To-Month,Yes,Electronic Check,74.9,2303.35
1219-NNDDO,Female,0,No,No,9,Yes,Yes,Fiber Optic,No,No,No,No,No,No,Month-To-Month,Yes,Electronic Check,76.85,663.55
0942-KOWSM,Female,0,Yes,Yes,30,Yes,No,Dsl,No,Yes,Yes,Yes,Yes,Yes,Two Year,No,Bank Transfer (Automatic),56.05,2369.3
0895-DQHEW,Male,0,Yes,No,54,Yes,Yes,Fiber Optic,No,Yes,Yes,No,Yes,Yes,Month-To-Month,Yes,Electronic Check,104.3,5278.15
0432-CAJZV,Male,0,No,No,3,Yes,No,Fiber Optic,No,No,No,No,Yes,Yes,Month-To-Month,No,Mailed Check,90.7,237.65
3992-YWPKO,Female,0,No,No,6,Yes,Yes,Fiber Optic,No,Yes,Yes,Yes,Yes,Yes,Month-To-Month,Yes,Credit Card (Automatic),109.9,669.45
6419-ZTTLE,Male,1,Yes,No,23,Yes,No,No,No internet service,No internet service,No internet service,No internet service,No internet service,No internet service,One Year,Yes,Electronic Check,20.75,485.2
9060-HJJRW,Female,0,No,No,51,No,No phone service,Dsl,No,Yes,Yes,No,Yes,Yes,One Year,Yes,Credit Card (Automatic),56.4,2928.5
0233-FTHAV,Female,0,No,No,60,Yes,Yes,Fiber Optic,No,No,Yes,No,No,No,One Year,Yes,Electronic Check,79.2,4765.0
6923-JHPMP,Female,0,No,No,2,Yes,No,Fiber Optic,Yes,No,Yes,No,No,No,Month-To-Month,Yes,Electronic Check,80.45,137.1
1635-HDGFT,Female,0,No,Yes,19,Yes,No,No,No internet service,No internet service,No internet service,No internet service,No internet service,No internet service,Two Year,No,Mailed Check,20.5,398.55
8286-AFUYI,Male,0,No,No,1,Yes,No,Dsl,Yes,No,No,No,No,No,Month-To-Month,No,Electronic Check,47.95,47.95
8378-LKJAF,Male,0,Yes,Yes,38,Yes,Yes,Fiber Optic,No,No,Yes,No,Yes,Yes,Month-To-Month,Yes,Credit Card (Automatic),101.15,3956.7
5373-SFODM,Male,1,Yes,No,36,Yes,Yes,Fiber Optic,No,No,No,No,No,Yes,Month-To-Month,Yes,Credit Card (Automatic),85.25,3132.75
7861-UVUFT,Female,0,Yes,No,15,Yes,No,Fiber Optic,No,No,Yes,No,Yes,No,Month-To-Month,Yes,Electronic Check,84.3,1308.4
5906-CVLHP,Female,0,Yes,Yes,45,Yes,No,Dsl,No,Yes,No,Yes,No,No,One Year,Yes,Credit Card (Automatic),54.15,2319.8
4583-PARNH,Male,1,Yes,No,16,Yes,No,Fiber Optic,No,No,Yes,Yes,No,Yes,Month-To-Month,Yes,Electronic Check,91.55,1540.05
4075-WKNIU,Female,0,Yes,Yes,0,Yes,Yes,Dsl,No,Yes,Yes,Yes,Yes,No,Two Year,No,Mailed Check,73.35,0.0
7410-KTVFV,Male,0,Yes,No,18,Yes,No,Dsl,No,No,Yes,No,No,No,Month-To-Month,Yes,Mailed Check,49.55,878.35
8034-RYTVV,Female,0,No,No,55,Yes,Yes,Fiber Optic,Yes,No,Yes,No,No,No,One Year,Yes,Credit Card (Automatic),84.25,4589.85
1453-RZFON,Female,0,No,Yes,1,Yes,No,Dsl,Yes,No,No,No,No,No,Month-To-Month,No,Mailed Check,49.9,49.9
3978-YNKDD,Male,0,No,Yes,19,Yes,No,No,No internet service,No internet service,No internet service,No internet service,No internet service,No internet service,Two Year,No,Credit Card (Automatic),20.85,467.5
8763-KIAFH,Female,0,Yes,Yes,27,Yes,No,No,No internet service,No internet service,No internet service,No internet service,No internet service,No internet service,One Year,Yes,Mailed Check,20.55,583.3
1241-FPMOF,Male,0,No,No,52,Yes,No,No,No internet service,No internet service,No internet service,No internet service,No internet service,No internet service,Two Year,No,Mailed Check,19.65,1025.05
9031-ZVQPT,Male,0,Yes,No,72,Yes,Yes,Fiber Optic,No,Yes,Yes,Yes,Yes,Yes,Two Year,Yes,Electronic Check,108.2,7840.6
8749-CLJXC,Male,0,No,No,1,Yes,No,No,No internet service,No internet service,No internet service,No internet service,No internet service,No internet service,Month-To-Month,No,Mailed Check,20.05,20.05
7339-POGZN,Female,0,No,No,4,Yes,Yes,Dsl,No,No,No,No,No,No,Month-To-Month,No,Electronic Check,50.7,214.55
1534-OULXE,Female,0,Yes,Yes,61,Yes,No,Dsl,Yes,No,No,No,No,No,One Year,Yes,Bank Transfer (Automatic),49.7,2961.4
9381-NDKME,Female,1,Yes,No,24,No,No phone service,Dsl,No,No,Yes,No,No,Yes,Month-To-Month,Yes,Credit Card (Automatic),40.65,933.3
0277-ORXQS,Male,0,Yes,Yes,66,No,No phone service,Dsl,No,No,No,Yes,Yes,Yes,Two Year,No,Bank Transfer (Automatic),50.55,3364.55
1591-XWLGB,Female,0,Yes,No,71,Yes,No,No,No internet service,No internet service,No internet service,No internet service,No internet service,No internet service,Two Year,No,Credit Card (Automatic),19.85,1379.6
8514-VZHEB,Male,0,Yes,Yes,59,Yes,No,No,No internet service,No internet service,No internet service,No internet service,No internet service,No internet service,Two Year,No,Mailed Check,19.5,1147.85
4837-QUSFT,Female,0,Yes,No,65,Yes,Yes,Fiber Optic,Yes,Yes,No,Yes,Yes,No,One Year,Yes,Bank Transfer (Automatic),100.15,6643.5
5108-ADXWO,Male,0,No,No,11,Yes,No,Fiber Optic,Yes,No,No,No,No,No,Month-To-Month,Yes,Electronic Check,73.5,791.75
1309-XGFSN,Male,1,Yes,Yes,52,Yes,Yes,Dsl,No,Yes,Yes,No,Yes,Yes,One Year,Yes,Electronic Check,80.85,4079.55
6047-YHPVI,Male,0,No,No,5,Yes,No,Fiber Optic,No,No,No,No,No,No,Month-To-Month,Yes,Electronic Check,69.7,316.9
8008-HAWED,Male,0,No,No,14,No,No phone service,Dsl,No,No,Yes,No,Yes,Yes,Month-To-Month,Yes,Electronic Check,50.75,712.75
6892-EZDTG,Female,0,Yes,No,4,Yes,Yes,Fiber Optic,No,Yes,No,No,Yes,No,Month-To-Month,Yes,Electronic Check,91.65,365.4
3407-JMJQQ,Female,0,Yes,Yes,71,Yes,Yes,Fiber Optic,Yes,Yes,Yes,No,Yes,Yes,Two Year,Yes,Bank Transfer (Automatic),109.0,7661.8
7028-DVOIQ,Male,1,No,No,35,Yes,Yes,Fiber Optic,No,No,Yes,No,Yes,Yes,Month-To-Month,Yes,Electronic Check,99.05,3395.8
3374-LXDEV,Female,0,No,No,13,Yes,Yes,Fiber Optic,No,Yes,Yes,Yes,No,No,Month-To-Month,No,Electronic Check,89.4,1132.35
3753-TSEMP,Female,0,Yes,No,15,Yes,No,Fiber Optic,No,No,No,No,Yes,Yes,Month-To-Month,No,Electronic Check,88.15,1390.6
5876-QMYLD,Female,0,Yes,Yes,23,Yes,No,No,No internet service,No internet service,No internet service,No internet service,No internet service,No internet service,One Year,No,Mailed Check,20.05,415.1
1984-GPTEH,Female,0,No,No,29,Yes,Yes,No,No internet service,No internet service,No internet service,No internet service,No internet service,No internet service,Month-To-Month,No,Electronic Check,25.15,702.0
7916-VCCPB,Female,0,Yes,Yes,16,Yes,No,Fiber Optic,No,Yes,No,No,No,No,Month-To-Month,No,Bank Transfer (Automatic),73.25,1195.75
0325-XBFAC,Male,0,No,No,8,Yes,No,Fiber Optic,No,No,Yes,No,Yes,Yes,Month-To-Month,Yes,Electronic Check,94.7,740.3
2636-OHFMN,Male,0,Yes,No,4,No,No phone service,Dsl,No,Yes,No,No,Yes,Yes,Month-To-Month,Yes,Electronic Check,48.55,201.0
9885-MFVSU,Female,0,Yes,Yes,35,No,No phone service,Dsl,Yes,No,No,Yes,Yes,No,Two Year,Yes,Credit Card (Automatic),46.35,1662.05
0869-PAPRP,Female,1,Yes,No,26,Yes,No,Fiber Optic,No,No,Yes,No,Yes,No,Month-To-Month,Yes,Credit Card (Automatic),85.7,2067.0
3070-BDOQC,Female,0,No,No,60,Yes,No,Fiber Optic,No,Yes,Yes,No,Yes,Yes,Two Year,Yes,Electronic Check,99.65,5941.05
4628-WQCQQ,Male,0,No,Yes,35,Yes,No,Fiber Optic,No,No,Yes,No,Yes,No,One Year,Yes,Electronic Check,85.15,3030.6
1032-MAELW,Female,0,Yes,Yes,68,Yes,Yes,Dsl,Yes,Yes,Yes,Yes,No,Yes,One Year,Yes,Electronic Check,78.45,5333.35
5322-ZSMZY,Male,0,Yes,Yes,31,Yes,Yes,No,No internet service,No internet service,No internet service,No internet service,No internet service,No internet service,Two Year,No,Mailed Check,25.75,755.6
6374-NTQLP,Male,1,Yes,Yes,72,Yes,No,Fiber Optic,Yes,No,Yes,Yes,Yes,Yes,Two Year,Yes,Credit Card (Automatic),104.1,7447.7
0314-TKOSI,Female,0,No,No,6,Yes,No,Dsl,Yes,Yes,No,No,No,No,Month-To-Month,No,Mailed Check,55.15,322.9
0486-HECZI,Male,0,Yes,No,55,Yes,Yes,Fiber Optic,Yes,Yes,No,No,Yes,No,Month-To-Month,Yes,Electronic Check,96.75,5238.9
4415-IJZTP,Female,0,No,No,1,Yes,Yes,Fiber Optic,No,No,No,No,No,No,Month-To-Month,Yes,Electronic Check,74.5,74.5
6849-WLEYG,Male,0,No,Yes,1,Yes,No,No,No internet service,No internet service,No internet service,No internet service,No internet service,No internet service,Month-To-Month,No,Mailed Check,19.75,19.75
0825-CPPQH,Female,0,Yes,No,71,Yes,No,No,No internet service,No internet service,No internet service,No internet service,No internet service,No internet service,Two Year,No,Credit Card (Automatic),19.1,1372.45
3398-GCPMU,Female,1,Yes,Yes,72,Yes,Yes,Dsl,Yes,Yes,Yes,Yes,Yes,Yes,Two Year,Yes,Credit Card (Automatic),89.55,6448.85
5447-WZAFP,Female,0,No,No,53,Yes,No,Fiber Optic,No,Yes,Yes,No,Yes,Yes,One Year,Yes,Mailed Check,100.3,5200.8
7693-QPEFS,Male,1,No,No,52,Yes,Yes,Fiber Optic,No,No,No,No,No,No,Month-To-Month,Yes,Bank Transfer (Automatic),72.95,3829.75
8393-DLHGA,Male,0,No,Yes,25,Yes,No,Fiber Optic,No,Yes,No,No,Yes,Yes,Month-To-Month,Yes,Electronic Check,95.9,2448.75
0564-JJHGS,Male,0,No,No,9,Yes,Yes,Fiber Optic,No,No,No,No,Yes,Yes,Month-To-Month,Yes,Electronic Check,95.5,829.1
3750-RNQKR,Female,0,No,No,12,Yes,No,No,No internet service,No internet service,No internet service,No internet service,No internet service,No internet service,Month-To-Month,No,Mailed Check,19.45,246.25
8350-NYMVI,Female,0,No,No,39,No,No phone service,Dsl,No,Yes,Yes,Yes,No,No,Month-To-Month,No,Bank Transfer (Automatic),41.1,1597.05
7581-EBBOU,Female,0,No,No,60,Yes,No,Dsl,No,Yes,Yes,Yes,Yes,No,One Year,Yes,Credit Card (Automatic),70.15,4224.7
1212-GLHMD,Male,0,No,No,3,Yes,No,Fiber Optic,Yes,No,No,No,No,Yes,Month-To-Month,Yes,Mailed Check,86.05,244.85
1142-WACZW,Male,0,No,No,2,No,No phone service,Dsl,No,No,No,Yes,No,No,Month-To-Month,No,Bank Transfer (Automatic),29.85,75.6
6794-HKIAJ,Male,0,No,No,62,Yes,Yes,Fiber Optic,Yes,Yes,Yes,No,No,No,Month-To-Month,No,Bank Transfer (Automatic),90.7,5586.45
3191-CSNMG,Female,0,Yes,Yes,3,Yes,No,Fiber Optic,No,No,No,No,Yes,No,Month-To-Month,Yes,Electronic Check,80.7,239.45
6502-MJQAE,Male,0,No,No,1,Yes,No,Fiber Optic,No,No,No,No,No,No,Month-To-Month,Yes,Electronic Check,69.6,69.6
9746-UGFAC,Female,0,No,No,22,Yes,No,No,No internet service,No internet service,No internet service,No internet service,No internet service,No internet service,One Year,No,Bank Transfer (Automatic),20.85,450.65
4967-WPNCF,Male,0,No,No,72,No,No phone service,Dsl,Yes,Yes,Yes,Yes,Yes,Yes,Two Year,Yes,Bank Transfer (Automatic),63.7,4464.8
5186-SAMNZ,Male,1,No,No,1,Yes,No,Fiber Optic,No,No,No,No,No,No,Month-To-Month,Yes,Bank Transfer (Automatic),69.5,69.5
7017-VFHAY,Female,0,Yes,Yes,61,Yes,Yes,Fiber Optic,Yes,Yes,Yes,Yes,Yes,Yes,Two Year,No,Credit Card (Automatic),115.1,7008.15
3315-TOTBP,Male,0,No,No,15,Yes,Yes,Fiber Optic,No,No,No,No,No,No,Month-To-Month,Yes,Mailed Check,76.0,1130.85
8905-IAZPF,Female,0,Yes,No,69,Yes,No,Fiber Optic,No,Yes,No,No,Yes,Yes,One Year,Yes,Credit Card (Automatic),95.65,6744.2
8958-JPTRR,Female,0,Yes,No,56,Yes,Yes,No,No internet service,No internet service,No internet service,No internet service,No internet service,No internet service,One Year,No,Electronic Check,24.3,1261.7
5879-HMFFH,Female,0,Yes,No,72,Yes,Yes,Dsl,Yes,Yes,Yes,Yes,Yes,Yes,Two Year,No,Bank Transfer (Automatic),88.05,6520.8
0003-MKNFE,Male,0,No,No,9,Yes,Yes,Dsl,No,No,No,No,No,Yes,Month-To-Month,No,Mailed Check,59.9,542.4
9880-TDQAC,Female,0,Yes,Yes,72,No,No phone service,Dsl,No,Yes,Yes,Yes,Yes,Yes,Two Year,Yes,Electronic Check,60.0,4264.0
9752-ZNQUT,Female,0,No,No,1,Yes,No,Dsl,No,Yes,No,No,No,No,Month-To-Month,Yes,Electronic Check,48.6,48.6
5295-PCJOO,Male,0,No,Yes,4,Yes,No,Dsl,Yes,No,No,No,No,No,Month-To-Month,Yes,Electronic Check,49.4,184.4
8597-CWYHH,Male,0,No,No,43,Yes,Yes,Fiber Optic,No,No,No,No,Yes,Yes,One Year,No,Mailed Check,94.35,3921.3
2272-UOINI,Female,0,No,No,7,Yes,No,Dsl,Yes,Yes,No,Yes,Yes,Yes,Month-To-Month,Yes,Electronic Check,78.5,571.05
4486-EFAEB,Male,0,No,No,13,Yes,No,No,No internet service,No internet service,No internet service,No internet service,No internet service,No internet service,Month-To-Month,Yes,Electronic Check,20.4,251.65
5115-GZDEL,Male,0,No,Yes,72,No,No phone service,Dsl,Yes,Yes,Yes,Yes,Yes,Yes,Two Year,No,Credit Card (Automatic),67.2,4671.7
0603-TPMIB,Female,0,Yes,Yes,59,Yes,Yes,No,No internet service,No internet service,No internet service,No internet service,No internet service,No internet service,Two Year,No,Mailed Check,25.45,1534.05
5208-HFSBT,Female,0,No,No,2,Yes,No,Dsl,No,Yes,No,Yes,No,No,Month-To-Month,Yes,Credit Card (Automatic),55.05,102.75
5566-SOEZD,Male,0,Yes,Yes,27,Yes,No,Fiber Optic,Yes,Yes,No,No,No,No,One Year,Yes,Credit Card (Automatic),80.65,2209.75
5419-KLXBN,Female,0,Yes,Yes,25,Yes,No,Fiber Optic,No,Yes,Yes,No,Yes,No,Month-To-Month,Yes,Bank Transfer (Automatic),89.15,2257.75
9500-WBGRP,Male,0,No,No,69,Yes,No,No,No internet service,No internet service,No internet service,No internet service,No internet service,No internet service,Two Year,Yes,Mailed Check,19.1,1268.85
4398-HSCJH,Female,0,No,No,3,Yes,Yes,Dsl,No,No,No,Yes,Yes,No,Month-To-Month,Yes,Electronic Check,63.6,155.65
4369-NYSCF,Male,0,No,No,56,Yes,No,Dsl,No,Yes,No,Yes,Yes,Yes,One Year,Yes,Bank Transfer (Automatic),75.75,4284.65
3398-FSHON,Female,1,No,No,12,Yes,Yes,Fiber Optic,No,Yes,No,No,Yes,No,Month-To-Month,Yes,Electronic Check,91.3,1094.5
2719-BDAQO,Male,0,No,No,17,Yes,No,Fiber Optic,Yes,No,No,No,Yes,Yes,Month-To-Month,No,Electronic Check,93.85,1625.65
9036-CSKBW,Female,0,No,No,51,Yes,Yes,Fiber Optic,Yes,Yes,Yes,No,Yes,Yes,One Year,No,Bank Transfer (Automatic),107.45,5680.9
2615-YVMYX,Male,1,Yes,No,71,Yes,Yes,Fiber Optic,Yes,Yes,Yes,No,Yes,Yes,Month-To-Month,Yes,Electronic Check,107.5,7713.55
1482-OXZSY,Male,0,No,No,30,Yes,Yes,Fiber Optic,Yes,No,No,No,Yes,Yes,Month-To-Month,Yes,Bank Transfer (Automatic),100.4,2936.25
0723-VSOBE,Female,1,No,No,45,No,No phone service,Dsl,No,No,No,No,No,Yes,One Year,No,Electronic Check,34.2,1596.6
0168-XZKBB,Female,0,Yes,No,19,Yes,Yes,Fiber Optic,No,No,No,No,Yes,No,Month-To-Month,Yes,Electronic Check,86.85,1564.4
6729-FZWSY,Male,0,No,No,67,Yes,No,No,No internet service,No internet service,No internet service,No internet service,No internet service,No internet service,One Year,Yes,Mailed Check,19.45,1195.95
8017-LXHFA,Female,1,No,No,23,Yes,No,Fiber Optic,No,Yes,No,No,Yes,Yes,Month-To-Month,Yes,Electronic Check,94.75,2293.6
3282-ZISZV,Male,0,No,Yes,32,Yes,Yes,Dsl,No,Yes,Yes,Yes,Yes,Yes,One Year,No,Credit Card (Automatic),83.7,2633.3
4285-GYRQC,Female,0,Yes,No,7,Yes,No,Fiber Optic,No,No,Yes,No,Yes,No,Month-To-Month,Yes,Electronic Check,86.25,587.1
6907-CQGPN,Male,0,No,No,29,No,No phone service,Dsl,No,Yes,No,Yes,No,No,Month-To-Month,No,Electronic Check,34.3,1004.75
9801-GDWGV,Female,0,No,No,39,Yes,Yes,Fiber Optic,No,Yes,Yes,No,Yes,Yes,Month-To-Month,Yes,Electronic Check,103.45,3994.45
1322-AGOQM,Male,0,No,No,46,No,No phone service,Dsl,No,Yes,No,No,No,No,Month-To-Month,No,Bank Transfer (Automatic),30.3,1380.1
2081-VEYEH,Male,0,No,No,3,Yes,No,Fiber Optic,No,Yes,Yes,Yes,Yes,Yes,Month-To-Month,Yes,Electronic Check,107.95,318.6
7359-PTSXY,Male,0,No,No,1,Yes,No,Dsl,No,No,No,No,No,No,Month-To-Month,No,Electronic Check,45.75,45.75
1402-PTHGN,Female,0,Yes,Yes,18,Yes,No,Dsl,Yes,Yes,No,Yes,No,No,One Year,Yes,Mailed Check,61.5,1087.45
7593-JNWRU,Male,0,Yes,Yes,6,Yes,No,Dsl,No,No,No,No,No,No,Month-To-Month,Yes,Bank Transfer (Automatic),44.6,260.8
8816-VXNZD,Female,0,No,No,1,Yes,Yes,Fiber Optic,No,No,No,No,No,No,Month-To-Month,Yes,Electronic Check,75.1,75.1
6173-ITPWD,Male,0,Yes,No,47,Yes,Yes,Fiber Optic,No,Yes,Yes,No,No,No,Month-To-Month,Yes,Bank Transfer (Automatic),83.35,4065.0
1024-GUALD,Female,0,Yes,No,1,No,No phone service,Dsl,No,No,No,No,No,No,Month-To-Month,Yes,Electronic Check,24.8,24.8
3486-NPGST,Female,0,No,No,36,Yes,No,No,No internet service,No internet service,No internet service,No internet service,No internet service,No internet service,One Year,No,Mailed Check,19.55,620.75
4003-FUSHP,Male,0,No,No,19,Yes,No,Dsl,No,No,No,Yes,Yes,No,Month-To-Month,Yes,Credit Card (Automatic),56.05,1093.2
0945-TSONX,Female,0,Yes,Yes,47,Yes,Yes,Dsl,Yes,Yes,No,Yes,Yes,Yes,Two Year,Yes,Credit Card (Automatic),85.3,4107.25
6907-FLBER,Male,0,No,No,1,Yes,Yes,Dsl,No,Yes,No,No,No,No,Month-To-Month,No,Electronic Check,54.3,54.3
8642-GVWRF,Female,0,Yes,No,2,Yes,No,Fiber Optic,No,Yes,Yes,No,No,No,Month-To-Month,No,Bank Transfer (Automatic),79.7,165.0
7219-TLZHO,Female,0,Yes,Yes,4,Yes,No,No,No internet service,No internet service,No internet service,No internet service,No internet service,No internet service,Month-To-Month,No,Mailed Check,20.85,62.9
4616-ULAOA,Female,0,Yes,Yes,65,Yes,Yes,Fiber Optic,No,Yes,Yes,Yes,Yes,Yes,Two Year,Yes,Credit Card (Automatic),110.8,7245.9
7714-YXSMB,Female,0,No,No,26,Yes,Yes,Fiber Optic,No,No,Yes,No,Yes,Yes,Month-To-Month,Yes,Bank Transfer (Automatic),100.5,2599.95
2307-FYNNL,Male,1,No,No,65,Yes,Yes,Fiber Optic,Yes,No,Yes,Yes,Yes,Yes,Two Year,Yes,Electronic Check,109.05,7108.2
5192-EBGOV,Female,1,No,No,1,Yes,Yes,Fiber Optic,No,No,No,No,Yes,No,Month-To-Month,Yes,Electronic Check,85.7,85.7
4701-AHWMW,Male,0,Yes,No,55,No,No phone service,Dsl,No,No,Yes,Yes,Yes,Yes,Month-To-Month,Yes,Bank Transfer (Automatic),54.55,2978.3
1956-YIFGE,Male,0,Yes,Yes,22,Yes,No,Fiber Optic,No,Yes,Yes,No,Yes,Yes,One Year,Yes,Mailed Check,100.05,2090.25
4529-CKBCL,Female,0,No,No,2,Yes,No,Fiber Optic,No,No,No,No,Yes,No,Month-To-Month,Yes,Electronic Check,80.2,146.05
9158-VCTQB,Female,0,Yes,No,41,Yes,Yes,Fiber Optic,Yes,Yes,Yes,Yes,Yes,Yes,Month-To-Month,Yes,Bank Transfer (Automatic),113.6,4594.95
9465-RWMXL,Male,0,Yes,No,32,Yes,Yes,Fiber Optic,No,No,Yes,No,No,No,Month-To-Month,Yes,Electronic Check,78.9,2447.95
6956-SMUCM,Female,0,No,No,3,Yes,No,Fiber Optic,Yes,No,Yes,No,Yes,Yes,Month-To-Month,Yes,Credit Card (Automatic),99.0,287.4
9987-LUTYD,Female,0,No,No,13,Yes,No,Dsl,Yes,No,No,Yes,No,No,One Year,No,Mailed Check,55.15,742.9
2256-YLYLP,Male,0,Yes,Yes,68,Yes,No,Dsl,No,No,Yes,Yes,Yes,Yes,Two Year,Yes,Bank Transfer (Automatic),72.95,4953.25
3733-ZEECP,Male,0,Yes,Yes,22,Yes,No,Dsl,No,No,No,Yes,No,No,Month-To-Month,Yes,Electronic Check,51.1,1232.9
0730-KOAVE,Male,0,No,No,30,Yes,Yes,Fiber Optic,Yes,Yes,No,No,No,Yes,Month-To-Month,Yes,Credit Card (Automatic),94.3,2679.7
7997-EASSD,Female,0,Yes,No,63,Yes,Yes,Fiber Optic,No,No,No,Yes,No,No,One Year,Yes,Credit Card (Automatic),81.2,4965.1
3580-GICBM,Female,0,Yes,Yes,61,Yes,Yes,No,No internet service,No internet service,No internet service,No internet service,No internet service,No internet service,Two Year,Yes,Mailed Check,24.2,1445.2
7608-RGIRO,Male,0,No,Yes,62,Yes,Yes,No,No internet service,No internet service,No internet service,No internet service,No internet service,No internet service,Two Year,Yes,Mailed Check,24.4,1413.0
0685-MLYYM,Female,1,No,No,2,Yes,No,Fiber Optic,No,No,No,No,No,No,Month-To-Month,No,Electronic Check,70.75,154.85
9367-OIUXP,Male,0,No,No,4,Yes,No,No,No internet service,No internet service,No internet service,No internet service,No internet service,No internet service,Month-To-Month,No,Mailed Check,20.7,73.05
5144-TVGLP,Male,1,No,No,38,Yes,Yes,Fiber Optic,No,No,No,No,Yes,Yes,Month-To-Month,No,Electronic Check,94.75,3653.0
4238-JSSWH,Female,1,Yes,No,35,Yes,Yes,Fiber Optic,No,No,Yes,No,Yes,Yes,Month-To-Month,No,Bank Transfer (Automatic),102.05,3452.55
7562-GSUHK,Female,0,No,No,16,Yes,No,Fiber Optic,No,Yes,Yes,No,No,Yes,Month-To-Month,Yes,Credit Card (Automatic),93.2,1573.7
5583-SXDAG,Male,0,Yes,No,1,Yes,No,Fiber Optic,No,No,No,No,No,No,Month-To-Month,No,Electronic Check,70.0,70.0
3643-AHCFP,Male,1,Yes,No,7,Yes,Yes,Fiber Optic,No,No,No,No,Yes,Yes,Month-To-Month,Yes,Bank Transfer (Automatic),95.6,644.35
6368-TZZDT,Male,0,Yes,Yes,4,Yes,No,No,No internet service,No internet service,No internet service,No internet service,No internet service,No internet service,Two Year,No,Credit Card (Automatic),19.5,96.85
8946-BFWSG,Male,0,Yes,Yes,63,Yes,Yes,No,No internet service,No internet service,No internet service,No internet service,No internet service,No internet service,Two Year,No,Mailed Check,25.25,1573.05
7048-GXDAY,Male,0,No,No,39,Yes,Yes,Fiber Optic,Yes,Yes,No,No,Yes,Yes,Month-To-Month,Yes,Electronic Check,106.4,4040.65
7408-OFWXJ,Female,0,Yes,Yes,72,Yes,Yes,Dsl,Yes,Yes,Yes,Yes,Yes,Yes,Two Year,No,Credit Card (Automatic),89.8,6510.45
3948-FVVRP,Male,0,Yes,Yes,9,Yes,No,Dsl,No,Yes,No,Yes,No,No,Month-To-Month,No,Mailed Check,54.8,452.8
8433-WPJTV,Female,1,Yes,Yes,65,Yes,Yes,Fiber Optic,No,No,Yes,Yes,Yes,Yes,One Year,Yes,Bank Transfer (Automatic),103.9,6767.1
9330-DHBFL,Female,0,Yes,Yes,23,Yes,No,Dsl,Yes,Yes,Yes,Yes,No,No,One Year,Yes,Mailed Check,66.25,1533.8
0396-HUJBP,Female,0,No,No,2,Yes,No,No,No internet service,No internet service,No internet service,No internet service,No internet service,No internet service,Month-To-Month,No,Mailed Check,19.3,44.4
6651-AZVTJ,Male,0,Yes,Yes,49,Yes,Yes,Fiber Optic,No,No,Yes,No,Yes,Yes,Month-To-Month,Yes,Electronic Check,99.8,4872.45
7241-AJHFS,Male,0,No,No,32,Yes,Yes,Fiber Optic,Yes,No,No,Yes,No,No,Month-To-Month,No,Bank Transfer (Automatic),87.65,2766.4
7306-YDSOI,Male,0,Yes,Yes,69,Yes,No,Dsl,Yes,Yes,Yes,No,No,No,Two Year,Yes,Bank Transfer (Automatic),59.75,4069.9
5652-MSDEY,Female,0,No,No,10,Yes,Yes,Fiber Optic,No,No,No,No,No,No,Month-To-Month,Yes,Mailed Check,75.75,777.3
7619-PLRLP,Female,0,Yes,No,53,Yes,Yes,Dsl,Yes,Yes,Yes,No,No,Yes,One Year,No,Bank Transfer (Automatic),74.1,3833.95
2362-IBOOY,Male,0,No,No,36,Yes,Yes,Fiber Optic,No,No,No,No,No,Yes,Month-To-Month,Yes,Electronic Check,84.75,3050.15
1905-OEILC,Female,0,No,No,1,Yes,No,No,No internet service,No internet service,No internet service,No internet service,No internet service,No internet service,Month-To-Month,No,Mailed Check,19.5,19.5
7971-HLVXI,Male,0,Yes,Yes,72,Yes,Yes,Fiber Optic,No,No,No,No,No,Yes,Two Year,Yes,Credit Card (Automatic),84.5,6130.85
0237-YFUTL,Female,0,Yes,No,50,Yes,Yes,Fiber Optic,Yes,Yes,No,Yes,Yes,Yes,Month-To-Month,Yes,Bank Transfer (Automatic),109.65,5405.8
1069-QJOEE,Male,0,Yes,Yes,25,Yes,No,No,No internet service,No internet service,No internet service,No internet service,No internet service,No internet service,One Year,No,Electronic Check,19.9,505.45
1640-PLFMP,Female,0,No,No,1,Yes,No,Fiber Optic,No,No,No,No,No,No,Month-To-Month,Yes,Electronic Check,70.25,70.25
6994-KERXL,Male,0,No,No,4,Yes,No,Dsl,No,No,No,No,No,Yes,Month-To-Month,Yes,Electronic Check,55.9,238.5
1506-YJTYT,Male,0,Yes,Yes,45,Yes,Yes,Dsl,Yes,Yes,No,Yes,Yes,No,Two Year,No,Credit Card (Automatic),73.85,3371.0
1349-WXNGG,Male,0,No,No,1,Yes,No,No,No internet service,No internet service,No internet service,No internet service,No internet service,No internet service,Month-To-Month,No,Bank Transfer (Automatic),20.05,20.05
0384-RVBPI,Male,0,No,No,20,Yes,No,Dsl,Yes,No,Yes,No,No,Yes,Month-To-Month,No,Credit Card (Automatic),64.4,1398.6
3253-HKOKL,Female,0,Yes,Yes,52,Yes,No,Fiber Optic,Yes,No,Yes,No,Yes,Yes,One Year,No,Electronic Check,100.3,5244.45
4374-YMUSQ,Male,0,No,No,34,Yes,Yes,Fiber Optic,Yes,Yes,Yes,Yes,Yes,Yes,One Year,No,Credit Card (Automatic),116.25,3899.05
9675-ICXCT,Male,0,Yes,Yes,72,Yes,No,Dsl,Yes,No,Yes,Yes,Yes,Yes,Two Year,Yes,Electronic Check,80.8,5728.55
3780-YVMFA,Female,0,Yes,Yes,8,Yes,No,Dsl,No,No,No,Yes,Yes,Yes,Month-To-Month,Yes,Electronic Check,68.55,564.35
2805-AUFQN,Female,0,No,No,25,Yes,No,No,No internet service,No internet service,No internet service,No internet service,No internet service,No internet service,Two Year,No,Credit Card (Automatic),19.8,475.2
8969-PRHFK,Male,0,No,No,18,Yes,No,No,No internet service,No internet service,No internet service,No internet service,No internet service,No internet service,One Year,No,Mailed Check,19.65,411.25
7083-MIOPC,Female,0,No,No,72,Yes,No,No,No internet service,No internet service,No internet service,No internet service,No internet service,No internet service,Two Year,No,Credit Card (Automatic),20.25,1566.9
8146-QQKZH,Female,0,Yes,No,71,Yes,No,Dsl,Yes,No,Yes,Yes,Yes,Yes,Two Year,No,Bank Transfer (Automatic),81.85,5924.4
5649-TJHOV,Male,1,Yes,No,27,No,No phone service,Dsl,No,No,No,No,No,Yes,Month-To-Month,No,Bank Transfer (Automatic),36.5,1032.0
2226-ICFDO,Female,0,Yes,Yes,72,Yes,Yes,Dsl,Yes,No,Yes,Yes,Yes,Yes,Two Year,Yes,Credit Card (Automatic),85.9,6110.75
4828-FAZPK,Female,0,Yes,Yes,16,Yes,Yes,Fiber Optic,No,Yes,No,No,No,No,Month-To-Month,Yes,Credit Card (Automatic),79.95,1267.95
1575-KRZZE,Female,0,No,No,4,Yes,No,Dsl,Yes,Yes,No,No,No,No,Month-To-Month,No,Electronic Check,55.2,220.65
8199-ZLLSA,Male,0,No,No,67,Yes,Yes,Fiber Optic,Yes,Yes,Yes,Yes,Yes,Yes,One Year,Yes,Bank Transfer (Automatic),118.35,7804.15
6551-VLJMV,Male,0,Yes,No,34,Yes,No,No,No internet service,No internet service,No internet service,No internet service,No internet service,No internet service,Two Year,No,Credit Card (Automatic),20.05,679.0
4522-XRWWI,Male,0,Yes,No,42,Yes,Yes,Dsl,Yes,No,No,Yes,Yes,Yes,One Year,No,Credit Card (Automatic),80.45,3375.9
4489-SNOJF,Female,0,Yes,Yes,35,Yes,Yes,Dsl,Yes,No,Yes,Yes,Yes,No,Month-To-Month,No,Electronic Check,72.25,2568.55
0628-CNQRM,Male,0,Yes,Yes,22,Yes,No,Dsl,Yes,No,Yes,Yes,Yes,No,One Year,Yes,Bank Transfer (Automatic),67.5,1544.05
7235-NXZCP,Male,1,No,No,2,Yes,Yes,Fiber Optic,No,No,No,No,No,No,Month-To-Month,Yes,Mailed Check,74.85,156.4
9173-IVZVP,Female,0,Yes,Yes,53,Yes,No,No,No internet service,No internet service,No internet service,No internet service,No internet service,No internet service,Two Year,No,Mailed Check,20.9,1146.05
5134-IKDAY,Female,0,Yes,Yes,1,Yes,No,Fiber Optic,No,No,No,No,No,No,Month-To-Month,Yes,Electronic Check,69.8,69.8
8123-QBNAZ,Female,0,Yes,Yes,36,Yes,Yes,Fiber Optic,Yes,No,Yes,No,Yes,Yes,Month-To-Month,Yes,Credit Card (Automatic),104.5,3684.95
7480-QNVZJ,Male,1,No,No,50,Yes,Yes,Fiber Optic,No,No,No,No,Yes,Yes,Month-To-Month,Yes,Electronic Check,95.7,4816.7
0397-ZXWQF,Male,0,No,No,67,Yes,No,No,No internet service,No internet service,No internet service,No internet service,No internet service,No internet service,Two Year,No,Bank Transfer (Automatic),20.5,1430.95
3896-RCYYE,Female,0,No,No,67,No,No phone service,Dsl,No,No,Yes,Yes,Yes,Yes,Month-To-Month,Yes,Credit Card (Automatic),53.4,3579.15
9432-RUVSL,Female,0,No,No,48,Yes,No,Fiber Optic,Yes,No,Yes,Yes,Yes,Yes,Two Year,Yes,Credit Card (Automatic),102.5,4904.25
2589-AYCRP,Female,0,No,No,50,Yes,No,No,No internet service,No internet service,No internet service,No internet service,No internet service,No internet service,One Year,No,Bank Transfer (Automatic),19.75,989.05
0928-JMXNP,Male,1,Yes,No,4,No,No phone service,Dsl,No,No,Yes,No,No,No,Month-To-Month,Yes,Electronic Check,29.9,118.25
9866-OCCKE,Female,1,Yes,No,72,Yes,Yes,Fiber Optic,Yes,No,Yes,Yes,Yes,Yes,Two Year,Yes,Mailed Check,109.75,8075.35
4001-TSBTV,Female,0,Yes,Yes,58,Yes,No,Fiber Optic,No,Yes,Yes,No,Yes,No,Month-To-Month,Yes,Electronic Check,91.55,5511.65
6919-ELBGL,Male,1,Yes,Yes,72,Yes,Yes,Fiber Optic,Yes,Yes,Yes,Yes,Yes,Yes,Two Year,Yes,Bank Transfer (Automatic),114.95,8196.4
0567-XRHCU,Female,0,Yes,Yes,69,No,No phone service,Dsl,Yes,No,Yes,No,No,Yes,Two Year,Yes,Credit Card (Automatic),43.95,2960.1
4163-KIUHY,Male,0,No,No,35,Yes,Yes,No,No internet service,No internet service,No internet service,No internet service,No internet service,No internet service,Month-To-Month,Yes,Electronic Check,25.6,901.25
3727-JEZTU,Female,0,No,No,1,Yes,No,No,No internet service,No internet service,No internet service,No internet service,No internet service,No internet service,Month-To-Month,No,Mailed Check,20.4,20.4
8992-JQYUN,Male,0,Yes,No,1,No,No phone service,Dsl,No,No,Yes,No,Yes,Yes,Month-To-Month,Yes,Electronic Check,50.35,50.35
6240-EURKS,Female,0,No,Yes,18,No,No phone service,Dsl,No,No,No,No,No,Yes,Month-To-Month,Yes,Electronic Check,35.0,553.0
5655-JSMZM,Male,1,No,No,49,Yes,Yes,Fiber Optic,No,No,No,No,Yes,Yes,Month-To-Month,Yes,Electronic Check,96.2,4718.25
1208-DNHLN,Male,0,Yes,Yes,23,Yes,Yes,Dsl,No,No,No,No,No,No,One Year,Yes,Credit Card (Automatic),48.35,1067.15
9495-SKLKD,Male,0,Yes,Yes,45,Yes,Yes,Fiber Optic,No,Yes,Yes,No,No,Yes,Month-To-Month,Yes,Bank Transfer (Automatic),95.95,4456.65
3518-PZXZQ,Female,0,Yes,No,1,Yes,No,Dsl,No,No,No,No,Yes,No,Month-To-Month,Yes,Mailed Check,55.3,55.3
0541-FITGH,Female,0,Yes,No,2,Yes,No,Dsl,Yes,No,No,No,No,Yes,Month-To-Month,Yes,Mailed Check,62.15,113.1
4291-YZODP,Female,0,No,Yes,7,Yes,No,No,No internet service,No internet service,No internet service,No internet service,No internet service,No internet service,One Year,No,Mailed Check,20.05,96.8
9578-VRMNM,Female,0,No,No,16,Yes,Yes,Dsl,No,No,Yes,No,No,Yes,Month-To-Month,Yes,Credit Card (Automatic),65.2,1043.35
0848-SOMKO,Male,0,No,No,70,No,No phone service,Dsl,Yes,No,Yes,Yes,No,Yes,Two Year,No,Bank Transfer (Automatic),48.4,3442.8
0743-HRVFF,Female,0,Yes,Yes,51,No,No phone service,Dsl,No,No,Yes,Yes,Yes,Yes,One Year,Yes,Electronic Check,56.15,2898.95
1456-TWCGB,Male,0,No,No,4,Yes,No,Dsl,No,Yes,No,No,No,No,Month-To-Month,No,Mailed Check,56.05,208.45
8564-LDKFL,Male,0,Yes,No,40,Yes,Yes,Fiber Optic,No,Yes,Yes,No,Yes,Yes,One Year,Yes,Bank Transfer (Automatic),106.0,4178.65
6131-JLWZM,Female,0,No,No,13,Yes,No,No,No internet service,No internet service,No internet service,No internet service,No internet service,No internet service,Month-To-Month,Yes,Mailed Check,20.3,275.4
4884-TVUQF,Female,1,No,No,57,Yes,Yes,Fiber Optic,Yes,No,Yes,Yes,No,Yes,Two Year,No,Credit Card (Automatic),101.3,5779.6
9300-RENDD,Male,0,No,No,1,Yes,No,Fiber Optic,No,No,No,No,Yes,No,Month-To-Month,Yes,Electronic Check,79.95,79.95
5813-UECBU,Male,1,No,No,33,Yes,Yes,Fiber Optic,No,Yes,Yes,No,No,No,Month-To-Month,Yes,Credit Card (Automatic),83.85,2716.3
9053-JZFKV,Male,0,No,No,67,Yes,Yes,Fiber Optic,Yes,Yes,Yes,Yes,Yes,Yes,Two Year,No,Credit Card (Automatic),116.2,7752.3
9194-GFVOI,Female,0,Yes,No,42,Yes,Yes,Dsl,Yes,No,Yes,Yes,Yes,Yes,Two Year,No,Credit Card (Automatic),56.05,3571.6
3012-VFFMN,Female,0,Yes,Yes,7,Yes,No,No,No internet service,No internet service,No internet service,No internet service,No internet service,No internet service,Month-To-Month,No,Mailed Check,20.65,158.95
1976-AZZPJ,Male,0,Yes,No,7,No,No phone service,Dsl,Yes,Yes,No,No,No,No,Month-To-Month,No,Mailed Check,34.2,256.6
4912-PIGUY,Female,0,No,No,1,Yes,Yes,Fiber Optic,No,No,No,No,Yes,No,Month-To-Month,Yes,Electronic Check,84.6,84.6
6583-QGCSI,Female,1,Yes,No,50,Yes,Yes,Fiber Optic,No,Yes,No,No,Yes,No,Month-To-Month,Yes,Electronic Check,88.05,4367.35
0515-YPMCW,Male,0,No,Yes,1,Yes,No,Fiber Optic,No,No,No,No,No,No,Month-To-Month,Yes,Mailed Check,70.45,70.45
6007-TCTST,Female,0,Yes,Yes,72,Yes,Yes,Fiber Optic,Yes,Yes,Yes,Yes,Yes,Yes,Two Year,Yes,Bank Transfer (Automatic),115.8,8476.5
1998-VHJHK,Female,0,No,No,27,Yes,No,No,No internet service,No internet service,No internet service,No internet service,No internet service,No internet service,One Year,No,Mailed Check,19.15,501.35
0345-HKJVM,Female,0,No,No,6,Yes,No,Fiber Optic,No,No,No,No,Yes,Yes,Month-To-Month,No,Electronic Check,89.3,577.6
0282-NVSJS,Female,1,Yes,Yes,12,No,No phone service,Dsl,No,No,No,Yes,No,No,Month-To-Month,Yes,Mailed Check,29.3,355.9
6101-IMRMM,Male,0,No,Yes,6,Yes,No,Fiber Optic,No,No,Yes,No,Yes,Yes,Month-To-Month,No,Mailed Check,94.5,575.45
2108-XWMPY,Male,0,No,No,3,No,No phone service,Dsl,Yes,Yes,No,No,No,No,Month-To-Month,Yes,Mailed Check,35.45,106.85
3551-HUAZH,Male,1,No,No,1,Yes,Yes,Fiber Optic,No,No,No,No,No,No,Month-To-Month,Yes,Electronic Check,74.4,74.4
1371-DWPAZ,Female,0,Yes,Yes,0,No,No phone service,Dsl,Yes,Yes,Yes,Yes,Yes,No,Two Year,No,Credit Card (Automatic),56.05,0.0
3813-DHBBB,Male,0,Yes,No,67,No,No phone service,Dsl,Yes,Yes,No,Yes,No,Yes,Two Year,Yes,Bank Transfer (Automatic),50.95,3521.7
5480-HPRRX,Female,1,No,No,3,No,No phone service,Dsl,No,No,No,No,No,No,Month-To-Month,No,Electronic Check,25.3,77.75
1431-AIDJQ,Male,0,Yes,Yes,33,Yes,No,Dsl,No,Yes,Yes,Yes,Yes,Yes,Two Year,No,Credit Card (Automatic),82.1,2603.1
6100-QQHEB,Male,0,Yes,Yes,17,Yes,Yes,Fiber Optic,No,No,No,No,Yes,Yes,Month-To-Month,Yes,Electronic Check,92.55,1515.1
2675-DHUTR,Male,1,Yes,No,58,Yes,Yes,Fiber Optic,No,Yes,No,No,Yes,Yes,Month-To-Month,Yes,Electronic Check,98.9,5780.7
1303-SRDOK,Female,0,Yes,Yes,55,Yes,No,Fiber Optic,No,No,No,No,No,No,Two Year,Yes,Credit Card (Automatic),69.05,3842.6
7471-WNSUF,Male,0,Yes,No,60,Yes,Yes,No,No internet service,No internet service,No internet service,No internet service,No internet service,No internet service,One Year,No,Bank Transfer (Automatic),24.15,1505.9
2863-IMQDR,Female,0,No,No,61,Yes,Yes,Dsl,Yes,Yes,Yes,Yes,Yes,Yes,Two Year,No,Electronic Check,89.65,5308.7
9555-SAHUZ,Female,0,Yes,Yes,38,Yes,No,Dsl,Yes,Yes,No,No,No,No,Month-To-Month,No,Electronic Check,54.5,2076.05
8637-XJIVR,Female,0,No,No,12,Yes,Yes,Fiber Optic,Yes,No,No,No,No,No,Month-To-Month,Yes,Electronic Check,78.95,927.35
8746-OQQRW,Male,0,No,No,4,Yes,Yes,No,No internet service,No internet service,No internet service,No internet service,No internet service,No internet service,Month-To-Month,No,Mailed Check,25.25,101.9
4626-GYCZP,Male,0,No,No,7,Yes,Yes,Fiber Optic,No,No,No,No,Yes,Yes,Month-To-Month,Yes,Electronic Check,93.85,635.6
3707-LRWZD,Female,0,No,No,32,Yes,Yes,Fiber Optic,No,No,No,No,Yes,No,One Year,No,Electronic Check,84.05,2781.85
0513-RBGPE,Male,0,Yes,Yes,37,Yes,Yes,Dsl,Yes,No,Yes,Yes,No,No,Two Year,Yes,Credit Card (Automatic),62.8,2278.75
2361-FJWNO,Male,0,No,No,40,No,No phone service,Dsl,No,Yes,No,Yes,No,No,One Year,No,Credit Card (Automatic),36.0,1382.9
0485-ZBSLN,Male,0,Yes,Yes,65,Yes,Yes,No,No internet service,No internet service,No internet service,No internet service,No internet service,No internet service,Two Year,No,Credit Card (Automatic),24.75,1715.1
4063-EIKNQ,Male,0,Yes,Yes,11,Yes,No,No,No internet service,No internet service,No internet service,No internet service,No internet service,No internet service,Month-To-Month,No,Bank Transfer (Automatic),20.95,267.35
9283-LZQOH,Male,0,Yes,Yes,13,Yes,Yes,Fiber Optic,No,No,No,No,No,No,Month-To-Month,Yes,Credit Card (Automatic),74.4,896.75
4065-JJAVA,Female,0,No,No,1,Yes,No,Dsl,No,Yes,No,No,No,No,Month-To-Month,No,Electronic Check,49.5,49.5
7826-VVKWT,Female,1,Yes,Yes,24,Yes,No,Fiber Optic,No,No,Yes,No,Yes,Yes,Two Year,Yes,Electronic Check,96.55,2263.45
0247-SLUJI,Male,0,Yes,Yes,1,Yes,No,No,No internet service,No internet service,No internet service,No internet service,No internet service,No internet service,Month-To-Month,No,Mailed Check,19.7,19.7
6769-DCQLI,Male,0,No,No,52,Yes,No,Fiber Optic,No,Yes,Yes,Yes,Yes,Yes,One Year,Yes,Bank Transfer (Automatic),105.0,5426.85
9365-CSLBQ,Male,0,No,Yes,71,Yes,Yes,No,No internet service,No internet service,No internet service,No internet service,No internet service,No internet service,Two Year,No,Mailed Check,24.35,1654.6
3520-FJGCV,Male,0,Yes,Yes,72,Yes,Yes,Fiber Optic,Yes,Yes,Yes,Yes,Yes,Yes,Two Year,Yes,Credit Card (Automatic),112.6,8126.65
2077-DDHJK,Female,0,Yes,No,68,Yes,Yes,Dsl,Yes,Yes,Yes,Yes,No,No,Two Year,No,Credit Card (Automatic),70.9,4911.35
2862-JVEOY,Male,0,No,No,6,Yes,No,No,No internet service,No internet service,No internet service,No internet service,No internet service,No internet service,One Year,No,Mailed Check,19.15,124.4
9101-NTIXF,Male,0,No,No,2,Yes,No,No,No internet service,No internet service,No internet service,No internet service,No internet service,No internet service,Month-To-Month,No,Mailed Check,19.4,50.6
9530-GRMJG,Male,0,Yes,Yes,70,Yes,Yes,Dsl,No,Yes,Yes,Yes,Yes,Yes,Two Year,Yes,Electronic Check,84.1,5979.7
4299-OPXEJ,Female,0,No,No,56,Yes,No,No,No internet service,No internet service,No internet service,No internet service,No internet service,No internet service,Two Year,Yes,Bank Transfer (Automatic),19.55,1080.55
1073-XXCZD,Male,0,Yes,No,55,Yes,Yes,No,No internet service,No internet service,No internet service,No internet service,No internet service,No internet service,Two Year,No,Bank Transfer (Automatic),25.7,1443.65
0121-SNYRK,Male,0,No,No,50,No,No phone service,Dsl,Yes,No,No,Yes,No,No,One Year,Yes,Mailed Check,35.4,1748.9
2277-AXSDC,Female,0,No,No,32,Yes,No,No,No internet service,No internet service,No internet service,No internet service,No internet service,No internet service,One Year,No,Bank Transfer (Automatic),19.75,624.15
6733-LRIZX,Male,0,No,No,35,Yes,Yes,Fiber Optic,Yes,No,Yes,Yes,Yes,Yes,Two Year,Yes,Electronic Check,108.95,4025.5
4495-LHSSK,Female,0,No,Yes,18,Yes,Yes,Dsl,Yes,No,No,No,No,No,Month-To-Month,No,Mailed Check,57.65,992.7
4304-XUMGI,Male,1,Yes,Yes,50,Yes,Yes,Dsl,Yes,Yes,Yes,No,No,Yes,Two Year,Yes,Bank Transfer (Automatic),75.15,3822.45
9782-LGXMC,Female,0,Yes,Yes,49,Yes,No,Dsl,Yes,No,Yes,Yes,No,No,Month-To-Month,No,Bank Transfer (Automatic),61.75,3024.15
5855-EIBDE,Female,0,Yes,No,49,Yes,Yes,Fiber Optic,Yes,Yes,Yes,Yes,No,Yes,Two Year,No,Credit Card (Automatic),106.65,5174.35
7446-YPODE,Male,1,No,No,11,Yes,Yes,Dsl,Yes,Yes,No,No,No,No,Month-To-Month,No,Bank Transfer (Automatic),60.25,662.95
8565-WUXZU,Male,1,Yes,No,72,Yes,No,Fiber Optic,Yes,Yes,No,Yes,No,No,Two Year,Yes,Credit Card (Automatic),84.8,6141.65
6203-HBZPA,Male,0,No,No,52,No,No phone service,Dsl,Yes,Yes,Yes,Yes,Yes,Yes,Two Year,No,Credit Card (Automatic),63.9,3334.95
4332-MUOEZ,Male,1,Yes,Yes,20,Yes,No,Fiber Optic,Yes,No,Yes,Yes,No,Yes,One Year,No,Credit Card (Automatic),94.3,1818.3
8809-XKHMD,Male,0,Yes,No,72,Yes,Yes,Fiber Optic,Yes,Yes,No,Yes,No,Yes,Two Year,Yes,Bank Transfer (Automatic),100.55,7325.1
8148-NLEGT,Female,0,Yes,Yes,42,Yes,Yes,No,No internet service,No internet service,No internet service,No internet service,No internet service,No internet service,Two Year,No,Electronic Check,22.95,1014.25
1448-PWKYE,Male,0,Yes,Yes,1,Yes,No,Fiber Optic,No,No,No,No,No,Yes,Month-To-Month,No,Electronic Check,80.0,80.0
4647-MUZON,Female,0,Yes,No,18,Yes,No,Fiber Optic,No,No,Yes,No,Yes,Yes,Month-To-Month,Yes,Credit Card (Automatic),95.95,1745.5
0383-CLDDA,Female,0,No,No,69,Yes,Yes,Dsl,Yes,No,Yes,Yes,Yes,Yes,Two Year,Yes,Credit Card (Automatic),85.35,5897.4
8241-JUIQO,Female,0,No,No,61,Yes,No,No,No internet service,No internet service,No internet service,No internet service,No internet service,No internet service,One Year,No,Bank Transfer (Automatic),20.15,1336.35
1035-IPQPU,Female,1,Yes,No,63,Yes,Yes,Fiber Optic,No,Yes,Yes,No,Yes,Yes,Month-To-Month,Yes,Electronic Check,103.5,6479.4
0487-RPVUM,Male,0,Yes,No,61,Yes,Yes,Fiber Optic,Yes,No,Yes,Yes,Yes,No,Month-To-Month,No,Bank Transfer (Automatic),99.4,5943.65
5364-XYIRR,Male,0,Yes,No,51,Yes,Yes,Fiber Optic,No,No,No,No,Yes,Yes,Month-To-Month,Yes,Electronic Check,94.65,4812.75
0496-AHOOK,Male,0,Yes,No,24,Yes,No,Dsl,Yes,No,No,Yes,Yes,Yes,One Year,No,Bank Transfer (Automatic),74.4,1712.9
5075-JSDKI,Female,0,No,No,59,Yes,Yes,No,No internet service,No internet service,No internet service,No internet service,No internet service,No internet service,Two Year,No,Electronic Check,24.45,1493.1
8650-RHRKE,Male,0,No,No,4,No,No phone service,Dsl,No,No,Yes,No,No,No,Month-To-Month,Yes,Electronic Check,29.65,118.5
2657-VPXTA,Female,0,Yes,Yes,10,Yes,No,Fiber Optic,No,No,No,No,Yes,Yes,Month-To-Month,Yes,Electronic Check,88.85,929.45
2927-CVULT,Female,0,Yes,Yes,53,Yes,Yes,Fiber Optic,Yes,Yes,Yes,Yes,No,Yes,Two Year,Yes,Bank Transfer (Automatic),104.05,5566.4
8019-ENHXU,Male,0,Yes,No,42,Yes,Yes,Fiber Optic,No,Yes,Yes,Yes,No,Yes,Month-To-Month,Yes,Electronic Check,99.45,4138.05
8080-DDEMJ,Male,1,No,No,1,Yes,No,Dsl,No,No,No,No,No,No,Month-To-Month,No,Electronic Check,45.1,45.1
3235-ETOOB,Male,0,Yes,No,8,Yes,No,Fiber Optic,Yes,No,No,No,No,No,Month-To-Month,Yes,Electronic Check,74.5,609.9
3585-ISXZP,Female,0,No,No,8,Yes,Yes,Fiber Optic,No,No,No,No,Yes,Yes,Month-To-Month,No,Bank Transfer (Automatic),95.65,778.1
8663-UPDGF,Female,0,No,No,26,Yes,Yes,Dsl,Yes,Yes,No,No,Yes,No,Month-To-Month,Yes,Bank Transfer (Automatic),69.5,1800.05
8734-FNWVH,Male,0,Yes,Yes,31,Yes,Yes,Dsl,No,No,No,No,No,Yes,Month-To-Month,No,Bank Transfer (Automatic),59.7,1825.5
6599-SFQVE,Female,0,No,No,6,Yes,No,Dsl,No,No,No,No,No,Yes,Month-To-Month,Yes,Electronic Check,55.0,340.4
0265-PSUAE,Female,0,Yes,Yes,16,Yes,No,Fiber Optic,Yes,No,Yes,No,Yes,Yes,Month-To-Month,No,Bank Transfer (Automatic),100.7,1522.7
9747-DDZOS,Female,0,No,No,1,Yes,No,Fiber Optic,No,No,Yes,No,No,No,Month-To-Month,No,Bank Transfer (Automatic),73.5,73.5
3259-KNMRR,Male,1,No,No,57,Yes,Yes,Dsl,No,Yes,Yes,No,Yes,Yes,Two Year,Yes,Bank Transfer (Automatic),79.75,4438.2
4323-SADQS,Male,0,Yes,Yes,7,No,No phone service,Dsl,Yes,No,No,Yes,No,No,Month-To-Month,Yes,Electronic Check,34.5,279.25
2632-IVXVF,Female,0,Yes,Yes,68,Yes,Yes,Fiber Optic,Yes,No,Yes,Yes,Yes,Yes,Two Year,No,Credit Card (Automatic),111.75,7511.3
4745-LSPLO,Male,0,No,No,1,Yes,No,No,No internet service,No internet service,No internet service,No internet service,No internet service,No internet service,Month-To-Month,No,Mailed Check,20.5,20.5
3524-WQDSG,Female,0,Yes,Yes,43,Yes,Yes,Fiber Optic,No,No,Yes,No,Yes,Yes,Month-To-Month,Yes,Bank Transfer (Automatic),99.3,4209.95
2625-TRCZQ,Female,0,Yes,No,51,No,No phone service,Dsl,No,Yes,No,No,Yes,Yes,Month-To-Month,Yes,Electronic Check,49.65,2553.35
6631-HMANX,Male,0,Yes,No,72,Yes,Yes,Dsl,No,Yes,Yes,Yes,Yes,Yes,Two Year,Yes,Credit Card (Automatic),85.45,6227.5
4361-JEIVL,Male,0,No,Yes,1,Yes,No,Dsl,No,No,No,No,No,No,Month-To-Month,Yes,Electronic Check,44.4,44.4
0123-CRBRT,Female,0,Yes,Yes,61,Yes,Yes,Dsl,Yes,Yes,Yes,Yes,Yes,Yes,Two Year,No,Mailed Check,88.1,5526.75
3266-FTKHB,Male,0,No,No,17,Yes,No,No,No internet service,No internet service,No internet service,No internet service,No internet service,No internet service,Two Year,No,Mailed Check,19.15,343.45
0818-OCPZO,Male,1,No,No,27,Yes,Yes,Fiber Optic,No,Yes,No,No,No,No,Month-To-Month,Yes,Electronic Check,81.45,2122.05
5995-WWKKG,Female,0,No,No,37,Yes,No,No,No internet service,No internet service,No internet service,No internet service,No internet service,No internet service,One Year,Yes,Electronic Check,19.8,695.05
8949-JTMAY,Female,0,No,No,29,Yes,Yes,Fiber Optic,No,No,Yes,No,Yes,Yes,Month-To-Month,Yes,Credit Card (Automatic),98.6,2933.2
4836-WNFNO,Female,0,Yes,No,72,Yes,Yes,No,No internet service,No internet service,No internet service,No internet service,No internet service,No internet service,Two Year,No,Credit Card (Automatic),25.0,1849.2
2378-VTKDH,Male,1,Yes,No,65,Yes,Yes,Fiber Optic,No,Yes,Yes,No,Yes,Yes,Month-To-Month,Yes,Electronic Check,104.35,6578.55
6908-VVYHM,Male,0,Yes,No,65,Yes,Yes,Fiber Optic,No,Yes,No,No,No,Yes,Month-To-Month,Yes,Electronic Check,90.65,5931.0
5118-MUEYH,Female,0,Yes,No,48,Yes,Yes,Fiber Optic,No,Yes,No,Yes,Yes,Yes,Month-To-Month,Yes,Credit Card (Automatic),105.1,5083.55
3588-WSTTJ,Female,1,No,No,35,Yes,Yes,Fiber Optic,Yes,No,No,No,Yes,Yes,Month-To-Month,Yes,Electronic Check,99.05,3554.6
2197-OMWGI,Female,1,Yes,Yes,68,No,No phone service,Dsl,No,Yes,Yes,No,Yes,Yes,Two Year,Yes,Electronic Check,53.0,3656.25
4706-DGAHW,Male,1,No,No,1,Yes,No,Dsl,No,No,No,No,No,No,Month-To-Month,No,Electronic Check,45.2,45.2
8727-JQFHV,Male,0,Yes,Yes,57,Yes,No,No,No internet service,No internet service,No internet service,No internet service,No internet service,No internet service,Two Year,No,Mailed Check,20.75,1123.15
6773-LQTVT,Female,1,Yes,Yes,29,No,No phone service,Dsl,No,Yes,Yes,No,No,No,Month-To-Month,Yes,Mailed Check,35.65,1025.15
6242-FEGFD,Male,0,Yes,No,66,Yes,Yes,Fiber Optic,Yes,Yes,Yes,Yes,No,No,Two Year,No,Mailed Check,96.6,6424.25
2335-GSODA,Male,0,No,Yes,23,No,No phone service,Dsl,Yes,No,Yes,Yes,No,No,Two Year,No,Mailed Check,40.1,857.75
4236-UJPWO,Female,0,No,No,2,No,No phone service,Dsl,No,No,No,No,No,No,Month-To-Month,No,Electronic Check,24.5,46.4
1133-KXCGE,Female,0,No,No,18,Yes,No,No,No internet service,No internet service,No internet service,No internet service,No internet service,No internet service,One Year,No,Mailed Check,20.15,407.05
0254-FNMCI,Female,0,No,No,72,Yes,No,Fiber Optic,Yes,Yes,Yes,Yes,Yes,Yes,Two Year,Yes,Electronic Check,109.9,7624.2
7465-ZZRVX,Male,0,No,No,1,Yes,No,Fiber Optic,No,No,No,No,No,No,Month-To-Month,Yes,Electronic Check,70.35,70.35
0191-EQUUH,Female,0,No,Yes,25,No,No phone service,Dsl,Yes,No,No,Yes,No,No,Two Year,No,Bank Transfer (Automatic),35.05,844.45
7353-YOWFP,Female,0,No,No,7,Yes,No,No,No internet service,No internet service,No internet service,No internet service,No internet service,No internet service,One Year,No,Mailed Check,20.25,129.15
4223-BKEOR,Female,0,No,Yes,21,Yes,No,Dsl,Yes,No,Yes,No,No,Yes,One Year,No,Mailed Check,64.85,1336.8
4913-EHYUI,Male,1,Yes,Yes,56,Yes,Yes,Fiber Optic,Yes,No,Yes,No,Yes,Yes,One Year,Yes,Bank Transfer (Automatic),104.55,5794.65
0080-EMYVY,Female,0,No,No,14,Yes,No,Dsl,No,Yes,No,No,No,No,One Year,No,Credit Card (Automatic),51.45,727.85
6896-SRVYQ,Male,1,No,No,44,Yes,No,Fiber Optic,No,No,Yes,No,No,No,Month-To-Month,No,Electronic Check,73.85,3122.4
6921-OZMFH,Male,0,Yes,Yes,5,Yes,Yes,Dsl,No,No,No,Yes,No,No,Month-To-Month,Yes,Mailed Check,55.7,259.4
1621-YNCJH,Female,0,Yes,No,36,Yes,Yes,Fiber Optic,Yes,Yes,Yes,Yes,No,Yes,Two Year,Yes,Credit Card (Automatic),106.05,3834.4
4925-LMHOK,Male,0,No,No,15,Yes,Yes,Dsl,No,Yes,No,Yes,No,No,Month-To-Month,Yes,Credit Card (Automatic),58.6,939.7
7623-TRNQN,Male,0,No,Yes,1,Yes,No,Dsl,No,No,No,Yes,No,No,Month-To-Month,Yes,Mailed Check,49.9,49.9
4550-EVXNY,Female,0,No,Yes,1,Yes,No,Fiber Optic,No,No,No,No,No,No,Month-To-Month,Yes,Electronic Check,69.65,69.65
3646-ITDGM,Female,0,No,No,56,Yes,No,No,No internet service,No internet service,No internet service,No internet service,No internet service,No internet service,Two Year,No,Bank Transfer (Automatic),19.7,1051.9
7248-VZQLC,Female,1,No,No,47,Yes,Yes,Fiber Optic,No,Yes,Yes,No,No,No,Month-To-Month,Yes,Bank Transfer (Automatic),85.2,3969.35
2088-IEBAU,Female,0,No,No,68,Yes,Yes,Dsl,Yes,Yes,Yes,Yes,Yes,Yes,Two Year,Yes,Electronic Check,88.15,6148.45
8133-ANHHJ,Female,1,No,No,49,Yes,Yes,Fiber Optic,Yes,Yes,Yes,Yes,No,Yes,One Year,No,Bank Transfer (Automatic),103.0,5166.2
3834-XUIFC,Male,0,No,No,7,Yes,Yes,Fiber Optic,No,No,No,No,No,Yes,Month-To-Month,Yes,Mailed Check,85.2,602.55
1222-LRYKO,Male,0,No,Yes,6,Yes,Yes,No,No internet service,No internet service,No internet service,No internet service,No internet service,No internet service,Month-To-Month,No,Mailed Check,26.35,184.05
9153-BTBVV,Female,0,Yes,No,71,Yes,Yes,No,No internet service,No internet service,No internet service,No internet service,No internet service,No internet service,Two Year,No,Bank Transfer (Automatic),25.0,1753.0
6479-OAUSD,Male,0,No,No,25,Yes,No,No,No internet service,No internet service,No internet service,No internet service,No internet service,No internet service,One Year,No,Credit Card (Automatic),19.9,510.8
9050-QLROH,Male,0,No,No,18,Yes,Yes,Fiber Optic,No,No,Yes,No,No,Yes,Month-To-Month,Yes,Credit Card (Automatic),90.7,1597.25
9725-SCPZG,Male,0,No,Yes,1,Yes,No,Fiber Optic,No,No,No,No,Yes,Yes,Month-To-Month,Yes,Electronic Check,90.85,90.85
7130-VTEWQ,Female,1,No,No,8,Yes,Yes,Fiber Optic,No,No,No,No,No,No,Month-To-Month,Yes,Electronic Check,75.75,606.25
3891-NLXJB,Male,0,No,No,37,No,No phone service,Dsl,Yes,Yes,No,Yes,No,No,Two Year,Yes,Mailed Check,40.55,1390.85
4673-KKSLS,Female,0,No,No,31,Yes,No,Fiber Optic,Yes,No,Yes,Yes,No,No,Month-To-Month,No,Electronic Check,87.6,2724.25
2402-TAIRZ,Female,0,No,No,37,Yes,No,Fiber Optic,No,Yes,Yes,No,No,No,One Year,No,Electronic Check,80.05,3019.1
5842-POCOP,Female,0,Yes,No,5,Yes,No,Fiber Optic,Yes,No,Yes,No,No,Yes,Month-To-Month,Yes,Mailed Check,88.9,454.15
1696-HXOWK,Female,0,Yes,No,71,Yes,Yes,Fiber Optic,Yes,Yes,No,No,Yes,No,One Year,No,Mailed Check,95.65,6856.95
8212-DJRCH,Male,0,Yes,Yes,5,Yes,No,Fiber Optic,Yes,No,Yes,No,No,Yes,Month-To-Month,Yes,Mailed Check,90.35,434.5
4685-ERGHK,Male,0,No,No,57,Yes,Yes,Fiber Optic,No,No,No,No,Yes,No,One Year,Yes,Electronic Check,86.9,4939.25
2750-BJLSB,Female,0,No,No,47,Yes,No,Fiber Optic,Yes,No,Yes,Yes,Yes,Yes,One Year,Yes,Electronic Check,103.7,4730.6
9391-EOYLI,Male,1,Yes,No,12,Yes,No,Fiber Optic,No,No,No,No,No,Yes,Month-To-Month,Yes,Electronic Check,80.45,950.2
3224-DFQNQ,Female,0,Yes,No,66,Yes,Yes,Fiber Optic,Yes,Yes,No,Yes,No,No,One Year,No,Electronic Check,89.0,5898.6
5485-WUYWF,Male,1,No,No,2,Yes,No,Dsl,Yes,No,Yes,No,Yes,No,Month-To-Month,No,Electronic Check,66.4,94.55
2890-WFBHU,Female,0,No,No,59,Yes,Yes,Dsl,Yes,Yes,Yes,Yes,No,Yes,One Year,No,Credit Card (Automatic),79.85,4786.1
0887-HJGAR,Male,0,No,No,1,Yes,No,Dsl,No,No,No,No,No,No,Month-To-Month,Yes,Mailed Check,45.7,45.7
4585-HETAI,Female,0,Yes,Yes,4,Yes,No,Fiber Optic,No,No,Yes,No,No,No,Month-To-Month,Yes,Electronic Check,73.75,325.45
0048-LUMLS,Male,0,Yes,Yes,37,Yes,No,Fiber Optic,No,No,No,No,Yes,Yes,One Year,No,Credit Card (Automatic),91.2,3247.55
8372-JUXUI,Male,0,No,Yes,1,Yes,Yes,Fiber Optic,No,No,No,No,No,No,Month-To-Month,Yes,Electronic Check,74.35,74.35
1135-HIORI,Female,0,Yes,Yes,64,Yes,Yes,Fiber Optic,No,Yes,Yes,Yes,Yes,Yes,One Year,Yes,Electronic Check,111.45,7266.95
8777-PVYGU,Female,0,Yes,No,52,Yes,No,Dsl,Yes,No,Yes,No,Yes,No,One Year,Yes,Mailed Check,64.3,3410.6
1080-BWSYE,Male,1,Yes,No,64,Yes,Yes,No,No internet service,No internet service,No internet service,No internet service,No internet service,No internet service,Two Year,No,Credit Card (Automatic),25.65,1740.8
5275-SQEIZ,Male,0,No,No,1,Yes,No,Fiber Optic,No,No,No,No,No,Yes,Month-To-Month,Yes,Mailed Check,80.85,80.85
4892-VLANZ,Male,0,No,No,1,Yes,No,No,No internet service,No internet service,No internet service,No internet service,No internet service,No internet service,Month-To-Month,No,Mailed Check,19.8,19.8
1251-STYSZ,Female,1,No,No,4,Yes,Yes,Fiber Optic,Yes,No,No,No,No,No,Month-To-Month,Yes,Electronic Check,80.25,303.7
8740-CRYFY,Male,0,No,No,1,Yes,No,Fiber Optic,No,No,No,No,Yes,No,Month-To-Month,Yes,Electronic Check,78.95,78.95
5089-IFSDP,Female,0,Yes,No,58,Yes,Yes,Fiber Optic,Yes,Yes,Yes,No,Yes,Yes,Two Year,Yes,Bank Transfer (Automatic),109.45,6144.55
2761-OCIAX,Male,1,No,No,2,Yes,No,Fiber Optic,No,Yes,No,No,No,No,Month-To-Month,Yes,Electronic Check,74.7,165.4
0684-AOSIH,Male,0,Yes,No,1,Yes,No,Fiber Optic,Yes,No,No,No,Yes,Yes,Month-To-Month,Yes,Electronic Check,95.0,95.0
7706-DZNKK,Male,0,No,No,11,Yes,No,No,No internet service,No internet service,No internet service,No internet service,No internet service,No internet service,Month-To-Month,Yes,Credit Card (Automatic),20.45,237.3
9600-NAXZN,Male,0,No,No,43,Yes,Yes,Fiber Optic,No,Yes,No,No,Yes,Yes,Month-To-Month,Yes,Electronic Check,101.4,4528.0
9184-GALIL,Female,0,Yes,Yes,38,Yes,No,No,No internet service,No internet service,No internet service,No internet service,No internet service,No internet service,Month-To-Month,No,Mailed Check,20.45,781.25
7488-MXJIV,Female,0,No,No,4,Yes,Yes,Fiber Optic,No,No,No,No,Yes,No,Month-To-Month,Yes,Electronic Check,85.65,321.65
7815-PDTHL,Male,0,No,No,35,Yes,No,No,No internet service,No internet service,No internet service,No internet service,No internet service,No internet service,Two Year,Yes,Mailed Check,20.2,684.4
1222-KJNZD,Male,0,Yes,Yes,40,Yes,No,No,No internet service,No internet service,No internet service,No internet service,No internet service,No internet service,Month-To-Month,Yes,Bank Transfer (Automatic),20.4,745.3
2821-WARNZ,Female,0,No,Yes,49,Yes,No,No,No internet service,No internet service,No internet service,No internet service,No internet service,No internet service,One Year,No,Credit Card (Automatic),19.45,921.3
8711-LOBKY,Male,0,Yes,Yes,59,Yes,No,No,No internet service,No internet service,No internet service,No internet service,No internet service,No internet service,Two Year,No,Mailed Check,19.85,1188.25
0570-BFQHT,Female,0,No,No,9,Yes,No,Fiber Optic,No,Yes,Yes,No,No,No,Month-To-Month,No,Electronic Check,80.55,653.9
2990-HWIML,Female,0,No,No,6,Yes,No,Fiber Optic,No,No,No,No,Yes,Yes,Month-To-Month,Yes,Electronic Check,89.5,573.3
1043-UXOVO,Female,0,No,No,71,Yes,Yes,Fiber Optic,Yes,Yes,Yes,Yes,Yes,Yes,Two Year,Yes,Credit Card (Automatic),113.15,7993.3
6620-JDYNW,Female,0,No,No,18,Yes,Yes,Dsl,Yes,No,Yes,No,No,No,Month-To-Month,Yes,Mailed Check,60.6,1156.35
6851-WEFYX,Male,1,Yes,No,35,Yes,Yes,Fiber Optic,No,No,Yes,No,Yes,Yes,Month-To-Month,Yes,Electronic Check,100.8,3437.5
6352-GIGGQ,Male,0,No,No,67,Yes,Yes,Dsl,Yes,Yes,Yes,Yes,Yes,Yes,One Year,Yes,Bank Transfer (Automatic),88.8,5903.15
8313-AFGBW,Male,0,Yes,No,47,Yes,No,Dsl,No,Yes,Yes,No,Yes,Yes,Two Year,No,Electronic Check,73.6,3522.65
8672-OAUPW,Male,0,No,Yes,51,Yes,No,Dsl,No,No,No,Yes,No,No,One Year,No,Credit Card (Automatic),47.85,2356.75
5712-AHQNN,Female,0,No,No,43,Yes,No,Fiber Optic,No,Yes,Yes,No,Yes,No,Month-To-Month,Yes,Electronic Check,91.65,3954.1
2154-KVJFF,Female,0,No,No,15,Yes,Yes,Fiber Optic,No,Yes,No,No,No,No,Month-To-Month,Yes,Electronic Check,79.75,1111.85
2675-OTVVJ,Male,1,Yes,No,31,Yes,Yes,Fiber Optic,Yes,No,No,No,Yes,No,Month-To-Month,No,Electronic Check,89.45,2807.65
1228-FZFRV,Male,0,Yes,Yes,50,Yes,Yes,Fiber Optic,Yes,No,Yes,No,Yes,Yes,Month-To-Month,No,Credit Card (Automatic),105.95,5341.8
4998-IKFSE,Female,0,No,No,30,Yes,Yes,Fiber Optic,No,No,Yes,No,Yes,Yes,Month-To-Month,No,Electronic Check,100.45,3096.9
3853-LYGAM,Male,0,No,No,17,Yes,Yes,Fiber Optic,No,No,Yes,Yes,No,Yes,Month-To-Month,Yes,Bank Transfer (Automatic),95.65,1640.0
1951-IEYXM,Male,0,Yes,Yes,72,Yes,Yes,Dsl,Yes,Yes,Yes,Yes,Yes,Yes,Two Year,Yes,Credit Card (Automatic),90.6,6441.85
3283-WCWXT,Male,0,Yes,Yes,6,Yes,Yes,No,No internet service,No internet service,No internet service,No internet service,No internet service,No internet service,Two Year,No,Mailed Check,25.4,153.3
7798-JVXYM,Female,0,No,No,14,Yes,No,Dsl,No,No,No,Yes,Yes,Yes,Month-To-Month,Yes,Electronic Check,69.65,921.4
5574-NXZIU,Male,0,No,No,63,Yes,No,Fiber Optic,Yes,Yes,Yes,Yes,Yes,Yes,Two Year,No,Credit Card (Automatic),109.2,7049.75
4685-TFLLS,Male,0,Yes,Yes,18,Yes,No,No,No internet service,No internet service,No internet service,No internet service,No internet service,No internet service,One Year,No,Bank Transfer (Automatic),19.8,342.3
3654-ARMGP,Female,0,No,No,61,Yes,Yes,Dsl,No,Yes,Yes,Yes,Yes,Yes,Two Year,No,Credit Card (Automatic),88.65,5321.25
6217-TOWGS,Female,0,Yes,No,17,Yes,Yes,Dsl,No,Yes,No,No,Yes,Yes,Month-To-Month,Yes,Bank Transfer (Automatic),75.4,1322.55
2931-SVLTV,Male,0,Yes,Yes,40,Yes,Yes,Fiber Optic,Yes,Yes,No,Yes,Yes,Yes,Month-To-Month,Yes,Credit Card (Automatic),110.1,4469.1
4742-DRORA,Male,0,Yes,Yes,60,Yes,Yes,Fiber Optic,Yes,No,Yes,No,Yes,No,One Year,Yes,Bank Transfer (Automatic),95.4,5812.0
7764-BDPEE,Male,0,No,Yes,3,Yes,No,No,No internet service,No internet service,No internet service,No internet service,No internet service,No internet service,Month-To-Month,No,Mailed Check,20.85,60.65
4710-NKCAW,Male,0,Yes,Yes,5,Yes,Yes,Dsl,Yes,Yes,No,Yes,No,No,Month-To-Month,No,Credit Card (Automatic),64.4,316.9
7568-PODML,Male,0,No,No,1,No,No phone service,Dsl,No,No,No,No,Yes,Yes,Month-To-Month,Yes,Mailed Check,45.3,45.3
2740-JFBOK,Male,0,No,No,10,Yes,Yes,No,No internet service,No internet service,No internet service,No internet service,No internet service,No internet service,Month-To-Month,Yes,Electronic Check,24.0,226.55
2623-DRYAM,Female,0,Yes,No,70,Yes,Yes,Fiber Optic,No,No,Yes,No,Yes,Yes,One Year,Yes,Electronic Check,101.75,7069.3
9408-HRXRK,Female,0,Yes,Yes,45,Yes,Yes,Fiber Optic,Yes,Yes,No,No,Yes,Yes,Month-To-Month,Yes,Electronic Check,105.15,4730.9
7197-VOJMM,Male,0,Yes,No,67,Yes,No,Dsl,Yes,Yes,No,Yes,No,Yes,Two Year,Yes,Credit Card (Automatic),69.2,4671.65
0639-TSIQW,Female,0,No,No,67,Yes,Yes,Fiber Optic,Yes,Yes,Yes,No,Yes,No,Month-To-Month,Yes,Credit Card (Automatic),102.95,6886.25
2133-TSRRM,Female,0,No,Yes,34,Yes,No,Fiber Optic,Yes,Yes,Yes,No,Yes,Yes,Month-To-Month,Yes,Bank Transfer (Automatic),105.35,3688.6
5681-LLOEI,Male,0,Yes,Yes,43,Yes,Yes,Fiber Optic,Yes,No,Yes,Yes,No,No,One Year,Yes,Credit Card (Automatic),91.25,4013.8
4476-OSWTN,Male,1,Yes,No,69,Yes,Yes,Fiber Optic,Yes,No,Yes,Yes,Yes,Yes,One Year,Yes,Mailed Check,110.55,7610.1
9107-UKCKY,Male,0,Yes,No,61,Yes,Yes,Dsl,No,Yes,Yes,No,Yes,Yes,One Year,Yes,Electronic Check,79.8,4914.8
1299-AURJA,Female,0,Yes,Yes,70,Yes,Yes,No,No internet service,No internet service,No internet service,No internet service,No internet service,No internet service,Two Year,No,Electronic Check,24.7,1685.9
5549-ZGHFB,Male,0,Yes,Yes,50,Yes,Yes,No,No internet service,No internet service,No internet service,No internet service,No internet service,No internet service,Two Year,No,Mailed Check,24.95,1261.45
8835-VSDSE,Female,0,Yes,No,2,Yes,No,Fiber Optic,No,No,No,No,No,No,Month-To-Month,Yes,Electronic Check,70.7,141.45
7833-PKIHD,Male,0,Yes,Yes,51,Yes,No,Dsl,Yes,No,No,Yes,Yes,Yes,One Year,Yes,Bank Transfer (Automatic),76.4,3966.3
2862-PFNIK,Male,0,No,Yes,1,No,No phone service,Dsl,No,No,No,No,No,No,Month-To-Month,Yes,Electronic Check,24.7,24.7
0428-IKYCP,Male,0,Yes,No,22,Yes,No,Fiber Optic,No,No,Yes,No,Yes,No,Month-To-Month,Yes,Bank Transfer (Automatic),87.0,1850.65
1548-ARAGG,Female,0,Yes,Yes,4,Yes,Yes,Dsl,No,Yes,No,Yes,No,No,Month-To-Month,Yes,Mailed Check,58.5,224.85
4990-ALDGW,Male,0,No,No,57,Yes,No,No,No internet service,No internet service,No internet service,No internet service,No internet service,No internet service,Two Year,No,Mailed Check,20.75,1118.8
9959-WOFKT,Male,0,No,Yes,71,Yes,Yes,Fiber Optic,Yes,No,Yes,No,Yes,Yes,Two Year,No,Bank Transfer (Automatic),106.7,7382.25
6173-GOLSU,Male,1,Yes,No,67,Yes,Yes,Fiber Optic,No,No,No,No,Yes,Yes,Month-To-Month,Yes,Credit Card (Automatic),94.65,6079.0
2754-SDJRD,Female,1,No,No,8,Yes,Yes,Fiber Optic,No,No,No,Yes,Yes,Yes,Month-To-Month,Yes,Credit Card (Automatic),100.15,908.55
5515-RUGKN,Male,0,No,No,8,Yes,No,Dsl,No,No,No,No,No,Yes,Month-To-Month,Yes,Credit Card (Automatic),54.75,438.05
6888-SBYAI,Male,0,No,No,1,Yes,No,Dsl,Yes,No,No,No,No,No,Month-To-Month,Yes,Mailed Check,50.7,50.7
2754-XBHTB,Female,0,No,No,9,Yes,No,Fiber Optic,No,No,No,No,Yes,No,Month-To-Month,Yes,Bank Transfer (Automatic),77.65,714.15
9244-ZVAPM,Male,0,No,No,1,Yes,No,Dsl,No,No,No,No,No,No,Month-To-Month,No,Mailed Check,45.6,45.6
8207-DMRVL,Male,0,Yes,Yes,72,Yes,Yes,Fiber Optic,Yes,Yes,Yes,Yes,Yes,Yes,Two Year,No,Bank Transfer (Automatic),114.55,8306.05
4500-HKANN,Male,0,Yes,Yes,23,Yes,Yes,Dsl,No,Yes,No,Yes,No,No,Two Year,No,Mailed Check,59.7,1414.2
1810-BOHSY,Male,0,Yes,No,51,Yes,Yes,Fiber Optic,Yes,Yes,No,No,No,Yes,One Year,Yes,Credit Card (Automatic),96.4,4911.05
8774-GSBUN,Male,0,Yes,No,72,Yes,Yes,No,No internet service,No internet service,No internet service,No internet service,No internet service,No internet service,Two Year,No,Mailed Check,25.4,1797.1
3474-BAFSJ,Male,0,Yes,No,57,No,No phone service,Dsl,No,Yes,Yes,Yes,Yes,Yes,Two Year,Yes,Bank Transfer (Automatic),57.5,3265.95
0708-LGSMF,Male,0,Yes,No,13,Yes,Yes,Dsl,Yes,No,No,No,No,Yes,Month-To-Month,Yes,Electronic Check,65.85,902.25
8404-VLQFB,Female,0,Yes,Yes,15,Yes,Yes,No,No internet service,No internet service,No internet service,No internet service,No internet service,No internet service,Month-To-Month,Yes,Electronic Check,25.25,394.85
5840-NVDCG,Female,0,Yes,Yes,16,Yes,No,Dsl,Yes,Yes,No,Yes,No,Yes,Two Year,No,Bank Transfer (Automatic),68.25,1114.85
4119-ZYPZY,Male,1,No,No,71,Yes,Yes,Fiber Optic,No,Yes,No,Yes,Yes,Yes,Two Year,Yes,Electronic Check,106.8,7623.2
5440-VHLUL,Male,0,No,No,69,Yes,Yes,Fiber Optic,No,Yes,No,Yes,Yes,Yes,One Year,Yes,Bank Transfer (Automatic),105.2,7386.05
9220-ZNKJI,Female,1,Yes,No,55,Yes,No,Fiber Optic,No,No,Yes,Yes,Yes,No,Two Year,No,Credit Card (Automatic),88.8,4805.3
2882-WDTBA,Male,0,Yes,Yes,69,Yes,No,Dsl,Yes,Yes,Yes,Yes,Yes,No,Two Year,Yes,Bank Transfer (Automatic),75.75,5388.15
5201-USSQZ,Female,0,Yes,No,26,Yes,No,Fiber Optic,No,No,No,Yes,No,Yes,Month-To-Month,No,Credit Card (Automatic),85.9,2196.45
3669-LVWZB,Male,0,No,No,5,No,No phone service,Dsl,No,Yes,No,No,Yes,Yes,Month-To-Month,Yes,Mailed Check,51.0,305.95
2982-IHMFT,Female,1,No,No,1,Yes,Yes,Fiber Optic,No,No,No,No,No,No,Month-To-Month,Yes,Mailed Check,74.45,74.45
3450-WXOAT,Male,0,No,No,46,Yes,No,Dsl,No,No,No,No,No,No,Month-To-Month,Yes,Credit Card (Automatic),45.2,2065.15
9534-NSXEM,Male,0,No,No,26,Yes,No,No,No internet service,No internet service,No internet service,No internet service,No internet service,No internet service,One Year,Yes,Credit Card (Automatic),20.65,595.5
9136-ALYBR,Male,0,No,No,1,No,No phone service,Dsl,No,No,No,No,No,No,Month-To-Month,Yes,Mailed Check,24.45,24.45
1183-CANVH,Female,0,Yes,No,23,Yes,No,Dsl,No,No,No,Yes,Yes,No,One Year,No,Bank Transfer (Automatic),60.0,1347.15
6328-ZPBGN,Female,1,No,No,11,Yes,Yes,Fiber Optic,No,No,No,No,Yes,Yes,Month-To-Month,Yes,Bank Transfer (Automatic),95.15,997.65
0147-ESWWR,Female,1,Yes,No,39,Yes,Yes,Fiber Optic,No,No,No,Yes,Yes,Yes,Month-To-Month,Yes,Electronic Check,101.25,3949.15
9067-YGSCA,Female,0,No,No,70,Yes,Yes,No,No internet service,No internet service,No internet service,No internet service,No internet service,No internet service,One Year,No,Credit Card (Automatic),26.05,1856.4
3096-YXENJ,Female,0,Yes,No,65,Yes,Yes,Fiber Optic,No,Yes,Yes,Yes,Yes,Yes,Two Year,Yes,Bank Transfer (Automatic),107.65,7082.85
2202-OUTMO,Female,0,Yes,No,34,Yes,Yes,Dsl,Yes,No,No,Yes,No,No,Month-To-Month,Yes,Bank Transfer (Automatic),60.85,2003.6
5522-NYKPB,Male,0,Yes,Yes,25,Yes,No,Fiber Optic,No,No,No,Yes,Yes,No,Month-To-Month,No,Electronic Check,85.9,2199.05
2978-XXSOG,Female,0,No,No,22,Yes,Yes,Dsl,Yes,No,No,Yes,No,No,Month-To-Month,Yes,Mailed Check,59.05,1253.5
6804-GDMOI,Female,0,No,No,61,Yes,Yes,Fiber Optic,No,No,Yes,Yes,Yes,Yes,Two Year,Yes,Electronic Check,106.6,6428.4
9548-ZMVTX,Male,0,Yes,Yes,72,Yes,Yes,Fiber Optic,No,Yes,Yes,Yes,No,No,Two Year,No,Bank Transfer (Automatic),90.45,6565.85
0795-LAFGP,Male,0,Yes,Yes,71,Yes,Yes,Dsl,Yes,Yes,Yes,Yes,Yes,Yes,Two Year,No,Electronic Check,90.4,6668.05
8984-HPEMB,Female,0,No,No,71,Yes,Yes,Fiber Optic,Yes,Yes,Yes,Yes,Yes,Yes,Two Year,Yes,Electronic Check,118.65,8477.6
9800-OUIGR,Male,0,Yes,Yes,66,Yes,No,No,No internet service,No internet service,No internet service,No internet service,No internet service,No internet service,Two Year,No,Credit Card (Automatic),20.0,1374.2
2234-EOFPT,Male,0,Yes,No,72,Yes,No,Dsl,Yes,Yes,No,Yes,Yes,Yes,Two Year,Yes,Bank Transfer (Automatic),79.35,5753.25
5542-NKVRU,Female,0,No,No,42,Yes,No,No,No internet service,No internet service,No internet service,No internet service,No internet service,No internet service,Two Year,Yes,Bank Transfer (Automatic),20.75,844.45
7812-FZHPE,Female,0,Yes,Yes,17,Yes,Yes,No,No internet service,No internet service,No internet service,No internet service,No internet service,No internet service,Month-To-Month,No,Mailed Check,24.1,409.9
9512-UIBFX,Male,0,Yes,Yes,18,Yes,No,Fiber Optic,No,No,Yes,No,Yes,Yes,Month-To-Month,No,Mailed Check,95.15,1779.95
7964-VEXDG,Male,0,No,Yes,21,Yes,Yes,Fiber Optic,Yes,No,No,No,No,No,Month-To-Month,No,Electronic Check,80.35,1747.2
1525-LNLOJ,Male,0,Yes,Yes,66,Yes,Yes,Dsl,No,No,Yes,No,Yes,No,Two Year,Yes,Bank Transfer (Automatic),63.3,4189.7
1891-FZYSA,Male,1,Yes,No,69,Yes,Yes,Fiber Optic,No,Yes,No,No,Yes,No,Month-To-Month,Yes,Electronic Check,89.95,6143.15
2519-ERQOJ,Male,1,No,No,33,No,No phone service,Dsl,No,No,Yes,Yes,Yes,Yes,Month-To-Month,Yes,Electronic Check,54.6,1803.7
9412-GHEEC,Male,0,No,No,40,Yes,Yes,Fiber Optic,No,No,Yes,Yes,Yes,Yes,Month-To-Month,No,Bank Transfer (Automatic),104.8,4131.95
3243-ZHOHY,Female,0,No,No,16,Yes,No,No,No internet service,No internet service,No internet service,No internet service,No internet service,No internet service,One Year,No,Mailed Check,20.1,296.15
3329-WDIOK,Female,0,No,No,3,No,No phone service,Dsl,No,Yes,No,No,Yes,Yes,Month-To-Month,Yes,Electronic Check,50.6,155.35
0701-RFGFI,Female,0,Yes,Yes,49,Yes,Yes,Fiber Optic,No,No,No,No,Yes,Yes,Month-To-Month,Yes,Bank Transfer (Automatic),95.4,4613.95
8627-ZYGSZ,Male,0,Yes,No,47,Yes,Yes,Fiber Optic,No,Yes,No,No,No,No,One Year,Yes,Electronic Check,78.9,3650.35
5197-PYEPU,Female,0,Yes,Yes,42,Yes,Yes,Fiber Optic,Yes,Yes,No,No,Yes,No,One Year,Yes,Credit Card (Automatic),94.45,3923.8
2654-VBVPB,Female,0,No,No,1,Yes,No,No,No internet service,No internet service,No internet service,No internet service,No internet service,No internet service,Month-To-Month,No,Bank Transfer (Automatic),19.9,19.9
5334-JLAXU,Female,0,Yes,No,60,Yes,Yes,Fiber Optic,Yes,Yes,No,No,No,Yes,Month-To-Month,Yes,Credit Card (Automatic),94.1,5475.9
2260-USTRB,Female,1,No,No,2,Yes,No,Fiber Optic,No,No,No,No,No,No,Month-To-Month,Yes,Bank Transfer (Automatic),70.2,115.95
9643-YBLUR,Male,0,Yes,No,9,Yes,Yes,Dsl,No,Yes,Yes,No,No,Yes,Month-To-Month,Yes,Credit Card (Automatic),69.05,653.95
9770-KXGQU,Female,0,No,No,53,Yes,Yes,Fiber Optic,Yes,Yes,Yes,No,Yes,No,One Year,No,Mailed Check,98.6,5311.85
0254-KCJGT,Male,0,Yes,No,52,Yes,Yes,Dsl,Yes,Yes,Yes,Yes,No,Yes,One Year,Yes,Credit Card (Automatic),81.4,4354.45
9917-KWRBE,Female,0,Yes,Yes,41,Yes,Yes,Dsl,Yes,Yes,Yes,No,Yes,No,One Year,Yes,Credit Card (Automatic),78.35,3211.2
6736-DHUQI,Female,0,Yes,Yes,67,Yes,No,Fiber Optic,Yes,Yes,Yes,No,No,No,One Year,No,Bank Transfer (Automatic),84.8,5598.3
9950-MTGYX,Male,0,Yes,Yes,28,Yes,No,No,No internet service,No internet service,No internet service,No internet service,No internet service,No internet service,Two Year,Yes,Credit Card (Automatic),20.3,487.95
8217-QYOHV,Male,0,No,No,5,Yes,No,Dsl,Yes,No,No,Yes,No,No,Month-To-Month,Yes,Mailed Check,55.75,266.95
2040-OBMLJ,Male,0,No,No,31,Yes,Yes,Fiber Optic,No,No,No,Yes,No,No,One Year,No,Credit Card (Automatic),81.7,2548.65
9281-OFDMF,Male,1,No,No,39,Yes,Yes,Fiber Optic,No,Yes,No,No,No,Yes,Month-To-Month,No,Electronic Check,90.7,3413.25
9509-MPYOD,Female,0,No,No,35,Yes,No,No,No internet service,No internet service,No internet service,No internet service,No internet service,No internet service,One Year,No,Mailed Check,20.75,700.45
0733-VUNUW,Male,0,No,No,24,Yes,Yes,Dsl,Yes,No,No,No,No,No,Month-To-Month,Yes,Bank Transfer (Automatic),55.65,1400.55
9554-DFKIC,Male,0,Yes,Yes,30,Yes,Yes,Dsl,Yes,No,No,No,No,No,Month-To-Month,Yes,Bank Transfer (Automatic),54.45,1588.7
8221-HVAYI,Male,0,Yes,Yes,35,Yes,Yes,Dsl,Yes,Yes,Yes,Yes,No,No,Two Year,Yes,Credit Card (Automatic),69.15,2490.15
5324-KTGCG,Male,0,Yes,No,71,Yes,No,No,No internet service,No internet service,No internet service,No internet service,No internet service,No internet service,One Year,No,Electronic Check,20.85,1539.75
6394-MFYNG,Female,0,No,No,48,Yes,Yes,Fiber Optic,No,Yes,Yes,No,Yes,Yes,Month-To-Month,Yes,Bank Transfer (Automatic),107.4,5121.3
7993-NQLJE,Male,0,Yes,Yes,15,Yes,No,Fiber Optic,Yes,No,No,No,No,No,Month-To-Month,No,Mailed Check,75.1,1151.55
8593-WHYHV,Male,0,No,No,3,Yes,Yes,Fiber Optic,No,No,No,No,No,Yes,Month-To-Month,Yes,Electronic Check,85.3,264.8
6184-DYUOB,Female,0,Yes,No,3,Yes,No,No,No internet service,No internet service,No internet service,No internet service,No internet service,No internet service,Month-To-Month,Yes,Mailed Check,19.6,55.25
0106-UGRDO,Female,0,Yes,No,69,Yes,Yes,Fiber Optic,Yes,Yes,Yes,Yes,Yes,Yes,Two Year,Yes,Electronic Check,116.0,8182.85
0376-OIWME,Male,0,Yes,No,36,Yes,No,Fiber Optic,Yes,No,No,No,Yes,Yes,Month-To-Month,Yes,Electronic Check,93.6,3366.05
0112-QWPNC,Male,0,Yes,No,49,Yes,Yes,Dsl,Yes,No,Yes,Yes,Yes,Yes,One Year,No,Electronic Check,84.35,4059.35
5229-DTFYB,Female,0,No,No,41,Yes,No,Fiber Optic,No,Yes,No,Yes,Yes,Yes,Two Year,Yes,Bank Transfer (Automatic),98.8,3959.15
9648-BCHKM,Female,0,Yes,Yes,18,Yes,Yes,No,No internet service,No internet service,No internet service,No internet service,No internet service,No internet service,Two Year,Yes,Credit Card (Automatic),24.65,471.35
0829-DDVLK,Female,0,No,No,15,Yes,No,No,No internet service,No internet service,No internet service,No internet service,No internet service,No internet service,One Year,No,Credit Card (Automatic),20.1,302.45
3186-AJIEK,Male,0,No,No,66,Yes,No,Fiber Optic,Yes,No,Yes,Yes,Yes,Yes,Two Year,Yes,Bank Transfer (Automatic),105.65,6844.5
4415-WNGVR,Female,1,Yes,No,12,Yes,No,Dsl,Yes,No,Yes,Yes,Yes,Yes,One Year,Yes,Electronic Check,79.2,943.85
6061-GWWAV,Male,0,No,Yes,41,Yes,No,Dsl,Yes,Yes,Yes,No,Yes,No,One Year,No,Mailed Check,70.2,2894.55
6166-YIPFO,Male,0,Yes,No,72,No,No phone service,Dsl,Yes,Yes,Yes,Yes,Yes,Yes,Two Year,Yes,Electronic Check,64.7,4746.05
1583-IHQZE,Male,0,No,No,12,Yes,Yes,Fiber Optic,No,Yes,Yes,Yes,Yes,Yes,Month-To-Month,Yes,Mailed Check,112.95,1384.75
6603-YRDCJ,Male,0,Yes,No,33,Yes,No,Dsl,Yes,Yes,No,Yes,No,No,Two Year,Yes,Mailed Check,61.05,2018.4
6142-VSJQO,Female,0,Yes,Yes,1,Yes,No,Dsl,No,No,No,No,No,No,Month-To-Month,Yes,Bank Transfer (Automatic),44.35,44.35
5155-AZQPB,Female,0,Yes,Yes,28,Yes,Yes,Dsl,No,No,No,No,No,No,Month-To-Month,No,Mailed Check,49.9,1410.25
3565-UNOCC,Female,1,Yes,No,29,Yes,Yes,Fiber Optic,No,No,Yes,No,Yes,Yes,Month-To-Month,Yes,Bank Transfer (Automatic),99.05,2952.85
3481-JHUZH,Male,0,Yes,No,41,Yes,Yes,Fiber Optic,No,Yes,No,No,No,No,Month-To-Month,Yes,Electronic Check,80.25,3439.0
5795-BKOYE,Female,0,Yes,Yes,69,Yes,No,Dsl,No,Yes,Yes,Yes,No,No,One Year,No,Electronic Check,59.1,4134.7
2832-SCUCO,Female,0,No,No,2,Yes,No,No,No internet service,No internet service,No internet service,No internet service,No internet service,No internet service,Month-To-Month,No,Electronic Check,19.9,57.4
9447-YPTBX,Female,0,Yes,No,50,Yes,No,No,No internet service,No internet service,No internet service,No internet service,No internet service,No internet service,One Year,Yes,Bank Transfer (Automatic),19.85,943.1
6384-VMJHP,Female,0,No,No,72,Yes,No,Dsl,Yes,Yes,Yes,Yes,No,Yes,Two Year,Yes,Credit Card (Automatic),73.0,5265.2
3094-JOJAI,Male,0,No,No,18,Yes,Yes,Fiber Optic,No,No,No,No,No,No,Month-To-Month,No,Mailed Check,74.15,1387.0
6005-OBZPH,Female,1,No,No,26,Yes,Yes,Fiber Optic,No,Yes,No,No,Yes,No,Month-To-Month,Yes,Electronic Check,89.15,2277.65
8543-MSDMF,Male,0,No,No,3,Yes,No,Dsl,Yes,No,Yes,No,Yes,Yes,Month-To-Month,Yes,Electronic Check,77.4,206.15
5387-ASZNZ,Female,1,No,No,66,Yes,Yes,Dsl,Yes,Yes,No,Yes,No,No,One Year,Yes,Credit Card (Automatic),63.85,4174.35
3509-GWQGF,Male,1,No,No,24,Yes,No,Fiber Optic,No,No,No,No,No,No,Month-To-Month,No,Credit Card (Automatic),70.0,1732.6
8020-BWHYL,Female,1,No,No,15,Yes,No,Fiber Optic,No,Yes,No,No,No,No,Month-To-Month,Yes,Credit Card (Automatic),75.3,1147.45
1396-QWFBJ,Female,0,Yes,Yes,21,Yes,No,Fiber Optic,No,Yes,No,No,No,No,Month-To-Month,Yes,Bank Transfer (Automatic),74.05,1565.7
2926-JEJJC,Female,0,No,No,8,Yes,No,No,No internet service,No internet service,No internet service,No internet service,No internet service,No internet service,One Year,Yes,Bank Transfer (Automatic),20.2,140.95
1679-JRFBR,Female,0,Yes,Yes,70,Yes,Yes,Fiber Optic,Yes,Yes,Yes,No,Yes,Yes,One Year,Yes,Credit Card (Automatic),108.15,7930.55
7137-RYLPP,Male,1,Yes,No,37,Yes,Yes,Fiber Optic,No,No,No,No,Yes,No,Month-To-Month,Yes,Electronic Check,85.7,3171.15
5569-OUICF,Female,1,Yes,No,28,Yes,Yes,Fiber Optic,No,No,No,Yes,Yes,Yes,Month-To-Month,Yes,Credit Card (Automatic),91.65,2812.2
9231-ZJYAM,Female,1,No,No,4,Yes,No,Fiber Optic,No,No,No,No,Yes,No,Month-To-Month,Yes,Electronic Check,78.85,292.8
5898-IGSLP,Male,0,Yes,Yes,31,Yes,Yes,Fiber Optic,Yes,No,Yes,Yes,No,No,Month-To-Month,No,Electronic Check,89.3,2823.0
4289-DTDKW,Male,0,Yes,No,40,Yes,Yes,Fiber Optic,No,Yes,No,No,Yes,Yes,Month-To-Month,Yes,Electronic Check,101.3,4113.1
4588-YBNIB,Female,0,No,No,1,Yes,No,No,No internet service,No internet service,No internet service,No internet service,No internet service,No internet service,Month-To-Month,Yes,Mailed Check,19.6,19.6
3108-PCCGG,Male,1,Yes,No,72,Yes,Yes,Dsl,Yes,Yes,Yes,No,Yes,Yes,Two Year,No,Credit Card (Automatic),84.45,5899.85
9711-FJTBX,Male,0,Yes,Yes,56,Yes,No,Fiber Optic,No,Yes,Yes,Yes,No,No,One Year,Yes,Mailed Check,85.85,4793.8
5091-HFAZW,Female,0,No,No,2,Yes,No,Fiber Optic,Yes,Yes,No,No,Yes,No,Month-To-Month,Yes,Electronic Check,91.15,168.5
2351-BKRZW,Female,0,Yes,Yes,43,Yes,No,Dsl,Yes,No,Yes,No,Yes,Yes,Two Year,No,Bank Transfer (Automatic),56.05,3254.35
2716-GFZOR,Male,0,Yes,No,43,Yes,No,Fiber Optic,Yes,Yes,Yes,No,No,No,Month-To-Month,Yes,Credit Card (Automatic),86.1,3551.65
3452-SRFEG,Male,0,No,No,49,Yes,Yes,Fiber Optic,No,No,No,No,No,No,Month-To-Month,Yes,Bank Transfer (Automatic),74.6,3720.35
0013-EXCHZ,Female,1,Yes,No,3,Yes,No,Fiber Optic,No,No,No,Yes,Yes,No,Month-To-Month,Yes,Mailed Check,83.9,267.4
3207-OYBWH,Male,1,Yes,No,57,Yes,Yes,Fiber Optic,No,Yes,Yes,No,No,Yes,Month-To-Month,Yes,Bank Transfer (Automatic),95.25,5427.05
7268-IGMFD,Male,1,No,No,18,Yes,Yes,Fiber Optic,No,No,Yes,Yes,Yes,No,Month-To-Month,No,Bank Transfer (Automatic),93.9,1743.9
5442-XSDCW,Male,0,Yes,Yes,11,Yes,No,Fiber Optic,No,No,No,No,Yes,No,Month-To-Month,Yes,Bank Transfer (Automatic),79.5,868.5
3178-CIFOT,Female,0,No,No,23,Yes,No,No,No internet service,No internet service,No internet service,No internet service,No internet service,No internet service,One Year,Yes,Credit Card (Automatic),19.65,478.1
4277-UDIEF,Male,0,Yes,Yes,24,Yes,Yes,Dsl,Yes,No,No,Yes,Yes,Yes,Month-To-Month,No,Bank Transfer (Automatic),81.0,1923.85
1930-BZLHI,Male,0,No,No,21,Yes,No,No,No internet service,No internet service,No internet service,No internet service,No internet service,No internet service,One Year,Yes,Mailed Check,20.35,422.7
5732-IKGQH,Male,1,Yes,No,52,Yes,No,Fiber Optic,Yes,No,Yes,Yes,Yes,Yes,One Year,Yes,Bank Transfer (Automatic),104.45,5481.25
7434-SHXLS,Female,0,No,No,1,Yes,No,No,No internet service,No internet service,No internet service,No internet service,No internet service,No internet service,Month-To-Month,No,Mailed Check,20.9,20.9
2568-OIADY,Female,0,Yes,No,37,Yes,Yes,Fiber Optic,No,No,Yes,No,Yes,Yes,Month-To-Month,Yes,Electronic Check,99.5,3762.0
3170-GWYKC,Female,0,No,No,60,Yes,No,Fiber Optic,Yes,No,Yes,Yes,Yes,Yes,Month-To-Month,Yes,Bank Transfer (Automatic),104.95,6236.75
0098-BOWSO,Male,0,No,No,27,Yes,No,No,No internet service,No internet service,No internet service,No internet service,No internet service,No internet service,Month-To-Month,Yes,Electronic Check,19.4,529.8
1403-GYAFU,Male,0,Yes,Yes,70,Yes,No,No,No internet service,No internet service,No internet service,No internet service,No internet service,No internet service,Two Year,No,Credit Card (Automatic),20.05,1360.25
3566-HJGPK,Male,0,No,No,1,Yes,No,Dsl,No,No,No,No,No,No,Month-To-Month,Yes,Mailed Check,45.55,45.55
3523-BRGUW,Male,1,No,No,26,Yes,No,No,No internet service,No internet service,No internet service,No internet service,No internet service,No internet service,One Year,No,Credit Card (Automatic),19.3,504.2
1536-YHDOE,Male,0,Yes,Yes,17,Yes,Yes,Dsl,Yes,No,No,Yes,No,No,One Year,Yes,Mailed Check,62.1,1096.65
3378-AJRAO,Male,0,Yes,Yes,44,Yes,Yes,No,No internet service,No internet service,No internet service,No internet service,No internet service,No internet service,One Year,No,Electronic Check,24.85,1013.6
1475-VWVDO,Male,0,No,No,7,Yes,No,Fiber Optic,No,No,Yes,No,No,No,Month-To-Month,Yes,Electronic Check,74.9,490.55
7975-TZMLR,Male,0,No,No,47,Yes,Yes,Fiber Optic,No,Yes,Yes,No,Yes,Yes,One Year,Yes,Electronic Check,103.1,4889.3
9402-ROUMJ,Female,0,Yes,Yes,67,Yes,Yes,Fiber Optic,Yes,No,Yes,Yes,No,Yes,One Year,Yes,Bank Transfer (Automatic),100.25,6689.0
8006-PYCSW,Female,0,No,No,2,Yes,No,No,No internet service,No internet service,No internet service,No internet service,No internet service,No internet service,Month-To-Month,No,Mailed Check,20.1,39.8
7963-SHNDT,Female,0,No,No,52,No,No phone service,Dsl,Yes,Yes,No,Yes,No,No,Two Year,No,Mailed Check,39.1,1982.1
5472-CVMDX,Female,0,No,No,68,No,No phone service,Dsl,Yes,No,Yes,Yes,No,No,Two Year,No,Mailed Check,38.9,2719.2
7147-AYBAA,Male,0,No,No,37,Yes,No,Fiber Optic,No,No,No,No,No,No,Month-To-Month,Yes,Mailed Check,70.35,2552.9
7168-HDQHG,Female,0,Yes,Yes,36,Yes,No,No,No internet service,No internet service,No internet service,No internet service,No internet service,No internet service,Month-To-Month,No,Bank Transfer (Automatic),19.2,702.9
5027-XWQHA,Male,0,No,No,6,Yes,No,Dsl,No,No,No,No,No,No,Month-To-Month,No,Electronic Check,44.75,270.95
1104-FEJAM,Male,0,Yes,Yes,28,Yes,Yes,Dsl,No,Yes,No,No,No,Yes,Month-To-Month,No,Electronic Check,64.4,1802.15
5666-CYCYZ,Female,0,No,No,24,Yes,Yes,Fiber Optic,No,No,No,Yes,No,Yes,Month-To-Month,Yes,Electronic Check,89.55,2259.35
7401-JIXNM,Female,0,Yes,Yes,54,Yes,Yes,Dsl,Yes,Yes,Yes,Yes,Yes,Yes,Two Year,No,Credit Card (Automatic),91.3,4965.0
1661-CZBAU,Male,0,No,No,48,Yes,Yes,Dsl,Yes,No,No,Yes,No,Yes,One Year,Yes,Bank Transfer (Automatic),70.95,3629.2
4717-GHADL,Female,0,No,No,50,Yes,Yes,Dsl,No,Yes,No,Yes,Yes,Yes,Two Year,Yes,Mailed Check,79.6,4024.2
4075-JFPGR,Female,0,Yes,No,51,Yes,No,Fiber Optic,Yes,Yes,Yes,No,Yes,No,One Year,Yes,Electronic Check,93.5,4619.55
7845-URHJN,Female,0,Yes,No,8,Yes,No,No,No internet service,No internet service,No internet service,No internet service,No internet service,No internet service,Month-To-Month,No,Bank Transfer (Automatic),20.15,156.25
4948-WBBKL,Female,1,No,No,36,Yes,Yes,Fiber Optic,No,No,No,No,No,No,Month-To-Month,Yes,Bank Transfer (Automatic),74.9,2659.45
6103-BOCOU,Female,0,No,No,26,Yes,Yes,Fiber Optic,No,No,Yes,No,No,No,Month-To-Month,Yes,Electronic Check,80.7,2193.0
2834-SPCJV,Male,0,Yes,No,52,Yes,No,Fiber Optic,Yes,No,No,No,Yes,No,Month-To-Month,No,Electronic Check,84.1,4348.65
8646-JCOMS,Female,0,Yes,No,66,Yes,Yes,Fiber Optic,No,Yes,Yes,Yes,No,No,One Year,Yes,Bank Transfer (Automatic),90.55,6130.95
2251-PYLPB,Male,0,Yes,No,72,Yes,Yes,Dsl,Yes,Yes,Yes,Yes,No,Yes,Two Year,No,Credit Card (Automatic),79.55,5810.9
4020-KIUDI,Male,0,Yes,Yes,6,Yes,No,No,No internet service,No internet service,No internet service,No internet service,No internet service,No internet service,Month-To-Month,No,Credit Card (Automatic),19.85,138.85
9445-SZLCH,Female,0,Yes,Yes,36,Yes,Yes,Fiber Optic,No,Yes,Yes,No,Yes,No,Month-To-Month,Yes,Bank Transfer (Automatic),97.35,3457.9
1285-OKIPP,Male,0,No,No,1,Yes,No,Fiber Optic,No,No,No,No,No,Yes,Month-To-Month,No,Electronic Check,79.9,79.9
5868-YTYKS,Male,0,No,Yes,1,Yes,No,No,No internet service,No internet service,No internet service,No internet service,No internet service,No internet service,Month-To-Month,Yes,Mailed Check,20.25,20.25
6252-DFGTK,Female,0,Yes,No,37,Yes,Yes,Dsl,Yes,No,Yes,Yes,No,No,One Year,No,Credit Card (Automatic),68.1,2479.25
4918-QLLIW,Male,0,No,No,3,Yes,No,Dsl,No,No,No,No,Yes,No,Month-To-Month,No,Credit Card (Automatic),53.4,188.7
9714-EDSUC,Male,0,No,No,4,Yes,No,Fiber Optic,Yes,Yes,No,Yes,No,Yes,Month-To-Month,Yes,Mailed Check,94.9,360.55
3466-WAESX,Male,0,No,Yes,16,Yes,Yes,Dsl,Yes,Yes,No,No,No,Yes,Month-To-Month,Yes,Electronic Check,69.1,1083.7
9717-IOAAF,Male,0,No,Yes,27,Yes,Yes,No,No internet service,No internet service,No internet service,No internet service,No internet service,No internet service,Two Year,Yes,Credit Card (Automatic),25.85,788.55
6349-JDHQP,Female,0,No,No,53,Yes,No,No,No internet service,No internet service,No internet service,No internet service,No internet service,No internet service,Two Year,No,Credit Card (Automatic),19.85,1049.6
7271-AJDTL,Female,0,Yes,No,55,Yes,Yes,Fiber Optic,No,Yes,Yes,No,Yes,No,Month-To-Month,Yes,Credit Card (Automatic),94.45,5073.1
4464-JCOLN,Male,0,Yes,Yes,2,Yes,No,No,No internet service,No internet service,No internet service,No internet service,No internet service,No internet service,One Year,No,Mailed Check,19.85,35.9
4439-YRNVD,Female,0,No,No,10,No,No phone service,Dsl,No,Yes,No,Yes,No,No,Month-To-Month,No,Electronic Check,36.25,374.0
1074-WVEVG,Female,0,Yes,No,59,Yes,No,No,No internet service,No internet service,No internet service,No internet service,No internet service,No internet service,One Year,No,Mailed Check,20.35,1267.0
6356-ELRKD,Female,0,No,No,1,Yes,No,Fiber Optic,Yes,No,No,No,Yes,Yes,Month-To-Month,Yes,Electronic Check,91.65,95.6
1057-FOGLZ,Female,0,No,No,18,Yes,No,No,No internet service,No internet service,No internet service,No internet service,No internet service,No internet service,Month-To-Month,No,Mailed Check,19.65,391.7
7901-TBKJX,Male,1,No,No,56,Yes,Yes,Fiber Optic,No,No,Yes,No,Yes,Yes,Month-To-Month,Yes,Electronic Check,101.05,5594.0
0973-KYVNF,Female,0,Yes,Yes,72,Yes,No,Dsl,Yes,Yes,Yes,No,Yes,No,Two Year,Yes,Credit Card (Automatic),70.65,5011.15
6777-TGHTM,Female,0,No,No,53,Yes,Yes,Fiber Optic,Yes,No,Yes,No,Yes,Yes,One Year,Yes,Credit Card (Automatic),106.95,5785.5
8775-CEBBJ,Female,0,No,No,9,Yes,No,Dsl,No,No,No,No,No,No,Month-To-Month,Yes,Bank Transfer (Automatic),56.05,403.35
1270-XKUCC,Female,0,Yes,Yes,30,Yes,No,No,No internet service,No internet service,No internet service,No internet service,No internet service,No internet service,Two Year,No,Mailed Check,19.7,599.25
0635-WKOLD,Male,0,Yes,No,40,Yes,Yes,Dsl,No,Yes,No,Yes,Yes,No,One Year,No,Credit Card (Automatic),70.75,2921.75
1849-RJYIG,Female,0,No,No,8,Yes,No,Dsl,Yes,No,No,No,Yes,No,Month-To-Month,Yes,Electronic Check,60.0,487.75
1508-DFXCU,Male,0,No,No,12,Yes,No,Fiber Optic,No,No,No,No,Yes,No,Month-To-Month,Yes,Electronic Check,81.45,912.0
6928-ONTRW,Female,0,Yes,Yes,72,Yes,No,No,No internet service,No internet service,No internet service,No internet service,No internet service,No internet service,Two Year,No,Credit Card (Automatic),19.7,1379.8
2792-VPPET,Male,0,No,No,3,Yes,No,No,No internet service,No internet service,No internet service,No internet service,No internet service,No internet service,Month-To-Month,Yes,Electronic Check,20.5,76.95
6116-RFVHN,Female,0,Yes,No,34,Yes,Yes,Fiber Optic,No,No,Yes,No,Yes,Yes,Month-To-Month,Yes,Electronic Check,100.45,3414.65
0810-DHDBD,Female,0,No,No,52,Yes,Yes,Dsl,Yes,No,Yes,Yes,Yes,No,One Year,No,Credit Card (Automatic),74.0,3877.65
3460-TJBWI,Male,0,Yes,Yes,24,Yes,Yes,No,No internet service,No internet service,No internet service,No internet service,No internet service,No internet service,Two Year,No,Mailed Check,24.2,609.05
5627-TVBPP,Female,0,No,Yes,35,Yes,No,No,No internet service,No internet service,No internet service,No internet service,No internet service,No internet service,One Year,Yes,Credit Card (Automatic),20.1,644.5
1450-SKCVI,Female,0,No,No,56,Yes,No,Fiber Optic,No,Yes,No,No,No,No,Month-To-Month,Yes,Electronic Check,73.85,4092.85
4098-NAUKP,Male,1,Yes,Yes,68,Yes,Yes,Fiber Optic,No,Yes,Yes,No,No,No,Month-To-Month,Yes,Electronic Check,84.65,5683.6
2773-MADBQ,Female,0,No,No,36,No,No phone service,Dsl,Yes,Yes,Yes,Yes,No,Yes,Two Year,Yes,Mailed Check,53.1,1901.25
0464-WJTKO,Female,0,Yes,Yes,72,Yes,No,No,No internet service,No internet service,No internet service,No internet service,No internet service,No internet service,Two Year,No,Bank Transfer (Automatic),20.1,1460.85
2262-SLNVK,Female,0,No,No,1,Yes,No,Fiber Optic,No,No,No,No,No,No,Month-To-Month,No,Electronic Check,70.1,70.1
1460-UZPRJ,Male,0,Yes,No,60,Yes,No,No,No internet service,No internet service,No internet service,No internet service,No internet service,No internet service,Two Year,No,Mailed Check,19.95,1258.15
3704-IEAXF,Female,0,Yes,Yes,72,No,No phone service,Dsl,No,Yes,No,Yes,Yes,Yes,Two Year,No,Credit Card (Automatic),53.65,3784.0
6518-PPLMZ,Male,0,Yes,Yes,53,Yes,No,No,No internet service,No internet service,No internet service,No internet service,No internet service,No internet service,Two Year,Yes,Mailed Check,19.4,1110.35
8652-YHIYU,Female,0,No,Yes,16,Yes,Yes,Fiber Optic,No,No,No,Yes,No,No,One Year,Yes,Credit Card (Automatic),79.5,1264.2
6377-WHAOX,Female,0,Yes,No,60,Yes,Yes,Fiber Optic,No,Yes,Yes,No,Yes,Yes,Month-To-Month,Yes,Electronic Check,106.15,6411.25
1981-INRFU,Female,0,No,No,2,Yes,No,Fiber Optic,No,No,No,No,Yes,No,Month-To-Month,Yes,Electronic Check,79.75,164.5
0277-BKSQP,Male,0,Yes,Yes,8,Yes,No,Dsl,No,No,No,No,Yes,No,Month-To-Month,Yes,Electronic Check,54.4,475.1
9127-FHJBZ,Male,0,Yes,Yes,72,Yes,Yes,Fiber Optic,Yes,Yes,Yes,Yes,Yes,Yes,Two Year,Yes,Electronic Check,114.0,8093.15
5502-RLUYV,Female,0,Yes,Yes,69,Yes,Yes,Fiber Optic,No,Yes,Yes,No,Yes,Yes,Month-To-Month,Yes,Electronic Check,103.95,7446.9
6017-PPLPX,Male,0,Yes,Yes,20,Yes,No,Fiber Optic,No,No,No,No,No,No,Month-To-Month,Yes,Electronic Check,70.45,1470.95
8292-TYSPY,Male,0,No,No,19,Yes,No,Dsl,No,No,Yes,Yes,No,No,Month-To-Month,Yes,Credit Card (Automatic),55.0,1046.5
7801-KICAO,Female,0,No,No,18,Yes,Yes,Fiber Optic,No,No,No,No,No,No,Month-To-Month,Yes,Electronic Check,74.15,1345.75
2057-ZBLPD,Female,0,Yes,No,21,Yes,Yes,Fiber Optic,No,No,No,No,No,Yes,Month-To-Month,Yes,Electronic Check,86.5,1808.7
7895-VONWT,Female,0,No,No,25,No,No phone service,Dsl,No,No,Yes,No,Yes,Yes,Month-To-Month,Yes,Electronic Check,48.25,1293.8
5985-BEHZK,Female,1,Yes,No,72,Yes,Yes,Fiber Optic,No,Yes,Yes,No,Yes,Yes,One Year,No,Credit Card (Automatic),105.0,7578.05
4851-BQDNX,Male,0,Yes,Yes,40,Yes,No,Fiber Optic,No,No,Yes,No,Yes,No,One Year,Yes,Electronic Check,85.05,3355.65
2235-EZAIK,Female,0,Yes,No,72,Yes,Yes,Dsl,Yes,Yes,Yes,Yes,Yes,No,Two Year,No,Credit Card (Automatic),79.2,5401.9
9503-XJUME,Male,0,No,Yes,52,Yes,No,No,No internet service,No internet service,No internet service,No internet service,No internet service,No internet service,One Year,No,Credit Card (Automatic),19.65,928.4
9094-AZPHK,Female,0,No,No,15,Yes,Yes,Fiber Optic,No,Yes,No,No,Yes,Yes,Month-To-Month,Yes,Electronic Check,100.15,1415.0
1131-SUEKT,Male,0,Yes,Yes,61,Yes,No,Fiber Optic,No,Yes,No,Yes,Yes,Yes,One Year,Yes,Bank Transfer (Automatic),98.45,6145.2
0704-VCUMB,Female,0,Yes,No,61,Yes,No,No,No internet service,No internet service,No internet service,No internet service,No internet service,No internet service,Two Year,No,Credit Card (Automatic),20.25,1278.8
1791-PQHBB,Female,0,No,Yes,2,Yes,No,Dsl,Yes,No,No,No,No,Yes,Month-To-Month,Yes,Credit Card (Automatic),61.2,125.95
0137-OCGAB,Female,0,No,No,1,Yes,Yes,Fiber Optic,No,Yes,No,No,No,No,Month-To-Month,Yes,Mailed Check,80.2,80.2
8152-VETUR,Female,0,Yes,No,72,Yes,Yes,Fiber Optic,No,Yes,No,No,Yes,Yes,Two Year,Yes,Credit Card (Automatic),97.7,6869.7
8048-DSDFQ,Male,0,No,No,1,Yes,No,No,No internet service,No internet service,No internet service,No internet service,No internet service,No internet service,Month-To-Month,No,Mailed Check,20.2,20.2
6022-KOUQO,Female,0,Yes,Yes,2,No,No phone service,Dsl,No,No,No,Yes,No,No,Month-To-Month,No,Bank Transfer (Automatic),29.05,44.75
5140-FOMCQ,Female,0,Yes,No,59,Yes,Yes,Fiber Optic,Yes,Yes,Yes,No,Yes,Yes,One Year,Yes,Electronic Check,109.15,6557.75
4597-NUCQV,Male,1,No,No,24,Yes,Yes,Fiber Optic,No,Yes,No,No,Yes,Yes,Month-To-Month,Yes,Electronic Check,101.25,2440.15
1090-PYKCI,Female,0,Yes,Yes,69,Yes,Yes,Fiber Optic,Yes,Yes,Yes,Yes,Yes,No,One Year,Yes,Credit Card (Automatic),105.1,7234.8
2386-OWURY,Female,0,No,No,58,Yes,No,Fiber Optic,No,No,No,Yes,Yes,Yes,Month-To-Month,Yes,Electronic Check,95.3,5817.7
1622-HSHSF,Female,0,No,No,1,Yes,No,No,No internet service,No internet service,No internet service,No internet service,No internet service,No internet service,Month-To-Month,Yes,Mailed Check,19.55,19.55
6447-GORXK,Male,0,No,Yes,31,No,No phone service,Dsl,No,No,No,No,No,No,Month-To-Month,No,Credit Card (Automatic),25.0,789.2
5995-LFTLE,Male,0,No,No,58,Yes,Yes,No,No internet service,No internet service,No internet service,No internet service,No internet service,No internet service,Two Year,Yes,Credit Card (Automatic),25.3,1474.35
4958-GZWIY,Male,0,Yes,Yes,7,Yes,No,Dsl,No,No,Yes,No,No,No,Month-To-Month,No,Electronic Check,48.7,340.25
5394-SVGJV,Male,0,No,No,37,Yes,Yes,Fiber Optic,No,No,No,Yes,Yes,Yes,Month-To-Month,No,Bank Transfer (Automatic),98.8,3475.55
2520-SGTTA,Female,0,Yes,Yes,0,Yes,No,No,No internet service,No internet service,No internet service,No internet service,No internet service,No internet service,Two Year,No,Mailed Check,20.0,0.0
2294-SALNE,Male,0,Yes,Yes,23,Yes,No,Fiber Optic,No,Yes,Yes,Yes,No,No,One Year,No,Mailed Check,86.8,1940.8
9317-WZPGV,Female,1,No,No,2,Yes,No,Fiber Optic,No,No,No,No,No,Yes,Month-To-Month,Yes,Bank Transfer (Automatic),79.75,159.4
8984-EYLLL,Male,0,Yes,No,64,Yes,Yes,Fiber Optic,No,Yes,No,Yes,Yes,Yes,Two Year,Yes,Electronic Check,105.25,6823.4
4786-UKSNZ,Male,0,No,No,1,Yes,No,No,No internet service,No internet service,No internet service,No internet service,No internet service,No internet service,Month-To-Month,No,Mailed Check,20.2,20.2
6352-TWCAU,Female,0,No,No,35,Yes,Yes,Fiber Optic,No,No,No,No,Yes,No,Month-To-Month,Yes,Electronic Check,86.45,3029.1
1157-BQCUW,Male,0,No,No,1,Yes,Yes,Fiber Optic,No,No,No,No,No,No,Month-To-Month,Yes,Electronic Check,74.95,74.95
7682-AZNDK,Male,0,Yes,Yes,34,Yes,No,Fiber Optic,No,Yes,Yes,No,Yes,No,Month-To-Month,Yes,Electronic Check,89.85,3091.75
3859-CVCET,Female,0,No,No,4,Yes,No,Dsl,No,No,No,No,No,No,Month-To-Month,No,Mailed Check,45.65,191.05
9281-PKKZE,Female,0,Yes,No,46,No,No phone service,Dsl,No,No,No,No,Yes,Yes,Month-To-Month,Yes,Electronic Check,43.95,2007.85
4716-MRVEN,Female,0,No,No,29,Yes,No,No,No internet service,No internet service,No internet service,No internet service,No internet service,No internet service,One Year,No,Mailed Check,20.0,599.3
5651-YLPRD,Female,0,Yes,Yes,32,Yes,No,Fiber Optic,No,Yes,No,No,Yes,No,Month-To-Month,Yes,Electronic Check,86.1,2723.75
9489-UTFKA,Male,1,Yes,No,8,Yes,No,Dsl,Yes,No,No,No,Yes,No,Month-To-Month,No,Bank Transfer (Automatic),60.9,551.95
3359-DSRKA,Female,0,Yes,Yes,58,Yes,No,No,No internet service,No internet service,No internet service,No internet service,No internet service,No internet service,Two Year,Yes,Mailed Check,19.85,1158.85
4660-IRIBM,Male,0,Yes,Yes,18,Yes,No,Fiber Optic,Yes,No,Yes,No,Yes,No,Month-To-Month,Yes,Mailed Check,87.9,1500.5
2725-KXXWT,Male,0,Yes,No,1,Yes,No,Fiber Optic,No,No,No,No,Yes,Yes,Month-To-Month,Yes,Electronic Check,90.75,90.75
5090-EMGTC,Female,0,Yes,No,59,Yes,No,Fiber Optic,No,Yes,No,Yes,Yes,Yes,Two Year,Yes,Mailed Check,100.05,6034.85
1099-GODLO,Female,0,Yes,Yes,1,Yes,No,No,No internet service,No internet service,No internet service,No internet service,No internet service,No internet service,Two Year,No,Mailed Check,20.35,20.35
8444-WRIDW,Female,1,No,No,66,Yes,Yes,Fiber Optic,No,Yes,No,No,No,No,Month-To-Month,Yes,Credit Card (Automatic),80.45,5224.35
6400-BWQKW,Female,0,No,No,6,Yes,Yes,Fiber Optic,Yes,No,No,No,No,No,Month-To-Month,Yes,Electronic Check,79.05,434.5
9053-EJUNL,Male,0,No,No,41,Yes,Yes,Fiber Optic,No,Yes,No,No,Yes,No,Month-To-Month,Yes,Electronic Check,89.2,3645.75
5702-KVQRD,Male,0,Yes,No,71,Yes,No,Dsl,Yes,No,Yes,Yes,Yes,Yes,Two Year,Yes,Electronic Check,56.05,5832.65
7537-RBWEA,Female,0,No,No,1,No,No phone service,Dsl,No,No,No,No,No,No,Month-To-Month,Yes,Mailed Check,25.15,25.15
3279-DYZQM,Male,0,Yes,Yes,71,Yes,No,No,No internet service,No internet service,No internet service,No internet service,No internet service,No internet service,Two Year,No,Mailed Check,19.45,1378.45
8280-MQRQN,Female,0,No,No,1,Yes,No,Dsl,No,No,Yes,No,No,No,Month-To-Month,Yes,Mailed Check,50.45,50.45
0248-PGHBZ,Female,1,No,No,67,Yes,No,Fiber Optic,Yes,Yes,No,Yes,Yes,No,Two Year,Yes,Bank Transfer (Automatic),92.45,6140.85
6693-FRIRW,Male,0,No,No,18,Yes,No,Fiber Optic,No,Yes,Yes,No,Yes,Yes,Month-To-Month,No,Credit Card (Automatic),101.3,1794.65
0991-BRRFB,Male,0,No,No,18,Yes,No,Dsl,Yes,No,No,No,No,No,Month-To-Month,No,Electronic Check,49.4,874.8
7272-QDCKA,Male,0,No,No,28,Yes,Yes,Fiber Optic,No,Yes,No,No,Yes,Yes,One Year,No,Electronic Check,100.2,2688.45
3090-HAWSU,Male,0,No,No,61,Yes,Yes,Fiber Optic,Yes,No,Yes,Yes,Yes,Yes,Two Year,Yes,Credit Card (Automatic),111.6,6876.05
6086-ESGRL,Female,0,No,No,1,Yes,No,Fiber Optic,No,No,No,No,No,Yes,Month-To-Month,No,Credit Card (Automatic),80.15,80.15
1436-ZMJAN,Female,0,Yes,No,10,Yes,No,Dsl,No,No,Yes,No,Yes,Yes,Month-To-Month,Yes,Credit Card (Automatic),67.8,653.15
6267-DCFFZ,Female,1,Yes,No,30,Yes,Yes,Fiber Optic,No,Yes,No,No,Yes,No,Month-To-Month,Yes,Electronic Check,90.05,2627.2
8513-OLYGY,Male,0,Yes,No,72,Yes,Yes,Fiber Optic,Yes,Yes,Yes,Yes,Yes,Yes,Two Year,No,Credit Card (Automatic),115.8,8332.15
6161-ERDGD,Male,0,Yes,Yes,71,Yes,Yes,Dsl,Yes,No,Yes,Yes,Yes,Yes,One Year,No,Electronic Check,85.45,6300.85
1163-VIPRI,Female,0,Yes,Yes,65,Yes,Yes,Fiber Optic,Yes,No,Yes,Yes,Yes,Yes,Two Year,No,Electronic Check,109.3,7337.55
0463-TXOAK,Male,0,No,Yes,52,Yes,Yes,No,No internet service,No internet service,No internet service,No internet service,No internet service,No internet service,Two Year,No,Credit Card (Automatic),25.6,1334.5
3399-BMLVW,Male,0,Yes,Yes,51,Yes,No,Dsl,Yes,Yes,No,Yes,No,No,Two Year,No,Credit Card (Automatic),60.5,3121.45
8242-PDSGJ,Male,0,Yes,No,70,No,No phone service,Dsl,Yes,No,Yes,Yes,No,No,Two Year,Yes,Credit Card (Automatic),39.15,2692.75
4338-EYCER,Male,0,Yes,No,21,Yes,No,Dsl,No,No,No,No,Yes,No,Month-To-Month,No,Bank Transfer (Automatic),54.6,1125.2
9825-YCXWZ,Female,1,No,No,41,Yes,No,Fiber Optic,No,No,Yes,Yes,Yes,Yes,One Year,Yes,Bank Transfer (Automatic),101.1,4016.2
5244-IRFIH,Male,1,Yes,No,33,Yes,Yes,Fiber Optic,No,No,No,No,Yes,Yes,Month-To-Month,Yes,Electronic Check,94.5,3105.55
5707-ORNDZ,Male,1,No,No,9,Yes,Yes,Dsl,Yes,No,No,No,No,No,Month-To-Month,No,Electronic Check,54.55,494.05
6680-NENYN,Female,0,No,No,43,Yes,Yes,Fiber Optic,No,Yes,Yes,No,Yes,Yes,Two Year,Yes,Electronic Check,104.6,4759.85
6897-RWMUB,Male,0,Yes,Yes,61,Yes,No,Dsl,Yes,Yes,Yes,Yes,No,No,Two Year,Yes,Bank Transfer (Automatic),68.05,4158.25
3729-OWRVL,Male,1,No,No,65,Yes,Yes,Fiber Optic,Yes,No,Yes,Yes,Yes,Yes,Two Year,Yes,Electronic Check,110.35,7246.15
8065-QBYTO,Female,1,No,No,71,Yes,Yes,Fiber Optic,Yes,Yes,No,Yes,Yes,No,One Year,Yes,Credit Card (Automatic),99.65,7181.25
5204-QZXPU,Male,0,No,No,19,No,No phone service,Dsl,No,No,Yes,No,Yes,No,Month-To-Month,Yes,Electronic Check,39.65,733.35
4581-LNWUM,Female,0,No,No,13,No,No phone service,Dsl,No,No,Yes,No,Yes,Yes,Month-To-Month,No,Electronic Check,49.15,649.4
5626-MGTUK,Female,0,No,No,20,Yes,Yes,Fiber Optic,Yes,No,No,No,Yes,No,Month-To-Month,Yes,Bank Transfer (Automatic),89.1,1879.25
9139-TWBAS,Female,0,Yes,No,26,No,No phone service,Dsl,Yes,Yes,Yes,No,Yes,No,One Year,No,Bank Transfer (Automatic),47.85,1190.5
7657-DYEPJ,Male,1,No,No,38,Yes,No,Dsl,No,Yes,Yes,Yes,Yes,No,One Year,Yes,Credit Card (Automatic),70.15,2497.35
5133-POWUA,Male,0,No,No,1,Yes,No,Dsl,No,No,No,No,No,No,Month-To-Month,Yes,Mailed Check,45.8,45.8
4702-HDRKD,Male,0,No,No,67,No,No phone service,Dsl,Yes,No,Yes,Yes,Yes,No,One Year,Yes,Bank Transfer (Automatic),49.35,3321.35
4054-CUMIA,Female,0,Yes,Yes,18,Yes,No,No,No internet service,No internet service,No internet service,No internet service,No internet service,No internet service,Month-To-Month,Yes,Mailed Check,20.25,401.95
5748-RNCJT,Male,0,No,No,69,Yes,Yes,Fiber Optic,No,No,Yes,Yes,Yes,Yes,Two Year,Yes,Bank Transfer (Automatic),106.5,7348.8
9518-IMLHK,Male,0,No,No,31,Yes,No,Dsl,Yes,Yes,Yes,Yes,Yes,No,Month-To-Month,Yes,Bank Transfer (Automatic),72.45,2156.25
2621-UDNLU,Female,0,Yes,No,3,Yes,No,No,No internet service,No internet service,No internet service,No internet service,No internet service,No internet service,Month-To-Month,No,Mailed Check,20.85,72.0
6394-HHHZM,Male,0,No,No,3,Yes,No,No,No internet service,No internet service,No internet service,No internet service,No internet service,No internet service,Month-To-Month,No,Mailed Check,20.7,57.5
2346-CZYIL,Male,0,No,No,27,Yes,No,No,No internet service,No internet service,No internet service,No internet service,No internet service,No internet service,Two Year,No,Credit Card (Automatic),20.35,531.6
5233-AOZUF,Female,0,Yes,No,29,Yes,Yes,Fiber Optic,No,No,No,No,No,No,Month-To-Month,Yes,Electronic Check,74.95,2149.05
7395-XWZOY,Male,0,No,No,20,No,No phone service,Dsl,Yes,Yes,Yes,Yes,Yes,No,Month-To-Month,Yes,Credit Card (Automatic),55.0,1165.55
1172-VIYBP,Male,0,Yes,Yes,53,Yes,Yes,Dsl,Yes,Yes,No,No,No,Yes,Two Year,No,Bank Transfer (Automatic),69.7,3686.05
7134-HBPBS,Female,1,No,No,72,Yes,Yes,Fiber Optic,No,Yes,Yes,Yes,Yes,Yes,Two Year,Yes,Bank Transfer (Automatic),108.1,7774.05
7426-RHZGU,Male,0,No,No,9,Yes,No,Fiber Optic,No,No,No,Yes,Yes,Yes,Month-To-Month,Yes,Bank Transfer (Automatic),95.9,827.45
9351-LZYGF,Female,0,Yes,No,42,Yes,Yes,Dsl,Yes,Yes,No,Yes,No,No,Month-To-Month,Yes,Credit Card (Automatic),66.4,2727.8
3969-JQABI,Female,0,Yes,No,58,Yes,No,Dsl,Yes,Yes,No,No,Yes,No,Month-To-Month,Yes,Credit Card (Automatic),65.25,3791.6
7831-QGOXH,Female,0,No,No,18,Yes,Yes,Fiber Optic,No,No,No,No,Yes,No,Month-To-Month,Yes,Electronic Check,85.2,1553.9
1084-MNSMJ,Female,0,Yes,Yes,51,Yes,No,Dsl,Yes,Yes,Yes,Yes,Yes,Yes,Two Year,No,Credit Card (Automatic),85.5,4421.95
1853-ARAAQ,Female,0,No,No,26,No,No phone service,Dsl,No,No,Yes,No,Yes,Yes,Month-To-Month,Yes,Credit Card (Automatic),50.35,1277.5
4310-KEDTB,Female,0,No,Yes,26,No,No phone service,Dsl,No,No,Yes,No,No,No,Month-To-Month,Yes,Mailed Check,29.8,786.5
7449-HVPIV,Male,0,Yes,Yes,55,Yes,Yes,Fiber Optic,No,No,Yes,No,Yes,No,Month-To-Month,Yes,Credit Card (Automatic),90.4,5099.15
1628-BIZYP,Male,0,No,No,1,Yes,No,Fiber Optic,No,Yes,No,No,No,Yes,Month-To-Month,Yes,Electronic Check,85.0,85.0
5696-CEIQJ,Male,0,Yes,Yes,67,Yes,No,Fiber Optic,No,Yes,Yes,Yes,Yes,Yes,Two Year,No,Bank Transfer (Automatic),103.15,6895.5
7978-DKUQH,Female,0,Yes,No,25,Yes,No,Fiber Optic,No,No,Yes,No,No,No,Month-To-Month,Yes,Electronic Check,74.6,1797.75
6198-ZFIOJ,Female,0,No,No,5,Yes,Yes,Fiber Optic,No,No,No,No,No,No,Month-To-Month,No,Electronic Check,75.6,402.5
4619-EVPHY,Female,1,Yes,No,20,Yes,No,Fiber Optic,No,No,No,No,Yes,Yes,One Year,Yes,Bank Transfer (Automatic),91.0,1859.5
9256-JTBNZ,Female,0,No,No,11,Yes,No,No,No internet service,No internet service,No internet service,No internet service,No internet service,No internet service,Month-To-Month,No,Bank Transfer (Automatic),20.3,246.3
2645-QTLMB,Male,0,No,No,7,Yes,No,Fiber Optic,No,Yes,No,No,Yes,Yes,Month-To-Month,Yes,Electronic Check,94.25,669.0
4915-BFSXL,Male,0,Yes,Yes,70,Yes,Yes,Dsl,Yes,No,Yes,No,Yes,No,Two Year,No,Credit Card (Automatic),68.95,4858.7
2332-TODQS,Female,0,No,No,48,Yes,Yes,No,No internet service,No internet service,No internet service,No internet service,No internet service,No internet service,One Year,No,Credit Card (Automatic),25.05,1171.5
3638-DIMPH,Female,0,Yes,No,13,Yes,No,Dsl,No,No,No,No,No,No,One Year,No,Electronic Check,43.8,592.65
5845-BZZIB,Male,0,Yes,Yes,35,Yes,No,No,No internet service,No internet service,No internet service,No internet service,No internet service,No internet service,Two Year,No,Mailed Check,20.1,655.3
3134-DSHVC,Female,0,No,No,63,Yes,Yes,Fiber Optic,Yes,Yes,Yes,No,Yes,No,Two Year,No,Credit Card (Automatic),98.0,6218.45
7576-ASEJU,Female,0,Yes,Yes,41,Yes,No,Dsl,Yes,No,No,Yes,Yes,Yes,One Year,Yes,Credit Card (Automatic),74.7,3187.65
5062-CJJKH,Male,0,Yes,Yes,25,Yes,No,Dsl,No,Yes,Yes,No,No,No,One Year,No,Mailed Check,53.65,1355.45
1393-IMKZG,Female,0,No,No,1,Yes,No,Fiber Optic,No,No,No,Yes,Yes,Yes,Month-To-Month,Yes,Electronic Check,95.85,95.85
1839-UMACK,Male,0,No,No,42,Yes,Yes,No,No internet service,No internet service,No internet service,No internet service,No internet service,No internet service,One Year,No,Electronic Check,25.05,949.85
7493-GVFIO,Male,0,No,No,57,Yes,No,No,No internet service,No internet service,No internet service,No internet service,No internet service,No internet service,Two Year,No,Credit Card (Automatic),20.55,1252.85
6890-PFRQX,Male,0,No,No,18,Yes,Yes,Dsl,Yes,No,Yes,No,Yes,No,Month-To-Month,No,Mailed Check,69.5,1199.4
2794-XIMMO,Male,0,Yes,No,53,No,No phone service,Dsl,No,Yes,Yes,Yes,Yes,Yes,One Year,Yes,Electronic Check,60.45,3184.25
9738-QLWTP,Male,0,No,No,39,Yes,No,Fiber Optic,No,No,Yes,Yes,No,No,One Year,No,Electronic Check,81.9,3219.75
9944-HKVVB,Female,0,No,No,3,Yes,No,Fiber Optic,No,Yes,No,No,Yes,Yes,Month-To-Month,Yes,Electronic Check,95.1,307.4
7409-JURKQ,Female,0,Yes,No,53,Yes,Yes,Fiber Optic,No,Yes,Yes,Yes,Yes,Yes,One Year,Yes,Bank Transfer (Automatic),111.8,5809.75
5846-QFDFI,Female,0,Yes,Yes,33,Yes,Yes,Fiber Optic,No,Yes,Yes,Yes,No,No,Month-To-Month,No,Credit Card (Automatic),88.6,2888.7
6286-SUUWT,Male,0,No,No,1,Yes,No,No,No internet service,No internet service,No internet service,No internet service,No internet service,No internet service,Month-To-Month,No,Mailed Check,19.95,19.95
0020-INWCK,Female,0,Yes,Yes,71,Yes,Yes,Fiber Optic,No,Yes,Yes,No,No,Yes,Two Year,Yes,Credit Card (Automatic),95.75,6849.4
1809-DMJHQ,Female,0,No,Yes,5,Yes,No,Dsl,No,No,No,No,No,No,Month-To-Month,No,Mailed Check,46.0,221.7
1660-HSOOQ,Male,0,No,No,1,Yes,No,Dsl,No,No,Yes,No,No,No,Month-To-Month,Yes,Mailed Check,49.65,49.65
2207-QPJED,Female,1,Yes,No,37,Yes,No,Fiber Optic,No,No,Yes,Yes,Yes,No,Month-To-Month,No,Electronic Check,90.0,3371.75
7730-CLDSV,Female,0,Yes,Yes,72,Yes,Yes,Fiber Optic,No,Yes,Yes,Yes,No,Yes,Two Year,Yes,Bank Transfer (Automatic),98.65,7129.45
2263-SFSQZ,Male,0,Yes,Yes,51,Yes,Yes,No,No internet service,No internet service,No internet service,No internet service,No internet service,No internet service,Two Year,Yes,Mailed Check,24.95,1222.25
2030-BTZRO,Male,0,Yes,Yes,6,Yes,No,No,No internet service,No internet service,No internet service,No internet service,No internet service,No internet service,Two Year,Yes,Credit Card (Automatic),20.4,107.6
9251-WNSOD,Female,0,Yes,No,67,Yes,Yes,Dsl,Yes,Yes,Yes,No,No,Yes,One Year,No,Mailed Check,75.1,5064.45
5640-CAXOA,Female,0,No,No,30,No,No phone service,Dsl,No,No,No,Yes,No,Yes,One Year,Yes,Credit Card (Automatic),40.35,1187.05
4178-EGMON,Male,0,Yes,No,70,Yes,Yes,Fiber Optic,Yes,Yes,No,Yes,No,No,Two Year,Yes,Credit Card (Automatic),88.0,5986.45
5448-VWNAM,Female,0,No,Yes,19,Yes,Yes,Dsl,Yes,Yes,No,Yes,Yes,No,Month-To-Month,Yes,Mailed Check,75.9,1375.6
1834-WULEG,Male,0,Yes,Yes,24,Yes,No,No,No internet service,No internet service,No internet service,No internet service,No internet service,No internet service,One Year,No,Mailed Check,20.25,439.75
1629-DQQVB,Female,0,No,No,14,Yes,No,Dsl,Yes,No,No,No,No,No,Month-To-Month,No,Bank Transfer (Automatic),50.1,709.5
4821-SJHJV,Female,0,Yes,Yes,32,Yes,Yes,Fiber Optic,Yes,No,No,No,Yes,No,Month-To-Month,No,Electronic Check,89.6,2901.8
5304-EFJLP,Male,1,Yes,No,72,Yes,Yes,Fiber Optic,No,Yes,Yes,Yes,Yes,Yes,Two Year,Yes,Bank Transfer (Automatic),111.65,8022.85
2432-TFSMK,Male,0,No,No,18,Yes,Yes,Fiber Optic,No,No,Yes,No,Yes,No,One Year,Yes,Credit Card (Automatic),89.6,1633.0
7325-ENZFI,Female,0,No,No,39,No,No phone service,Dsl,Yes,Yes,No,Yes,No,No,One Year,Yes,Bank Transfer (Automatic),40.3,1630.4
6304-IJFSQ,Male,0,No,No,3,Yes,No,Dsl,No,Yes,No,No,No,No,Month-To-Month,Yes,Mailed Check,49.9,130.1
4002-BQWPQ,Male,0,No,No,25,Yes,Yes,Dsl,Yes,Yes,Yes,Yes,No,Yes,Month-To-Month,No,Bank Transfer (Automatic),81.75,2028.8
7064-JHXCE,Male,0,Yes,Yes,62,Yes,No,No,No internet service,No internet service,No internet service,No internet service,No internet service,No internet service,Two Year,No,Credit Card (Automatic),20.05,1263.9
9172-JITSM,Female,0,Yes,Yes,26,Yes,No,Fiber Optic,No,No,No,No,Yes,Yes,Month-To-Month,Yes,Electronic Check,90.8,2361.8
7363-QTBIW,Female,0,Yes,No,9,Yes,No,Fiber Optic,No,No,No,No,No,Yes,Month-To-Month,Yes,Electronic Check,79.75,769.1
7402-EYFXX,Male,1,No,No,26,Yes,Yes,Fiber Optic,No,No,No,No,Yes,Yes,Month-To-Month,Yes,Electronic Check,93.6,2404.1
7157-SMCFK,Male,0,No,Yes,61,Yes,No,No,No internet service,No internet service,No internet service,No internet service,No internet service,No internet service,Two Year,No,Mailed Check,19.75,1124.2
6434-TTGJP,Male,0,Yes,Yes,10,No,No phone service,Dsl,Yes,Yes,Yes,Yes,No,Yes,Two Year,No,Credit Card (Automatic),53.7,521.0
3544-FBCAS,Female,0,Yes,Yes,72,Yes,Yes,Dsl,Yes,Yes,Yes,No,Yes,Yes,Two Year,Yes,Credit Card (Automatic),83.6,5959.3
7126-RBHSD,Female,0,Yes,No,17,Yes,Yes,Fiber Optic,Yes,No,No,No,No,No,Month-To-Month,No,Electronic Check,78.9,1348.95
9306-CPCBC,Female,0,No,No,3,Yes,Yes,Fiber Optic,No,No,No,No,No,No,Month-To-Month,Yes,Electronic Check,74.25,210.3
5171-EPLKN,Male,0,No,No,27,Yes,No,No,No internet service,No internet service,No internet service,No internet service,No internet service,No internet service,Two Year,No,Credit Card (Automatic),19.85,470.0
6194-HBGQN,Male,0,No,No,51,Yes,Yes,Dsl,Yes,Yes,Yes,Yes,Yes,No,One Year,Yes,Credit Card (Automatic),81.15,4126.2
0618-XWMSS,Male,0,No,Yes,28,Yes,No,Fiber Optic,Yes,No,No,No,No,No,Month-To-Month,Yes,Bank Transfer (Automatic),74.9,2068.55
8746-BFOAJ,Male,1,No,No,21,Yes,No,No,No internet service,No internet service,No internet service,No internet service,No internet service,No internet service,One Year,No,Bank Transfer (Automatic),20.5,429.55
1709-EJDOX,Female,0,Yes,Yes,47,Yes,No,No,No internet service,No internet service,No internet service,No internet service,No internet service,No internet service,Two Year,No,Mailed Check,19.75,948.9
7435-ZNUYY,Male,0,No,No,6,Yes,No,No,No internet service,No internet service,No internet service,No internet service,No internet service,No internet service,One Year,No,Mailed Check,20.6,116.6
8947-YRTDV,Male,0,Yes,Yes,32,Yes,No,Fiber Optic,Yes,Yes,Yes,No,No,Yes,One Year,No,Mailed Check,94.8,3131.55
1228-ZLNBX,Male,0,No,No,21,Yes,Yes,Fiber Optic,No,No,No,No,No,No,Month-To-Month,No,Mailed Check,75.3,1570.7
8294-UIMBA,Female,0,No,No,30,Yes,No,Fiber Optic,No,No,No,Yes,Yes,Yes,One Year,Yes,Bank Transfer (Automatic),94.4,2638.1
3966-HRMZA,Female,1,No,No,3,Yes,No,Fiber Optic,No,No,Yes,No,No,No,Month-To-Month,No,Mailed Check,75.05,202.9
9639-BUJXT,Male,0,No,No,63,Yes,No,No,No internet service,No internet service,No internet service,No internet service,No internet service,No internet service,One Year,No,Mailed Check,20.5,1328.15
4501-UYKBC,Female,1,No,No,46,Yes,Yes,Dsl,No,No,Yes,Yes,No,Yes,One Year,Yes,Credit Card (Automatic),69.1,3255.35
7131-ZQZNK,Female,0,Yes,Yes,60,No,No phone service,Dsl,Yes,No,Yes,Yes,Yes,Yes,Two Year,No,Credit Card (Automatic),59.85,3590.2
1784-BXEFA,Female,0,No,No,10,Yes,No,No,No internet service,No internet service,No internet service,No internet service,No internet service,No internet service,Month-To-Month,Yes,Mailed Check,20.55,187.35
4704-ERYFC,Female,0,Yes,No,22,Yes,No,Fiber Optic,No,No,No,No,No,No,Month-To-Month,Yes,Electronic Check,69.25,1554.0
4514-GFCFI,Female,1,No,No,16,Yes,Yes,Fiber Optic,No,No,No,No,Yes,No,Month-To-Month,Yes,Electronic Check,84.75,1350.15
7742-MYPGI,Female,0,Yes,Yes,6,Yes,No,Dsl,No,No,No,Yes,No,No,Month-To-Month,Yes,Mailed Check,48.8,297.35
4013-TLDHQ,Male,0,No,No,19,Yes,No,Fiber Optic,No,Yes,Yes,No,No,No,Month-To-Month,Yes,Electronic Check,78.25,1490.95
4237-CLSMM,Male,0,Yes,No,2,Yes,No,No,No internet service,No internet service,No internet service,No internet service,No internet service,No internet service,Month-To-Month,No,Mailed Check,20.0,38.0
1013-QCWAM,Female,1,Yes,No,66,Yes,Yes,Fiber Optic,No,Yes,No,No,Yes,Yes,Month-To-Month,Yes,Electronic Check,100.8,6690.75
8443-ZRDBZ,Male,0,No,No,4,Yes,Yes,Fiber Optic,No,No,No,No,No,No,Month-To-Month,Yes,Electronic Check,76.05,318.9
7109-CQYUZ,Male,0,No,No,52,Yes,Yes,Dsl,Yes,Yes,Yes,Yes,Yes,Yes,Two Year,Yes,Mailed Check,89.25,4652.4
9470-YFUYI,Male,1,Yes,No,71,Yes,No,Dsl,Yes,Yes,No,Yes,Yes,No,One Year,Yes,Bank Transfer (Automatic),71.0,5012.1
7820-ZYGNY,Male,0,No,No,63,Yes,Yes,Fiber Optic,No,Yes,No,No,No,Yes,One Year,No,Credit Card (Automatic),90.45,5825.5
8499-BRXTD,Male,0,No,No,18,Yes,No,No,No internet service,No internet service,No internet service,No internet service,No internet service,No internet service,One Year,No,Mailed Check,20.1,401.85
9845-PEEKO,Female,1,No,No,59,Yes,Yes,Fiber Optic,No,Yes,No,No,No,No,Two Year,Yes,Credit Card (Automatic),79.2,4590.35
1173-NOEYG,Female,0,Yes,No,27,Yes,Yes,Fiber Optic,No,No,Yes,No,No,Yes,Month-To-Month,No,Bank Transfer (Automatic),90.15,2423.4
7599-FKVXZ,Male,0,Yes,No,42,Yes,Yes,Fiber Optic,No,No,Yes,Yes,Yes,Yes,Month-To-Month,Yes,Bank Transfer (Automatic),106.15,4512.7
7156-MHUGY,Male,1,No,No,13,Yes,No,Fiber Optic,No,No,No,No,Yes,Yes,Month-To-Month,Yes,Electronic Check,90.5,1201.15
7716-YTYHG,Female,0,Yes,Yes,48,Yes,Yes,Fiber Optic,No,No,No,No,No,Yes,One Year,Yes,Mailed Check,82.05,4029.95
7550-WIQVA,Male,0,Yes,Yes,50,Yes,Yes,Fiber Optic,Yes,Yes,Yes,No,Yes,Yes,One Year,Yes,Electronic Check,108.25,5431.4
2230-XTUWL,Female,0,Yes,Yes,48,Yes,No,No,No internet service,No internet service,No internet service,No internet service,No internet service,No internet service,Two Year,No,Mailed Check,19.55,883.35
5038-ETMLM,Female,0,Yes,No,72,Yes,Yes,Fiber Optic,Yes,Yes,Yes,Yes,Yes,Yes,Two Year,Yes,Bank Transfer (Automatic),113.65,8182.75
2619-WFQWU,Female,0,No,No,1,Yes,No,Fiber Optic,No,No,No,No,No,No,Month-To-Month,Yes,Mailed Check,70.15,70.15
9972-NKTFD,Female,0,No,No,28,Yes,No,Dsl,No,Yes,No,Yes,No,No,Month-To-Month,No,Bank Transfer (Automatic),54.65,1517.5
9795-SHUHB,Female,0,Yes,Yes,66,Yes,No,Dsl,Yes,Yes,No,Yes,No,No,Two Year,Yes,Credit Card (Automatic),58.2,3810.8
8605-ITULD,Female,0,No,No,1,Yes,No,No,No internet service,No internet service,No internet service,No internet service,No internet service,No internet service,Month-To-Month,No,Mailed Check,19.55,19.55
5915-ANOEI,Male,0,Yes,No,70,Yes,Yes,Dsl,Yes,Yes,Yes,Yes,Yes,No,Two Year,No,Mailed Check,79.15,5536.5
3594-UVONA,Female,0,No,No,35,Yes,Yes,Dsl,Yes,No,Yes,Yes,Yes,Yes,One Year,Yes,Credit Card (Automatic),85.95,3110.1
3511-APPBJ,Male,0,No,No,23,Yes,No,Fiber Optic,Yes,No,Yes,No,Yes,Yes,One Year,Yes,Credit Card (Automatic),99.95,2292.75
4724-WXVWF,Male,0,No,No,48,Yes,Yes,Fiber Optic,Yes,No,No,Yes,No,Yes,Month-To-Month,Yes,Electronic Check,95.4,4445.3
3420-ZDBMA,Male,1,No,No,5,Yes,No,Fiber Optic,No,No,No,No,No,No,Month-To-Month,Yes,Mailed Check,71.45,371.6
7103-IPXPJ,Male,0,Yes,No,50,Yes,Yes,Fiber Optic,No,No,No,Yes,Yes,Yes,One Year,No,Electronic Check,99.4,5059.75
9013-AQORL,Female,0,No,Yes,48,No,No phone service,Dsl,No,Yes,Yes,No,No,Yes,Month-To-Month,No,Credit Card (Automatic),45.55,2108.35
4819-HJPIW,Male,0,No,No,18,No,No phone service,Dsl,No,No,No,No,No,No,Month-To-Month,No,Mailed Check,25.15,476.8
9625-QNLUX,Male,0,Yes,Yes,68,Yes,No,Fiber Optic,Yes,Yes,Yes,No,Yes,Yes,Two Year,Yes,Credit Card (Automatic),103.25,7074.4
8623-TMRBY,Male,1,Yes,Yes,51,Yes,Yes,Fiber Optic,No,Yes,Yes,No,No,No,Month-To-Month,Yes,Electronic Check,84.2,4146.05
7740-BTPUX,Male,1,Yes,No,55,Yes,Yes,Fiber Optic,No,Yes,Yes,Yes,Yes,Yes,Two Year,Yes,Electronic Check,113.6,6292.7
2178-PMGCJ,Male,0,No,No,22,Yes,No,Fiber Optic,No,No,No,No,No,No,Month-To-Month,Yes,Mailed Check,69.7,1490.4
2683-BPJSO,Male,0,Yes,No,29,Yes,Yes,Fiber Optic,Yes,Yes,No,No,No,No,Month-To-Month,Yes,Electronic Check,84.45,2467.1
6119-SPUDB,Male,0,No,No,46,No,No phone service,Dsl,Yes,No,Yes,Yes,No,No,Two Year,No,Mailed Check,38.25,1755.35
4632-XJMEX,Male,0,No,Yes,53,Yes,No,Dsl,Yes,Yes,No,Yes,No,No,One Year,No,Credit Card (Automatic),62.85,3419.5
0971-QIFJK,Female,0,Yes,No,69,Yes,Yes,No,No internet service,No internet service,No internet service,No internet service,No internet service,No internet service,Two Year,No,Bank Transfer (Automatic),24.25,1641.8
3863-QSTYI,Male,0,No,No,59,Yes,No,Dsl,No,No,Yes,Yes,Yes,No,Month-To-Month,Yes,Electronic Check,64.65,3735.45
5127-BZENZ,Female,0,Yes,Yes,56,Yes,Yes,Dsl,Yes,No,No,No,Yes,No,One Year,No,Bank Transfer (Automatic),65.2,3512.15
5375-XLDOF,Male,0,Yes,Yes,69,Yes,Yes,Fiber Optic,Yes,Yes,Yes,Yes,Yes,Yes,Two Year,Yes,Bank Transfer (Automatic),114.35,7665.8
8980-WQFWL,Female,0,No,No,35,Yes,No,Dsl,No,No,Yes,No,No,Yes,Month-To-Month,Yes,Electronic Check,62.1,2096.1
3334-CTHOL,Female,0,No,No,1,Yes,Yes,Dsl,No,No,No,No,No,No,Month-To-Month,Yes,Bank Transfer (Automatic),49.95,49.95
9128-CPXKI,Female,0,No,No,59,Yes,No,Fiber Optic,No,No,Yes,No,Yes,Yes,Two Year,No,Electronic Check,95.8,5655.45
4060-LDNLU,Male,0,No,No,7,Yes,Yes,Fiber Optic,No,No,No,No,Yes,Yes,Month-To-Month,No,Electronic Check,96.2,639.7
9359-JANWS,Female,0,Yes,No,65,Yes,No,Dsl,Yes,No,Yes,Yes,No,No,Two Year,No,Credit Card (Automatic),58.9,3857.1
2369-FEVNO,Male,0,No,No,1,Yes,No,No,No internet service,No internet service,No internet service,No internet service,No internet service,No internet service,Month-To-Month,Yes,Mailed Check,19.9,19.9
2252-NKNSI,Male,0,No,Yes,52,Yes,Yes,Dsl,Yes,Yes,No,Yes,Yes,Yes,Two Year,Yes,Mailed Check,85.15,4461.85
9054-FOWNV,Male,0,Yes,Yes,22,Yes,Yes,Fiber Optic,No,No,Yes,No,Yes,No,Month-To-Month,Yes,Electronic Check,88.75,1885.15
8908-SLFCJ,Female,0,No,No,21,Yes,No,No,No internet service,No internet service,No internet service,No internet service,No internet service,No internet service,Two Year,Yes,Credit Card (Automatic),20.85,435.25
8347-GDTMP,Female,0,Yes,No,64,Yes,No,No,No internet service,No internet service,No internet service,No internet service,No internet service,No internet service,Two Year,No,Credit Card (Automatic),19.45,1225.65
7853-OETYL,Female,0,Yes,No,4,No,No phone service,Dsl,Yes,No,No,No,No,No,Month-To-Month,Yes,Electronic Check,29.05,129.6
0621-TSSMU,Male,0,Yes,No,56,Yes,No,No,No internet service,No internet service,No internet service,No internet service,No internet service,No internet service,One Year,No,Credit Card (Automatic),19.95,1126.75
1862-QRWPE,Female,0,Yes,Yes,48,Yes,No,No,No internet service,No internet service,No internet service,No internet service,No internet service,No internet service,Two Year,No,Bank Transfer (Automatic),20.65,1057.0
2058-DCJBE,Male,0,No,No,5,Yes,No,Fiber Optic,No,No,No,No,No,No,Month-To-Month,Yes,Electronic Check,69.75,324.6
8699-ASUFO,Male,1,Yes,No,7,Yes,Yes,Fiber Optic,No,No,No,No,No,No,Month-To-Month,Yes,Mailed Check,74.4,527.9
6993-YCOBK,Male,0,Yes,Yes,60,Yes,Yes,Fiber Optic,Yes,No,Yes,Yes,Yes,Yes,Two Year,Yes,Electronic Check,110.6,6586.85
0841-NULXI,Male,0,No,No,1,No,No phone service,Dsl,No,No,No,No,No,Yes,Month-To-Month,Yes,Electronic Check,35.55,35.55
7395-IGJOS,Male,1,Yes,No,17,Yes,No,Fiber Optic,No,No,No,No,No,Yes,Month-To-Month,No,Bank Transfer (Automatic),81.5,1329.2
2845-AFFTX,Male,1,Yes,No,41,Yes,Yes,Fiber Optic,No,No,Yes,No,Yes,Yes,Month-To-Month,Yes,Electronic Check,99.8,4259.3
1699-UOTXU,Male,0,No,No,60,Yes,No,Dsl,Yes,Yes,Yes,No,No,No,Two Year,No,Electronic Check,61.4,3638.25
3506-LCJDC,Male,0,Yes,Yes,1,Yes,No,No,No internet service,No internet service,No internet service,No internet service,No internet service,No internet service,Month-To-Month,No,Bank Transfer (Automatic),19.95,19.95
8879-XUAHX,Male,0,Yes,No,71,Yes,Yes,Fiber Optic,Yes,Yes,Yes,Yes,Yes,Yes,Two Year,Yes,Electronic Check,116.25,8564.75
4877-TSOFF,Female,0,Yes,Yes,55,Yes,Yes,Dsl,Yes,Yes,No,Yes,No,Yes,One Year,Yes,Bank Transfer (Automatic),75.75,4264.25
2545-EBUPK,Female,1,No,No,2,Yes,Yes,Fiber Optic,No,No,No,No,No,Yes,Month-To-Month,Yes,Electronic Check,84.05,186.05
6145-NNPNO,Female,0,No,No,1,Yes,No,Dsl,No,No,No,No,No,No,Month-To-Month,No,Bank Transfer (Automatic),44.15,44.15
4077-CROMM,Female,0,Yes,Yes,31,Yes,Yes,Fiber Optic,No,No,Yes,Yes,Yes,Yes,Month-To-Month,Yes,Electronic Check,104.2,3243.45
2898-LSJGD,Female,0,Yes,Yes,21,No,No phone service,Dsl,Yes,No,Yes,No,Yes,Yes,One Year,Yes,Electronic Check,55.95,1157.05
8985-OOPOS,Female,0,No,No,1,Yes,No,Dsl,No,No,Yes,Yes,Yes,Yes,One Year,No,Credit Card (Automatic),74.1,74.1
1356-MKYSK,Male,0,No,No,6,Yes,No,Dsl,Yes,No,Yes,Yes,Yes,Yes,Month-To-Month,No,Credit Card (Automatic),78.65,483.3
7270-BDIOA,Female,0,No,No,22,Yes,Yes,Fiber Optic,No,No,No,Yes,Yes,No,Month-To-Month,Yes,Electronic Check,90.0,1993.8
7855-DIWPO,Female,0,No,No,21,Yes,No,Fiber Optic,No,No,No,No,No,No,Month-To-Month,Yes,Electronic Check,68.65,1493.2
0334-GDDSO,Male,1,No,No,3,Yes,Yes,Fiber Optic,No,Yes,No,No,No,No,Month-To-Month,Yes,Electronic Check,81.35,233.7
1866-NXPSP,Female,0,No,No,36,Yes,No,Dsl,Yes,Yes,Yes,Yes,No,Yes,One Year,Yes,Mailed Check,75.55,2680.15
3500-NSDOA,Male,0,Yes,Yes,68,Yes,Yes,Dsl,No,Yes,No,Yes,No,Yes,Two Year,No,Credit Card (Automatic),70.8,4859.95
0697-ZMSWS,Male,0,No,No,4,Yes,Yes,Fiber Optic,No,No,No,No,No,Yes,Month-To-Month,Yes,Electronic Check,85.65,338.9
3642-GKTCT,Female,0,No,No,61,Yes,Yes,Fiber Optic,Yes,Yes,Yes,Yes,Yes,Yes,One Year,Yes,Mailed Check,115.1,6993.65
2974-GGUXS,Female,1,Yes,No,36,Yes,Yes,Fiber Optic,No,Yes,No,No,Yes,No,Month-To-Month,Yes,Credit Card (Automatic),91.95,3301.05
5176-OLSKT,Female,0,Yes,No,66,Yes,Yes,Dsl,Yes,Yes,Yes,No,No,No,Two Year,No,Bank Transfer (Automatic),66.9,4370.25
2659-VXMWZ,Male,0,Yes,Yes,67,Yes,Yes,Fiber Optic,Yes,Yes,Yes,No,Yes,Yes,One Year,Yes,Electronic Check,111.3,7482.1
6979-ZNSFF,Female,0,No,No,8,Yes,Yes,Fiber Optic,No,No,No,No,Yes,No,Month-To-Month,Yes,Electronic Check,87.05,762.1
6685-GBWJZ,Male,0,Yes,No,63,Yes,No,Dsl,Yes,Yes,No,Yes,Yes,No,One Year,No,Credit Card (Automatic),70.8,4448.8
1724-BQUHA,Male,1,No,No,5,Yes,No,Fiber Optic,No,No,No,No,Yes,Yes,Month-To-Month,Yes,Electronic Check,89.5,477.7
4801-KFYKL,Male,0,No,Yes,8,Yes,No,No,No internet service,No internet service,No internet service,No internet service,No internet service,No internet service,Month-To-Month,No,Bank Transfer (Automatic),19.45,159.2
2656-FMOKZ,Female,1,No,No,15,Yes,Yes,Fiber Optic,No,No,No,No,No,No,Month-To-Month,Yes,Mailed Check,74.45,1145.7
5360-LJCNJ,Female,0,Yes,No,71,Yes,Yes,Fiber Optic,No,Yes,Yes,No,Yes,Yes,Two Year,Yes,Bank Transfer (Automatic),105.15,7555.0
6502-KUGLL,Female,0,Yes,Yes,14,Yes,No,Dsl,Yes,Yes,No,Yes,No,No,Month-To-Month,No,Bank Transfer (Automatic),59.45,780.85
5095-ETBRJ,Female,0,Yes,No,55,Yes,No,Dsl,Yes,Yes,No,Yes,No,No,Two Year,No,Mailed Check,56.8,3112.05
3254-YRILK,Male,1,No,No,19,Yes,Yes,Fiber Optic,No,Yes,No,No,Yes,No,Month-To-Month,Yes,Electronic Check,88.2,1775.8
6143-JQKEA,Male,0,No,No,10,Yes,No,Dsl,No,No,No,No,No,No,Month-To-Month,Yes,Credit Card (Automatic),45.8,436.2
1122-YJBCS,Male,0,Yes,No,69,Yes,No,Dsl,Yes,Yes,No,No,No,No,One Year,Yes,Credit Card (Automatic),53.65,3804.4
4785-QRJHC,Male,1,Yes,No,46,No,No phone service,Dsl,No,Yes,Yes,Yes,Yes,Yes,One Year,Yes,Bank Transfer (Automatic),59.9,2816.65
3522-CDKHF,Female,0,Yes,No,32,Yes,No,Fiber Optic,Yes,No,No,No,No,No,Month-To-Month,Yes,Bank Transfer (Automatic),91.65,2324.7
2796-UUZZO,Male,0,Yes,Yes,63,Yes,No,Fiber Optic,No,Yes,Yes,No,No,No,Month-To-Month,Yes,Credit Card (Automatic),80.3,4896.35
9814-AOUDH,Male,0,No,No,53,Yes,No,No,No internet service,No internet service,No internet service,No internet service,No internet service,No internet service,Two Year,No,Credit Card (Automatic),19.5,1050.5
3638-VBZTA,Male,0,No,Yes,68,Yes,Yes,Dsl,Yes,Yes,No,Yes,Yes,Yes,Two Year,Yes,Bank Transfer (Automatic),86.5,5882.75
3285-UCQVC,Female,0,No,No,37,No,No phone service,Dsl,No,No,No,Yes,No,No,Month-To-Month,No,Credit Card (Automatic),56.05,973.55
9174-FKWZE,Female,1,No,No,1,Yes,No,No,No internet service,No internet service,No internet service,No internet service,No internet service,No internet service,Month-To-Month,Yes,Electronic Check,19.45,19.45
7398-HPYZQ,Male,0,Yes,No,71,Yes,Yes,Dsl,Yes,Yes,Yes,Yes,Yes,Yes,Two Year,No,Bank Transfer (Automatic),90.55,6404.0
2207-OBZNX,Male,0,No,No,7,Yes,No,Dsl,Yes,No,No,No,No,No,Month-To-Month,Yes,Mailed Check,51.0,354.05
4130-MZLCC,Female,0,No,No,5,Yes,No,Dsl,No,Yes,No,No,No,No,Month-To-Month,No,Bank Transfer (Automatic),50.55,244.75
0295-PPHDO,Male,0,No,No,1,Yes,Yes,Fiber Optic,No,No,No,No,Yes,Yes,Month-To-Month,Yes,Electronic Check,95.45,95.45
2172-EJXVF,Female,1,No,No,71,Yes,Yes,Fiber Optic,No,Yes,Yes,No,Yes,Yes,One Year,Yes,Electronic Check,105.9,7521.95
5832-EXGTT,Male,0,Yes,Yes,29,Yes,No,Dsl,Yes,No,No,No,No,Yes,Month-To-Month,Yes,Mailed Check,60.2,1834.15
9294-TDIPC,Male,0,No,Yes,5,Yes,No,No,No internet service,No internet service,No internet service,No internet service,No internet service,No internet service,Month-To-Month,No,Mailed Check,20.2,83.75
2801-NISEI,Male,0,No,No,24,Yes,No,Dsl,Yes,No,No,Yes,No,No,Month-To-Month,No,Electronic Check,54.95,1348.5
3280-NMUVX,Male,0,Yes,Yes,34,Yes,No,No,No internet service,No internet service,No internet service,No internet service,No internet service,No internet service,One Year,No,Credit Card (Automatic),19.6,678.8
5457-COLHT,Male,0,Yes,Yes,69,Yes,No,Dsl,Yes,Yes,No,Yes,Yes,Yes,Two Year,No,Bank Transfer (Automatic),80.65,5542.55
2569-WGERO,Female,0,No,No,72,Yes,No,No,No internet service,No internet service,No internet service,No internet service,No internet service,No internet service,Two Year,Yes,Bank Transfer (Automatic),21.15,1419.4
1834-ABKHQ,Female,0,Yes,Yes,52,Yes,No,Dsl,No,No,Yes,No,No,No,One Year,Yes,Bank Transfer (Automatic),50.95,2610.65
2235-ZGKPT,Female,0,Yes,Yes,4,Yes,Yes,Dsl,No,No,No,No,No,No,Month-To-Month,No,Mailed Check,50.85,239.55
9239-GZHZE,Female,0,Yes,No,72,Yes,Yes,Fiber Optic,Yes,Yes,Yes,Yes,Yes,Yes,Two Year,Yes,Credit Card (Automatic),113.65,8124.2
3620-EHIMZ,Female,0,Yes,Yes,52,Yes,No,No,No internet service,No internet service,No internet service,No internet service,No internet service,No internet service,Two Year,No,Mailed Check,19.35,1031.7
6185-TASNN,Male,1,No,No,1,Yes,No,Dsl,No,No,No,No,No,No,Month-To-Month,No,Electronic Check,46.3,46.3
3439-GVUSX,Male,0,No,No,1,No,No phone service,Dsl,No,No,No,No,No,No,Month-To-Month,No,Mailed Check,24.4,24.4
9323-HGFWY,Female,0,Yes,No,27,Yes,No,Fiber Optic,Yes,No,No,Yes,Yes,Yes,One Year,Yes,Credit Card (Automatic),101.9,2681.15
7706-YLMQA,Female,0,No,No,70,Yes,No,No,No internet service,No internet service,No internet service,No internet service,No internet service,No internet service,One Year,No,Bank Transfer (Automatic),19.7,1341.5
0549-CYCQN,Male,1,No,No,51,Yes,Yes,Fiber Optic,No,Yes,No,No,No,No,One Year,Yes,Bank Transfer (Automatic),79.6,3974.7
8417-GSODA,Male,0,Yes,Yes,28,Yes,Yes,Fiber Optic,No,No,No,No,Yes,Yes,One Year,No,Bank Transfer (Automatic),92.2,2568.15
1705-GUHPV,Female,0,No,No,63,Yes,Yes,No,No internet service,No internet service,No internet service,No internet service,No internet service,No internet service,Two Year,No,Mailed Check,24.2,1618.2
6664-FPDAC,Female,1,No,No,56,Yes,Yes,Fiber Optic,No,Yes,Yes,Yes,Yes,Yes,One Year,Yes,Electronic Check,111.95,6418.9
6152-ONASV,Female,0,Yes,No,68,Yes,Yes,Dsl,Yes,No,No,Yes,No,No,One Year,No,Bank Transfer (Automatic),58.25,3975.7
0621-HJWXJ,Female,0,Yes,No,63,Yes,Yes,Fiber Optic,No,Yes,No,No,No,No,Month-To-Month,Yes,Bank Transfer (Automatic),81.55,5029.05
9796-BPKIW,Male,1,No,No,8,Yes,No,Fiber Optic,No,No,No,No,No,No,Month-To-Month,Yes,Credit Card (Automatic),69.95,562.7
5789-LDFXO,Male,0,No,No,24,Yes,Yes,No,No internet service,No internet service,No internet service,No internet service,No internet service,No internet service,One Year,No,Electronic Check,24.6,592.65
4396-KLSEH,Male,0,No,No,4,Yes,No,No,No internet service,No internet service,No internet service,No internet service,No internet service,No internet service,Month-To-Month,Yes,Electronic Check,19.85,63.0
7665-TOALD,Female,0,No,No,1,Yes,No,Fiber Optic,No,No,No,No,No,No,Month-To-Month,Yes,Electronic Check,69.6,69.6
9958-MEKUC,Male,0,Yes,Yes,72,Yes,Yes,Fiber Optic,Yes,Yes,Yes,Yes,No,Yes,Two Year,No,Credit Card (Automatic),103.95,7517.7
6993-YGFJV,Male,0,Yes,No,69,Yes,Yes,Fiber Optic,Yes,Yes,Yes,Yes,Yes,Yes,Two Year,Yes,Bank Transfer (Automatic),112.55,7806.5
2824-DXNKN,Female,0,Yes,Yes,72,Yes,Yes,Dsl,Yes,No,Yes,No,Yes,No,Two Year,Yes,Bank Transfer (Automatic),71.45,5025.85
9688-YGXVR,Female,0,No,No,44,Yes,No,Fiber Optic,No,Yes,Yes,No,Yes,No,Month-To-Month,Yes,Credit Card (Automatic),88.15,3973.2
8318-LCNBW,Male,0,Yes,No,35,No,No phone service,Dsl,Yes,No,Yes,No,Yes,Yes,One Year,No,Credit Card (Automatic),53.15,1930.9
4210-QFJMF,Female,0,No,No,4,Yes,No,Fiber Optic,No,No,No,No,No,Yes,Month-To-Month,Yes,Electronic Check,79.15,317.25
7957-RYHQD,Female,1,No,No,40,Yes,No,Fiber Optic,Yes,Yes,No,No,No,No,Month-To-Month,Yes,Credit Card (Automatic),79.2,3233.85
1430-SFQSA,Male,0,No,No,29,No,No phone service,Dsl,Yes,No,No,Yes,No,No,One Year,No,Mailed Check,35.6,1072.6
4869-EPIUS,Male,0,Yes,No,56,Yes,No,Fiber Optic,No,No,No,No,No,Yes,One Year,Yes,Electronic Check,80.9,4557.5
8398-TBIYD,Female,0,No,No,72,Yes,Yes,Fiber Optic,Yes,No,No,Yes,No,No,Two Year,Yes,Bank Transfer (Automatic),84.7,6185.15
5567-WSELE,Male,1,Yes,No,3,Yes,Yes,Fiber Optic,No,No,No,No,Yes,Yes,Month-To-Month,Yes,Electronic Check,94.6,279.55
6253-GNHWH,Female,0,Yes,Yes,71,Yes,Yes,Dsl,Yes,Yes,Yes,Yes,No,No,Two Year,No,Mailed Check,71.1,5224.95
3158-MOERK,Female,0,No,No,2,Yes,Yes,Fiber Optic,No,No,No,No,Yes,Yes,Month-To-Month,Yes,Electronic Check,96.0,174.8
7024-OHCCK,Female,1,No,No,2,Yes,Yes,Fiber Optic,No,No,No,No,Yes,Yes,Month-To-Month,Yes,Electronic Check,93.85,170.85
0377-JBKKT,Male,0,Yes,Yes,22,Yes,No,Dsl,Yes,Yes,No,Yes,No,No,Month-To-Month,Yes,Mailed Check,57.95,1271.8
8095-WANWK,Female,0,No,No,10,Yes,No,Dsl,No,No,No,No,No,No,Month-To-Month,No,Mailed Check,45.25,428.7
9895-VFOXH,Female,0,No,No,1,No,No phone service,Dsl,No,No,No,No,No,No,Month-To-Month,No,Mailed Check,24.4,24.4
2212-LYASK,Male,0,Yes,Yes,27,No,No phone service,Dsl,No,Yes,Yes,No,No,Yes,One Year,Yes,Credit Card (Automatic),45.85,1246.4
9189-JWSHV,Female,1,Yes,No,24,Yes,Yes,Fiber Optic,No,No,No,No,Yes,Yes,Month-To-Month,Yes,Electronic Check,93.55,2264.05
3167-SNQPL,Male,1,Yes,Yes,38,Yes,Yes,Fiber Optic,No,Yes,No,No,Yes,Yes,Month-To-Month,No,Electronic Check,101.15,3741.85
3640-PHQXK,Female,0,No,No,31,Yes,Yes,Fiber Optic,No,No,Yes,No,No,Yes,Month-To-Month,Yes,Electronic Check,89.9,2806.9
8260-NGFNY,Female,0,No,No,1,No,No phone service,Dsl,No,No,No,No,No,No,Month-To-Month,No,Mailed Check,25.2,25.2
8468-FZTOE,Female,0,Yes,Yes,72,Yes,No,Dsl,Yes,Yes,Yes,Yes,No,Yes,Two Year,Yes,Electronic Check,74.35,5237.4
3911-RSNHI,Female,0,Yes,No,71,No,No phone service,Dsl,No,Yes,Yes,Yes,Yes,Yes,Two Year,Yes,Credit Card (Automatic),61.4,4310.35
5872-OEQNH,Female,0,No,No,60,No,No phone service,Dsl,Yes,No,Yes,No,No,Yes,One Year,Yes,Electronic Check,44.45,2773.9
1089-HDMKP,Male,1,No,Yes,11,Yes,No,Dsl,No,Yes,No,Yes,No,No,Month-To-Month,Yes,Electronic Check,54.55,601.25
3278-FSIXX,Female,0,No,No,2,Yes,No,Dsl,No,No,No,No,No,No,Month-To-Month,Yes,Mailed Check,45.25,74.2
0410-IPFTY,Female,0,Yes,No,31,Yes,No,Fiber Optic,No,Yes,No,No,No,Yes,Month-To-Month,Yes,Bank Transfer (Automatic),83.85,2674.15
9600-UDOPK,Male,0,Yes,No,30,Yes,Yes,Fiber Optic,No,No,No,No,Yes,Yes,Month-To-Month,Yes,Credit Card (Automatic),94.05,2866.45
4343-EJVQB,Male,0,No,No,7,Yes,No,Fiber Optic,Yes,No,No,No,No,No,Month-To-Month,No,Mailed Check,74.35,533.6
5651-CRHKQ,Female,0,Yes,No,41,Yes,No,Fiber Optic,No,Yes,Yes,Yes,No,No,One Year,Yes,Bank Transfer (Automatic),86.2,3339.05
7817-OMJNA,Male,0,No,No,14,Yes,No,No,No internet service,No internet service,No internet service,No internet service,No internet service,No internet service,One Year,No,Bank Transfer (Automatic),20.4,275.7
0902-XKXPN,Male,0,Yes,Yes,69,Yes,No,No,No internet service,No internet service,No internet service,No internet service,No internet service,No internet service,Two Year,No,Bank Transfer (Automatic),20.2,1376.5
3714-JTVOV,Female,1,Yes,No,42,Yes,No,Fiber Optic,Yes,No,No,No,No,No,Month-To-Month,Yes,Credit Card (Automatic),74.15,3229.4
8714-CTZJW,Female,0,No,No,4,Yes,No,Fiber Optic,No,No,Yes,No,No,Yes,Month-To-Month,Yes,Credit Card (Automatic),91.65,319.6
4872-JCVCA,Female,0,Yes,No,71,No,No phone service,Dsl,Yes,Yes,Yes,Yes,No,No,Two Year,Yes,Bank Transfer (Automatic),47.6,3377.8
9067-SQTNS,Male,0,Yes,Yes,44,Yes,No,No,No internet service,No internet service,No internet service,No internet service,No internet service,No internet service,One Year,No,Bank Transfer (Automatic),20.6,926.0
4749-OJKQU,Female,0,No,No,4,Yes,Yes,Fiber Optic,No,No,No,No,No,No,Month-To-Month,Yes,Electronic Check,75.65,302.35
5445-UTODQ,Female,0,Yes,No,7,Yes,No,Fiber Optic,No,No,No,No,Yes,No,Month-To-Month,Yes,Electronic Check,81.1,576.65
3536-IQCTX,Male,1,Yes,No,32,Yes,Yes,Fiber Optic,No,No,No,No,No,Yes,Month-To-Month,No,Electronic Check,85.3,2661.1
5951-AOFIH,Male,0,No,No,33,Yes,No,Dsl,No,Yes,Yes,No,Yes,No,Month-To-Month,Yes,Credit Card (Automatic),66.4,2245.4
0440-UEDAI,Female,0,No,No,53,Yes,No,Fiber Optic,No,Yes,Yes,Yes,No,Yes,One Year,Yes,Credit Card (Automatic),94.45,5042.75
0093-XWZFY,Male,0,No,No,40,Yes,Yes,Fiber Optic,No,Yes,Yes,No,Yes,Yes,Month-To-Month,Yes,Credit Card (Automatic),104.5,4036.85
4676-WLUHT,Male,0,No,No,54,No,No phone service,Dsl,Yes,Yes,No,No,No,Yes,Two Year,No,Bank Transfer (Automatic),46.2,2431.95
4993-JCRGJ,Male,0,No,No,26,Yes,Yes,Fiber Optic,No,No,Yes,Yes,No,No,Month-To-Month,Yes,Mailed Check,84.3,2281.6
1258-YMZNM,Female,1,No,No,27,Yes,Yes,Fiber Optic,Yes,Yes,Yes,No,Yes,Yes,One Year,Yes,Bank Transfer (Automatic),110.5,2857.6
2387-KDZQY,Male,0,No,No,17,Yes,No,No,No internet service,No internet service,No internet service,No internet service,No internet service,No internet service,One Year,Yes,Mailed Check,20.1,279.5
0030-FNXPP,Female,0,No,No,3,Yes,No,No,No internet service,No internet service,No internet service,No internet service,No internet service,No internet service,Month-To-Month,No,Mailed Check,20.15,57.2
0390-DCFDQ,Female,1,Yes,No,1,Yes,No,Fiber Optic,No,No,No,No,No,No,Month-To-Month,Yes,Mailed Check,70.45,70.45
0727-BMPLR,Female,1,No,No,55,Yes,Yes,Fiber Optic,No,No,Yes,No,Yes,Yes,One Year,Yes,Electronic Check,100.0,5509.3
3551-GAEGL,Male,0,Yes,Yes,34,No,No phone service,Dsl,Yes,No,No,No,No,No,One Year,No,Bank Transfer (Automatic),30.4,938.65
6319-IEJWJ,Male,0,Yes,Yes,20,Yes,No,Fiber Optic,No,No,No,No,Yes,Yes,Month-To-Month,Yes,Electronic Check,90.2,1776.55
1104-TNLZA,Male,1,Yes,No,28,Yes,Yes,Fiber Optic,No,Yes,No,Yes,Yes,Yes,Month-To-Month,Yes,Electronic Check,105.8,2998.0
2988-QRAJY,Male,0,No,No,69,Yes,Yes,Fiber Optic,Yes,Yes,Yes,No,Yes,Yes,Two Year,Yes,Credit Card (Automatic),110.05,7430.75
4962-CHQPW,Male,0,No,Yes,29,Yes,No,No,No internet service,No internet service,No internet service,No internet service,No internet service,No internet service,One Year,No,Mailed Check,19.85,535.05
8270-RKSAP,Male,0,No,No,9,Yes,No,Fiber Optic,No,No,No,No,No,No,Month-To-Month,Yes,Electronic Check,70.5,597.9
0363-SVHYR,Male,0,Yes,Yes,71,Yes,Yes,Dsl,Yes,Yes,Yes,Yes,Yes,Yes,Two Year,No,Bank Transfer (Automatic),86.85,6263.8
2293-IJWPS,Female,0,Yes,No,57,Yes,Yes,Fiber Optic,No,No,Yes,No,Yes,Yes,One Year,Yes,Credit Card (Automatic),100.75,5985.0
4979-HPRFL,Male,0,Yes,Yes,56,Yes,Yes,No,No internet service,No internet service,No internet service,No internet service,No internet service,No internet service,Two Year,No,Bank Transfer (Automatic),24.15,1402.25
2309-OSFEU,Male,0,No,No,10,No,No phone service,Dsl,No,No,No,No,No,Yes,Month-To-Month,Yes,Mailed Check,33.9,298.45
0699-NDKJM,Female,0,Yes,No,57,No,No phone service,Dsl,Yes,Yes,Yes,No,Yes,Yes,Month-To-Month,Yes,Bank Transfer (Automatic),58.75,3437.45
6680-WKXRZ,Female,0,No,No,3,Yes,Yes,Fiber Optic,No,No,No,No,No,No,Month-To-Month,No,Bank Transfer (Automatic),74.4,215.8
3640-JQGJG,Male,0,Yes,Yes,13,Yes,No,Dsl,No,No,No,No,No,No,Month-To-Month,No,Bank Transfer (Automatic),44.8,559.2
9068-VPWQQ,Male,0,Yes,No,61,Yes,Yes,Dsl,Yes,No,Yes,Yes,No,Yes,Two Year,No,Credit Card (Automatic),75.35,4729.3
5402-HTOTQ,Male,0,No,No,16,Yes,Yes,Dsl,No,Yes,No,No,No,No,Month-To-Month,No,Electronic Check,55.3,875.35
4487-ZYJZK,Female,0,Yes,Yes,38,Yes,No,No,No internet service,No internet service,No internet service,No internet service,No internet service,No internet service,One Year,No,Credit Card (Automatic),19.6,763.1
5301-GAUUY,Male,0,No,No,32,Yes,Yes,Fiber Optic,No,Yes,No,No,No,No,Month-To-Month,Yes,Bank Transfer (Automatic),80.35,2596.15
1209-VFFOC,Male,0,Yes,Yes,68,No,No phone service,Dsl,Yes,Yes,Yes,Yes,No,Yes,Two Year,Yes,Mailed Check,56.4,3948.45
6917-YACBP,Female,1,No,No,59,Yes,Yes,Fiber Optic,Yes,Yes,Yes,No,No,No,Month-To-Month,Yes,Electronic Check,89.75,5496.9
3585-YNADK,Female,0,Yes,No,57,Yes,Yes,Dsl,No,Yes,Yes,Yes,Yes,No,One Year,No,Bank Transfer (Automatic),74.6,4368.95
5394-MEITZ,Female,0,Yes,Yes,60,Yes,No,Dsl,No,Yes,Yes,Yes,Yes,Yes,Two Year,Yes,Bank Transfer (Automatic),80.6,4946.7
2545-LXYVJ,Male,0,Yes,No,72,Yes,No,No,No internet service,No internet service,No internet service,No internet service,No internet service,No internet service,Two Year,No,Bank Transfer (Automatic),20.7,1492.1
9481-SFCQY,Female,0,No,Yes,14,Yes,No,Dsl,No,No,Yes,No,Yes,No,Month-To-Month,Yes,Credit Card (Automatic),59.8,824.85
7823-JSOAG,Male,0,No,No,3,Yes,Yes,Fiber Optic,No,No,No,No,No,No,Month-To-Month,No,Electronic Check,74.5,217.45
1459-QNFQT,Male,0,Yes,Yes,70,No,No phone service,Dsl,Yes,No,Yes,Yes,Yes,Yes,Two Year,No,Bank Transfer (Automatic),59.5,4144.8
7156-MXBJE,Female,0,No,No,43,Yes,Yes,Dsl,No,Yes,Yes,Yes,Yes,Yes,One Year,No,Credit Card (Automatic),85.1,3662.25
9863-JZAIC,Male,0,No,No,35,Yes,No,Dsl,No,No,No,No,Yes,No,Month-To-Month,No,Mailed Check,55.0,2010.55
6814-ZPWFQ,Male,1,No,No,51,Yes,Yes,No,No internet service,No internet service,No internet service,No internet service,No internet service,No internet service,One Year,No,Bank Transfer (Automatic),25.0,1260.7
8261-GWDBQ,Female,1,Yes,No,60,Yes,Yes,Fiber Optic,Yes,Yes,Yes,Yes,Yes,Yes,Two Year,Yes,Bank Transfer (Automatic),116.05,6925.9
0128-MKWSG,Female,0,No,Yes,26,No,No phone service,Dsl,Yes,No,No,Yes,No,Yes,Month-To-Month,No,Mailed Check,45.8,1147.0
2946-KIQSP,Female,0,No,No,35,No,No phone service,Dsl,No,No,Yes,Yes,No,No,Month-To-Month,Yes,Mailed Check,33.45,1175.85
9667-EQRXU,Female,1,No,No,30,No,No phone service,Dsl,No,No,Yes,No,Yes,No,Month-To-Month,Yes,Electronic Check,40.3,1172.95
4182-BGSIQ,Female,0,Yes,Yes,10,Yes,No,No,No internet service,No internet service,No internet service,No internet service,No internet service,No internet service,Month-To-Month,Yes,Bank Transfer (Automatic),19.8,196.75
7139-JZFVG,Male,0,Yes,Yes,60,Yes,No,Dsl,Yes,Yes,Yes,No,No,No,Two Year,No,Bank Transfer (Automatic),60.5,3694.45
1221-GHZEP,Female,0,No,No,62,Yes,No,Dsl,Yes,No,No,Yes,No,Yes,Two Year,Yes,Mailed Check,65.1,3846.75
9350-ZXYJC,Female,0,No,No,4,Yes,Yes,No,No internet service,No internet service,No internet service,No internet service,No internet service,No internet service,Two Year,Yes,Credit Card (Automatic),25.3,116.95
9850-OWRHQ,Female,0,Yes,No,3,Yes,Yes,Fiber Optic,No,No,No,No,No,No,Month-To-Month,Yes,Credit Card (Automatic),74.1,228.0
7389-KBFIT,Female,0,Yes,Yes,2,No,No phone service,Dsl,No,Yes,No,No,No,No,Month-To-Month,Yes,Mailed Check,30.25,63.75
9076-AXYIK,Male,1,Yes,No,64,Yes,Yes,Fiber Optic,No,No,Yes,Yes,Yes,Yes,Two Year,No,Electronic Check,102.1,6538.45
7217-JYHOQ,Male,0,Yes,Yes,24,Yes,No,Dsl,Yes,Yes,No,Yes,No,Yes,Month-To-Month,Yes,Credit Card (Automatic),70.3,1706.45
7743-EXURX,Male,0,Yes,Yes,8,Yes,No,Dsl,No,No,Yes,No,No,No,Month-To-Month,Yes,Electronic Check,51.05,415.05
8178-EYZUO,Male,0,No,No,46,Yes,Yes,Fiber Optic,Yes,Yes,No,No,No,Yes,Month-To-Month,Yes,Electronic Check,93.7,4154.8
6893-ODYYE,Male,0,No,No,50,Yes,No,Fiber Optic,Yes,Yes,Yes,Yes,No,No,One Year,Yes,Credit Card (Automatic),90.1,4549.45
9269-CQOOL,Male,0,No,Yes,3,Yes,No,Dsl,No,No,No,No,Yes,No,Month-To-Month,Yes,Credit Card (Automatic),54.7,169.45
7898-PDWQE,Male,0,Yes,No,71,Yes,Yes,Dsl,Yes,Yes,Yes,Yes,No,Yes,Two Year,No,Credit Card (Automatic),80.4,5727.15
0682-USIXD,Female,0,Yes,No,21,Yes,No,Fiber Optic,No,No,No,Yes,Yes,No,Month-To-Month,Yes,Electronic Check,86.05,1818.9
4659-NZRUF,Female,0,No,No,19,Yes,Yes,Fiber Optic,Yes,Yes,No,No,No,Yes,Month-To-Month,Yes,Electronic Check,95.15,1789.25
8563-IIOXK,Male,0,Yes,Yes,7,Yes,No,Dsl,Yes,No,No,No,No,No,One Year,Yes,Electronic Check,49.75,331.3
5146-CBVOE,Female,0,No,No,16,Yes,No,Fiber Optic,No,Yes,No,No,No,No,Month-To-Month,No,Bank Transfer (Automatic),75.1,1212.85
9257-AZMTZ,Female,0,Yes,Yes,52,Yes,No,No,No internet service,No internet service,No internet service,No internet service,No internet service,No internet service,Two Year,No,Bank Transfer (Automatic),20.1,1078.75
7096-UCLNH,Male,0,No,No,1,Yes,No,No,No internet service,No internet service,No internet service,No internet service,No internet service,No internet service,Month-To-Month,No,Mailed Check,20.05,20.05
0839-QNXME,Female,0,No,No,30,Yes,No,No,No internet service,No internet service,No internet service,No internet service,No internet service,No internet service,Two Year,No,Credit Card (Automatic),19.4,578.5
8966-KZXXA,Male,0,Yes,Yes,36,Yes,Yes,No,No internet service,No internet service,No internet service,No internet service,No internet service,No internet service,Two Year,No,Credit Card (Automatic),25.1,930.95
5119-NZPTV,Male,1,Yes,No,2,Yes,No,Fiber Optic,No,No,No,No,No,No,Month-To-Month,No,Electronic Check,70.1,141.65
1936-CZAKF,Male,0,Yes,No,49,No,No phone service,Dsl,No,Yes,No,No,Yes,Yes,Two Year,No,Credit Card (Automatic),56.05,2409.9
0673-IGUQO,Male,0,No,No,1,Yes,No,No,No internet service,No internet service,No internet service,No internet service,No internet service,No internet service,Month-To-Month,No,Mailed Check,20.45,20.45
7268-WNTCP,Male,0,Yes,Yes,62,Yes,No,No,No internet service,No internet service,No internet service,No internet service,No internet service,No internet service,Two Year,No,Bank Transfer (Automatic),20.45,1297.35
3671-SHRSP,Male,0,Yes,No,4,Yes,No,Fiber Optic,No,No,Yes,Yes,No,No,Month-To-Month,Yes,Mailed Check,80.6,319.15
5397-TUPSH,Male,1,Yes,No,65,Yes,No,Fiber Optic,No,No,No,No,No,No,One Year,Yes,Bank Transfer (Automatic),70.95,4555.2
7609-YBPXG,Male,0,No,No,54,Yes,Yes,Dsl,Yes,No,Yes,Yes,Yes,Yes,Two Year,No,Bank Transfer (Automatic),87.1,4735.2
3530-CRZSB,Female,0,No,No,7,Yes,No,No,No internet service,No internet service,No internet service,No internet service,No internet service,No internet service,Month-To-Month,No,Mailed Check,20.65,155.9
1768-HNVGJ,Female,1,No,No,45,Yes,Yes,Dsl,Yes,No,No,Yes,No,Yes,Month-To-Month,Yes,Electronic Check,70.05,3062.45
5208-FVQKB,Male,0,Yes,No,70,Yes,No,Dsl,Yes,Yes,No,Yes,No,Yes,Two Year,No,Mailed Check,67.95,4664.15
8695-WDYEA,Male,0,No,No,1,Yes,No,Dsl,Yes,No,No,No,No,No,Month-To-Month,No,Mailed Check,56.05,51.25
2904-GGUAZ,Female,0,Yes,No,72,Yes,Yes,Fiber Optic,Yes,Yes,No,No,No,No,Two Year,Yes,Bank Transfer (Automatic),84.05,6052.25
4690-PKDQG,Female,1,Yes,No,42,Yes,Yes,Fiber Optic,No,Yes,Yes,No,Yes,No,Month-To-Month,Yes,Electronic Check,95.55,3930.6
0823-HSCDJ,Male,1,No,No,52,No,No phone service,Dsl,No,Yes,No,No,Yes,Yes,Month-To-Month,Yes,Electronic Check,56.05,2550.9
8495-PRWFH,Female,1,No,No,42,Yes,Yes,Dsl,No,No,Yes,No,No,No,Month-To-Month,No,Electronic Check,55.65,2421.75
2969-VAPYH,Female,0,No,No,67,Yes,No,Dsl,Yes,Yes,No,Yes,No,No,One Year,No,Credit Card (Automatic),60.5,3870.0
6365-MTGZX,Male,0,No,No,24,Yes,No,Fiber Optic,No,No,No,Yes,Yes,Yes,Month-To-Month,Yes,Electronic Check,96.0,2122.45
5803-NQJZO,Male,0,Yes,No,72,Yes,Yes,Dsl,Yes,Yes,Yes,Yes,No,No,Two Year,Yes,Bank Transfer (Automatic),67.8,4804.65
1985-MBRYP,Female,0,No,No,43,Yes,No,No,No internet service,No internet service,No internet service,No internet service,No internet service,No internet service,Two Year,Yes,Bank Transfer (Automatic),19.65,779.25
4893-GYUJU,Female,0,No,No,50,Yes,No,No,No internet service,No internet service,No internet service,No internet service,No internet service,No internet service,One Year,Yes,Mailed Check,19.35,1033.0
4250-FDVOU,Female,0,No,No,6,Yes,No,Dsl,Yes,Yes,No,No,No,No,Month-To-Month,No,Electronic Check,56.25,389.1
5616-PRTNT,Male,0,No,Yes,20,Yes,No,No,No internet service,No internet service,No internet service,No internet service,No internet service,No internet service,Month-To-Month,Yes,Electronic Check,19.4,374.5
6390-DSAZX,Female,0,No,Yes,1,Yes,No,Fiber Optic,Yes,No,No,No,No,No,Month-To-Month,Yes,Mailed Check,73.6,73.6
4922-CVPDX,Female,0,Yes,No,26,Yes,No,Dsl,No,Yes,Yes,No,Yes,Yes,Two Year,Yes,Credit Card (Automatic),73.5,1905.7
8741-LQOBK,Female,0,Yes,Yes,46,No,No phone service,Dsl,Yes,Yes,No,No,No,No,Month-To-Month,No,Bank Transfer (Automatic),35.05,1620.25
3566-CAAYU,Female,0,Yes,Yes,64,No,No phone service,Dsl,No,Yes,Yes,Yes,No,Yes,Two Year,No,Electronic Check,49.85,3210.35
0278-YXOOG,Male,0,No,No,5,Yes,No,No,No internet service,No internet service,No internet service,No internet service,No internet service,No internet service,Month-To-Month,No,Mailed Check,21.05,113.85
3472-QPRCH,Male,0,Yes,Yes,40,Yes,Yes,No,No internet service,No internet service,No internet service,No internet service,No internet service,No internet service,Two Year,No,Credit Card (Automatic),25.25,1006.9
6008-NAIXK,Male,1,No,No,54,No,No phone service,Dsl,No,Yes,Yes,No,Yes,Yes,One Year,Yes,Electronic Check,55.45,2966.95
8225-BTJAU,Male,1,No,No,10,Yes,No,Fiber Optic,No,No,No,No,No,Yes,Month-To-Month,Yes,Electronic Check,79.25,793.55
1195-OIYEJ,Male,0,No,No,13,Yes,No,Fiber Optic,No,No,No,No,Yes,Yes,Month-To-Month,Yes,Electronic Check,91.1,1135.7
5022-KVDQT,Male,0,No,No,27,Yes,Yes,Fiber Optic,No,No,Yes,No,No,No,Month-To-Month,Yes,Electronic Check,81.3,2272.8
3301-VKTGC,Male,0,Yes,Yes,68,Yes,Yes,Fiber Optic,Yes,Yes,No,No,No,No,One Year,Yes,Bank Transfer (Automatic),85.5,5696.6
3190-FZATL,Male,0,No,Yes,14,Yes,No,No,No internet service,No internet service,No internet service,No internet service,No internet service,No internet service,Month-To-Month,No,Mailed Check,19.95,268.4
8938-UMKPI,Female,0,No,No,47,Yes,Yes,Fiber Optic,No,Yes,Yes,No,Yes,Yes,Month-To-Month,Yes,Electronic Check,106.4,5127.95
0772-GYEQQ,Male,0,No,No,3,Yes,No,Fiber Optic,No,No,Yes,Yes,Yes,No,Month-To-Month,Yes,Mailed Check,88.35,262.05
2983-ZANRP,Female,0,Yes,Yes,2,Yes,No,Fiber Optic,No,Yes,No,No,No,No,Month-To-Month,Yes,Bank Transfer (Automatic),73.55,145.4
3137-LUPIX,Female,0,No,No,4,Yes,Yes,Dsl,No,No,No,Yes,Yes,No,Month-To-Month,Yes,Mailed Check,64.4,253.0
2725-IWWBA,Male,0,Yes,Yes,46,Yes,No,Dsl,Yes,No,Yes,Yes,No,No,One Year,No,Mailed Check,56.9,2560.1
5151-HQRDG,Male,0,Yes,No,37,Yes,Yes,Dsl,Yes,No,No,No,No,No,Month-To-Month,Yes,Mailed Check,56.05,2030.75
9357-UJRUN,Male,0,Yes,No,24,Yes,Yes,Dsl,Yes,No,No,Yes,No,No,One Year,Yes,Electronic Check,58.35,1346.9
5136-RGMZO,Male,0,No,No,31,Yes,Yes,Dsl,No,Yes,No,Yes,Yes,No,Month-To-Month,Yes,Electronic Check,71.05,2168.15
8189-XRIKE,Female,1,No,No,32,Yes,No,Fiber Optic,No,No,No,No,Yes,Yes,Month-To-Month,No,Electronic Check,90.95,2897.95
3653-NCRDJ,Male,0,Yes,Yes,43,Yes,No,No,No internet service,No internet service,No internet service,No internet service,No internet service,No internet service,One Year,Yes,Mailed Check,19.2,776.25
3648-GZPHF,Male,0,Yes,Yes,32,No,No phone service,Dsl,No,No,Yes,Yes,No,No,One Year,Yes,Mailed Check,36.25,1151.05
7789-CRUVC,Female,1,Yes,No,61,Yes,Yes,Fiber Optic,Yes,Yes,Yes,Yes,No,No,Month-To-Month,Yes,Credit Card (Automatic),94.2,5895.45
1227-UDMZR,Female,0,Yes,No,72,Yes,Yes,Dsl,Yes,Yes,Yes,Yes,Yes,Yes,Two Year,Yes,Bank Transfer (Automatic),91.15,6637.9
2316-ESMLS,Female,0,Yes,Yes,12,No,No phone service,Dsl,Yes,No,No,Yes,No,No,One Year,No,Credit Card (Automatic),33.15,444.75
6563-VRERX,Male,0,Yes,Yes,33,Yes,No,No,No internet service,No internet service,No internet service,No internet service,No internet service,No internet service,One Year,No,Mailed Check,20.6,690.25
3494-JCHRQ,Male,0,No,No,1,Yes,No,Fiber Optic,No,No,No,No,No,No,Month-To-Month,Yes,Electronic Check,70.05,70.05
3703-KBKZP,Male,1,No,No,16,Yes,Yes,Fiber Optic,No,No,No,No,No,No,Month-To-Month,Yes,Bank Transfer (Automatic),74.45,1261.35
3132-TVFDZ,Male,1,Yes,No,57,No,No phone service,Dsl,No,No,No,No,Yes,Yes,Month-To-Month,Yes,Electronic Check,44.85,2572.95
8485-GJCDN,Female,1,No,No,5,Yes,No,Fiber Optic,No,No,No,No,No,No,Month-To-Month,Yes,Mailed Check,69.05,318.5
0620-XEFWH,Male,0,Yes,Yes,4,Yes,No,No,No internet service,No internet service,No internet service,No internet service,No internet service,No internet service,Month-To-Month,No,Mailed Check,18.85,84.2
0378-TOVMS,Female,0,No,No,3,Yes,No,Fiber Optic,No,No,No,Yes,No,Yes,Month-To-Month,No,Electronic Check,85.8,272.2
0537-QYZZN,Male,1,Yes,Yes,24,Yes,Yes,Fiber Optic,Yes,No,No,No,No,No,Month-To-Month,Yes,Electronic Check,79.85,1857.75
2067-QYTCF,Female,0,Yes,No,64,Yes,Yes,Fiber Optic,No,Yes,Yes,Yes,Yes,Yes,Month-To-Month,Yes,Electronic Check,111.15,6953.4
6463-HHXJR,Female,0,Yes,Yes,71,Yes,Yes,Fiber Optic,Yes,Yes,Yes,No,Yes,No,Two Year,No,Bank Transfer (Automatic),100.5,7030.65
6265-SXWBU,Male,0,Yes,Yes,69,Yes,Yes,Fiber Optic,No,Yes,Yes,No,Yes,No,One Year,No,Credit Card (Automatic),95.75,6511.25
2920-RNCEZ,Male,0,Yes,Yes,1,Yes,No,Fiber Optic,No,No,No,No,No,No,Month-To-Month,Yes,Credit Card (Automatic),69.95,69.95
8922-LIEGH,Female,1,No,No,25,Yes,Yes,Fiber Optic,No,Yes,No,No,No,Yes,Month-To-Month,Yes,Electronic Check,89.7,2187.55
9374-YOLBJ,Female,0,Yes,Yes,1,Yes,No,No,No internet service,No internet service,No internet service,No internet service,No internet service,No internet service,Month-To-Month,No,Electronic Check,19.25,19.25
3128-YOVTD,Female,0,Yes,Yes,51,Yes,No,Fiber Optic,Yes,Yes,No,No,No,No,Month-To-Month,Yes,Bank Transfer (Automatic),79.15,4018.55
9548-LERKT,Male,0,Yes,No,24,Yes,No,No,No internet service,No internet service,No internet service,No internet service,No internet service,No internet service,Two Year,No,Mailed Check,19.75,483.15
2207-RYYRL,Male,0,Yes,Yes,52,Yes,Yes,No,No internet service,No internet service,No internet service,No internet service,No internet service,No internet service,Two Year,No,Mailed Check,24.55,1331.05
9364-YKUVW,Male,0,No,No,15,Yes,No,No,No internet service,No internet service,No internet service,No internet service,No internet service,No internet service,Month-To-Month,Yes,Mailed Check,19.8,309.4
0822-GAVAP,Female,0,No,No,2,No,No phone service,Dsl,No,No,No,No,No,Yes,Month-To-Month,Yes,Electronic Check,34.7,62.25
6496-SLWHQ,Male,1,No,No,3,Yes,Yes,Fiber Optic,No,Yes,Yes,No,Yes,Yes,Month-To-Month,Yes,Electronic Check,105.0,294.45
2737-WFVYW,Female,0,No,No,2,No,No phone service,Dsl,No,No,No,No,Yes,Yes,Month-To-Month,Yes,Electronic Check,45.25,85.5
7402-PWYJJ,Female,0,Yes,No,53,Yes,Yes,Fiber Optic,No,No,No,Yes,No,Yes,One Year,Yes,Electronic Check,91.15,4862.5
2229-DPMBI,Female,0,Yes,Yes,8,Yes,No,No,No internet service,No internet service,No internet service,No internet service,No internet service,No internet service,Two Year,No,Mailed Check,19.5,162.15
3721-WKIIL,Female,0,No,No,27,Yes,No,No,No internet service,No internet service,No internet service,No internet service,No internet service,No internet service,Two Year,Yes,Mailed Check,19.6,561.15
4274-OWWYO,Male,0,No,No,1,Yes,No,Fiber Optic,No,Yes,No,No,No,No,Month-To-Month,Yes,Electronic Check,74.35,74.35
7771-ZONAT,Male,0,No,No,22,No,No phone service,Dsl,No,No,Yes,Yes,Yes,Yes,Two Year,No,Bank Transfer (Automatic),56.75,1304.85
4342-HFXWS,Female,0,Yes,Yes,48,Yes,No,Dsl,Yes,No,Yes,Yes,Yes,No,One Year,No,Bank Transfer (Automatic),69.7,3023.65
9903-LYSAB,Male,0,Yes,No,18,Yes,Yes,Fiber Optic,No,No,No,No,No,No,Month-To-Month,Yes,Electronic Check,73.15,1305.95
6242-MBHPK,Female,1,Yes,No,23,Yes,No,Fiber Optic,Yes,No,No,No,Yes,Yes,Month-To-Month,Yes,Electronic Check,95.1,2326.05
7560-QJAVJ,Female,0,No,No,70,Yes,No,Dsl,Yes,No,Yes,Yes,Yes,Yes,Two Year,No,Bank Transfer (Automatic),79.6,5589.45
1051-EQPZR,Female,0,Yes,Yes,44,Yes,No,No,No internet service,No internet service,No internet service,No internet service,No internet service,No internet service,Month-To-Month,No,Mailed Check,19.6,780.25
6178-KFNHS,Female,0,No,Yes,12,Yes,Yes,Fiber Optic,Yes,No,No,No,No,No,Month-To-Month,Yes,Electronic Check,78.3,909.25
1066-JKSGK,Male,0,No,No,1,Yes,No,No,No internet service,No internet service,No internet service,No internet service,No internet service,No internet service,Month-To-Month,No,Mailed Check,20.15,20.15
1612-EOHDH,Female,0,No,No,1,Yes,No,Dsl,No,No,No,No,No,No,Month-To-Month,No,Electronic Check,45.15,45.15
8100-PNJMH,Male,0,Yes,Yes,68,Yes,Yes,Dsl,Yes,Yes,Yes,Yes,Yes,Yes,Two Year,Yes,Credit Card (Automatic),88.85,6132.7
2007-QVGAW,Female,0,Yes,Yes,68,Yes,No,No,No internet service,No internet service,No internet service,No internet service,No internet service,No internet service,Two Year,Yes,Bank Transfer (Automatic),19.35,1292.65
8614-VGMMV,Female,0,No,No,15,Yes,Yes,Dsl,No,No,No,No,No,No,Month-To-Month,Yes,Electronic Check,49.1,679.55
6556-DBKZF,Female,0,Yes,Yes,71,Yes,No,Fiber Optic,No,No,Yes,No,No,No,Two Year,No,Electronic Check,76.05,5436.45
9605-WGJVW,Female,1,No,No,1,Yes,No,Fiber Optic,No,No,No,No,No,No,Month-To-Month,Yes,Electronic Check,70.2,70.2
4189-NAKJS,Male,0,No,No,26,Yes,Yes,Dsl,No,No,No,No,No,No,One Year,Yes,Credit Card (Automatic),51.55,1295.4
3541-ZNUHK,Female,0,Yes,Yes,55,Yes,Yes,Fiber Optic,Yes,Yes,No,No,No,No,Month-To-Month,Yes,Electronic Check,85.1,4600.95
9626-WEQRM,Female,0,No,No,4,No,No phone service,Dsl,Yes,No,No,No,No,No,Month-To-Month,Yes,Mailed Check,29.15,110.05
6598-KELSS,Male,0,No,Yes,50,No,No phone service,Dsl,Yes,Yes,No,No,Yes,No,One Year,Yes,Bank Transfer (Automatic),43.05,2208.05
3247-ZVOUO,Male,1,Yes,No,10,Yes,Yes,Fiber Optic,No,No,No,No,No,Yes,Month-To-Month,No,Electronic Check,85.55,851.75
7777-UNYHB,Female,0,Yes,Yes,12,Yes,No,No,No internet service,No internet service,No internet service,No internet service,No internet service,No internet service,Month-To-Month,Yes,Credit Card (Automatic),20.1,232.4
2027-DNKIV,Male,0,Yes,Yes,37,Yes,No,Dsl,Yes,No,Yes,Yes,No,No,One Year,Yes,Mailed Check,58.75,2203.1
2516-XSJKX,Female,0,Yes,Yes,41,Yes,No,Dsl,Yes,Yes,No,Yes,Yes,Yes,Two Year,No,Electronic Check,78.45,3126.45
9397-TZSHA,Female,0,No,No,69,Yes,Yes,No,No internet service,No internet service,No internet service,No internet service,No internet service,No internet service,Two Year,No,Credit Card (Automatic),24.6,1678.05
7463-IFMQU,Female,0,Yes,No,72,Yes,No,No,No internet service,No internet service,No internet service,No internet service,No internet service,No internet service,Two Year,No,Bank Transfer (Automatic),20.05,1423.65
2081-KJSQF,Male,0,No,No,1,Yes,No,No,No internet service,No internet service,No internet service,No internet service,No internet service,No internet service,Month-To-Month,Yes,Mailed Check,20.25,20.25
3148-BLQJT,Male,0,No,No,1,Yes,No,No,No internet service,No internet service,No internet service,No internet service,No internet service,No internet service,Month-To-Month,No,Mailed Check,20.1,20.1
2856-HYAPG,Female,0,No,No,1,Yes,No,Fiber Optic,No,No,No,No,No,No,Month-To-Month,No,Electronic Check,68.65,68.65
5318-YKDPV,Male,0,Yes,Yes,43,Yes,No,Dsl,Yes,No,Yes,Yes,Yes,Yes,Two Year,Yes,Credit Card (Automatic),79.15,3566.6
2277-VWCNI,Female,1,No,No,4,Yes,Yes,Dsl,No,No,No,No,No,No,Month-To-Month,No,Mailed Check,48.75,179.85
0365-BZUWY,Male,0,Yes,No,17,Yes,Yes,Fiber Optic,No,Yes,Yes,No,Yes,Yes,Month-To-Month,Yes,Electronic Check,102.55,1742.5
6614-YWYSC,Male,1,Yes,No,61,Yes,Yes,No,No internet service,No internet service,No internet service,No internet service,No internet service,No internet service,Two Year,No,Bank Transfer (Automatic),25.0,1501.75
6789-HJBWG,Female,0,No,No,12,Yes,No,Dsl,No,Yes,No,No,No,No,Month-To-Month,Yes,Electronic Check,49.4,611.65
7654-YWJUF,Male,0,Yes,No,43,Yes,No,Fiber Optic,Yes,No,Yes,Yes,No,No,One Year,Yes,Bank Transfer (Automatic),84.25,3539.25
1591-MQJTP,Male,1,Yes,No,51,Yes,Yes,Fiber Optic,Yes,No,Yes,No,No,Yes,One Year,Yes,Bank Transfer (Automatic),93.65,4839.15
7205-BAIAD,Female,0,No,No,40,Yes,No,No,No internet service,No internet service,No internet service,No internet service,No internet service,No internet service,Two Year,Yes,Bank Transfer (Automatic),20.6,827.3
4116-IQRFR,Male,0,Yes,Yes,4,Yes,Yes,No,No internet service,No internet service,No internet service,No internet service,No internet service,No internet service,One Year,No,Credit Card (Automatic),24.1,73.1
8570-KLJYJ,Female,0,No,No,36,Yes,Yes,Dsl,Yes,No,No,No,No,No,One Year,No,Mailed Check,54.45,1893.5
0422-OHQHQ,Female,0,Yes,Yes,15,Yes,No,No,No internet service,No internet service,No internet service,No internet service,No internet service,No internet service,One Year,No,Mailed Check,20.55,295.95
2616-FLVQC,Male,0,No,No,64,Yes,No,No,No internet service,No internet service,No internet service,No internet service,No internet service,No internet service,Two Year,No,Mailed Check,19.55,1240.15
4538-WNTMJ,Female,0,Yes,Yes,46,Yes,Yes,No,No internet service,No internet service,No internet service,No internet service,No internet service,No internet service,One Year,No,Mailed Check,24.95,1165.9
6726-WEXXK,Male,1,Yes,No,27,Yes,Yes,Fiber Optic,Yes,No,Yes,No,No,No,One Year,Yes,Electronic Check,85.9,2220.1
8559-CIZFV,Male,0,Yes,Yes,21,Yes,Yes,Dsl,Yes,Yes,No,Yes,Yes,No,One Year,No,Mailed Check,77.5,1625.0
2430-USGXP,Male,0,Yes,No,24,Yes,Yes,Fiber Optic,No,No,Yes,No,Yes,Yes,Month-To-Month,Yes,Electronic Check,101.05,2391.8
1333-PBMXB,Female,0,Yes,Yes,54,Yes,Yes,No,No internet service,No internet service,No internet service,No internet service,No internet service,No internet service,One Year,Yes,Bank Transfer (Automatic),24.75,1342.15
9681-KYGYB,Male,1,Yes,No,49,Yes,Yes,Fiber Optic,Yes,Yes,Yes,No,No,No,Month-To-Month,Yes,Electronic Check,88.2,4159.45
9058-MJLZC,Female,0,No,No,24,Yes,No,Fiber Optic,Yes,No,No,No,Yes,Yes,Month-To-Month,Yes,Electronic Check,94.6,2283.15
5227-JSCFE,Male,1,Yes,No,71,No,No phone service,Dsl,Yes,Yes,Yes,Yes,No,No,Two Year,No,Credit Card (Automatic),46.35,3353.4
5231-FIQPA,Female,0,No,No,41,Yes,No,No,No internet service,No internet service,No internet service,No internet service,No internet service,No internet service,Two Year,Yes,Mailed Check,19.85,810.45
6772-WFQRD,Male,0,No,Yes,40,Yes,No,No,No internet service,No internet service,No internet service,No internet service,No internet service,No internet service,One Year,Yes,Bank Transfer (Automatic),20.4,854.9
4301-VVZKA,Male,0,Yes,No,16,Yes,Yes,Fiber Optic,No,No,No,No,No,No,Month-To-Month,Yes,Electronic Check,75.4,1189.4
7249-WBIYX,Male,0,Yes,No,10,Yes,Yes,Fiber Optic,No,No,No,No,Yes,No,Month-To-Month,Yes,Electronic Check,85.6,813.85
7483-IQWIB,Male,0,Yes,Yes,37,Yes,Yes,Fiber Optic,No,Yes,Yes,No,Yes,No,Month-To-Month,Yes,Electronic Check,92.95,3415.25
3677-IYRBF,Female,1,No,No,2,No,No phone service,Dsl,No,No,Yes,No,No,No,Month-To-Month,Yes,Electronic Check,30.4,78.65
9481-WHGWY,Female,0,Yes,Yes,70,Yes,No,Dsl,Yes,No,No,Yes,Yes,Yes,Two Year,No,Credit Card (Automatic),75.35,5437.75
7530-HDYDS,Female,0,No,No,38,Yes,No,Fiber Optic,No,Yes,Yes,Yes,No,No,Month-To-Month,Yes,Credit Card (Automatic),84.25,3264.5
5073-RZGBK,Female,0,Yes,Yes,50,Yes,Yes,Dsl,Yes,Yes,Yes,Yes,No,Yes,One Year,Yes,Bank Transfer (Automatic),80.05,4042.2
5999-LCXAO,Female,0,No,No,1,No,No phone service,Dsl,Yes,No,No,No,No,No,Month-To-Month,No,Mailed Check,29.9,29.9
0310-VQXAM,Male,0,No,No,9,Yes,No,No,No internet service,No internet service,No internet service,No internet service,No internet service,No internet service,Month-To-Month,No,Mailed Check,19.85,178.8
4933-BSAIP,Female,0,Yes,No,40,Yes,No,No,No internet service,No internet service,No internet service,No internet service,No internet service,No internet service,Two Year,No,Mailed Check,19.1,780.1
2587-YNLES,Female,0,Yes,Yes,6,Yes,No,No,No internet service,No internet service,No internet service,No internet service,No internet service,No internet service,Two Year,No,Mailed Check,20.1,100.35
8062-YBDOE,Male,1,No,No,1,Yes,No,Fiber Optic,No,No,No,No,No,No,Month-To-Month,Yes,Electronic Check,69.65,69.65
8496-EJAUI,Male,0,No,No,19,Yes,No,Fiber Optic,No,Yes,No,No,No,No,Month-To-Month,Yes,Credit Card (Automatic),73.85,1424.5
2122-SZZZD,Male,0,No,No,44,Yes,No,No,No internet service,No internet service,No internet service,No internet service,No internet service,No internet service,One Year,No,Credit Card (Automatic),19.5,835.5
3486-HOOGQ,Female,0,Yes,Yes,70,Yes,Yes,Dsl,Yes,Yes,Yes,Yes,Yes,No,Two Year,No,Bank Transfer (Automatic),79.7,5743.3
0214-JHPFW,Female,0,Yes,No,70,No,No phone service,Dsl,No,Yes,Yes,Yes,Yes,Yes,Two Year,No,Bank Transfer (Automatic),57.8,4039.3
0310-SUCIN,Female,0,Yes,No,71,Yes,No,Dsl,Yes,Yes,Yes,Yes,Yes,Yes,One Year,Yes,Bank Transfer (Automatic),84.8,6046.1
5834-ASPWA,Male,0,No,No,1,Yes,Yes,Fiber Optic,No,No,No,No,No,No,Month-To-Month,Yes,Electronic Check,75.45,75.45
0311-UNPFF,Female,0,No,No,26,Yes,No,Fiber Optic,No,No,No,No,Yes,Yes,Month-To-Month,Yes,Bank Transfer (Automatic),88.8,2274.35
9251-AWQGT,Female,0,Yes,Yes,48,Yes,No,No,No internet service,No internet service,No internet service,No internet service,No internet service,No internet service,Two Year,No,Mailed Check,20.0,935.9
5357-TZHPP,Male,1,No,No,9,Yes,Yes,Fiber Optic,No,No,No,No,No,Yes,Month-To-Month,Yes,Credit Card (Automatic),84.4,732.5
1527-SXDPN,Male,0,Yes,Yes,52,Yes,Yes,Fiber Optic,No,No,Yes,Yes,No,Yes,Two Year,Yes,Bank Transfer (Automatic),96.25,4990.25
8071-SBTRN,Female,0,No,No,70,Yes,Yes,Fiber Optic,Yes,Yes,Yes,No,Yes,Yes,Two Year,Yes,Mailed Check,111.15,7737.55
8603-IJWDN,Male,0,No,No,1,Yes,Yes,Fiber Optic,No,No,No,No,No,Yes,Month-To-Month,Yes,Electronic Check,86.6,86.6
3655-SNQYZ,Female,0,Yes,Yes,69,Yes,Yes,Fiber Optic,Yes,Yes,Yes,Yes,Yes,Yes,Two Year,No,Credit Card (Automatic),113.25,7895.15
6729-GDNGC,Female,1,No,No,20,Yes,No,Fiber Optic,No,No,No,No,Yes,No,Month-To-Month,No,Bank Transfer (Automatic),80.7,1614.2
7005-CCBKV,Male,0,No,No,6,Yes,No,Fiber Optic,No,Yes,No,No,No,Yes,Month-To-Month,Yes,Electronic Check,84.4,556.35
9360-OMDZZ,Male,0,No,No,24,Yes,Yes,Fiber Optic,No,No,No,No,Yes,Yes,Month-To-Month,Yes,Electronic Check,94.1,2322.85
8679-JOEVF,Female,1,No,No,16,Yes,No,Dsl,No,No,No,Yes,Yes,No,Month-To-Month,No,Electronic Check,59.4,1023.9
2866-IKBTM,Female,0,No,No,1,Yes,No,No,No internet service,No internet service,No internet service,No internet service,No internet service,No internet service,Month-To-Month,No,Mailed Check,19.55,19.55
8735-DCXNF,Male,0,Yes,No,10,Yes,No,Dsl,Yes,No,No,Yes,No,No,Month-To-Month,Yes,Credit Card (Automatic),54.95,568.85
9412-ARGBX,Female,0,No,Yes,48,Yes,No,Fiber Optic,No,Yes,Yes,Yes,Yes,No,Two Year,Yes,Mailed Check,95.5,4627.85
2819-GWENI,Female,0,Yes,Yes,28,Yes,No,No,No internet service,No internet service,No internet service,No internet service,No internet service,No internet service,One Year,No,Mailed Check,19.9,543.0
1140-UKVZG,Female,0,No,No,17,Yes,Yes,No,No internet service,No internet service,No internet service,No internet service,No internet service,No internet service,Month-To-Month,No,Mailed Check,24.8,475.25
3751-KTZEL,Female,0,No,No,1,No,No phone service,Dsl,No,No,No,No,No,Yes,Month-To-Month,No,Mailed Check,35.05,35.05
9964-WBQDJ,Female,0,Yes,No,71,Yes,Yes,No,No internet service,No internet service,No internet service,No internet service,No internet service,No internet service,Two Year,Yes,Credit Card (Automatic),24.4,1725.4
5480-XTFFL,Female,0,Yes,Yes,31,Yes,No,No,No internet service,No internet service,No internet service,No internet service,No internet service,No internet service,Two Year,No,Mailed Check,21.0,697.7
3027-ZTDHO,Male,0,No,No,1,Yes,No,Fiber Optic,No,No,No,No,Yes,Yes,Month-To-Month,Yes,Electronic Check,89.9,89.9
5993-BQHEA,Male,0,No,No,12,Yes,No,No,No internet service,No internet service,No internet service,No internet service,No internet service,No internet service,One Year,No,Credit Card (Automatic),20.05,267.0
9584-EXCDZ,Female,0,No,No,17,Yes,No,Fiber Optic,No,No,No,No,No,No,Month-To-Month,No,Bank Transfer (Automatic),70.5,1165.6
4248-HCETZ,Male,1,Yes,No,30,Yes,No,Fiber Optic,No,Yes,Yes,No,No,No,Month-To-Month,Yes,Mailed Check,79.65,2365.15
4933-IKULF,Female,1,No,No,17,Yes,No,No,No internet service,No internet service,No internet service,No internet service,No internet service,No internet service,One Year,No,Mailed Check,20.65,330.6
6551-ZCOTS,Male,1,No,No,33,Yes,Yes,No,No internet service,No internet service,No internet service,No internet service,No internet service,No internet service,One Year,Yes,Bank Transfer (Automatic),24.9,847.8
4840-ORQXB,Female,1,No,No,56,Yes,Yes,Fiber Optic,No,Yes,Yes,No,Yes,Yes,Month-To-Month,No,Electronic Check,91.65,5841.35
7752-XUSCI,Female,0,No,No,60,Yes,Yes,Fiber Optic,No,Yes,Yes,No,Yes,Yes,Month-To-Month,Yes,Electronic Check,105.9,6396.45
3396-DKDEL,Female,0,Yes,Yes,70,Yes,Yes,Fiber Optic,Yes,Yes,Yes,Yes,Yes,Yes,Two Year,Yes,Credit Card (Automatic),115.15,8250.0
1919-RTPQD,Male,0,Yes,Yes,7,Yes,No,Dsl,No,No,No,No,No,No,Month-To-Month,No,Electronic Check,44.75,333.65
2504-DSHIH,Male,1,Yes,No,23,Yes,Yes,Fiber Optic,No,No,No,No,No,Yes,Month-To-Month,No,Electronic Check,86.8,1975.85
8510-BBWMU,Female,0,No,No,41,Yes,No,No,No internet service,No internet service,No internet service,No internet service,No internet service,No internet service,One Year,Yes,Mailed Check,19.75,806.95
8096-LOIST,Female,0,No,No,19,Yes,No,Dsl,No,No,No,No,No,Yes,Month-To-Month,Yes,Electronic Check,56.2,1093.4
5443-SCMKX,Female,0,Yes,No,58,Yes,Yes,Fiber Optic,No,Yes,Yes,No,No,Yes,One Year,Yes,Electronic Check,94.3,5610.15
2446-ZKVAF,Male,0,Yes,No,18,Yes,Yes,Dsl,No,Yes,No,No,No,No,Month-To-Month,No,Credit Card (Automatic),56.8,1074.65
9003-CPATH,Male,0,No,No,42,Yes,Yes,Fiber Optic,No,No,Yes,No,No,No,Month-To-Month,No,Electronic Check,79.9,3313.4
9169-BSVIN,Male,0,No,No,12,Yes,Yes,Dsl,No,No,Yes,No,Yes,Yes,Month-To-Month,No,Bank Transfer (Automatic),74.75,827.05
1866-DIOQZ,Female,0,Yes,No,71,No,No phone service,Dsl,Yes,Yes,Yes,Yes,Yes,Yes,One Year,No,Bank Transfer (Automatic),66.8,4689.15
5533-RJFTJ,Male,0,No,No,49,No,No phone service,Dsl,No,No,Yes,No,No,No,Month-To-Month,Yes,Bank Transfer (Automatic),30.2,1453.1
9481-IEBZY,Male,1,Yes,No,72,Yes,Yes,Fiber Optic,Yes,Yes,Yes,Yes,Yes,Yes,Month-To-Month,Yes,Credit Card (Automatic),112.9,8061.5
9570-KYEUA,Male,0,No,No,64,Yes,Yes,Fiber Optic,Yes,No,Yes,Yes,No,Yes,Two Year,No,Credit Card (Automatic),99.25,6549.45
3672-YITQD,Male,1,Yes,No,36,Yes,Yes,Fiber Optic,No,No,No,No,No,Yes,Month-To-Month,Yes,Electronic Check,84.1,3021.6
7351-KYHQH,Female,1,No,No,7,Yes,No,Dsl,No,Yes,Yes,No,Yes,No,Month-To-Month,Yes,Electronic Check,64.95,493.65
1051-GEJLJ,Female,0,No,No,2,Yes,No,No,No internet service,No internet service,No internet service,No internet service,No internet service,No internet service,Month-To-Month,No,Mailed Check,19.5,27.55
1334-PDUKM,Female,0,Yes,No,68,Yes,Yes,Fiber Optic,No,Yes,Yes,No,No,No,One Year,No,Credit Card (Automatic),86.45,5762.95
7266-GSSJX,Male,0,Yes,Yes,11,Yes,No,No,No internet service,No internet service,No internet service,No internet service,No internet service,No internet service,Month-To-Month,Yes,Electronic Check,20.45,250.8
8039-ACLPL,Female,0,Yes,Yes,72,Yes,No,Dsl,Yes,Yes,Yes,No,No,Yes,Two Year,No,Credit Card (Automatic),68.75,4888.2
2887-JPYLU,Female,0,No,Yes,41,Yes,No,Dsl,No,No,No,No,No,No,Month-To-Month,No,Bank Transfer (Automatic),45.2,1841.9
5366-IJEQJ,Male,0,No,No,20,Yes,Yes,Fiber Optic,No,No,Yes,No,Yes,No,Month-To-Month,Yes,Electronic Check,88.7,1761.45
4373-VVHQL,Male,0,No,No,1,Yes,No,Dsl,No,No,No,No,No,No,Month-To-Month,Yes,Electronic Check,44.75,44.75
5016-LIPDW,Male,0,Yes,Yes,57,Yes,No,No,No internet service,No internet service,No internet service,No internet service,No internet service,No internet service,One Year,No,Mailed Check,19.4,1061.6
5406-KGRMX,Female,0,No,No,71,Yes,Yes,No,No internet service,No internet service,No internet service,No internet service,No internet service,No internet service,Two Year,No,Electronic Check,24.55,1719.15
7529-ZDFXI,Male,1,Yes,No,57,Yes,Yes,Fiber Optic,No,Yes,No,No,No,Yes,Month-To-Month,Yes,Electronic Check,89.85,4925.35
8099-MZPUJ,Male,0,Yes,Yes,48,Yes,Yes,Fiber Optic,Yes,Yes,Yes,Yes,Yes,Yes,Two Year,No,Credit Card (Automatic),111.8,5443.65
9039-RBEEE,Male,0,No,No,39,No,No phone service,Dsl,Yes,Yes,No,Yes,Yes,No,Month-To-Month,Yes,Credit Card (Automatic),48.95,1880.85
3750-YHRYO,Male,0,Yes,Yes,7,Yes,No,No,No internet service,No internet service,No internet service,No internet service,No internet service,No internet service,One Year,No,Mailed Check,20.65,150.0
1302-TPUBN,Male,0,No,No,66,Yes,No,No,No internet service,No internet service,No internet service,No internet service,No internet service,No internet service,Two Year,No,Bank Transfer (Automatic),19.35,1240.8
2380-DAMQP,Female,0,Yes,No,72,Yes,Yes,Fiber Optic,Yes,Yes,Yes,Yes,Yes,Yes,Two Year,No,Electronic Check,115.15,8349.7
0023-UYUPN,Female,1,Yes,No,50,Yes,Yes,No,No internet service,No internet service,No internet service,No internet service,No internet service,No internet service,One Year,No,Electronic Check,25.2,1306.3
0343-QLUZP,Male,0,No,No,60,No,No phone service,Dsl,Yes,Yes,Yes,No,No,No,Two Year,No,Bank Transfer (Automatic),39.6,2424.5
7328-OWMOM,Female,0,No,Yes,31,Yes,No,No,No internet service,No internet service,No internet service,No internet service,No internet service,No internet service,One Year,No,Credit Card (Automatic),20.1,589.25
2724-FJDYW,Male,0,No,Yes,39,No,No phone service,Dsl,No,No,Yes,Yes,Yes,Yes,One Year,No,Bank Transfer (Automatic),54.85,2191.7
3521-SYVOR,Female,0,No,No,37,Yes,No,Dsl,No,No,No,No,Yes,Yes,Month-To-Month,Yes,Electronic Check,64.75,2345.2
8748-HFWBO,Male,0,Yes,Yes,19,Yes,No,No,No internet service,No internet service,No internet service,No internet service,No internet service,No internet service,One Year,No,Mailed Check,19.9,357.7
5256-SKJGO,Female,0,Yes,Yes,64,No,No phone service,Dsl,No,Yes,No,Yes,Yes,Yes,Two Year,Yes,Electronic Check,54.6,3423.5
4879-GZLFH,Female,0,Yes,Yes,42,Yes,No,Fiber Optic,No,No,Yes,No,Yes,Yes,Month-To-Month,Yes,Electronic Check,92.15,3875.4
7596-ZYWBB,Female,0,No,No,65,Yes,No,Dsl,Yes,Yes,No,Yes,No,No,Two Year,Yes,Mailed Check,59.6,3739.8
6481-LXPWL,Male,0,Yes,Yes,56,No,No phone service,Dsl,No,Yes,Yes,No,No,No,One Year,Yes,Credit Card (Automatic),36.1,1971.5
2192-OZITF,Female,0,No,No,45,Yes,Yes,Dsl,Yes,No,No,Yes,No,Yes,Two Year,No,Mailed Check,73.55,3349.1
9314-IJWSQ,Female,0,Yes,Yes,14,Yes,Yes,Fiber Optic,No,No,No,No,Yes,No,Month-To-Month,Yes,Electronic Check,84.8,1203.9
3910-MRQOY,Female,0,Yes,No,72,Yes,No,No,No internet service,No internet service,No internet service,No internet service,No internet service,No internet service,Two Year,No,Bank Transfer (Automatic),19.4,1496.45
8245-UMPYT,Female,1,No,No,16,Yes,Yes,Fiber Optic,No,No,No,No,Yes,Yes,Month-To-Month,Yes,Electronic Check,96.4,1581.2
8710-YGLWG,Male,0,No,No,1,Yes,No,Dsl,No,No,No,No,No,No,Month-To-Month,Yes,Mailed Check,44.9,44.9
5666-MBJPT,Male,0,No,No,65,Yes,Yes,No,No internet service,No internet service,No internet service,No internet service,No internet service,No internet service,Two Year,Yes,Bank Transfer (Automatic),25.1,1725.0
6845-RGTYS,Female,0,Yes,No,47,Yes,Yes,Fiber Optic,Yes,Yes,Yes,No,Yes,No,Month-To-Month,Yes,Electronic Check,98.75,4533.7
1114-CENIM,Male,0,No,Yes,54,Yes,Yes,Dsl,No,Yes,No,No,No,No,Month-To-Month,Yes,Credit Card (Automatic),55.0,3092.65
1794-SWWKL,Male,0,Yes,Yes,15,Yes,Yes,Dsl,No,No,Yes,Yes,No,No,Month-To-Month,Yes,Bank Transfer (Automatic),59.65,867.1
4831-EOBFE,Male,0,Yes,Yes,29,Yes,No,Fiber Optic,Yes,No,No,No,Yes,Yes,Month-To-Month,No,Credit Card (Automatic),94.65,2649.15
0268-QKIWO,Female,0,No,No,3,Yes,No,No,No internet service,No internet service,No internet service,No internet service,No internet service,No internet service,Month-To-Month,No,Electronic Check,19.75,58.85
5902-WBLSE,Female,0,Yes,Yes,70,Yes,No,No,No internet service,No internet service,No internet service,No internet service,No internet service,No internet service,Two Year,Yes,Credit Card (Automatic),20.15,1411.2
4456-RHSNB,Female,0,Yes,Yes,19,Yes,No,Dsl,No,No,Yes,No,No,No,Month-To-Month,Yes,Bank Transfer (Automatic),49.6,962.9
7321-PKUYW,Female,0,No,No,11,Yes,Yes,Fiber Optic,No,No,No,Yes,Yes,No,Month-To-Month,No,Electronic Check,90.15,987.95
9070-BCKQP,Female,0,Yes,No,72,Yes,Yes,Fiber Optic,Yes,No,Yes,Yes,Yes,Yes,Two Year,Yes,Credit Card (Automatic),110.15,7881.2
4295-YURET,Female,1,Yes,Yes,56,Yes,No,Dsl,Yes,No,No,Yes,Yes,Yes,Two Year,Yes,Credit Card (Automatic),72.6,4084.35
4145-UQXUQ,Female,1,No,No,8,Yes,No,Fiber Optic,No,No,Yes,No,Yes,Yes,Month-To-Month,Yes,Electronic Check,92.1,729.95
3982-JGSFD,Male,0,No,No,36,Yes,No,No,No internet service,No internet service,No internet service,No internet service,No internet service,No internet service,One Year,Yes,Credit Card (Automatic),20.35,695.85
1346-PJWTK,Male,0,Yes,No,61,Yes,No,Fiber Optic,No,Yes,Yes,Yes,No,Yes,Month-To-Month,No,Credit Card (Automatic),94.15,5731.85
3680-CTHUH,Male,0,No,No,60,Yes,Yes,Fiber Optic,Yes,Yes,Yes,Yes,Yes,Yes,One Year,Yes,Credit Card (Automatic),116.6,7049.5
9614-RMGHA,Male,0,Yes,No,65,Yes,Yes,Fiber Optic,No,Yes,No,No,Yes,No,Month-To-Month,Yes,Bank Transfer (Automatic),91.85,5940.85
5353-WILCI,Female,0,No,No,28,Yes,No,Dsl,Yes,Yes,No,No,No,No,Month-To-Month,No,Electronic Check,56.05,1522.65
6510-UPNKS,Female,0,No,No,23,Yes,Yes,No,No internet service,No internet service,No internet service,No internet service,No internet service,No internet service,One Year,No,Credit Card (Automatic),24.8,615.35
2003-CKLOR,Male,0,No,No,66,Yes,No,Fiber Optic,No,Yes,Yes,No,Yes,Yes,Month-To-Month,No,Electronic Check,99.5,6710.5
3874-EQOEP,Male,0,No,No,7,Yes,Yes,Fiber Optic,No,No,No,No,Yes,Yes,Month-To-Month,No,Mailed Check,95.0,655.5
1470-PSXNM,Male,0,Yes,Yes,49,Yes,Yes,Fiber Optic,No,Yes,Yes,No,Yes,No,One Year,Yes,Electronic Check,93.65,4520.15
6108-OQZDQ,Female,0,Yes,Yes,4,Yes,Yes,Fiber Optic,No,Yes,No,No,Yes,Yes,Month-To-Month,Yes,Electronic Check,97.95,384.5
6283-GITPX,Male,0,No,Yes,71,Yes,No,Dsl,Yes,Yes,Yes,Yes,Yes,No,Two Year,Yes,Credit Card (Automatic),76.9,5522.7
3106-ULWFW,Female,0,Yes,No,8,Yes,Yes,Fiber Optic,No,No,No,No,No,Yes,Month-To-Month,Yes,Credit Card (Automatic),85.2,627.4
8751-EDEKA,Female,0,Yes,No,28,Yes,No,Fiber Optic,No,Yes,Yes,No,No,Yes,Month-To-Month,No,Credit Card (Automatic),89.9,2433.5
1162-ECVII,Male,1,Yes,No,72,Yes,Yes,Fiber Optic,No,Yes,Yes,Yes,Yes,Yes,Two Year,Yes,Bank Transfer (Automatic),109.75,7932.5
0661-KQHNK,Female,0,Yes,Yes,6,Yes,No,No,No internet service,No internet service,No internet service,No internet service,No internet service,No internet service,One Year,No,Credit Card (Automatic),19.0,105.5
2189-UXTKY,Female,0,Yes,No,22,Yes,Yes,Dsl,Yes,No,No,Yes,Yes,Yes,Month-To-Month,Yes,Electronic Check,79.2,1742.75
3331-HQDTW,Female,0,No,No,34,Yes,Yes,Fiber Optic,Yes,Yes,Yes,No,Yes,Yes,Month-To-Month,Yes,Mailed Check,109.8,3587.25
8166-ORCHU,Male,1,Yes,No,33,Yes,No,Fiber Optic,Yes,Yes,No,Yes,No,Yes,One Year,Yes,Electronic Check,93.55,3055.5
4937-QPZPO,Male,0,Yes,Yes,61,Yes,Yes,Fiber Optic,No,No,Yes,No,Yes,Yes,One Year,Yes,Electronic Check,99.9,6241.35
1442-BQPVU,Female,0,No,No,13,No,No phone service,Dsl,No,Yes,No,No,No,No,Month-To-Month,No,Electronic Check,29.15,357.15
1207-BLKSA,Female,0,Yes,Yes,52,Yes,Yes,No,No internet service,No internet service,No internet service,No internet service,No internet service,No internet service,Two Year,No,Electronic Check,23.05,1255.1
2080-GKCWQ,Male,0,No,No,2,Yes,No,Fiber Optic,No,Yes,No,No,No,No,Month-To-Month,No,Electronic Check,74.95,151.75
4009-ALQFH,Female,0,No,No,25,Yes,No,Fiber Optic,No,Yes,Yes,No,Yes,Yes,Month-To-Month,Yes,Electronic Check,99.5,2369.05
3701-SFMUH,Male,0,Yes,Yes,7,Yes,No,Dsl,Yes,No,No,No,Yes,Yes,Month-To-Month,No,Credit Card (Automatic),69.7,516.15
3936-QQFLL,Male,0,No,No,2,Yes,No,No,No internet service,No internet service,No internet service,No internet service,No internet service,No internet service,Month-To-Month,No,Mailed Check,19.75,39.3
4231-LZUYM,Female,0,Yes,No,72,Yes,Yes,No,No internet service,No internet service,No internet service,No internet service,No internet service,No internet service,Two Year,No,Bank Transfer (Automatic),25.65,1887.0
1335-MXCSE,Male,0,Yes,Yes,55,Yes,No,Dsl,No,No,Yes,Yes,No,No,Two Year,Yes,Credit Card (Automatic),55.25,3119.9
4827-USJHP,Male,0,No,No,20,Yes,No,Dsl,No,Yes,No,No,No,No,Month-To-Month,Yes,Mailed Check,51.8,1023.85
3227-WLKLI,Female,0,Yes,Yes,65,Yes,Yes,Dsl,Yes,Yes,Yes,Yes,Yes,Yes,Two Year,No,Bank Transfer (Automatic),91.55,5963.95
1360-XFJMR,Female,0,Yes,No,67,Yes,Yes,Fiber Optic,No,Yes,Yes,Yes,Yes,Yes,One Year,Yes,Credit Card (Automatic),109.7,7344.45
8043-PNYSD,Male,0,Yes,Yes,63,Yes,No,No,No internet service,No internet service,No internet service,No internet service,No internet service,No internet service,Two Year,No,Mailed Check,19.55,1245.6
2359-KLTEK,Female,0,Yes,Yes,41,Yes,No,Fiber Optic,No,No,Yes,No,Yes,Yes,Month-To-Month,Yes,Bank Transfer (Automatic),94.9,3848.0
3692-JHONH,Female,1,Yes,No,52,Yes,Yes,Fiber Optic,No,Yes,Yes,No,Yes,Yes,One Year,Yes,Electronic Check,106.5,5621.85
2546-KZAAT,Male,0,Yes,No,52,Yes,No,Dsl,Yes,Yes,No,No,Yes,Yes,One Year,Yes,Mailed Check,75.4,3865.45
1564-NTYXF,Female,1,No,No,13,Yes,Yes,Fiber Optic,No,No,No,No,No,Yes,Month-To-Month,Yes,Electronic Check,82.0,1127.2
7739-LAXOG,Female,0,Yes,Yes,32,Yes,Yes,Fiber Optic,No,No,Yes,No,No,Yes,Month-To-Month,Yes,Bank Transfer (Automatic),91.05,2954.5
0196-VULGZ,Female,1,Yes,No,6,Yes,Yes,Fiber Optic,No,No,No,No,No,Yes,Month-To-Month,Yes,Electronic Check,84.35,474.9
0668-OGMHD,Female,0,Yes,No,21,No,No phone service,Dsl,Yes,No,No,No,No,No,Month-To-Month,No,Electronic Check,28.5,629.35
8627-EHGIP,Male,0,No,No,44,No,No phone service,Dsl,No,Yes,Yes,No,Yes,Yes,One Year,Yes,Mailed Check,53.95,2375.4
0506-YLVKJ,Male,0,Yes,Yes,46,Yes,No,No,No internet service,No internet service,No internet service,No internet service,No internet service,No internet service,Two Year,Yes,Mailed Check,20.2,917.45
3486-KHMLI,Male,0,No,Yes,21,Yes,Yes,No,No internet service,No internet service,No internet service,No internet service,No internet service,No internet service,Month-To-Month,No,Mailed Check,24.7,467.15
8174-LNWMW,Female,0,No,No,31,Yes,No,No,No internet service,No internet service,No internet service,No internet service,No internet service,No internet service,Two Year,No,Credit Card (Automatic),20.9,689.35
9388-ZEYVT,Male,0,No,No,43,No,No phone service,Dsl,No,No,Yes,Yes,No,Yes,One Year,No,Electronic Check,44.15,1931.3
1867-BDVFH,Male,0,Yes,Yes,11,Yes,Yes,Fiber Optic,No,No,No,No,No,No,Month-To-Month,Yes,Electronic Check,74.35,834.2
0080-OROZO,Female,0,No,No,35,Yes,No,Fiber Optic,No,No,Yes,Yes,Yes,Yes,One Year,Yes,Electronic Check,99.25,3532.0
9146-JRIOX,Female,0,Yes,Yes,14,Yes,Yes,No,No internet service,No internet service,No internet service,No internet service,No internet service,No internet service,Month-To-Month,No,Mailed Check,25.55,372.45
0956-SYCWG,Female,0,No,No,13,Yes,No,No,No internet service,No internet service,No internet service,No internet service,No internet service,No internet service,One Year,No,Electronic Check,19.65,244.8
6723-CEGQI,Female,0,No,Yes,65,No,No phone service,Dsl,No,Yes,No,Yes,Yes,No,Two Year,No,Mailed Check,45.25,2933.95
7554-NEWDD,Male,0,No,No,10,Yes,Yes,No,No internet service,No internet service,No internet service,No internet service,No internet service,No internet service,Two Year,No,Bank Transfer (Automatic),25.7,251.6
5167-ZFFMM,Male,0,No,No,1,Yes,Yes,Fiber Optic,No,Yes,No,No,No,Yes,Month-To-Month,Yes,Credit Card (Automatic),90.85,90.85
7605-SNLQG,Female,0,Yes,No,45,Yes,No,Dsl,No,No,Yes,No,No,No,Month-To-Month,Yes,Credit Card (Automatic),50.25,2221.55
1833-TCXKK,Male,0,Yes,No,45,Yes,Yes,Fiber Optic,No,Yes,Yes,No,Yes,Yes,Month-To-Month,Yes,Bank Transfer (Automatic),107.75,4882.8
7956-XQWGU,Male,0,No,No,27,Yes,No,No,No internet service,No internet service,No internet service,No internet service,No internet service,No internet service,Month-To-Month,Yes,Credit Card (Automatic),19.4,460.25
8089-UZWLX,Female,1,No,No,71,Yes,Yes,Fiber Optic,No,No,Yes,No,Yes,Yes,Two Year,No,Bank Transfer (Automatic),104.05,7413.55
4735-ASGMA,Male,0,No,No,26,Yes,Yes,Fiber Optic,No,No,Yes,No,Yes,Yes,Month-To-Month,Yes,Electronic Check,98.35,2515.3
5828-AVIPD,Male,0,Yes,Yes,19,Yes,Yes,Fiber Optic,No,No,No,Yes,Yes,Yes,One Year,Yes,Electronic Check,100.95,1875.55
5599-HVLTW,Female,1,No,No,14,Yes,Yes,Fiber Optic,No,No,Yes,No,No,No,Month-To-Month,Yes,Bank Transfer (Automatic),80.35,1058.1
1319-YLZJG,Male,0,Yes,No,12,Yes,No,Fiber Optic,Yes,Yes,Yes,No,No,No,Month-To-Month,Yes,Electronic Check,84.6,959.9
9546-KDTRB,Female,0,No,No,19,Yes,Yes,No,No internet service,No internet service,No internet service,No internet service,No internet service,No internet service,Month-To-Month,No,Bank Transfer (Automatic),24.7,465.85
5389-FFVKB,Male,1,Yes,No,32,Yes,No,Fiber Optic,No,No,No,No,No,Yes,Month-To-Month,Yes,Credit Card (Automatic),80.3,2483.05
9253-QXKBE,Male,1,Yes,No,29,Yes,Yes,Fiber Optic,No,No,No,No,Yes,Yes,Month-To-Month,Yes,Electronic Check,94.45,2653.65
7250-EQKIY,Female,0,Yes,Yes,1,Yes,No,Dsl,No,No,Yes,No,No,No,Month-To-Month,No,Mailed Check,50.45,50.45
2580-ATZSQ,Female,0,Yes,Yes,65,Yes,No,Dsl,Yes,Yes,Yes,No,No,No,One Year,No,Bank Transfer (Automatic),61.35,3874.1
6234-PFPXL,Male,0,Yes,No,22,Yes,Yes,Fiber Optic,Yes,No,No,Yes,Yes,No,Month-To-Month,No,Credit Card (Automatic),95.9,2234.95
8469-SNFFH,Male,0,Yes,No,70,Yes,Yes,Dsl,Yes,Yes,Yes,Yes,Yes,No,One Year,No,Electronic Check,79.4,5528.9
9258-CNWAC,Female,0,Yes,Yes,71,Yes,Yes,Fiber Optic,Yes,Yes,Yes,Yes,Yes,Yes,Two Year,No,Credit Card (Automatic),113.65,8166.8
2187-PKZAY,Male,0,No,No,12,Yes,No,Fiber Optic,No,No,No,No,No,Yes,Month-To-Month,Yes,Bank Transfer (Automatic),79.95,1043.4
8201-AAXCB,Male,0,Yes,Yes,25,Yes,Yes,Dsl,No,No,No,No,Yes,No,Month-To-Month,No,Electronic Check,60.35,1404.65
4625-XMOYM,Female,0,Yes,Yes,72,Yes,Yes,No,No internet service,No internet service,No internet service,No internet service,No internet service,No internet service,Two Year,Yes,Bank Transfer (Automatic),26.25,1988.05
4548-SDBKE,Female,0,No,No,5,Yes,Yes,Fiber Optic,No,No,No,No,Yes,No,Month-To-Month,Yes,Electronic Check,85.2,474.8
6023-GSSXW,Female,0,Yes,No,69,Yes,No,Dsl,No,Yes,No,No,No,Yes,Two Year,Yes,Credit Card (Automatic),61.45,4131.2
3296-SILRA,Female,1,Yes,No,1,Yes,No,Fiber Optic,No,Yes,No,No,No,No,Month-To-Month,Yes,Mailed Check,76.4,76.4
6350-XFYGW,Male,1,No,No,4,Yes,No,Fiber Optic,No,No,Yes,No,Yes,Yes,Month-To-Month,Yes,Electronic Check,94.75,422.4
7000-WCEVQ,Female,1,No,No,20,Yes,Yes,Dsl,No,No,No,No,No,Yes,Month-To-Month,Yes,Mailed Check,61.6,1174.35
2040-LDIWQ,Male,0,Yes,Yes,65,Yes,Yes,Dsl,No,Yes,Yes,Yes,Yes,Yes,Two Year,Yes,Bank Transfer (Automatic),84.2,5324.5
7721-DVEKZ,Female,0,No,No,1,Yes,No,No,No internet service,No internet service,No internet service,No internet service,No internet service,No internet service,Month-To-Month,No,Mailed Check,19.65,19.65
5868-YWPDW,Male,1,Yes,No,6,Yes,No,Fiber Optic,No,Yes,No,No,No,Yes,Month-To-Month,Yes,Electronic Check,84.2,519.15
1120-BMWUB,Female,0,No,No,16,Yes,No,Dsl,No,Yes,No,Yes,No,No,Month-To-Month,Yes,Mailed Check,53.9,834.15
1658-TJVOA,Female,1,No,No,6,Yes,No,Fiber Optic,Yes,No,No,No,No,No,Month-To-Month,Yes,Electronic Check,74.1,450.9
6480-YAGIY,Male,0,No,No,45,Yes,No,Fiber Optic,Yes,Yes,Yes,Yes,Yes,Yes,One Year,No,Credit Card (Automatic),112.2,5031.85
2656-TABEH,Male,0,Yes,No,4,Yes,Yes,Fiber Optic,No,Yes,No,No,Yes,Yes,Month-To-Month,Yes,Electronic Check,100.2,420.2
1307-TVUFB,Male,1,No,No,42,Yes,Yes,Fiber Optic,No,Yes,No,No,No,No,Month-To-Month,Yes,Bank Transfer (Automatic),79.35,3344.1
1536-HBSWP,Female,0,No,No,1,Yes,No,Dsl,No,No,No,Yes,No,No,Month-To-Month,Yes,Electronic Check,49.9,49.9
2408-PSJVE,Male,0,Yes,Yes,44,Yes,No,Dsl,No,Yes,Yes,Yes,No,No,Month-To-Month,Yes,Mailed Check,61.9,2924.05
2045-BMBTJ,Female,1,No,No,33,No,No phone service,Dsl,Yes,Yes,Yes,No,Yes,Yes,Month-To-Month,Yes,Bank Transfer (Automatic),59.45,1884.65
5533-NHFRF,Male,1,No,No,7,No,No phone service,Dsl,No,Yes,No,Yes,No,Yes,Month-To-Month,Yes,Electronic Check,44.4,265.8
2845-KDHVX,Female,0,Yes,No,64,Yes,No,Dsl,No,Yes,Yes,Yes,No,Yes,Two Year,Yes,Mailed Check,68.3,4378.8
0786-VSSUD,Male,1,No,No,16,No,No phone service,Dsl,No,Yes,No,No,Yes,No,Month-To-Month,Yes,Mailed Check,39.0,679.85
4622-YNKIJ,Male,0,No,No,33,Yes,No,Fiber Optic,Yes,No,No,Yes,Yes,No,Two Year,Yes,Electronic Check,88.95,3027.65
4450-YOOHP,Female,0,No,No,39,No,No phone service,Dsl,No,No,Yes,No,Yes,Yes,Month-To-Month,Yes,Credit Card (Automatic),50.65,1905.4
1360-JYXKQ,Female,1,Yes,No,54,Yes,No,Fiber Optic,No,No,Yes,Yes,Yes,Yes,One Year,Yes,Electronic Check,99.1,5437.1
8792-AOROI,Female,0,Yes,No,8,Yes,No,Dsl,Yes,No,No,Yes,No,Yes,Two Year,No,Mailed Check,65.5,564.35
0895-LMRSF,Male,0,No,No,23,Yes,No,Dsl,No,No,No,No,Yes,Yes,One Year,Yes,Bank Transfer (Automatic),64.9,1509.8
5377-NDTOU,Female,0,Yes,Yes,71,Yes,Yes,Dsl,Yes,Yes,Yes,Yes,Yes,Yes,Two Year,No,Mailed Check,91.05,6293.75
4652-ODEVH,Male,0,Yes,Yes,45,Yes,Yes,No,No internet service,No internet service,No internet service,No internet service,No internet service,No internet service,Two Year,No,Mailed Check,24.45,1088.25
3717-FDJFU,Male,0,No,Yes,5,Yes,No,No,No internet service,No internet service,No internet service,No internet service,No internet service,No internet service,Two Year,No,Mailed Check,20.45,106.9
4220-TINQT,Female,0,Yes,No,61,Yes,Yes,Fiber Optic,No,No,Yes,Yes,Yes,Yes,Month-To-Month,Yes,Electronic Check,106.35,6751.35
4450-MDZFX,Male,0,Yes,Yes,60,Yes,Yes,Fiber Optic,No,No,No,No,No,No,Month-To-Month,No,Bank Transfer (Automatic),74.35,4453.3
3587-PMCOY,Male,0,No,No,10,Yes,No,Fiber Optic,Yes,No,Yes,No,Yes,Yes,One Year,Yes,Electronic Check,98.9,1064.95
8840-DQLGN,Female,1,Yes,No,35,Yes,Yes,Fiber Optic,Yes,Yes,No,Yes,Yes,No,Month-To-Month,Yes,Bank Transfer (Automatic),100.5,3653.35
7164-BPTUT,Male,0,No,Yes,57,Yes,Yes,Dsl,Yes,Yes,Yes,Yes,Yes,Yes,Two Year,No,Mailed Check,89.55,5012.35
7878-RTCZG,Female,0,No,No,1,Yes,No,No,No internet service,No internet service,No internet service,No internet service,No internet service,No internet service,Month-To-Month,No,Mailed Check,19.9,19.9
0366-NQSHS,Male,0,No,No,2,Yes,No,No,No internet service,No internet service,No internet service,No internet service,No internet service,No internet service,Month-To-Month,No,Mailed Check,19.35,46.35
6500-JVEGC,Male,0,No,No,68,Yes,Yes,Fiber Optic,Yes,Yes,Yes,No,Yes,No,One Year,No,Bank Transfer (Automatic),101.35,7110.75
8930-XOTDP,Female,0,Yes,Yes,18,Yes,No,Dsl,No,No,No,No,Yes,No,Month-To-Month,No,Mailed Check,55.95,1082.8
7938-OUHIO,Male,0,No,No,3,Yes,No,Fiber Optic,No,No,Yes,Yes,Yes,Yes,Month-To-Month,Yes,Electronic Check,98.7,293.65
1846-XWOQN,Female,1,No,No,1,Yes,No,Fiber Optic,No,No,No,No,No,No,Month-To-Month,Yes,Electronic Check,70.15,70.15
4741-WWJQZ,Female,0,Yes,No,2,Yes,No,Fiber Optic,Yes,No,No,Yes,No,No,Month-To-Month,Yes,Electronic Check,80.15,194.55
9127-QRZMH,Male,0,Yes,No,44,Yes,No,Dsl,Yes,Yes,No,Yes,No,No,One Year,Yes,Bank Transfer (Automatic),59.85,2603.95
8562-GHPPI,Female,0,No,No,1,Yes,No,No,No internet service,No internet service,No internet service,No internet service,No internet service,No internet service,Month-To-Month,No,Credit Card (Automatic),19.8,19.8
4694-PHWFW,Female,0,No,Yes,8,Yes,No,No,No internet service,No internet service,No internet service,No internet service,No internet service,No internet service,Month-To-Month,No,Mailed Check,19.95,170.9
1075-BGWOH,Male,1,Yes,No,16,Yes,Yes,Fiber Optic,No,No,Yes,No,Yes,Yes,Month-To-Month,Yes,Electronic Check,98.75,1587.55
5956-YHHRX,Male,1,No,No,21,Yes,Yes,Fiber Optic,No,Yes,Yes,No,Yes,Yes,Month-To-Month,Yes,Electronic Check,104.35,2271.85
3617-XLSGQ,Female,0,Yes,Yes,66,Yes,Yes,Fiber Optic,Yes,Yes,Yes,No,Yes,Yes,Two Year,No,Bank Transfer (Automatic),109.25,7082.5
0057-QBUQH,Female,0,No,Yes,43,Yes,Yes,No,No internet service,No internet service,No internet service,No internet service,No internet service,No internet service,Two Year,Yes,Electronic Check,25.1,1070.15
2541-YGPKE,Male,0,Yes,Yes,42,Yes,No,Dsl,Yes,No,No,Yes,No,Yes,One Year,No,Credit Card (Automatic),63.7,2763.35
1455-UGQVH,Male,0,Yes,No,10,Yes,Yes,Fiber Optic,No,No,Yes,No,Yes,Yes,Month-To-Month,Yes,Electronic Check,98.5,1037.75
8010-EZLOU,Male,1,No,No,15,Yes,Yes,Fiber Optic,No,Yes,No,No,No,No,Month-To-Month,Yes,Electronic Check,80.2,1217.25
3955-JBZZM,Male,0,No,No,20,Yes,No,Fiber Optic,No,No,No,No,Yes,No,Month-To-Month,No,Electronic Check,78.8,1641.3
9800-ONTFE,Female,0,Yes,Yes,22,Yes,Yes,Fiber Optic,No,No,No,No,No,No,Month-To-Month,Yes,Bank Transfer (Automatic),75.8,1615.1
5480-TBGPH,Female,0,Yes,No,24,Yes,No,Fiber Optic,No,Yes,Yes,No,Yes,Yes,Month-To-Month,Yes,Credit Card (Automatic),99.3,2431.35
8945-GRKHX,Female,0,No,Yes,1,Yes,No,Fiber Optic,No,No,No,No,No,Yes,Month-To-Month,No,Electronic Check,78.65,78.65
5669-SRAIP,Female,0,No,No,5,No,No phone service,Dsl,No,No,Yes,No,No,Yes,Month-To-Month,No,Electronic Check,39.5,210.75
3873-WOSBC,Male,0,Yes,No,67,Yes,Yes,No,No internet service,No internet service,No internet service,No internet service,No internet service,No internet service,Two Year,No,Credit Card (Automatic),25.6,1784.9
6360-SVNWV,Female,1,No,No,31,Yes,No,Fiber Optic,Yes,No,No,No,No,No,Month-To-Month,Yes,Credit Card (Automatic),73.55,2094.65
8727-XDPUD,Male,0,No,No,37,No,No phone service,Dsl,No,No,No,No,Yes,No,Two Year,No,Credit Card (Automatic),35.8,1316.9
8457-XIGKN,Male,0,No,No,20,Yes,No,No,No internet service,No internet service,No internet service,No internet service,No internet service,No internet service,Month-To-Month,Yes,Credit Card (Automatic),19.6,356.15
5493-SDRDQ,Male,0,No,No,2,Yes,No,Dsl,Yes,No,Yes,No,No,No,Month-To-Month,Yes,Mailed Check,55.1,113.35
4280-DLSHD,Male,0,Yes,No,8,Yes,No,Dsl,No,Yes,Yes,No,No,No,Month-To-Month,Yes,Mailed Check,54.75,445.85
9603-OAIHC,Male,1,No,No,1,Yes,No,Fiber Optic,No,No,No,No,No,No,Month-To-Month,Yes,Electronic Check,70.05,70.05
7850-VWJUU,Female,0,No,No,23,Yes,No,Fiber Optic,Yes,No,No,No,No,No,Month-To-Month,Yes,Bank Transfer (Automatic),75.0,1778.5
7721-JXEAW,Male,0,Yes,No,59,No,No phone service,Dsl,No,Yes,No,No,No,Yes,Month-To-Month,Yes,Bank Transfer (Automatic),41.05,2452.7
9430-NKQLY,Male,0,Yes,Yes,72,Yes,Yes,No,No internet service,No internet service,No internet service,No internet service,No internet service,No internet service,Two Year,Yes,Credit Card (Automatic),25.1,1790.8
0396-UKGAI,Male,0,No,Yes,23,Yes,No,Dsl,No,Yes,No,Yes,No,No,Month-To-Month,Yes,Bank Transfer (Automatic),55.3,1284.2
9897-KXHCM,Female,0,Yes,Yes,3,Yes,No,Fiber Optic,No,No,No,No,No,Yes,Month-To-Month,Yes,Electronic Check,80.3,250.05
6617-WLBQC,Female,0,Yes,Yes,23,Yes,Yes,Fiber Optic,Yes,No,No,No,No,No,One Year,No,Credit Card (Automatic),91.65,1810.85
6797-LNAQX,Male,0,Yes,Yes,70,Yes,Yes,Fiber Optic,No,Yes,No,No,Yes,Yes,Two Year,No,Bank Transfer (Automatic),98.3,6859.5
6326-MTTXK,Male,0,No,No,8,Yes,Yes,Fiber Optic,No,Yes,No,No,Yes,Yes,Month-To-Month,No,Electronic Check,100.85,819.55
7269-JISCY,Female,0,No,No,55,Yes,No,Dsl,No,No,No,No,No,No,One Year,No,Bank Transfer (Automatic),45.05,2462.6
9943-VSZUV,Male,1,No,No,67,Yes,Yes,Fiber Optic,No,No,No,No,No,No,Month-To-Month,Yes,Mailed Check,75.7,5060.85
9507-HSMMZ,Male,0,No,No,54,Yes,No,No,No internet service,No internet service,No internet service,No internet service,No internet service,No internet service,Two Year,No,Mailed Check,20.0,1149.65
7989-VCQOH,Male,0,Yes,Yes,18,Yes,No,Dsl,Yes,No,Yes,Yes,Yes,Yes,Month-To-Month,No,Electronic Check,83.25,1611.15
2842-JTCCU,Male,0,No,No,2,Yes,No,Dsl,No,No,No,No,No,No,Month-To-Month,No,Bank Transfer (Automatic),46.05,80.35
0212-ISBBF,Female,0,No,No,22,No,No phone service,Dsl,No,Yes,No,No,Yes,Yes,Month-To-Month,Yes,Electronic Check,50.35,1098.85
6416-JNVRK,Female,0,No,No,46,Yes,No,Dsl,No,No,No,No,No,Yes,One Year,No,Credit Card (Automatic),55.65,2688.85
4192-GORJT,Male,0,Yes,No,5,Yes,No,Fiber Optic,No,No,Yes,No,Yes,Yes,Month-To-Month,Yes,Electronic Check,94.45,498.1
3057-VJJQE,Male,0,No,No,35,Yes,Yes,Dsl,Yes,No,No,No,No,No,Two Year,No,Mailed Check,55.25,1924.1
2789-HQBOU,Male,0,No,No,3,Yes,No,Fiber Optic,No,No,No,No,No,Yes,Month-To-Month,Yes,Electronic Check,80.35,253.8
0820-FNRNX,Male,0,Yes,Yes,17,Yes,Yes,Dsl,No,Yes,Yes,Yes,No,No,Month-To-Month,Yes,Mailed Check,66.7,1077.05
5293-WXJAK,Female,1,Yes,No,11,Yes,Yes,Fiber Optic,No,No,Yes,Yes,Yes,Yes,Month-To-Month,Yes,Bank Transfer (Automatic),104.05,1133.65
8065-YKXKD,Female,0,No,No,10,Yes,Yes,Fiber Optic,No,No,No,No,No,No,Month-To-Month,Yes,Electronic Check,74.75,799.65
5499-ECUTN,Female,0,Yes,No,47,Yes,No,Dsl,Yes,No,Yes,No,Yes,No,One Year,Yes,Credit Card (Automatic),66.05,3021.45
6543-XRMYR,Female,1,No,No,30,Yes,Yes,Fiber Optic,No,Yes,No,No,Yes,Yes,Month-To-Month,Yes,Electronic Check,99.7,2967.35
5766-FTRTS,Male,0,Yes,No,72,Yes,No,Dsl,Yes,Yes,Yes,Yes,Yes,Yes,Two Year,No,Mailed Check,84.45,6033.1
7765-LWVVH,Female,0,Yes,Yes,72,Yes,Yes,Fiber Optic,Yes,Yes,No,No,Yes,No,Two Year,Yes,Electronic Check,95.1,6843.15
3938-YFPXD,Male,0,No,No,72,Yes,Yes,Dsl,Yes,No,Yes,Yes,Yes,Yes,Two Year,No,Credit Card (Automatic),84.3,5997.1
8885-QSQBX,Female,0,No,No,1,Yes,No,Dsl,Yes,No,No,No,No,No,Month-To-Month,No,Bank Transfer (Automatic),49.55,49.55
0114-IGABW,Female,0,Yes,No,71,No,No phone service,Dsl,No,Yes,Yes,Yes,Yes,Yes,Two Year,No,Bank Transfer (Automatic),58.25,4145.9
3352-ALMCK,Male,0,No,No,40,Yes,Yes,Fiber Optic,No,Yes,Yes,No,Yes,Yes,Month-To-Month,Yes,Mailed Check,102.65,4108.15
1976-CFOCS,Female,1,Yes,No,1,Yes,No,Dsl,No,No,No,No,No,No,Month-To-Month,No,Electronic Check,46.0,46.0
1031-IIDEO,Female,0,No,No,1,Yes,No,Fiber Optic,No,No,No,No,No,No,Month-To-Month,Yes,Electronic Check,70.85,70.85
9137-NOQKA,Male,1,No,No,2,Yes,No,No,No internet service,No internet service,No internet service,No internet service,No internet service,No internet service,Month-To-Month,No,Electronic Check,19.2,37.2
8332-OSJDW,Male,0,Yes,Yes,12,Yes,Yes,No,No internet service,No internet service,No internet service,No internet service,No internet service,No internet service,One Year,No,Mailed Check,26.4,314.95
2626-VEEWG,Male,0,Yes,Yes,67,Yes,No,No,No internet service,No internet service,No internet service,No internet service,No internet service,No internet service,Two Year,Yes,Credit Card (Automatic),19.4,1284.2
3795-CAWEX,Male,0,Yes,Yes,70,Yes,Yes,Fiber Optic,Yes,Yes,Yes,Yes,Yes,Yes,Two Year,Yes,Credit Card (Automatic),116.55,8152.3
9871-ELEYA,Female,0,No,Yes,34,Yes,No,Dsl,Yes,No,Yes,Yes,Yes,No,Two Year,No,Credit Card (Automatic),67.65,2339.3
8972-HJWNV,Female,1,Yes,No,7,Yes,Yes,Fiber Optic,No,No,No,No,No,Yes,Month-To-Month,Yes,Electronic Check,84.55,646.85
9801-NOSHQ,Male,0,No,Yes,23,Yes,No,No,No internet service,No internet service,No internet service,No internet service,No internet service,No internet service,One Year,No,Mailed Check,19.8,465.45
2070-XYMFH,Female,1,No,No,23,Yes,Yes,Fiber Optic,No,No,Yes,No,No,No,Month-To-Month,Yes,Mailed Check,79.35,1835.3
5649-ANRML,Male,1,No,No,2,Yes,No,Fiber Optic,No,Yes,Yes,Yes,No,Yes,Month-To-Month,Yes,Credit Card (Automatic),95.1,180.25
5223-UZAVK,Male,0,No,No,64,Yes,No,Fiber Optic,Yes,Yes,No,No,Yes,Yes,One Year,Yes,Credit Card (Automatic),100.3,6603.8
3413-DHLPB,Male,0,Yes,Yes,60,Yes,Yes,Fiber Optic,No,Yes,No,Yes,Yes,Yes,Month-To-Month,Yes,Bank Transfer (Automatic),103.75,5969.95
0612-RTZZA,Female,1,No,No,1,No,No phone service,Dsl,No,No,No,No,No,No,Month-To-Month,No,Electronic Check,25.25,25.25
5515-IDEJJ,Male,0,Yes,Yes,1,Yes,No,No,No internet service,No internet service,No internet service,No internet service,No internet service,No internet service,Month-To-Month,No,Mailed Check,19.9,19.9
7672-VFMXZ,Male,0,Yes,No,57,Yes,No,Dsl,Yes,No,No,Yes,No,No,Month-To-Month,No,Electronic Check,55.7,3171.6
6424-ELEYH,Female,0,Yes,No,3,Yes,Yes,Fiber Optic,No,No,No,No,No,No,Month-To-Month,Yes,Credit Card (Automatic),74.75,229.5
0691-JVSYA,Female,0,Yes,No,53,Yes,No,Fiber Optic,No,No,Yes,No,Yes,Yes,One Year,Yes,Bank Transfer (Automatic),94.85,5000.2
3118-UHVVQ,Female,0,Yes,No,68,Yes,Yes,No,No internet service,No internet service,No internet service,No internet service,No internet service,No internet service,Two Year,No,Credit Card (Automatic),25.8,1911.5
0799-DDIHE,Female,0,Yes,Yes,15,Yes,No,Dsl,No,No,No,No,No,No,Month-To-Month,No,Electronic Check,46.3,639.45
2831-EBWRN,Male,0,No,No,4,Yes,No,Dsl,No,No,No,No,No,No,Month-To-Month,Yes,Electronic Check,45.9,199.75
4785-FCIFB,Female,0,Yes,No,61,Yes,Yes,No,No internet service,No internet service,No internet service,No internet service,No internet service,No internet service,Two Year,No,Mailed Check,24.4,1417.9
4767-HZZHQ,Male,0,Yes,Yes,30,Yes,No,Fiber Optic,No,Yes,Yes,No,No,No,Month-To-Month,No,Bank Transfer (Automatic),82.05,2570.2
3129-AAQOU,Female,0,Yes,Yes,19,Yes,Yes,No,No internet service,No internet service,No internet service,No internet service,No internet service,No internet service,Two Year,No,Mailed Check,25.6,485.9
5965-GGPRW,Male,0,Yes,Yes,72,Yes,Yes,Fiber Optic,Yes,No,Yes,No,Yes,Yes,Two Year,No,Bank Transfer (Automatic),105.25,7609.75
1555-HAPSU,Female,0,Yes,Yes,71,Yes,Yes,No,No internet service,No internet service,No internet service,No internet service,No internet service,No internet service,Two Year,No,Credit Card (Automatic),23.9,1663.5
7294-TMAOP,Female,0,No,No,1,Yes,No,Fiber Optic,No,No,No,No,Yes,Yes,Month-To-Month,No,Electronic Check,90.55,90.55
7153-CHRBV,Female,0,Yes,Yes,57,Yes,No,Dsl,Yes,No,Yes,Yes,No,No,One Year,Yes,Mailed Check,59.3,3274.35
4385-ZKVNW,Male,0,Yes,Yes,44,Yes,No,Dsl,No,Yes,No,Yes,No,No,Month-To-Month,Yes,Bank Transfer (Automatic),54.9,2549.1
0505-SPOOW,Female,0,Yes,No,70,Yes,No,No,No internet service,No internet service,No internet service,No internet service,No internet service,No internet service,Two Year,No,Bank Transfer (Automatic),19.8,1397.65
6543-JXSOO,Female,0,Yes,Yes,23,Yes,No,Dsl,Yes,Yes,No,Yes,No,No,One Year,Yes,Mailed Check,57.75,1282.85
6818-DJXAA,Female,0,No,Yes,10,Yes,No,Fiber Optic,No,No,Yes,Yes,Yes,No,Month-To-Month,Yes,Electronic Check,91.1,964.35
9874-QLCLH,Female,0,Yes,Yes,17,Yes,Yes,Fiber Optic,Yes,No,Yes,No,Yes,Yes,Month-To-Month,Yes,Electronic Check,104.2,1743.5
2952-QAYZF,Male,0,No,No,5,Yes,Yes,Fiber Optic,No,Yes,Yes,No,No,No,Month-To-Month,Yes,Electronic Check,85.3,424.15
0407-BDJKB,Male,0,Yes,No,60,Yes,Yes,Fiber Optic,No,Yes,Yes,No,Yes,No,Month-To-Month,Yes,Electronic Check,95.75,5742.9
9055-MOJJJ,Female,0,Yes,Yes,64,Yes,No,Dsl,Yes,No,No,Yes,Yes,No,One Year,No,Mailed Check,65.8,4068.0
6258-NGCNG,Male,0,No,No,7,Yes,Yes,No,No internet service,No internet service,No internet service,No internet service,No internet service,No internet service,Month-To-Month,No,Mailed Check,23.5,173.0
2791-SFVEW,Female,0,No,No,9,Yes,No,No,No internet service,No internet service,No internet service,No internet service,No internet service,No internet service,Month-To-Month,No,Bank Transfer (Automatic),20.15,238.15
9025-ZRPVR,Male,0,No,No,9,Yes,No,No,No internet service,No internet service,No internet service,No internet service,No internet service,No internet service,Month-To-Month,Yes,Mailed Check,18.95,185.6
5804-HYIEZ,Male,0,Yes,Yes,70,Yes,Yes,Fiber Optic,Yes,Yes,No,No,Yes,Yes,Month-To-Month,Yes,Electronic Check,106.05,7554.05
6435-SRWBJ,Female,0,No,No,5,Yes,Yes,Fiber Optic,No,No,Yes,Yes,No,No,Month-To-Month,Yes,Electronic Check,82.75,417.75
6549-BTYPG,Female,0,Yes,No,60,No,No phone service,Dsl,No,Yes,Yes,Yes,Yes,Yes,Two Year,No,Credit Card (Automatic),60.8,3603.45
2302-ANTDP,Female,1,Yes,No,48,Yes,Yes,Fiber Optic,Yes,Yes,Yes,Yes,Yes,Yes,Month-To-Month,No,Electronic Check,117.45,5438.9
8259-DZLIZ,Female,0,Yes,Yes,64,Yes,Yes,Dsl,No,Yes,No,No,No,No,One Year,Yes,Bank Transfer (Automatic),53.85,3399.85
4929-XIHVW,Male,1,Yes,No,2,Yes,No,Fiber Optic,No,No,Yes,No,Yes,Yes,Month-To-Month,Yes,Credit Card (Automatic),95.5,181.65
4521-YEEHE,Female,0,Yes,No,18,Yes,Yes,Fiber Optic,No,No,No,Yes,Yes,No,Month-To-Month,Yes,Electronic Check,88.85,1594.75
3115-JPJDD,Female,0,Yes,No,59,Yes,No,Fiber Optic,Yes,No,Yes,No,No,No,One Year,Yes,Credit Card (Automatic),81.25,4639.45
3752-CQSJI,Female,0,Yes,Yes,13,Yes,No,No,No internet service,No internet service,No internet service,No internet service,No internet service,No internet service,Month-To-Month,Yes,Mailed Check,20.45,254.5
2073-QBVBI,Female,0,Yes,No,41,No,No phone service,Dsl,No,Yes,No,Yes,No,No,One Year,No,Mailed Check,35.45,1391.65
1582-RAFML,Male,0,No,No,1,Yes,Yes,Dsl,No,Yes,No,Yes,No,No,Month-To-Month,No,Mailed Check,60.1,60.1
4818-DRBQT,Male,0,Yes,No,29,Yes,Yes,Fiber Optic,No,Yes,No,No,No,No,Month-To-Month,Yes,Bank Transfer (Automatic),80.15,2265.25
0442-TDYUO,Male,0,Yes,No,48,Yes,No,No,No internet service,No internet service,No internet service,No internet service,No internet service,No internet service,Two Year,Yes,Mailed Check,20.05,1036.0
4012-YCFAI,Male,0,Yes,No,60,Yes,No,Dsl,Yes,Yes,No,Yes,No,No,Two Year,Yes,Mailed Check,61.35,3766.2
1904-WAJAA,Female,0,Yes,Yes,24,Yes,Yes,Dsl,Yes,Yes,Yes,No,No,No,Two Year,No,Electronic Check,64.35,1558.65
4043-MKDTV,Male,0,Yes,No,71,Yes,No,Fiber Optic,No,Yes,Yes,Yes,Yes,Yes,Two Year,Yes,Electronic Check,105.25,7291.75
3758-CKOQL,Female,0,Yes,No,59,Yes,Yes,Fiber Optic,Yes,Yes,Yes,Yes,No,Yes,One Year,Yes,Credit Card (Automatic),107.0,6152.3
8404-GFGCZ,Male,0,Yes,No,4,Yes,Yes,Dsl,No,No,Yes,No,Yes,No,Month-To-Month,No,Electronic Check,65.6,250.1
6210-KBBPI,Male,1,No,No,9,Yes,Yes,Fiber Optic,No,Yes,No,No,Yes,Yes,Month-To-Month,Yes,Credit Card (Automatic),99.45,919.4
8993-IZEUX,Male,0,No,No,7,Yes,No,Fiber Optic,No,No,No,No,No,No,Month-To-Month,No,Bank Transfer (Automatic),69.15,488.65
2519-FAKOD,Male,0,No,Yes,38,Yes,Yes,Fiber Optic,No,No,Yes,No,Yes,Yes,Month-To-Month,Yes,Bank Transfer (Automatic),99.25,3777.15
1945-XISKS,Female,0,Yes,No,67,Yes,No,No,No internet service,No internet service,No internet service,No internet service,No internet service,No internet service,Two Year,No,Mailed Check,19.65,1335.2
0058-EVZWM,Female,0,Yes,No,55,Yes,Yes,Fiber Optic,Yes,No,No,No,Yes,No,Month-To-Month,Yes,Bank Transfer (Automatic),89.8,4959.6
0137-UDEUO,Female,0,No,No,3,Yes,No,No,No internet service,No internet service,No internet service,No internet service,No internet service,No internet service,Month-To-Month,No,Mailed Check,19.85,63.75
7011-CVEUC,Male,0,Yes,No,25,Yes,No,Fiber Optic,No,No,No,Yes,Yes,Yes,Month-To-Month,Yes,Credit Card (Automatic),95.7,2338.35
1304-BCCFO,Male,0,Yes,No,9,Yes,No,Dsl,No,No,Yes,No,Yes,Yes,Month-To-Month,Yes,Mailed Check,70.05,564.4
4201-JMNGR,Female,1,No,No,1,Yes,No,Dsl,Yes,No,Yes,No,No,No,Month-To-Month,Yes,Electronic Check,55.8,55.8
4256-ZWTZI,Female,0,No,Yes,5,Yes,No,Dsl,No,No,No,Yes,No,No,Month-To-Month,Yes,Mailed Check,51.0,286.8
2434-EEVDB,Female,0,Yes,No,64,Yes,Yes,Fiber Optic,Yes,No,Yes,No,Yes,No,Two Year,Yes,Credit Card (Automatic),94.6,5948.7
7314-OXENN,Male,0,No,No,2,Yes,Yes,Fiber Optic,No,Yes,No,No,No,No,Month-To-Month,Yes,Electronic Check,82.0,184.65
0076-LVEPS,Male,0,No,Yes,29,No,No phone service,Dsl,Yes,Yes,Yes,Yes,No,No,Month-To-Month,Yes,Mailed Check,45.0,1242.45
9497-QCMMS,Male,1,No,No,1,Yes,Yes,Fiber Optic,No,No,No,No,Yes,Yes,Month-To-Month,Yes,Electronic Check,93.55,93.55
8097-VBQTZ,Male,0,No,No,54,Yes,No,Dsl,Yes,Yes,No,Yes,Yes,No,Month-To-Month,Yes,Mailed Check,69.9,3883.3
6087-MVHJH,Female,0,No,No,16,Yes,Yes,Fiber Optic,No,No,Yes,No,No,Yes,Month-To-Month,Yes,Electronic Check,88.45,1422.1
3316-UWXUY,Male,0,No,No,50,Yes,No,Fiber Optic,Yes,Yes,No,Yes,No,Yes,Month-To-Month,Yes,Credit Card (Automatic),93.5,4747.5
4078-SAYYN,Female,0,No,No,11,Yes,Yes,Fiber Optic,No,No,Yes,No,Yes,Yes,Month-To-Month,Yes,Electronic Check,100.75,1129.75
8722-PRFDV,Female,0,Yes,Yes,71,Yes,No,Dsl,Yes,No,Yes,No,Yes,Yes,Two Year,No,Credit Card (Automatic),77.55,5574.35
1159-WFSGR,Female,0,Yes,Yes,16,Yes,No,No,No internet service,No internet service,No internet service,No internet service,No internet service,No internet service,Month-To-Month,No,Electronic Check,20.4,321.4
7176-WIONM,Female,0,Yes,No,12,No,No phone service,Dsl,No,No,Yes,No,Yes,Yes,Month-To-Month,Yes,Bank Transfer (Automatic),49.85,617.15
5465-BUBFA,Female,0,Yes,Yes,41,Yes,No,No,No internet service,No internet service,No internet service,No internet service,No internet service,No internet service,Two Year,No,Bank Transfer (Automatic),19.3,772.4
9576-SYUHJ,Male,0,No,No,37,Yes,Yes,Fiber Optic,Yes,No,No,No,Yes,No,Month-To-Month,Yes,Electronic Check,91.15,3369.25
0289-IVARM,Female,0,No,No,35,Yes,No,Dsl,Yes,Yes,Yes,No,No,No,Month-To-Month,No,Electronic Check,60.55,1982.6
6878-GGDWG,Female,0,Yes,No,32,Yes,No,No,No internet service,No internet service,No internet service,No internet service,No internet service,No internet service,Month-To-Month,No,Bank Transfer (Automatic),19.4,641.15
1915-IOFGU,Female,0,No,No,1,Yes,No,Fiber Optic,No,No,No,No,No,No,Month-To-Month,No,Electronic Check,70.5,70.5
4973-MGTON,Female,0,Yes,No,71,Yes,No,Dsl,Yes,Yes,Yes,Yes,Yes,Yes,Two Year,Yes,Credit Card (Automatic),84.4,5969.3
6855-VLGOS,Male,0,Yes,Yes,72,Yes,No,No,No internet service,No internet service,No internet service,No internet service,No internet service,No internet service,Two Year,No,Electronic Check,20.55,1432.55
0835-DUUIQ,Female,0,No,Yes,24,Yes,No,No,No internet service,No internet service,No internet service,No internet service,No internet service,No internet service,One Year,No,Bank Transfer (Automatic),21.05,531.55
1492-QGCLU,Male,0,Yes,Yes,53,Yes,Yes,Dsl,Yes,No,Yes,Yes,Yes,Yes,Month-To-Month,No,Electronic Check,85.7,4616.1
7190-XHTWJ,Female,0,No,No,38,Yes,No,No,No internet service,No internet service,No internet service,No internet service,No internet service,No internet service,One Year,No,Mailed Check,19.3,755.5
5989-AXPUC,Female,0,Yes,No,68,Yes,Yes,Fiber Optic,Yes,Yes,Yes,Yes,Yes,Yes,Two Year,No,Mailed Check,118.6,7990.05
9496-IVVRP,Female,0,Yes,Yes,11,Yes,No,Dsl,Yes,No,No,No,No,No,Month-To-Month,No,Bank Transfer (Automatic),51.0,581.7
2809-ILCYT,Female,0,Yes,No,25,Yes,Yes,No,No internet service,No internet service,No internet service,No internet service,No internet service,No internet service,One Year,Yes,Mailed Check,26.8,733.55
7601-DHFWZ,Female,0,No,No,48,Yes,Yes,No,No internet service,No internet service,No internet service,No internet service,No internet service,No internet service,Two Year,No,Credit Card (Automatic),24.0,1183.05
4732-RRJZC,Male,0,Yes,Yes,7,Yes,No,No,No internet service,No internet service,No internet service,No internet service,No internet service,No internet service,Month-To-Month,No,Mailed Check,20.15,144.35
8919-FYFQZ,Male,1,Yes,No,44,No,No phone service,Dsl,No,Yes,No,No,No,No,Month-To-Month,Yes,Electronic Check,30.35,1359.7
0536-ESJEP,Male,0,Yes,No,54,Yes,No,Dsl,Yes,Yes,No,No,Yes,Yes,Two Year,Yes,Bank Transfer (Automatic),56.05,4191.45
2296-DKZFP,Female,0,Yes,No,65,Yes,No,Dsl,Yes,Yes,Yes,No,No,Yes,Two Year,No,Bank Transfer (Automatic),71.0,4386.2
9418-RUKPH,Female,0,Yes,Yes,38,Yes,No,No,No internet service,No internet service,No internet service,No internet service,No internet service,No internet service,Two Year,Yes,Mailed Check,19.95,756.4
6075-SLNIL,Male,0,No,No,38,Yes,Yes,Fiber Optic,No,Yes,Yes,No,No,Yes,Month-To-Month,Yes,Credit Card (Automatic),95.1,3691.2
1139-WUOAH,Male,0,No,No,57,No,No phone service,Dsl,No,No,Yes,Yes,Yes,Yes,Two Year,No,Credit Card (Automatic),53.35,3090.05
6993-OHLXR,Female,0,No,No,2,Yes,No,Fiber Optic,No,No,No,No,No,No,Month-To-Month,No,Electronic Check,68.95,119.75
6633-SYEUS,Female,0,No,No,23,Yes,No,Fiber Optic,No,Yes,Yes,Yes,No,No,Month-To-Month,No,Bank Transfer (Automatic),83.2,2032.3
1716-LSAMB,Male,0,Yes,Yes,45,Yes,No,Dsl,Yes,No,No,Yes,No,No,Two Year,No,Bank Transfer (Automatic),54.65,2553.7
9495-REDIY,Male,0,No,Yes,25,No,No phone service,Dsl,Yes,No,No,No,Yes,No,One Year,Yes,Credit Card (Automatic),40.65,970.55
7009-LGECI,Female,0,No,No,4,Yes,No,Dsl,Yes,No,No,No,No,No,Month-To-Month,Yes,Bank Transfer (Automatic),50.55,235.65
3521-MNKLV,Male,0,No,No,24,Yes,No,Dsl,No,No,Yes,No,No,No,Month-To-Month,Yes,Mailed Check,49.7,1167.8
2691-NZETQ,Male,0,No,No,9,Yes,Yes,Fiber Optic,No,No,No,No,Yes,No,Month-To-Month,Yes,Electronic Check,91.65,758.6
8336-TAVKX,Female,1,Yes,No,72,Yes,Yes,Dsl,Yes,Yes,Yes,Yes,No,Yes,Two Year,No,Bank Transfer (Automatic),78.45,5682.25
0529-ONKER,Male,1,No,No,15,Yes,Yes,Fiber Optic,No,No,No,No,No,No,Month-To-Month,No,Electronic Check,75.65,1146.65
0909-SDHNU,Female,0,No,Yes,7,No,No phone service,Dsl,Yes,No,No,No,No,No,Month-To-Month,No,Mailed Check,29.8,201.95
5135-GRQJV,Male,1,Yes,No,72,Yes,Yes,Fiber Optic,Yes,Yes,Yes,Yes,Yes,Yes,Two Year,Yes,Mailed Check,114.5,8331.95
1422-DGUBX,Male,0,Yes,No,32,Yes,Yes,Fiber Optic,No,No,No,Yes,No,No,One Year,Yes,Electronic Check,79.25,2619.15
2469-DTSGX,Female,1,No,No,72,Yes,Yes,Fiber Optic,No,Yes,Yes,Yes,Yes,Yes,Two Year,No,Electronic Check,111.65,7943.45
2640-PMGFL,Male,0,No,Yes,27,Yes,Yes,Fiber Optic,No,No,No,Yes,No,No,Month-To-Month,Yes,Electronic Check,79.5,2180.55
5980-NOPLP,Female,0,Yes,No,44,Yes,Yes,Fiber Optic,No,No,No,No,Yes,Yes,Month-To-Month,Yes,Electronic Check,96.1,4364.1
1471-GIQKQ,Female,0,No,No,1,Yes,No,Dsl,No,Yes,No,No,No,No,Month-To-Month,No,Electronic Check,49.95,49.95
8747-UDCOI,Female,0,Yes,No,65,Yes,No,No,No internet service,No internet service,No internet service,No internet service,No internet service,No internet service,Two Year,No,Bank Transfer (Automatic),19.35,1319.95
7242-EDTYC,Male,0,No,Yes,44,Yes,No,No,No internet service,No internet service,No internet service,No internet service,No internet service,No internet service,Two Year,No,Bank Transfer (Automatic),19.55,819.95
7841-TZDMQ,Male,0,No,No,2,Yes,No,Dsl,No,No,No,No,No,No,Month-To-Month,Yes,Credit Card (Automatic),46.0,84.5
5859-HZYLF,Male,0,Yes,Yes,26,Yes,No,No,No internet service,No internet service,No internet service,No internet service,No internet service,No internet service,Two Year,Yes,Credit Card (Automatic),19.15,515.75
8821-KVZKQ,Female,0,Yes,Yes,70,No,No phone service,Dsl,No,Yes,Yes,Yes,Yes,Yes,One Year,Yes,Bank Transfer (Automatic),58.4,4113.15
2987-BJXIK,Female,0,No,No,70,Yes,Yes,Dsl,Yes,Yes,Yes,No,Yes,Yes,Two Year,No,Mailed Check,84.7,5991.05
5153-LXKDT,Male,0,Yes,Yes,68,Yes,Yes,Fiber Optic,Yes,Yes,Yes,No,Yes,Yes,Two Year,Yes,Electronic Check,110.2,7467.5
9588-OZDMQ,Female,0,Yes,No,2,Yes,No,Dsl,No,No,No,No,No,No,Month-To-Month,Yes,Electronic Check,45.0,89.75
7596-IIWYC,Female,0,No,No,27,Yes,No,No,No internet service,No internet service,No internet service,No internet service,No internet service,No internet service,Two Year,Yes,Bank Transfer (Automatic),20.25,538.2
5370-IIVVL,Male,0,No,No,37,Yes,Yes,Fiber Optic,No,Yes,No,Yes,Yes,Yes,One Year,Yes,Credit Card (Automatic),104.5,3778.0
0956-ACVZC,Female,0,No,No,54,Yes,No,Fiber Optic,No,No,Yes,No,Yes,Yes,One Year,Yes,Credit Card (Automatic),94.1,5060.9
0689-NKYLF,Male,0,No,No,13,Yes,No,Fiber Optic,No,No,Yes,No,Yes,No,Month-To-Month,Yes,Electronic Check,83.2,1060.6
8388-DMKAE,Female,0,No,No,8,Yes,No,No,No internet service,No internet service,No internet service,No internet service,No internet service,No internet service,Two Year,No,Mailed Check,20.25,174.65
3347-YJZZE,Male,0,Yes,Yes,29,Yes,Yes,Dsl,No,Yes,Yes,No,Yes,Yes,Month-To-Month,No,Credit Card (Automatic),80.1,2211.8
8053-WWDRO,Female,0,Yes,No,6,Yes,No,No,No internet service,No internet service,No internet service,No internet service,No internet service,No internet service,Month-To-Month,No,Bank Transfer (Automatic),19.5,146.3
0319-QZTCO,Female,0,Yes,Yes,3,Yes,No,Dsl,No,Yes,No,No,Yes,No,Month-To-Month,Yes,Credit Card (Automatic),58.7,168.6
8681-ICONS,Male,0,Yes,Yes,29,Yes,No,No,No internet service,No internet service,No internet service,No internet service,No internet service,No internet service,Month-To-Month,Yes,Mailed Check,20.65,654.85
9029-FEGVJ,Female,1,Yes,No,32,Yes,Yes,Fiber Optic,No,No,Yes,No,No,No,Month-To-Month,No,Mailed Check,79.3,2570.0
2599-CZABP,Male,0,Yes,No,14,Yes,No,Dsl,No,No,No,No,No,No,One Year,No,Electronic Check,44.6,641.25
9065-ZCPQX,Male,0,Yes,No,72,Yes,Yes,Dsl,Yes,Yes,Yes,Yes,No,Yes,Two Year,No,Bank Transfer (Automatic),78.85,5763.15
4307-KWMXE,Male,0,No,No,10,No,No phone service,Dsl,No,Yes,No,Yes,No,No,Month-To-Month,No,Electronic Check,35.75,389.8
8901-HJXTF,Female,0,Yes,Yes,12,No,No phone service,Dsl,No,Yes,No,No,No,No,Month-To-Month,No,Mailed Check,29.2,309.1
9867-NNXLC,Female,0,No,No,22,Yes,No,No,No internet service,No internet service,No internet service,No internet service,No internet service,No internet service,Month-To-Month,Yes,Mailed Check,20.05,470.2
5299-SJCZT,Male,0,No,No,3,Yes,Yes,Fiber Optic,No,No,Yes,No,Yes,Yes,Month-To-Month,Yes,Bank Transfer (Automatic),101.55,298.35
7247-XOZPB,Male,0,Yes,No,53,Yes,Yes,Dsl,Yes,No,Yes,Yes,Yes,No,One Year,No,Bank Transfer (Automatic),77.4,4155.95
7508-DQAKK,Female,0,No,No,64,Yes,Yes,Dsl,Yes,Yes,Yes,Yes,Yes,Yes,Two Year,Yes,Credit Card (Automatic),86.4,5442.05
3855-ONCAR,Female,0,Yes,Yes,4,Yes,No,Fiber Optic,No,No,No,No,Yes,No,Month-To-Month,Yes,Mailed Check,78.9,299.75
6682-VCIXC,Female,0,Yes,Yes,43,No,No phone service,Dsl,Yes,Yes,No,Yes,Yes,No,One Year,Yes,Bank Transfer (Automatic),51.25,2151.6
9770-LXDBK,Female,0,No,No,3,Yes,No,No,No internet service,No internet service,No internet service,No internet service,No internet service,No internet service,Month-To-Month,No,Mailed Check,20.4,63.15
4776-XSKYQ,Female,0,Yes,Yes,12,No,No phone service,Dsl,No,No,No,Yes,No,No,One Year,No,Credit Card (Automatic),30.25,368.85
9708-KFDBY,Male,0,No,No,1,Yes,No,No,No internet service,No internet service,No internet service,No internet service,No internet service,No internet service,Month-To-Month,No,Credit Card (Automatic),20.55,20.55
2372-HWUHI,Male,0,No,No,2,Yes,No,Dsl,No,No,No,No,No,No,Month-To-Month,No,Electronic Check,44.35,81.25
5816-SCGFC,Female,1,No,No,7,Yes,No,Dsl,No,Yes,No,No,No,No,Month-To-Month,Yes,Mailed Check,51.3,419.35
4291-HPAXL,Male,0,No,Yes,1,Yes,No,No,No internet service,No internet service,No internet service,No internet service,No internet service,No internet service,Month-To-Month,No,Mailed Check,19.85,19.85
4680-KUTAJ,Female,1,No,No,11,Yes,Yes,Dsl,Yes,No,No,No,No,No,Month-To-Month,Yes,Electronic Check,55.6,580.8
7873-CVMAW,Male,0,No,No,72,Yes,Yes,Dsl,Yes,Yes,Yes,Yes,Yes,Yes,Two Year,No,Credit Card (Automatic),88.55,6362.35
0679-IDSTG,Female,1,Yes,Yes,1,Yes,No,Fiber Optic,No,No,No,No,No,No,Month-To-Month,Yes,Electronic Check,69.25,69.25
5753-QQWPW,Female,0,No,No,28,Yes,No,Dsl,Yes,Yes,No,Yes,No,No,One Year,Yes,Electronic Check,59.9,1654.7
6319-QSUSR,Female,0,No,Yes,11,Yes,No,No,No internet service,No internet service,No internet service,No internet service,No internet service,No internet service,Month-To-Month,No,Credit Card (Automatic),19.7,216.2
2190-BCXEC,Female,0,Yes,No,40,Yes,Yes,Fiber Optic,No,No,No,Yes,No,No,Month-To-Month,Yes,Credit Card (Automatic),78.85,3126.85
8401-EMUWF,Male,0,Yes,Yes,42,Yes,Yes,Dsl,Yes,Yes,No,No,Yes,No,Month-To-Month,Yes,Bank Transfer (Automatic),69.4,3058.3
0336-KXKFK,Male,0,No,No,72,No,No phone service,Dsl,Yes,No,Yes,Yes,Yes,Yes,Two Year,Yes,Credit Card (Automatic),61.2,4390.25
9348-ROUAI,Female,0,Yes,Yes,59,Yes,Yes,Dsl,Yes,Yes,Yes,Yes,Yes,Yes,Two Year,No,Credit Card (Automatic),90.3,5194.05
9137-UIYPG,Female,0,Yes,Yes,35,Yes,No,Fiber Optic,Yes,No,Yes,Yes,Yes,Yes,Month-To-Month,Yes,Electronic Check,106.9,3756.45
0455-XFASS,Female,0,Yes,Yes,3,Yes,No,Fiber Optic,No,No,No,No,No,No,Month-To-Month,Yes,Electronic Check,69.55,200.2
8967-SZQAS,Female,0,No,No,14,Yes,No,Dsl,No,Yes,No,No,No,No,Month-To-Month,No,Electronic Check,50.45,765.45
3549-ZTMNH,Male,0,Yes,Yes,12,Yes,Yes,No,No internet service,No internet service,No internet service,No internet service,No internet service,No internet service,Two Year,Yes,Bank Transfer (Automatic),24.0,269.65
2346-LOCWC,Female,0,Yes,Yes,58,Yes,No,No,No internet service,No internet service,No internet service,No internet service,No internet service,No internet service,Two Year,No,Credit Card (Automatic),20.5,1191.4
8822-KNBHV,Female,0,No,No,48,Yes,Yes,Dsl,Yes,Yes,Yes,No,Yes,Yes,One Year,Yes,Credit Card (Automatic),83.45,3887.85
5074-FBGHB,Male,0,No,No,64,Yes,Yes,Fiber Optic,No,No,Yes,Yes,Yes,Yes,One Year,Yes,Credit Card (Automatic),104.65,6889.8
7054-DMVAS,Male,0,No,No,54,Yes,No,Dsl,Yes,Yes,No,No,Yes,No,Two Year,Yes,Bank Transfer (Automatic),65.3,3512.9
9593-CVZKR,Female,0,Yes,Yes,56,Yes,Yes,No,No internet service,No internet service,No internet service,No internet service,No internet service,No internet service,Two Year,Yes,Mailed Check,24.45,1385.85
4801-JZAZL,Female,0,Yes,Yes,11,No,No phone service,Dsl,Yes,No,No,No,No,No,Month-To-Month,Yes,Electronic Check,29.6,346.45
7767-UXAGJ,Male,0,No,No,1,Yes,Yes,Dsl,No,No,No,No,No,No,Month-To-Month,Yes,Electronic Check,50.45,50.45
2000-DHJUY,Female,1,Yes,No,70,Yes,Yes,Dsl,Yes,Yes,Yes,Yes,Yes,Yes,Two Year,Yes,Bank Transfer (Automatic),92.2,6474.45
0326-VDYXE,Female,0,Yes,No,70,Yes,Yes,Fiber Optic,No,No,Yes,No,Yes,Yes,One Year,Yes,Electronic Check,97.65,6982.5
7526-IVLYU,Male,0,No,No,3,Yes,No,No,No internet service,No internet service,No internet service,No internet service,No internet service,No internet service,Month-To-Month,Yes,Mailed Check,19.65,68.35
9803-FTJCG,Male,0,Yes,Yes,71,Yes,Yes,Dsl,Yes,Yes,No,Yes,No,No,One Year,Yes,Credit Card (Automatic),66.85,4748.7
9577-WJVCQ,Female,0,No,No,68,Yes,Yes,Dsl,Yes,No,No,No,No,No,Month-To-Month,No,Mailed Check,54.45,3687.75
9391-DXGGG,Female,1,No,No,44,Yes,No,Fiber Optic,No,Yes,Yes,No,No,Yes,One Year,No,Credit Card (Automatic),89.15,3990.75
8165-ZJRNM,Female,0,Yes,Yes,72,Yes,Yes,No,No internet service,No internet service,No internet service,No internet service,No internet service,No internet service,Two Year,No,Bank Transfer (Automatic),23.75,1679.25
2956-GGUCQ,Male,1,Yes,No,24,Yes,Yes,Fiber Optic,Yes,No,No,No,No,No,Month-To-Month,Yes,Electronic Check,78.85,1772.25
4510-HIMLV,Male,0,No,No,1,Yes,No,Fiber Optic,No,No,No,No,No,No,Month-To-Month,Yes,Electronic Check,69.8,69.8
9565-JSNFM,Male,0,No,No,38,Yes,No,Fiber Optic,No,No,No,No,No,No,One Year,Yes,Bank Transfer (Automatic),70.45,2597.6
4397-FRLTA,Female,0,No,No,4,Yes,No,No,No internet service,No internet service,No internet service,No internet service,No internet service,No internet service,Month-To-Month,No,Mailed Check,20.15,84.5
6479-SZPLM,Male,0,Yes,Yes,36,Yes,No,No,No internet service,No internet service,No internet service,No internet service,No internet service,No internet service,Two Year,No,Credit Card (Automatic),19.45,754.5
1535-VTJOQ,Female,0,No,No,24,Yes,Yes,No,No internet service,No internet service,No internet service,No internet service,No internet service,No internet service,Two Year,No,Credit Card (Automatic),25.15,553.0
9233-PSYHO,Female,1,No,No,45,Yes,Yes,Fiber Optic,No,No,Yes,No,Yes,Yes,One Year,Yes,Bank Transfer (Automatic),100.15,4459.8
1432-FPAXX,Female,0,No,No,29,No,No phone service,Dsl,No,Yes,No,No,No,No,Month-To-Month,Yes,Electronic Check,30.6,856.35
0455-ENTCR,Male,0,Yes,No,66,Yes,Yes,Dsl,Yes,Yes,No,Yes,Yes,Yes,Two Year,No,Electronic Check,85.25,5538.35
5298-GSTLM,Female,1,No,No,60,Yes,Yes,Fiber Optic,Yes,No,No,No,Yes,Yes,One Year,Yes,Bank Transfer (Automatic),101.4,6176.6
5575-TPIZQ,Male,0,No,No,46,Yes,Yes,Fiber Optic,Yes,No,No,No,Yes,No,Month-To-Month,Yes,Credit Card (Automatic),89.15,4245.55
6941-PMGEP,Female,0,No,No,5,Yes,No,Fiber Optic,No,No,No,No,No,Yes,Month-To-Month,Yes,Electronic Check,80.0,412.5
6614-YOLAC,Female,0,Yes,Yes,71,No,No phone service,Dsl,Yes,Yes,No,Yes,Yes,Yes,Two Year,No,Mailed Check,58.65,4145.25
2250-IVBWA,Male,0,Yes,Yes,64,Yes,No,Fiber Optic,Yes,Yes,No,No,No,No,Month-To-Month,No,Electronic Check,81.05,5135.35
7675-OZCZG,Female,1,No,No,3,Yes,No,Dsl,No,No,No,No,No,No,Month-To-Month,No,Electronic Check,45.0,127.1
3898-GUYTS,Female,1,No,No,45,Yes,Yes,Fiber Optic,Yes,Yes,No,Yes,Yes,No,Month-To-Month,Yes,Electronic Check,97.05,4385.05
4782-OSFXZ,Female,1,Yes,No,71,Yes,Yes,Dsl,Yes,Yes,Yes,Yes,No,Yes,Two Year,Yes,Bank Transfer (Automatic),82.7,5831.2
4112-LUEIZ,Male,0,No,No,10,Yes,No,Fiber Optic,No,No,No,No,Yes,Yes,Month-To-Month,Yes,Electronic Check,89.5,863.1
7176-WRTNX,Male,0,No,No,70,Yes,Yes,Fiber Optic,Yes,Yes,Yes,Yes,Yes,Yes,Two Year,Yes,Bank Transfer (Automatic),114.95,7711.25
0871-URUWO,Male,0,Yes,No,13,Yes,Yes,Fiber Optic,No,No,Yes,No,Yes,Yes,Month-To-Month,Yes,Credit Card (Automatic),102.25,1359.0
9931-DCEZH,Male,0,No,Yes,28,Yes,No,Dsl,No,Yes,No,Yes,No,No,One Year,Yes,Credit Card (Automatic),54.4,1516.6
5884-FBCTL,Female,0,Yes,Yes,72,Yes,Yes,No,No internet service,No internet service,No internet service,No internet service,No internet service,No internet service,Two Year,No,Bank Transfer (Automatic),25.1,1857.85
2101-RANCD,Female,0,No,No,55,Yes,Yes,Fiber Optic,No,No,No,No,No,No,Month-To-Month,Yes,Electronic Check,73.1,4144.9
5756-OZRIO,Male,1,Yes,No,61,Yes,Yes,Dsl,No,Yes,No,No,No,Yes,One Year,No,Bank Transfer (Automatic),64.05,3902.6
8402-OOOHJ,Female,0,No,No,41,Yes,No,No,No internet service,No internet service,No internet service,No internet service,No internet service,No internet service,Two Year,No,Mailed Check,20.65,835.15
8626-PTQGE,Male,0,No,No,69,No,No phone service,Dsl,Yes,Yes,No,Yes,Yes,Yes,Two Year,Yes,Bank Transfer (Automatic),60.05,4176.7
3877-JRJIP,Male,0,No,No,1,Yes,Yes,Dsl,No,No,No,No,Yes,No,Month-To-Month,Yes,Electronic Check,59.85,59.85
5804-LEPIM,Female,1,No,No,2,Yes,No,Fiber Optic,No,No,No,No,No,No,Month-To-Month,Yes,Electronic Check,70.35,139.05
1488-SYSFC,Male,0,Yes,Yes,31,Yes,No,No,No internet service,No internet service,No internet service,No internet service,No internet service,No internet service,Month-To-Month,Yes,Electronic Check,20.65,702.05
1353-LJWEM,Male,0,No,No,11,Yes,No,Dsl,No,Yes,Yes,Yes,No,No,Month-To-Month,Yes,Electronic Check,60.9,688.5
7310-EGVHZ,Male,0,No,No,1,Yes,No,No,No internet service,No internet service,No internet service,No internet service,No internet service,No internet service,Month-To-Month,No,Bank Transfer (Automatic),20.2,20.2
6408-OTUBZ,Female,0,No,No,66,Yes,Yes,Fiber Optic,Yes,Yes,Yes,Yes,Yes,No,One Year,Yes,Bank Transfer (Automatic),104.55,6779.05
8676-TRMJS,Male,0,No,No,3,Yes,Yes,Fiber Optic,No,No,No,No,No,No,Month-To-Month,No,Mailed Check,75.0,209.1
6508-NJYRO,Male,0,Yes,No,15,Yes,No,No,No internet service,No internet service,No internet service,No internet service,No internet service,No internet service,One Year,No,Mailed Check,18.8,294.95
2774-LVQUS,Female,1,Yes,No,15,Yes,Yes,Fiber Optic,No,No,Yes,Yes,No,No,Month-To-Month,Yes,Electronic Check,83.05,1258.3
8374-UULRV,Male,0,No,No,72,Yes,Yes,Dsl,Yes,Yes,No,Yes,Yes,Yes,Two Year,No,Credit Card (Automatic),86.05,6309.65
5343-SGUBI,Female,0,No,No,52,Yes,Yes,Fiber Optic,No,Yes,No,No,No,No,One Year,Yes,Mailed Check,80.2,4297.6
6688-UZPWD,Female,0,Yes,No,11,Yes,Yes,Fiber Optic,No,Yes,No,No,Yes,Yes,Month-To-Month,Yes,Electronic Check,102.0,1145.35
2828-SLQPF,Male,0,No,No,19,Yes,No,Dsl,No,No,No,No,No,No,Month-To-Month,Yes,Bank Transfer (Automatic),45.0,865.85
8107-RZLNV,Male,0,Yes,No,72,Yes,Yes,Fiber Optic,No,Yes,Yes,No,Yes,Yes,Two Year,Yes,Bank Transfer (Automatic),106.3,7565.35
4423-JWZJN,Male,0,Yes,Yes,64,Yes,Yes,Fiber Optic,No,No,Yes,No,No,Yes,One Year,No,Credit Card (Automatic),90.25,5629.15
7041-TXQJH,Female,0,No,No,37,No,No phone service,Dsl,No,No,Yes,No,No,Yes,Month-To-Month,Yes,Credit Card (Automatic),40.2,1478.85
2788-CJQAQ,Male,0,No,No,13,Yes,No,No,No internet service,No internet service,No internet service,No internet service,No internet service,No internet service,One Year,No,Mailed Check,19.45,270.2
7803-XOCCZ,Female,0,Yes,Yes,52,Yes,No,Fiber Optic,Yes,No,Yes,Yes,No,No,Month-To-Month,Yes,Bank Transfer (Automatic),84.05,4326.8
9695-IDRZR,Female,0,No,Yes,34,Yes,Yes,Fiber Optic,Yes,Yes,Yes,Yes,Yes,Yes,Two Year,Yes,Credit Card (Automatic),116.15,3946.9
9822-BIIGN,Male,0,Yes,Yes,53,Yes,Yes,Dsl,Yes,No,No,Yes,No,Yes,Month-To-Month,No,Electronic Check,71.85,3827.9
3442-ZHHCC,Male,0,No,No,68,Yes,Yes,Dsl,Yes,Yes,Yes,No,No,Yes,One Year,Yes,Credit Card (Automatic),76.9,5023.0
4803-LBYPN,Male,0,Yes,Yes,34,Yes,No,No,No internet service,No internet service,No internet service,No internet service,No internet service,No internet service,Month-To-Month,No,Mailed Check,20.8,635.9
9552-TGUZV,Male,0,Yes,No,8,Yes,No,Fiber Optic,Yes,No,No,No,No,No,Month-To-Month,Yes,Mailed Check,75.0,658.1
9209-NWPGU,Male,0,No,No,44,Yes,No,Dsl,Yes,No,No,Yes,Yes,No,One Year,No,Electronic Check,65.4,2774.55
6048-UWKAL,Female,1,Yes,No,69,Yes,Yes,Fiber Optic,No,Yes,No,Yes,Yes,Yes,Two Year,No,Credit Card (Automatic),105.4,6998.95
9385-NXKDA,Female,0,Yes,No,72,Yes,Yes,Dsl,Yes,Yes,Yes,No,Yes,Yes,Two Year,Yes,Credit Card (Automatic),82.65,5919.35
7377-DMMRI,Male,0,No,No,2,Yes,No,Dsl,Yes,No,No,No,No,No,Month-To-Month,Yes,Electronic Check,47.8,92.45
6097-EQISJ,Female,0,Yes,Yes,66,Yes,Yes,Fiber Optic,No,Yes,Yes,No,Yes,Yes,One Year,Yes,Credit Card (Automatic),102.45,6615.15
6723-WSNTY,Female,1,Yes,No,66,Yes,Yes,Fiber Optic,No,Yes,Yes,Yes,Yes,Yes,One Year,Yes,Credit Card (Automatic),108.1,7181.95
3506-OVLKD,Male,0,No,No,35,Yes,Yes,No,No internet service,No internet service,No internet service,No internet service,No internet service,No internet service,One Year,No,Bank Transfer (Automatic),26.2,954.9
3810-PJUHR,Male,0,Yes,Yes,70,Yes,Yes,No,No internet service,No internet service,No internet service,No internet service,No internet service,No internet service,Two Year,No,Mailed Check,25.35,1715.15
3810-DVDQQ,Female,0,Yes,Yes,72,Yes,Yes,Fiber Optic,Yes,Yes,Yes,Yes,Yes,Yes,Two Year,Yes,Bank Transfer (Automatic),117.6,8308.9
7216-EWTRS,Female,1,Yes,No,1,Yes,Yes,Fiber Optic,No,No,Yes,No,Yes,Yes,Month-To-Month,Yes,Electronic Check,100.8,100.8
4351-QLCSU,Female,0,No,No,1,Yes,No,Dsl,No,No,No,No,Yes,No,Month-To-Month,Yes,Credit Card (Automatic),55.0,55.0
8397-MVTAZ,Male,0,Yes,No,34,Yes,Yes,Fiber Optic,No,No,Yes,No,Yes,Yes,Month-To-Month,Yes,Electronic Check,100.05,3480.0
6595-COKXZ,Female,0,No,No,1,Yes,No,Dsl,No,No,No,No,No,No,Month-To-Month,Yes,Mailed Check,56.05,44.45
3714-NTNFO,Female,0,No,No,49,Yes,Yes,Fiber Optic,No,No,No,No,No,Yes,Month-To-Month,Yes,Electronic Check,84.5,3906.7
0134-XWXCE,Female,1,No,No,44,Yes,No,Dsl,No,No,Yes,Yes,Yes,Yes,One Year,No,Bank Transfer (Automatic),74.85,3268.05
3567-PQTSO,Male,0,Yes,Yes,53,Yes,Yes,Fiber Optic,No,Yes,Yes,No,Yes,Yes,One Year,Yes,Electronic Check,105.25,5576.3
1053-MXTTK,Female,0,Yes,Yes,72,Yes,No,Fiber Optic,Yes,Yes,Yes,Yes,Yes,Yes,Two Year,Yes,Bank Transfer (Automatic),108.65,7726.35
7622-FWGEW,Male,1,Yes,No,56,Yes,No,Dsl,Yes,Yes,Yes,Yes,Yes,Yes,Two Year,Yes,Bank Transfer (Automatic),85.65,4824.45
1557-EMYVT,Female,0,No,No,43,Yes,Yes,Fiber Optic,Yes,Yes,Yes,Yes,Yes,Yes,Two Year,No,Credit Card (Automatic),115.05,4895.1
1850-AKQEP,Male,0,No,Yes,8,Yes,No,No,No internet service,No internet service,No internet service,No internet service,No internet service,No internet service,Month-To-Month,No,Mailed Check,20.35,178.7
8670-ERCJH,Male,0,No,No,72,Yes,Yes,Fiber Optic,Yes,Yes,Yes,Yes,Yes,Yes,Two Year,No,Bank Transfer (Automatic),113.4,8164.1
8917-FAEMR,Female,0,No,No,37,Yes,No,No,No internet service,No internet service,No internet service,No internet service,No internet service,No internet service,Two Year,No,Mailed Check,19.85,784.25
6217-KDYWC,Male,0,No,Yes,57,Yes,No,No,No internet service,No internet service,No internet service,No internet service,No internet service,No internet service,Two Year,Yes,Mailed Check,19.6,1170.55
9057-MSWCO,Male,1,Yes,No,27,No,No phone service,Dsl,Yes,No,No,No,No,No,Month-To-Month,No,Credit Card (Automatic),30.75,805.1
0013-MHZWF,Female,0,No,Yes,9,Yes,No,Dsl,No,No,No,Yes,Yes,Yes,Month-To-Month,Yes,Credit Card (Automatic),69.4,571.45
8685-WHQPW,Female,1,No,No,22,Yes,Yes,Fiber Optic,No,No,No,No,No,No,Month-To-Month,Yes,Bank Transfer (Automatic),74.4,1692.6
0164-XAIRP,Female,0,No,No,24,Yes,No,No,No internet service,No internet service,No internet service,No internet service,No internet service,No internet service,Two Year,Yes,Bank Transfer (Automatic),19.55,470.2
9537-JALFH,Male,0,Yes,Yes,69,Yes,No,No,No internet service,No internet service,No internet service,No internet service,No internet service,No internet service,Two Year,No,Bank Transfer (Automatic),19.9,1356.7
5816-QVHRX,Female,0,No,No,37,Yes,Yes,Fiber Optic,No,No,No,Yes,Yes,Yes,Month-To-Month,No,Credit Card (Automatic),100.3,3541.4
7693-LCKZL,Male,0,Yes,Yes,5,Yes,Yes,Fiber Optic,No,Yes,No,No,No,No,Month-To-Month,Yes,Electronic Check,80.15,385.0
1573-LGXBA,Male,0,Yes,Yes,57,Yes,No,Fiber Optic,No,Yes,Yes,No,Yes,Yes,One Year,Yes,Credit Card (Automatic),97.55,5598.0
3569-EDBPQ,Female,0,No,No,24,Yes,Yes,Fiber Optic,Yes,No,No,Yes,No,No,Month-To-Month,Yes,Electronic Check,84.35,1938.05
3370-HXOPH,Female,0,No,No,3,Yes,Yes,Fiber Optic,No,No,No,No,No,No,Month-To-Month,No,Electronic Check,76.1,257.6
0004-TLHLJ,Male,0,No,No,4,Yes,No,Fiber Optic,No,No,Yes,No,No,No,Month-To-Month,Yes,Electronic Check,73.9,280.85
2815-CPTUL,Male,1,No,No,5,Yes,No,Fiber Optic,No,No,No,No,No,No,Month-To-Month,Yes,Mailed Check,70.25,331.9
3988-RQIXO,Female,1,No,No,1,Yes,No,Fiber Optic,No,No,No,No,Yes,Yes,Month-To-Month,Yes,Electronic Check,91.3,91.3
7658-UYUQS,Male,1,Yes,No,21,Yes,No,Fiber Optic,No,No,Yes,No,Yes,No,Month-To-Month,No,Bank Transfer (Automatic),86.55,1857.25
8966-OIQHG,Female,0,Yes,Yes,22,Yes,No,No,No internet service,No internet service,No internet service,No internet service,No internet service,No internet service,One Year,No,Bank Transfer (Automatic),20.75,452.35
6122-EFVKN,Male,0,No,Yes,24,No,No phone service,Dsl,Yes,No,No,Yes,No,No,Two Year,No,Mailed Check,35.75,830.8
7623-HKYRK,Male,0,No,Yes,6,Yes,No,No,No internet service,No internet service,No internet service,No internet service,No internet service,No internet service,Month-To-Month,No,Mailed Check,19.7,111.65
4334-HOWRP,Male,1,Yes,No,72,No,No phone service,Dsl,Yes,Yes,Yes,Yes,Yes,Yes,Two Year,Yes,Credit Card (Automatic),64.95,4546.0
6950-TWMYB,Male,0,Yes,Yes,54,Yes,No,Fiber Optic,No,Yes,No,Yes,No,No,Two Year,Yes,Bank Transfer (Automatic),79.95,4362.05
4307-KTUMW,Male,0,Yes,No,53,Yes,Yes,Fiber Optic,Yes,No,Yes,No,No,Yes,Month-To-Month,No,Electronic Check,93.9,5029.2
0536-ACXIP,Female,0,Yes,No,72,Yes,Yes,Fiber Optic,Yes,Yes,Yes,No,Yes,Yes,Two Year,Yes,Electronic Check,109.55,8165.1
6572-ADKRS,Female,0,No,No,46,Yes,No,Fiber Optic,No,No,Yes,No,No,No,Month-To-Month,Yes,Credit Card (Automatic),74.8,3548.3
5945-AZYHT,Male,0,Yes,No,71,Yes,Yes,Fiber Optic,Yes,Yes,Yes,No,Yes,Yes,One Year,Yes,Electronic Check,109.6,7854.15
4183-WCSEP,Male,0,No,No,31,Yes,No,Fiber Optic,No,Yes,No,Yes,No,No,Month-To-Month,Yes,Electronic Check,78.45,2435.15
5698-BQJOH,Female,0,No,No,9,Yes,Yes,Fiber Optic,No,No,No,No,Yes,Yes,Month-To-Month,No,Electronic Check,94.4,857.25
1302-UHBDD,Male,1,No,No,20,Yes,No,Fiber Optic,No,No,No,No,Yes,Yes,Month-To-Month,No,Electronic Check,89.95,1648.45
7033-CLAMM,Female,0,Yes,Yes,48,Yes,No,No,No internet service,No internet service,No internet service,No internet service,No internet service,No internet service,Two Year,No,Bank Transfer (Automatic),20.2,1027.25
1559-DTODC,Male,0,No,No,19,No,No phone service,Dsl,No,No,No,No,No,No,Month-To-Month,Yes,Bank Transfer (Automatic),25.15,468.35
7854-EKTJL,Female,0,No,Yes,2,Yes,No,No,No internet service,No internet service,No internet service,No internet service,No internet service,No internet service,Month-To-Month,Yes,Electronic Check,19.6,35.85
7452-FOLON,Male,0,No,Yes,39,Yes,Yes,No,No internet service,No internet service,No internet service,No internet service,No internet service,No internet service,One Year,No,Bank Transfer (Automatic),25.45,958.45
2937-FTHUR,Female,0,No,Yes,18,Yes,Yes,Dsl,Yes,No,No,No,No,Yes,Month-To-Month,No,Electronic Check,64.8,1166.7
8861-HGGKB,Female,0,No,No,10,Yes,Yes,Fiber Optic,No,No,No,No,No,Yes,Month-To-Month,No,Electronic Check,86.45,830.85
6475-VHUIZ,Female,0,Yes,No,23,Yes,No,Dsl,No,No,Yes,Yes,No,No,Month-To-Month,No,Electronic Check,54.25,1221.55
2799-TSLAG,Female,0,Yes,Yes,65,Yes,Yes,No,No internet service,No internet service,No internet service,No internet service,No internet service,No internet service,Two Year,Yes,Bank Transfer (Automatic),25.3,1748.55
6112-KTHFQ,Female,0,No,No,13,Yes,No,No,No internet service,No internet service,No internet service,No internet service,No internet service,No internet service,Month-To-Month,Yes,Mailed Check,19.3,279.3
8993-PHFWD,Female,0,No,No,3,No,No phone service,Dsl,No,No,No,No,No,No,Month-To-Month,No,Electronic Check,25.25,58.9
8331-ZXFOE,Female,0,No,No,58,Yes,Yes,Dsl,Yes,Yes,Yes,Yes,No,No,One Year,Yes,Credit Card (Automatic),71.1,4299.2
5816-JMLGY,Female,0,Yes,Yes,70,Yes,No,Dsl,No,Yes,Yes,Yes,Yes,Yes,Two Year,Yes,Bank Transfer (Automatic),80.4,5717.85
0533-BNWKF,Female,1,Yes,No,55,Yes,Yes,Fiber Optic,No,Yes,Yes,No,No,No,Month-To-Month,Yes,Electronic Check,85.45,4874.7
7356-IWLFW,Male,0,Yes,Yes,46,Yes,Yes,Fiber Optic,No,Yes,No,No,No,No,Month-To-Month,Yes,Bank Transfer (Automatic),80.0,3769.7
4918-FYJNT,Female,1,Yes,No,55,Yes,Yes,Fiber Optic,No,Yes,Yes,Yes,No,No,Month-To-Month,No,Electronic Check,90.45,5044.8
3569-JFODW,Female,0,Yes,Yes,72,Yes,Yes,Dsl,Yes,Yes,Yes,Yes,Yes,Yes,Two Year,No,Credit Card (Automatic),90.95,6652.45
6366-XIVKZ,Female,0,Yes,Yes,13,Yes,No,Dsl,Yes,No,Yes,No,No,Yes,Month-To-Month,Yes,Mailed Check,63.15,816.8
6581-NQCBA,Female,0,Yes,No,16,No,No phone service,Dsl,No,No,No,Yes,Yes,Yes,Month-To-Month,Yes,Electronic Check,49.95,810.2
0111-KLBQG,Male,1,Yes,Yes,32,Yes,No,Fiber Optic,No,Yes,No,No,Yes,Yes,Month-To-Month,Yes,Mailed Check,93.95,2861.45
0274-JKUJR,Male,0,Yes,Yes,7,No,No phone service,Dsl,Yes,Yes,Yes,No,Yes,Yes,Month-To-Month,No,Mailed Check,58.85,465.7
2234-XADUH,Female,0,Yes,Yes,72,Yes,Yes,Fiber Optic,No,Yes,Yes,No,Yes,Yes,One Year,Yes,Credit Card (Automatic),103.2,7362.9
9274-CNFMO,Male,1,Yes,No,4,Yes,Yes,Fiber Optic,No,No,No,No,No,No,Month-To-Month,No,Electronic Check,74.95,308.7
2237-ZFSMY,Female,0,No,No,39,Yes,No,Fiber Optic,Yes,No,Yes,Yes,Yes,No,One Year,Yes,Electronic Check,95.55,3692.85
6778-EICRF,Male,0,Yes,Yes,24,Yes,Yes,Dsl,Yes,No,No,No,Yes,Yes,One Year,No,Mailed Check,74.8,1821.2
4959-JOSRX,Female,0,Yes,No,2,Yes,No,Dsl,No,No,No,No,No,No,Month-To-Month,Yes,Credit Card (Automatic),44.6,80.55
1122-JWTJW,Male,0,Yes,Yes,1,Yes,No,Fiber Optic,No,No,No,No,No,No,Month-To-Month,Yes,Mailed Check,70.65,70.65
6087-YPWHO,Male,0,Yes,No,72,Yes,Yes,Dsl,Yes,Yes,Yes,Yes,No,No,Two Year,No,Mailed Check,68.15,4808.7
8219-VYBVI,Male,0,No,Yes,39,Yes,Yes,No,No internet service,No internet service,No internet service,No internet service,No internet service,No internet service,Two Year,No,Mailed Check,25.0,1004.35
1226-IENZN,Male,1,No,No,16,Yes,No,Fiber Optic,No,No,No,No,No,Yes,Month-To-Month,Yes,Electronic Check,78.75,1218.25
8903-XEBGX,Male,0,No,Yes,2,Yes,No,Dsl,No,No,No,No,No,Yes,Month-To-Month,Yes,Electronic Check,55.3,108.65
5760-FXFVO,Male,0,No,No,6,Yes,No,Fiber Optic,Yes,Yes,No,No,No,No,Month-To-Month,Yes,Electronic Check,78.95,494.95
7240-ETPTR,Female,0,Yes,No,9,No,No phone service,Dsl,No,No,Yes,No,Yes,Yes,Month-To-Month,Yes,Electronic Check,48.75,442.2
9837-FWLCH,Male,0,Yes,Yes,12,Yes,No,No,No internet service,No internet service,No internet service,No internet service,No internet service,No internet service,Month-To-Month,Yes,Electronic Check,19.2,239.0
6762-NSODU,Female,0,Yes,Yes,46,Yes,No,No,No internet service,No internet service,No internet service,No internet service,No internet service,No internet service,Two Year,No,Credit Card (Automatic),19.4,958.15
2967-MXRAV,Male,0,Yes,Yes,1,Yes,No,No,No internet service,No internet service,No internet service,No internet service,No internet service,No internet service,One Year,No,Mailed Check,18.8,18.8
4422-QVIJA,Female,0,No,Yes,35,Yes,Yes,Dsl,No,No,No,No,No,No,Month-To-Month,No,Mailed Check,50.15,1655.35
6369-MCAKO,Female,0,Yes,Yes,68,Yes,Yes,Dsl,Yes,Yes,Yes,Yes,Yes,Yes,Two Year,Yes,Bank Transfer (Automatic),89.05,6185.8
4083-EUGRJ,Male,0,No,No,9,Yes,No,No,No internet service,No internet service,No internet service,No internet service,No internet service,No internet service,Month-To-Month,No,Mailed Check,20.25,178.5
6174-NRBTZ,Male,0,No,No,46,No,No phone service,Dsl,Yes,No,No,No,No,No,One Year,Yes,Bank Transfer (Automatic),30.75,1489.3
6388-TABGU,Male,0,No,Yes,62,Yes,No,Dsl,Yes,Yes,No,No,No,No,One Year,No,Bank Transfer (Automatic),56.15,3487.95
9831-BPFRI,Female,0,Yes,Yes,39,Yes,Yes,Fiber Optic,No,Yes,Yes,Yes,No,No,One Year,Yes,Electronic Check,89.55,3474.45
2017-CCBLH,Female,0,No,No,8,Yes,No,No,No internet service,No internet service,No internet service,No internet service,No internet service,No internet service,Two Year,No,Mailed Check,20.0,141.6
2482-CZGBB,Male,0,No,No,10,Yes,No,Fiber Optic,No,No,No,No,No,No,Month-To-Month,Yes,Electronic Check,70.0,740.0
4847-QNOKA,Female,0,No,No,1,Yes,No,Dsl,No,No,No,No,No,No,Month-To-Month,Yes,Bank Transfer (Automatic),44.9,44.9
4074-SJFFA,Female,0,No,No,1,Yes,No,Dsl,No,No,No,No,No,Yes,Month-To-Month,Yes,Mailed Check,54.75,54.75
9778-OGKQZ,Male,0,Yes,No,72,Yes,Yes,Dsl,Yes,Yes,Yes,Yes,Yes,Yes,Two Year,Yes,Credit Card (Automatic),92.0,6782.15
1452-XRSJV,Female,0,Yes,Yes,39,Yes,No,Dsl,Yes,No,No,No,No,No,Month-To-Month,No,Credit Card (Automatic),51.05,2066.0
4806-KEXQR,Male,0,No,No,4,Yes,No,Fiber Optic,No,No,No,No,No,Yes,Month-To-Month,Yes,Electronic Check,79.9,324.3
1722-LDZJS,Male,0,Yes,Yes,53,Yes,No,No,No internet service,No internet service,No internet service,No internet service,No internet service,No internet service,One Year,No,Credit Card (Automatic),20.2,1068.15
4282-ACRXS,Male,1,Yes,No,38,No,No phone service,Dsl,No,No,No,No,No,No,Month-To-Month,Yes,Electronic Check,24.85,955.75
5380-AFSSK,Female,0,No,No,5,Yes,Yes,Fiber Optic,No,No,No,No,Yes,Yes,Month-To-Month,Yes,Mailed Check,93.9,486.85
6211-WWLTF,Male,0,Yes,No,63,Yes,No,Fiber Optic,Yes,No,Yes,No,Yes,Yes,Two Year,No,Credit Card (Automatic),99.7,6330.4
6134-KWTBV,Male,0,No,No,62,Yes,Yes,No,No internet service,No internet service,No internet service,No internet service,No internet service,No internet service,Two Year,No,Bank Transfer (Automatic),23.4,1429.65
4730-AWNAU,Male,0,Yes,Yes,36,No,No phone service,Dsl,Yes,No,Yes,Yes,Yes,Yes,One Year,No,Credit Card (Automatic),60.7,2234.55
7901-IIDQV,Male,0,No,No,24,Yes,Yes,Dsl,No,No,No,Yes,No,No,One Year,No,Bank Transfer (Automatic),54.6,1242.25
3721-CNEYS,Female,0,No,No,2,Yes,No,Fiber Optic,No,No,No,No,No,No,Month-To-Month,Yes,Electronic Check,70.95,137.95
6051-PTVNS,Female,0,Yes,Yes,55,Yes,No,No,No internet service,No internet service,No internet service,No internet service,No internet service,No internet service,One Year,No,Credit Card (Automatic),19.15,998.1
3727-RJMEO,Male,0,Yes,No,6,Yes,Yes,Fiber Optic,No,No,No,No,Yes,No,Month-To-Month,Yes,Electronic Check,82.85,460.25
2282-YGNOR,Female,0,No,No,29,Yes,No,Dsl,Yes,No,Yes,Yes,No,No,One Year,No,Credit Card (Automatic),58.0,1734.5
2194-IIQOF,Female,0,Yes,No,71,Yes,Yes,Dsl,Yes,Yes,Yes,Yes,Yes,Yes,Two Year,No,Electronic Check,89.3,6388.65
9167-APMXZ,Female,0,No,No,22,Yes,Yes,Fiber Optic,No,No,No,No,Yes,No,Month-To-Month,Yes,Bank Transfer (Automatic),84.15,1821.95
4615-PIVVU,Female,0,No,No,42,Yes,No,Dsl,No,No,Yes,Yes,No,Yes,Two Year,No,Credit Card (Automatic),66.5,2762.75
4929-ROART,Male,0,No,No,18,Yes,Yes,Dsl,Yes,No,No,No,No,No,Month-To-Month,No,Mailed Check,56.25,969.85
0048-PIHNL,Female,0,Yes,No,49,Yes,No,No,No internet service,No internet service,No internet service,No internet service,No internet service,No internet service,One Year,No,Bank Transfer (Automatic),20.45,900.9
0871-OPBXW,Female,0,No,No,2,Yes,No,No,No internet service,No internet service,No internet service,No internet service,No internet service,No internet service,Month-To-Month,Yes,Mailed Check,20.05,39.25
7328-ZJAJO,Female,0,Yes,Yes,59,Yes,No,No,No internet service,No internet service,No internet service,No internet service,No internet service,No internet service,Two Year,No,Credit Card (Automatic),19.5,1222.65
6377-KSLXC,Male,0,No,No,5,Yes,No,No,No internet service,No internet service,No internet service,No internet service,No internet service,No internet service,Month-To-Month,No,Mailed Check,19.95,107.05
4631-OACRM,Male,1,No,No,15,Yes,No,Fiber Optic,No,No,No,No,No,Yes,Month-To-Month,Yes,Electronic Check,79.4,1156.1
8029-XYPWT,Male,1,Yes,No,71,Yes,Yes,Fiber Optic,Yes,Yes,Yes,Yes,Yes,Yes,Two Year,Yes,Bank Transfer (Automatic),115.05,8016.6
1257-SXUXQ,Male,0,Yes,Yes,5,Yes,No,No,No internet service,No internet service,No internet service,No internet service,No internet service,No internet service,Month-To-Month,No,Electronic Check,19.45,86.05
1240-KNSEZ,Male,0,No,No,1,Yes,No,No,No internet service,No internet service,No internet service,No internet service,No internet service,No internet service,Month-To-Month,Yes,Mailed Check,20.1,20.1
2043-WVTQJ,Male,0,Yes,No,1,Yes,No,Dsl,Yes,No,Yes,No,No,No,Month-To-Month,No,Mailed Check,55.7,55.7
7503-EPSZW,Female,0,Yes,Yes,64,Yes,Yes,No,No internet service,No internet service,No internet service,No internet service,No internet service,No internet service,Two Year,Yes,Mailed Check,24.05,1559.15
6546-OPBBH,Male,0,Yes,Yes,51,Yes,Yes,No,No internet service,No internet service,No internet service,No internet service,No internet service,No internet service,One Year,Yes,Mailed Check,23.95,1216.35
3239-TPHPZ,Female,0,Yes,No,12,Yes,No,No,No internet service,No internet service,No internet service,No internet service,No internet service,No internet service,Two Year,Yes,Electronic Check,20.05,264.55
5384-ZTTWP,Female,0,Yes,Yes,15,Yes,No,No,No internet service,No internet service,No internet service,No internet service,No internet service,No internet service,Month-To-Month,No,Mailed Check,19.8,272.95
2560-PPCHE,Female,0,No,No,65,Yes,Yes,Fiber Optic,No,Yes,No,Yes,Yes,Yes,One Year,Yes,Bank Transfer (Automatic),105.05,6744.25
7379-POKDZ,Male,0,Yes,No,3,Yes,No,Fiber Optic,No,No,No,No,No,No,Month-To-Month,Yes,Electronic Check,70.3,208.85
0708-SJDIS,Female,0,No,No,34,Yes,Yes,Dsl,No,No,No,Yes,Yes,No,Month-To-Month,No,Mailed Check,65.0,2157.5
6692-UDPJC,Female,0,Yes,Yes,14,Yes,Yes,Fiber Optic,No,No,No,Yes,Yes,No,Month-To-Month,Yes,Electronic Check,91.65,1301.0
4083-BFNYK,Female,1,Yes,No,38,Yes,Yes,Fiber Optic,Yes,Yes,No,No,No,Yes,One Year,No,Credit Card (Automatic),95.0,3591.25
7173-TETGO,Female,1,Yes,No,72,Yes,Yes,Fiber Optic,Yes,No,No,No,No,No,Two Year,No,Bank Transfer (Automatic),78.5,5602.25
6963-EZQEE,Male,1,Yes,No,70,Yes,Yes,Dsl,Yes,Yes,Yes,Yes,Yes,Yes,Two Year,Yes,Credit Card (Automatic),88.55,6306.5
5982-FPVQN,Female,0,Yes,Yes,37,Yes,Yes,Fiber Optic,No,Yes,Yes,No,No,Yes,Month-To-Month,Yes,Electronic Check,95.15,3532.85
6860-YRJZP,Male,1,No,No,9,Yes,Yes,Fiber Optic,No,No,No,No,No,No,Month-To-Month,Yes,Electronic Check,74.05,678.45
9739-JLPQJ,Female,0,Yes,Yes,72,Yes,Yes,Fiber Optic,Yes,Yes,Yes,Yes,Yes,Yes,Two Year,No,Credit Card (Automatic),117.5,8670.1
9840-EFJQB,Female,0,No,No,1,Yes,No,Fiber Optic,No,Yes,No,No,No,No,Month-To-Month,No,Electronic Check,74.35,74.35
6980-IMXXE,Female,0,Yes,Yes,69,Yes,No,No,No internet service,No internet service,No internet service,No internet service,No internet service,No internet service,Two Year,No,Bank Transfer (Automatic),20.2,1412.65
5696-EXCYS,Male,0,No,No,17,Yes,No,No,No internet service,No internet service,No internet service,No internet service,No internet service,No internet service,Two Year,No,Credit Card (Automatic),19.45,369.05
0248-IPDFW,Female,0,No,No,1,Yes,Yes,Dsl,No,No,No,No,No,No,Month-To-Month,Yes,Electronic Check,50.1,50.1
7641-EUYET,Male,1,Yes,Yes,46,Yes,Yes,Fiber Optic,Yes,Yes,Yes,No,Yes,No,Month-To-Month,Yes,Electronic Check,100.7,4541.2
2908-WGAXL,Female,0,Yes,Yes,56,Yes,Yes,No,No internet service,No internet service,No internet service,No internet service,No internet service,No internet service,Two Year,Yes,Credit Card (Automatic),20.15,1468.9
0481-SUMCB,Female,1,No,No,45,Yes,Yes,Fiber Optic,No,No,Yes,No,Yes,Yes,One Year,Yes,Bank Transfer (Automatic),102.15,4735.35
5160-UXJED,Male,0,No,Yes,17,Yes,No,Dsl,No,No,No,No,No,No,One Year,No,Electronic Check,44.6,681.4
9861-PDSZP,Female,0,No,No,72,Yes,Yes,Fiber Optic,No,Yes,Yes,Yes,Yes,Yes,Two Year,Yes,Credit Card (Automatic),108.05,7806.6
1614-JBEBI,Female,0,No,No,8,Yes,No,No,No internet service,No internet service,No internet service,No internet service,No internet service,No internet service,Month-To-Month,Yes,Mailed Check,20.7,137.6
1852-XEMDW,Male,0,No,No,22,Yes,Yes,Dsl,Yes,Yes,Yes,No,No,No,Month-To-Month,No,Mailed Check,65.05,1427.55
8357-EQXFO,Female,0,No,No,7,Yes,No,Fiber Optic,No,No,Yes,No,Yes,Yes,Month-To-Month,Yes,Electronic Check,95.35,660.9
6629-CZTTH,Male,0,No,No,1,Yes,No,Dsl,No,No,No,No,No,Yes,Month-To-Month,Yes,Mailed Check,55.7,55.7
8348-HFYIV,Male,0,No,No,2,No,No phone service,Dsl,No,No,Yes,No,Yes,Yes,Month-To-Month,Yes,Electronic Check,49.25,90.35
5857-XRECV,Female,0,No,Yes,2,Yes,No,No,No internet service,No internet service,No internet service,No internet service,No internet service,No internet service,One Year,No,Bank Transfer (Automatic),20.5,38.25
2692-BUCFV,Male,1,No,No,29,Yes,No,Fiber Optic,No,Yes,Yes,No,Yes,Yes,Month-To-Month,Yes,Bank Transfer (Automatic),101.45,2948.6
3657-COGMW,Female,1,No,No,52,Yes,Yes,Fiber Optic,Yes,Yes,Yes,No,Yes,Yes,Month-To-Month,No,Credit Card (Automatic),108.1,5839.3
3884-UEBXB,Female,0,Yes,Yes,67,No,No phone service,Dsl,Yes,Yes,No,No,No,No,Two Year,No,Bank Transfer (Automatic),36.15,2434.45
5542-TBBWB,Male,0,No,No,1,Yes,No,Fiber Optic,No,No,No,No,No,No,Month-To-Month,Yes,Electronic Check,69.9,69.9
7641-TQFHN,Male,0,No,Yes,39,Yes,Yes,Fiber Optic,No,No,No,Yes,Yes,Yes,Two Year,No,Mailed Check,100.55,3895.35
9444-JTXHZ,Male,0,Yes,No,1,Yes,No,Fiber Optic,No,No,Yes,No,No,No,Month-To-Month,No,Electronic Check,76.2,76.2
9272-LSVYH,Male,0,No,No,10,Yes,No,Fiber Optic,No,No,No,No,No,No,Month-To-Month,No,Mailed Check,70.15,735.5
4184-VODJZ,Male,0,Yes,Yes,63,Yes,Yes,Fiber Optic,No,Yes,No,No,No,Yes,One Year,Yes,Electronic Check,91.35,5764.7
6211-WHMYA,Female,1,No,No,64,No,No phone service,Dsl,No,Yes,No,Yes,Yes,No,Month-To-Month,Yes,Electronic Check,43.85,2751.0
6609-MXJHJ,Female,0,Yes,Yes,30,Yes,Yes,No,No internet service,No internet service,No internet service,No internet service,No internet service,No internet service,Two Year,Yes,Mailed Check,25.1,789.55
2165-VOEGB,Female,0,No,Yes,46,Yes,No,Fiber Optic,Yes,Yes,No,Yes,Yes,Yes,One Year,Yes,Bank Transfer (Automatic),105.2,4822.85
1918-ZBFQJ,Female,0,No,No,13,Yes,No,Fiber Optic,No,Yes,Yes,No,No,No,Month-To-Month,Yes,Electronic Check,79.25,1111.65
9488-FYQAU,Female,0,Yes,No,63,Yes,Yes,Fiber Optic,No,Yes,Yes,Yes,Yes,Yes,Two Year,Yes,Bank Transfer (Automatic),109.25,6841.4
3858-VOBET,Male,0,No,No,23,Yes,Yes,Fiber Optic,No,No,No,No,No,No,Month-To-Month,Yes,Electronic Check,74.95,1710.45
7446-SFAOA,Female,0,Yes,No,37,Yes,No,No,No internet service,No internet service,No internet service,No internet service,No internet service,No internet service,One Year,Yes,Bank Transfer (Automatic),19.85,717.5
5281-BUZGT,Male,1,No,No,36,Yes,Yes,Fiber Optic,Yes,No,No,No,Yes,No,Month-To-Month,Yes,Electronic Check,90.85,3186.7
4110-PFEUZ,Female,0,No,No,1,Yes,No,Fiber Optic,No,No,No,No,No,No,Month-To-Month,No,Mailed Check,69.55,69.55
3066-RRJIO,Female,0,No,No,1,Yes,No,Fiber Optic,No,No,No,No,No,No,Month-To-Month,Yes,Mailed Check,69.95,69.95
1779-PWPMG,Female,1,Yes,No,72,Yes,Yes,Fiber Optic,Yes,Yes,Yes,Yes,Yes,Yes,Two Year,Yes,Bank Transfer (Automatic),114.65,8333.95
2808-CHTDM,Female,0,Yes,Yes,23,Yes,Yes,No,No internet service,No internet service,No internet service,No internet service,No internet service,No internet service,Two Year,No,Mailed Check,25.1,611.45
1895-QTKDO,Female,0,No,No,1,Yes,No,Dsl,No,No,No,No,No,No,Month-To-Month,No,Credit Card (Automatic),43.95,43.95
4430-UZIPO,Male,0,No,No,3,No,No phone service,Dsl,No,Yes,No,Yes,No,No,Month-To-Month,Yes,Mailed Check,36.85,108.7
5553-AOINX,Female,1,Yes,Yes,66,Yes,Yes,Fiber Optic,No,Yes,Yes,No,Yes,Yes,One Year,Yes,Electronic Check,104.9,6891.45
8992-OBVDG,Male,0,No,No,21,Yes,No,Dsl,No,No,Yes,No,No,Yes,Month-To-Month,No,Electronic Check,61.65,1393.6
1708-PBBOA,Female,0,No,No,42,No,No phone service,Dsl,Yes,Yes,Yes,Yes,No,Yes,One Year,Yes,Electronic Check,54.75,2348.45
5985-TBABQ,Female,0,No,No,32,Yes,Yes,Dsl,Yes,No,No,No,Yes,Yes,One Year,No,Mailed Check,74.75,2282.95
3946-JEWRQ,Male,0,Yes,No,47,Yes,Yes,Fiber Optic,No,No,No,No,Yes,Yes,One Year,Yes,Credit Card (Automatic),95.2,4563.0
1725-IQNIY,Male,0,Yes,No,54,Yes,No,Fiber Optic,Yes,Yes,Yes,Yes,Yes,Yes,Two Year,No,Bank Transfer (Automatic),109.75,6110.2
2869-ADAWR,Female,0,No,No,45,Yes,Yes,Fiber Optic,No,Yes,No,No,Yes,No,Month-To-Month,Yes,Credit Card (Automatic),89.3,4016.85
7606-BPHHN,Male,0,No,No,72,Yes,No,No,No internet service,No internet service,No internet service,No internet service,No internet service,No internet service,Two Year,Yes,Credit Card (Automatic),19.8,1468.75
5318-IXUZF,Female,0,No,No,2,Yes,No,Fiber Optic,No,Yes,No,No,Yes,No,Month-To-Month,Yes,Bank Transfer (Automatic),87.15,183.75
1247-QBVSH,Female,0,Yes,Yes,43,Yes,No,Dsl,No,Yes,No,No,No,No,Month-To-Month,No,Mailed Check,50.2,2169.4
6038-GCYEC,Female,0,No,No,24,No,No phone service,Dsl,No,Yes,Yes,No,Yes,Yes,Month-To-Month,Yes,Credit Card (Automatic),54.15,1240.25
4750-UKWJK,Female,1,Yes,No,37,Yes,No,No,No internet service,No internet service,No internet service,No internet service,No internet service,No internet service,One Year,No,Mailed Check,19.6,727.8
8644-XYTSV,Male,0,Yes,No,42,No,No phone service,Dsl,Yes,No,No,No,Yes,No,Month-To-Month,Yes,Bank Transfer (Automatic),40.15,1626.05
3769-MHZNV,Female,0,Yes,Yes,33,Yes,No,No,No internet service,No internet service,No internet service,No internet service,No internet service,No internet service,Two Year,No,Mailed Check,20.1,670.35
8496-DMZUK,Male,0,No,No,30,Yes,Yes,Fiber Optic,Yes,Yes,Yes,No,No,No,One Year,No,Bank Transfer (Automatic),90.4,2820.65
1830-GGFNM,Male,0,Yes,Yes,65,Yes,Yes,Fiber Optic,Yes,Yes,Yes,Yes,No,No,Two Year,No,Credit Card (Automatic),94.55,6078.75
8474-UMLNT,Female,0,No,No,13,Yes,No,Dsl,Yes,Yes,No,Yes,No,Yes,Month-To-Month,No,Bank Transfer (Automatic),67.8,842.25
0206-TBWLC,Female,0,Yes,No,54,Yes,Yes,Fiber Optic,Yes,Yes,Yes,Yes,Yes,Yes,One Year,Yes,Mailed Check,114.65,6049.5
6302-JGYRJ,Male,0,No,Yes,31,Yes,Yes,Dsl,No,Yes,No,Yes,Yes,Yes,One Year,Yes,Mailed Check,79.45,2587.7
2180-DXNEG,Female,0,No,No,12,Yes,No,Fiber Optic,No,No,Yes,No,Yes,Yes,Month-To-Month,Yes,Electronic Check,96.0,1062.1
6538-POCHL,Male,0,No,No,33,Yes,No,Fiber Optic,No,Yes,Yes,No,No,No,Month-To-Month,Yes,Credit Card (Automatic),79.0,2576.8
4778-IZARL,Male,0,Yes,No,63,Yes,No,Fiber Optic,Yes,Yes,Yes,Yes,Yes,Yes,Two Year,Yes,Credit Card (Automatic),110.1,6705.7
0959-WHOKV,Male,0,No,No,42,Yes,Yes,Fiber Optic,Yes,Yes,Yes,No,No,Yes,One Year,Yes,Electronic Check,99.0,4298.45
0691-IFBQW,Female,1,No,No,46,Yes,Yes,Fiber Optic,Yes,Yes,Yes,No,Yes,Yes,One Year,Yes,Electronic Check,110.0,4874.8
4118-CEVPF,Female,1,No,No,35,Yes,Yes,Fiber Optic,Yes,Yes,Yes,Yes,Yes,Yes,One Year,Yes,Bank Transfer (Automatic),110.8,3836.3
4698-KVLLG,Female,1,No,No,51,Yes,No,No,No internet service,No internet service,No internet service,No internet service,No internet service,No internet service,Two Year,No,Credit Card (Automatic),19.6,967.9
1571-SAVHK,Male,0,No,No,12,Yes,Yes,Fiber Optic,No,No,No,Yes,Yes,Yes,Month-To-Month,Yes,Mailed Check,99.95,1132.75
1150-WFARN,Female,0,Yes,Yes,67,Yes,Yes,Fiber Optic,Yes,No,Yes,Yes,Yes,Yes,Two Year,Yes,Credit Card (Automatic),108.75,7156.2
9488-FVZCC,Female,0,Yes,Yes,72,Yes,Yes,Dsl,Yes,Yes,Yes,Yes,No,Yes,Two Year,Yes,Bank Transfer (Automatic),79.5,5661.7
5396-IZEPB,Male,0,No,No,9,Yes,No,No,No internet service,No internet service,No internet service,No internet service,No internet service,No internet service,Month-To-Month,No,Credit Card (Automatic),19.7,180.7
5193-QLVZB,Male,0,No,No,63,Yes,Yes,Fiber Optic,No,Yes,Yes,No,Yes,Yes,Two Year,Yes,Bank Transfer (Automatic),104.75,6536.5
8580-QVLOC,Female,1,Yes,Yes,72,Yes,Yes,Dsl,Yes,Yes,Yes,Yes,Yes,Yes,Two Year,No,Credit Card (Automatic),92.45,6440.25
6345-ULYRW,Male,1,Yes,No,44,Yes,Yes,Fiber Optic,No,Yes,No,No,No,Yes,One Year,No,Mailed Check,88.4,3912.9
7422-WNBTY,Male,0,Yes,No,33,Yes,Yes,Fiber Optic,No,Yes,Yes,No,No,Yes,Month-To-Month,Yes,Electronic Check,91.65,3092.0
2706-QZIHY,Female,0,Yes,No,15,Yes,Yes,No,No internet service,No internet service,No internet service,No internet service,No internet service,No internet service,Two Year,No,Mailed Check,25.2,387.9
0011-IGKFF,Male,1,Yes,No,13,Yes,No,Fiber Optic,No,Yes,Yes,No,Yes,Yes,Month-To-Month,Yes,Electronic Check,98.0,1237.85
5424-RLQLC,Male,0,No,No,10,Yes,No,Dsl,No,Yes,No,No,Yes,No,Month-To-Month,Yes,Mailed Check,59.65,638.95
4712-AUQZO,Male,0,No,No,18,No,No phone service,Dsl,Yes,No,Yes,No,No,No,Month-To-Month,No,Mailed Check,33.6,550.35
2558-BUOZZ,Male,0,No,No,47,Yes,Yes,Fiber Optic,Yes,Yes,No,No,Yes,No,One Year,No,Bank Transfer (Automatic),94.8,4535.85
8311-UEUAB,Female,0,Yes,Yes,67,Yes,Yes,Dsl,Yes,No,No,No,Yes,Yes,Two Year,Yes,Electronic Check,75.5,5229.45
5066-GFJMM,Female,0,Yes,No,3,Yes,No,No,No internet service,No internet service,No internet service,No internet service,No internet service,No internet service,Month-To-Month,Yes,Mailed Check,19.9,45.75
5183-KLYEM,Female,0,No,No,72,Yes,Yes,Fiber Optic,Yes,Yes,Yes,Yes,Yes,Yes,Two Year,Yes,Credit Card (Automatic),91.65,8192.6
9833-TGFHX,Male,0,Yes,Yes,42,Yes,Yes,Fiber Optic,Yes,No,No,No,Yes,Yes,One Year,No,Electronic Check,97.1,4016.75
5271-YNWVR,Male,0,Yes,Yes,68,Yes,Yes,Fiber Optic,Yes,Yes,Yes,Yes,Yes,Yes,Two Year,Yes,Electronic Check,113.15,7856.0
0378-CJKPV,Female,0,Yes,No,72,Yes,Yes,Fiber Optic,Yes,Yes,Yes,Yes,Yes,Yes,Two Year,No,Credit Card (Automatic),112.1,7965.95
3511-BFTJW,Male,0,Yes,Yes,72,No,No phone service,Dsl,Yes,Yes,Yes,No,No,No,Two Year,No,Credit Card (Automatic),38.5,2763.0
4719-UMSIY,Male,0,No,Yes,6,Yes,No,No,No internet service,No internet service,No internet service,No internet service,No internet service,No internet service,Month-To-Month,No,Mailed Check,19.65,100.9
0847-HGRML,Male,0,No,Yes,62,Yes,No,No,No internet service,No internet service,No internet service,No internet service,No internet service,No internet service,Two Year,No,Bank Transfer (Automatic),20.0,1250.1
0576-WNXXC,Male,1,Yes,No,27,Yes,Yes,Fiber Optic,No,Yes,Yes,No,No,Yes,Month-To-Month,Yes,Electronic Check,95.55,2510.2
7663-CUXZB,Male,0,Yes,No,59,Yes,Yes,Fiber Optic,Yes,Yes,Yes,Yes,Yes,Yes,Two Year,No,Electronic Check,113.75,6561.25
2037-SGXHH,Male,0,Yes,Yes,38,Yes,Yes,Fiber Optic,No,Yes,Yes,No,Yes,No,Month-To-Month,Yes,Electronic Check,94.65,3624.3
5863-OOKCL,Female,0,No,No,10,Yes,No,No,No internet service,No internet service,No internet service,No internet service,No internet service,No internet service,Month-To-Month,No,Mailed Check,18.85,163.2
4868-AADLV,Male,1,Yes,Yes,66,Yes,Yes,Fiber Optic,Yes,Yes,Yes,Yes,Yes,Yes,One Year,Yes,Electronic Check,116.25,7862.25
0817-HSUSE,Male,0,No,No,1,Yes,No,Dsl,No,No,Yes,Yes,Yes,Yes,Month-To-Month,Yes,Electronic Check,75.5,75.5
3865-ZFZIB,Male,0,No,No,19,Yes,No,No,No internet service,No internet service,No internet service,No internet service,No internet service,No internet service,Two Year,No,Mailed Check,19.65,358.15
1106-HRLKZ,Male,0,Yes,Yes,40,Yes,No,No,No internet service,No internet service,No internet service,No internet service,No internet service,No internet service,Two Year,No,Mailed Check,20.15,808.95
4547-FZJWE,Male,0,Yes,Yes,55,Yes,No,Dsl,Yes,No,No,No,No,Yes,One Year,No,Credit Card (Automatic),59.45,3157.0
6248-BSHKG,Male,0,Yes,Yes,61,Yes,No,No,No internet service,No internet service,No internet service,No internet service,No internet service,No internet service,One Year,No,Mailed Check,20.4,1226.45
9278-VZKCD,Female,1,Yes,No,52,Yes,Yes,Fiber Optic,Yes,Yes,Yes,No,Yes,Yes,Month-To-Month,Yes,Electronic Check,109.1,5647.95
5519-YLDGW,Female,0,Yes,No,21,Yes,Yes,Fiber Optic,Yes,No,Yes,No,Yes,Yes,Month-To-Month,Yes,Electronic Check,103.9,2254.2
6898-MDLZW,Male,0,No,No,12,Yes,No,Dsl,No,Yes,No,Yes,No,No,Month-To-Month,Yes,Mailed Check,53.75,648.65
1194-SPVSP,Male,0,No,No,1,Yes,No,No,No internet service,No internet service,No internet service,No internet service,No internet service,No internet service,Month-To-Month,No,Bank Transfer (Automatic),19.65,19.65
6906-ANDWJ,Male,0,Yes,Yes,15,Yes,Yes,Fiber Optic,No,No,No,No,No,No,Month-To-Month,Yes,Bank Transfer (Automatic),74.9,1107.25
6502-HCJTI,Male,1,Yes,No,7,Yes,Yes,Fiber Optic,Yes,Yes,No,No,No,Yes,Month-To-Month,Yes,Credit Card (Automatic),94.7,673.1
3662-FXJFO,Female,0,No,No,54,Yes,No,No,No internet service,No internet service,No internet service,No internet service,No internet service,No internet service,Two Year,Yes,Mailed Check,20.5,1035.7
9242-TKFSV,Male,0,Yes,Yes,72,No,No phone service,Dsl,Yes,Yes,Yes,Yes,Yes,Yes,Two Year,Yes,Credit Card (Automatic),65.1,4754.3
4710-FDUIZ,Male,0,Yes,No,56,Yes,Yes,Fiber Optic,No,Yes,No,No,Yes,Yes,One Year,No,Credit Card (Automatic),100.3,5614.45
8309-IEYJD,Female,1,No,No,1,Yes,No,Fiber Optic,No,No,No,No,No,No,Month-To-Month,Yes,Mailed Check,70.6,70.6
2120-SMPEX,Male,0,No,No,25,Yes,No,No,No internet service,No internet service,No internet service,No internet service,No internet service,No internet service,Month-To-Month,Yes,Mailed Check,20.15,536.35
5364-EVNIB,Male,0,No,No,13,Yes,No,Fiber Optic,No,Yes,Yes,No,No,No,Month-To-Month,Yes,Electronic Check,79.8,973.45
0323-XWWTN,Male,0,No,Yes,3,Yes,Yes,No,No internet service,No internet service,No internet service,No internet service,No internet service,No internet service,Two Year,Yes,Mailed Check,26.4,121.25
1845-CSBRZ,Female,1,Yes,Yes,22,Yes,Yes,Fiber Optic,No,No,No,No,Yes,No,Month-To-Month,No,Bank Transfer (Automatic),85.35,1961.6
2748-MYRVK,Female,0,No,No,63,Yes,Yes,Fiber Optic,No,Yes,No,No,Yes,Yes,One Year,No,Bank Transfer (Automatic),99.9,6137.0
1666-JZPZT,Male,0,No,No,27,Yes,Yes,Dsl,No,No,No,No,No,No,Month-To-Month,No,Mailed Check,49.0,1291.35
1100-DDVRV,Male,0,Yes,No,17,No,No phone service,Dsl,No,Yes,No,No,Yes,Yes,Month-To-Month,Yes,Electronic Check,49.8,836.35
7688-AWMDX,Male,0,Yes,No,71,Yes,No,Dsl,Yes,No,No,Yes,No,No,Two Year,No,Bank Transfer (Automatic),54.5,3778.2
4846-WHAFZ,Female,1,Yes,No,37,Yes,Yes,Fiber Optic,No,No,No,No,No,No,Month-To-Month,Yes,Electronic Check,76.5,2868.15
1310-QRITU,Female,0,No,No,18,Yes,Yes,Dsl,No,No,No,No,No,No,Month-To-Month,Yes,Electronic Check,50.3,913.3
2013-SGDXK,Female,0,No,No,1,Yes,No,Fiber Optic,No,Yes,No,No,Yes,No,Month-To-Month,No,Electronic Check,84.3,84.3
0327-WFZSY,Male,0,Yes,Yes,39,Yes,Yes,Fiber Optic,No,No,Yes,No,Yes,Yes,One Year,No,Electronic Check,100.0,3835.55
3284-SVCRO,Female,0,Yes,No,45,Yes,Yes,No,No internet service,No internet service,No internet service,No internet service,No internet service,No internet service,Two Year,No,Mailed Check,25.5,1121.05
6048-QBXKL,Female,1,No,No,2,Yes,Yes,Dsl,No,Yes,No,No,No,No,Month-To-Month,Yes,Credit Card (Automatic),56.55,118.25
2209-XADXF,Female,0,No,No,1,No,No phone service,Dsl,No,No,No,No,No,No,Month-To-Month,No,Bank Transfer (Automatic),25.25,25.25
0409-WTMPL,Female,0,Yes,No,58,Yes,Yes,Fiber Optic,Yes,Yes,Yes,No,Yes,Yes,One Year,Yes,Credit Card (Automatic),110.65,6526.65
1608-GMEWB,Male,1,No,No,45,Yes,Yes,Fiber Optic,No,No,No,No,Yes,Yes,Month-To-Month,Yes,Bank Transfer (Automatic),93.9,4200.25
8329-UTMVM,Male,1,No,No,27,Yes,Yes,Fiber Optic,No,Yes,No,Yes,Yes,Yes,One Year,Yes,Bank Transfer (Automatic),104.65,2964.0
1389-CXMLU,Male,1,No,No,3,Yes,Yes,Fiber Optic,No,No,Yes,No,Yes,No,Month-To-Month,No,Electronic Check,91.05,289.1
9730-DRTMJ,Male,0,Yes,No,32,Yes,Yes,Dsl,Yes,No,No,Yes,Yes,No,One Year,Yes,Credit Card (Automatic),72.8,2333.05
1541-ETJZO,Male,0,No,No,1,Yes,Yes,Dsl,No,No,Yes,Yes,No,No,Month-To-Month,No,Mailed Check,62.05,62.05
4983-CCWMC,Male,0,No,No,3,Yes,No,Fiber Optic,No,No,No,No,No,No,Month-To-Month,Yes,Mailed Check,69.6,207.4
2424-WVHPL,Male,1,No,No,1,Yes,No,Fiber Optic,No,No,No,Yes,No,No,Month-To-Month,No,Electronic Check,74.7,74.7
8868-GAGIO,Male,0,Yes,No,45,Yes,Yes,Fiber Optic,Yes,No,Yes,No,No,No,Month-To-Month,Yes,Mailed Check,84.55,3713.95
5331-RGMTT,Male,1,Yes,No,54,Yes,Yes,Fiber Optic,No,No,Yes,No,Yes,Yes,Month-To-Month,Yes,Credit Card (Automatic),99.05,5295.7
5188-HGMLP,Male,1,Yes,No,54,Yes,Yes,Fiber Optic,No,No,No,No,No,No,Month-To-Month,No,Bank Transfer (Automatic),74.0,3919.15
3143-ILDAL,Male,0,No,No,56,Yes,Yes,Fiber Optic,No,Yes,No,Yes,No,Yes,Month-To-Month,Yes,Electronic Check,94.45,5124.6
6646-QVXLR,Male,1,Yes,No,62,Yes,Yes,Fiber Optic,No,Yes,Yes,No,Yes,Yes,One Year,Yes,Electronic Check,103.75,6383.35
8075-GXIUB,Male,1,Yes,No,9,Yes,No,No,No internet service,No internet service,No internet service,No internet service,No internet service,No internet service,One Year,No,Credit Card (Automatic),19.85,183.15
0932-YIXYU,Female,0,No,No,47,Yes,No,No,No internet service,No internet service,No internet service,No internet service,No internet service,No internet service,Two Year,No,Credit Card (Automatic),20.25,1029.8
4248-QPAVC,Female,1,Yes,No,17,Yes,Yes,Fiber Optic,Yes,No,Yes,No,No,No,Month-To-Month,Yes,Bank Transfer (Automatic),85.35,1463.45
0436-TWFFZ,Female,0,No,No,67,Yes,Yes,Dsl,Yes,No,Yes,Yes,Yes,Yes,Two Year,Yes,Mailed Check,85.25,5714.2
4919-IKATY,Male,0,Yes,Yes,5,Yes,Yes,Fiber Optic,Yes,No,Yes,No,No,No,Month-To-Month,Yes,Electronic Check,84.5,453.75
0463-ZSDNT,Male,0,No,No,10,Yes,No,Dsl,No,No,No,No,No,Yes,Month-To-Month,Yes,Bank Transfer (Automatic),56.75,503.25
0253-ZTEOB,Female,0,Yes,Yes,48,Yes,Yes,Dsl,No,Yes,No,Yes,Yes,Yes,Two Year,No,Electronic Check,79.65,3870.3
7996-BPXHY,Female,0,Yes,Yes,13,Yes,Yes,No,No internet service,No internet service,No internet service,No internet service,No internet service,No internet service,Two Year,Yes,Bank Transfer (Automatic),25.0,332.5
3546-GHEAE,Male,0,No,No,7,Yes,No,No,No internet service,No internet service,No internet service,No internet service,No internet service,No internet service,Two Year,No,Mailed Check,19.45,165.35
9488-HGMJH,Female,1,No,No,1,Yes,No,Fiber Optic,No,No,No,No,No,No,Month-To-Month,Yes,Electronic Check,71.15,71.15
6621-YOBKI,Male,0,No,No,5,Yes,No,No,No internet service,No internet service,No internet service,No internet service,No internet service,No internet service,Month-To-Month,No,Mailed Check,20.35,92.75
1635-FJFCC,Female,0,No,No,5,Yes,No,Dsl,No,No,No,No,No,No,Month-To-Month,Yes,Credit Card (Automatic),44.05,202.15
4067-HLYQI,Female,0,No,No,33,Yes,No,Fiber Optic,No,No,No,No,No,No,Month-To-Month,Yes,Bank Transfer (Automatic),70.4,2406.1
6024-RUGGH,Male,0,Yes,Yes,72,Yes,Yes,No,No internet service,No internet service,No internet service,No internet service,No internet service,No internet service,Two Year,Yes,Bank Transfer (Automatic),25.2,1798.9
0104-PPXDV,Male,0,Yes,No,58,Yes,No,Dsl,No,No,Yes,No,No,No,One Year,No,Credit Card (Automatic),50.3,2878.55
2931-VUVJN,Female,1,Yes,No,59,Yes,Yes,Fiber Optic,Yes,Yes,Yes,Yes,No,No,One Year,Yes,Electronic Check,94.05,5483.9
2522-AHJXR,Male,0,Yes,No,60,Yes,Yes,Fiber Optic,Yes,No,Yes,Yes,Yes,Yes,Month-To-Month,Yes,Bank Transfer (Automatic),109.45,6572.85
7781-HVGMK,Female,0,Yes,Yes,72,No,No phone service,Dsl,Yes,Yes,Yes,Yes,Yes,Yes,Two Year,Yes,Credit Card (Automatic),65.2,4784.45
3723-BFBGR,Male,1,No,No,24,Yes,Yes,Dsl,No,Yes,No,No,No,No,Month-To-Month,No,Credit Card (Automatic),54.8,1291.3
7668-XCFYV,Female,1,Yes,No,17,Yes,Yes,Fiber Optic,No,No,No,No,Yes,Yes,Month-To-Month,Yes,Electronic Check,92.55,1614.7
1686-STUHN,Male,0,No,No,42,Yes,No,No,No internet service,No internet service,No internet service,No internet service,No internet service,No internet service,One Year,No,Bank Transfer (Automatic),19.8,849.9
6655-LHBYW,Male,0,No,No,50,Yes,Yes,Fiber Optic,Yes,Yes,Yes,Yes,Yes,Yes,One Year,No,Credit Card (Automatic),114.35,5791.1
5393-HJZSM,Female,0,Yes,Yes,32,Yes,No,Dsl,Yes,Yes,Yes,Yes,No,Yes,Month-To-Month,No,Bank Transfer (Automatic),76.3,2404.15
0330-BGYZE,Male,0,Yes,No,60,Yes,Yes,Fiber Optic,No,Yes,Yes,No,Yes,Yes,One Year,No,Bank Transfer (Automatic),102.5,6157.6
2164-SOQXL,Female,0,Yes,Yes,20,Yes,No,No,No internet service,No internet service,No internet service,No internet service,No internet service,No internet service,Month-To-Month,No,Mailed Check,20.05,406.05
6728-VOIFY,Female,0,Yes,No,63,Yes,No,Fiber Optic,No,Yes,No,No,Yes,Yes,One Year,Yes,Electronic Check,96.0,6109.75
4902-OHLSK,Female,1,No,No,29,Yes,Yes,Fiber Optic,No,No,No,Yes,Yes,Yes,Month-To-Month,No,Electronic Check,98.65,2862.75
4808-YNLEU,Female,0,Yes,No,35,Yes,No,Dsl,Yes,No,No,No,Yes,No,One Year,Yes,Bank Transfer (Automatic),62.15,2215.45
3597-MVHJT,Female,0,No,No,27,Yes,Yes,Fiber Optic,No,No,No,No,Yes,Yes,Month-To-Month,Yes,Bank Transfer (Automatic),95.6,2595.25
6331-LWDTQ,Male,0,No,No,10,Yes,Yes,Dsl,No,No,No,No,Yes,Yes,Month-To-Month,Yes,Credit Card (Automatic),72.15,794.25
4547-LYTDD,Female,0,No,No,16,Yes,Yes,Fiber Optic,No,No,No,No,No,No,Month-To-Month,No,Electronic Check,72.65,1194.3
5906-BFOZT,Male,0,No,No,1,Yes,No,No,No internet service,No internet service,No internet service,No internet service,No internet service,No internet service,Month-To-Month,Yes,Mailed Check,19.5,19.5
9415-ZNBSX,Female,0,Yes,Yes,70,Yes,Yes,Dsl,Yes,Yes,Yes,Yes,Yes,Yes,Two Year,Yes,Bank Transfer (Automatic),89.0,6293.2
9851-QXEEQ,Male,0,No,No,41,Yes,Yes,Fiber Optic,No,Yes,Yes,No,Yes,Yes,Month-To-Month,Yes,Electronic Check,104.7,4346.4
0650-BWOZN,Female,1,No,No,18,Yes,No,Fiber Optic,No,Yes,No,No,No,No,Month-To-Month,Yes,Electronic Check,73.55,1359.45
5995-SNNEW,Male,1,Yes,No,23,Yes,Yes,Fiber Optic,No,Yes,Yes,No,Yes,Yes,Month-To-Month,Yes,Electronic Check,104.45,2184.85
4986-MXSFP,Female,0,No,No,2,Yes,No,No,No internet service,No internet service,No internet service,No internet service,No internet service,No internet service,Month-To-Month,Yes,Mailed Check,20.0,40.9
4568-TTZRT,Male,0,No,No,9,Yes,No,No,No internet service,No internet service,No internet service,No internet service,No internet service,No internet service,Month-To-Month,No,Mailed Check,20.4,181.8
7683-CBDKJ,Male,0,Yes,Yes,14,Yes,No,Dsl,Yes,Yes,No,No,Yes,No,Month-To-Month,Yes,Electronic Check,65.45,937.6
6248-TKCQV,Female,0,Yes,Yes,70,Yes,Yes,Dsl,Yes,No,No,Yes,Yes,Yes,Two Year,Yes,Bank Transfer (Automatic),80.6,5460.2
7567-ECMCM,Male,0,No,No,24,Yes,No,Fiber Optic,No,No,No,No,No,Yes,Month-To-Month,Yes,Credit Card (Automatic),79.85,2001.0
9474-PHLYD,Female,0,No,No,15,Yes,No,Dsl,No,No,Yes,No,No,Yes,Month-To-Month,Yes,Electronic Check,59.45,892.65
8800-JOOCF,Female,0,No,Yes,12,Yes,Yes,Fiber Optic,No,No,No,No,Yes,No,Month-To-Month,Yes,Electronic Check,84.05,966.55
7392-YYPYJ,Male,0,No,No,22,Yes,Yes,Fiber Optic,No,Yes,No,No,Yes,Yes,Month-To-Month,Yes,Electronic Check,100.65,2415.95
6576-FBXOJ,Male,0,Yes,No,17,No,No phone service,Dsl,No,No,Yes,Yes,Yes,Yes,One Year,No,Electronic Check,54.6,934.8
9691-HKOVS,Female,0,Yes,No,55,Yes,Yes,Dsl,Yes,Yes,Yes,Yes,Yes,Yes,One Year,Yes,Electronic Check,90.15,4916.95
6100-FJZDG,Male,0,Yes,Yes,26,Yes,No,No,No internet service,No internet service,No internet service,No internet service,No internet service,No internet service,One Year,Yes,Bank Transfer (Automatic),20.05,505.9
8108-UXRQN,Female,0,Yes,Yes,11,No,No phone service,Dsl,Yes,No,No,No,Yes,Yes,Month-To-Month,No,Electronic Check,50.55,565.35
8651-ENBZX,Female,1,No,No,60,Yes,Yes,Fiber Optic,No,No,Yes,Yes,Yes,Yes,One Year,Yes,Electronic Check,106.0,6441.4
3556-BVQGL,Female,0,Yes,No,20,Yes,No,No,No internet service,No internet service,No internet service,No internet service,No internet service,No internet service,One Year,Yes,Mailed Check,20.0,416.45
8849-PRIQJ,Female,0,Yes,Yes,67,Yes,Yes,Fiber Optic,Yes,No,Yes,Yes,Yes,Yes,One Year,Yes,Electronic Check,109.4,7281.6
6741-EGCBI,Male,1,No,No,30,Yes,Yes,Fiber Optic,Yes,No,No,No,No,Yes,Month-To-Month,Yes,Credit Card (Automatic),90.5,2595.85
5609-IMCGG,Female,0,No,No,15,Yes,Yes,Fiber Optic,Yes,No,Yes,No,No,No,Month-To-Month,Yes,Credit Card (Automatic),84.35,1302.65
7401-RUBNK,Female,0,Yes,No,18,Yes,No,Fiber Optic,Yes,No,No,No,No,No,Month-To-Month,No,Electronic Check,74.8,1438.05
7228-PAQPD,Female,0,No,No,14,Yes,No,Dsl,No,No,No,Yes,No,Yes,One Year,No,Credit Card (Automatic),59.1,772.85
6407-UTSLV,Female,1,No,No,2,Yes,No,Fiber Optic,No,Yes,No,No,Yes,No,Month-To-Month,Yes,Bank Transfer (Automatic),83.8,163.7
5686-CMAWK,Male,0,No,No,17,Yes,Yes,Fiber Optic,No,No,Yes,Yes,No,No,One Year,No,Electronic Check,86.75,1410.25
4283-IVYCI,Male,0,No,No,9,Yes,No,Dsl,Yes,No,No,Yes,No,Yes,Month-To-Month,No,Mailed Check,64.95,547.8
0236-HFWSV,Male,0,No,No,15,Yes,Yes,Fiber Optic,No,No,No,No,Yes,Yes,Month-To-Month,Yes,Electronic Check,93.35,1444.65
3258-SANFR,Male,1,No,No,6,Yes,No,Dsl,No,No,No,No,No,No,Month-To-Month,No,Credit Card (Automatic),44.7,276.5
0788-DXBFY,Male,0,Yes,Yes,58,Yes,No,No,No internet service,No internet service,No internet service,No internet service,No internet service,No internet service,One Year,Yes,Electronic Check,19.55,1108.8
8857-CUPFQ,Male,0,Yes,No,63,Yes,No,No,No internet service,No internet service,No internet service,No internet service,No internet service,No internet service,Two Year,No,Mailed Check,19.25,1237.65
4094-NSEDU,Female,1,No,No,21,Yes,Yes,Fiber Optic,No,No,No,No,Yes,Yes,Month-To-Month,Yes,Electronic Check,94.25,1973.75
4550-VBOFE,Male,1,Yes,No,70,Yes,Yes,Fiber Optic,No,Yes,Yes,No,Yes,Yes,Month-To-Month,Yes,Electronic Check,102.95,7101.5
8050-XGRVL,Female,0,Yes,Yes,62,Yes,No,Dsl,Yes,No,Yes,No,No,No,One Year,No,Credit Card (Automatic),54.75,3425.35
2669-QVCRG,Female,0,No,No,41,Yes,Yes,Fiber Optic,Yes,No,No,No,No,No,Month-To-Month,Yes,Credit Card (Automatic),81.3,3190.65
4146-SVFUD,Male,0,No,No,1,Yes,No,Dsl,No,No,No,No,No,No,Month-To-Month,No,Mailed Check,44.6,44.6
7493-TPUWZ,Male,0,No,No,1,Yes,Yes,Fiber Optic,No,Yes,No,No,No,No,Month-To-Month,Yes,Electronic Check,79.15,79.15
9490-DFPMD,Female,1,No,No,42,Yes,Yes,Fiber Optic,No,No,No,No,Yes,No,Month-To-Month,Yes,Electronic Check,84.65,3541.35
9142-KZXOP,Male,0,No,No,44,Yes,No,Fiber Optic,No,No,No,No,No,No,Month-To-Month,No,Credit Card (Automatic),68.85,2958.95
6976-BWGLQ,Female,0,Yes,Yes,72,Yes,Yes,No,No internet service,No internet service,No internet service,No internet service,No internet service,No internet service,Two Year,No,Bank Transfer (Automatic),25.2,1787.35
6689-TCZHQ,Female,1,No,No,5,Yes,No,Fiber Optic,No,No,No,No,No,Yes,Month-To-Month,No,Electronic Check,78.95,378.4
9644-KVCNC,Female,0,No,No,66,Yes,Yes,Fiber Optic,No,No,Yes,No,Yes,No,One Year,Yes,Bank Transfer (Automatic),92.15,6056.9
0219-YTZUE,Male,0,Yes,Yes,4,Yes,Yes,Fiber Optic,No,Yes,Yes,No,No,No,Month-To-Month,Yes,Bank Transfer (Automatic),84.8,371.9
3786-WOVKF,Female,1,Yes,No,72,Yes,Yes,Fiber Optic,Yes,Yes,No,No,Yes,Yes,One Year,Yes,Bank Transfer (Automatic),106.85,7677.4
4854-SSLTN,Male,0,Yes,Yes,2,Yes,No,Dsl,Yes,Yes,No,Yes,No,No,Two Year,No,Mailed Check,59.5,130.5
5647-URDKA,Male,0,Yes,Yes,8,Yes,No,No,No internet service,No internet service,No internet service,No internet service,No internet service,No internet service,Two Year,No,Mailed Check,19.7,130.25
9796-MVYXX,Female,1,No,No,14,No,No phone service,Dsl,Yes,No,Yes,Yes,No,No,Two Year,No,Mailed Check,39.7,692.35
4636-JGAAI,Male,0,Yes,No,34,Yes,Yes,Fiber Optic,No,Yes,No,No,No,Yes,Month-To-Month,No,Mailed Check,88.85,3000.25
8111-BKVDS,Female,0,No,No,10,No,No phone service,Dsl,Yes,Yes,Yes,No,No,No,Month-To-Month,No,Bank Transfer (Automatic),40.7,449.3
9611-CTWIH,Female,0,No,No,3,Yes,No,Fiber Optic,No,No,No,No,Yes,Yes,Month-To-Month,Yes,Electronic Check,89.45,240.45
5546-QUERU,Male,0,No,No,13,Yes,No,No,No internet service,No internet service,No internet service,No internet service,No internet service,No internet service,One Year,Yes,Mailed Check,19.95,257.0
0613-WUXUM,Female,0,Yes,Yes,70,Yes,No,No,No internet service,No internet service,No internet service,No internet service,No internet service,No internet service,Two Year,Yes,Mailed Check,19.2,1401.4
8808-ELEHO,Male,1,No,No,8,Yes,Yes,Fiber Optic,No,No,Yes,No,No,No,Month-To-Month,Yes,Electronic Check,81.25,585.95
5641-DMBFJ,Female,0,Yes,No,58,Yes,Yes,Dsl,Yes,No,Yes,Yes,Yes,Yes,Two Year,Yes,Electronic Check,84.3,4916.4
5950-AAAGJ,Male,0,No,No,18,Yes,Yes,Fiber Optic,No,No,No,No,Yes,No,Month-To-Month,No,Bank Transfer (Automatic),84.3,1537.9
4237-RLAQD,Male,0,No,No,1,Yes,No,Dsl,No,No,No,No,No,No,Month-To-Month,Yes,Mailed Check,45.85,45.85
7472-EQOAV,Male,1,Yes,Yes,71,Yes,No,Fiber Optic,Yes,Yes,Yes,No,No,No,One Year,Yes,Bank Transfer (Automatic),86.7,6179.35
1682-VCOIO,Male,0,No,No,23,Yes,No,No,No internet service,No internet service,No internet service,No internet service,No internet service,No internet service,One Year,No,Mailed Check,20.45,481.1
8434-PNQZX,Female,0,No,No,42,Yes,Yes,Dsl,No,No,Yes,Yes,Yes,Yes,Two Year,Yes,Credit Card (Automatic),78.45,3373.4
7246-ZGQDF,Female,0,No,Yes,1,Yes,No,Dsl,Yes,No,No,Yes,No,No,Month-To-Month,No,Electronic Check,54.5,54.5
5996-NRVXR,Male,1,Yes,No,40,Yes,No,Fiber Optic,Yes,Yes,Yes,Yes,Yes,No,One Year,Yes,Credit Card (Automatic),98.15,4116.8
6368-NWMCE,Female,0,No,No,38,Yes,Yes,Dsl,No,Yes,No,Yes,No,Yes,Month-To-Month,No,Credit Card (Automatic),68.15,2656.3
9586-JGQKH,Female,0,Yes,No,64,Yes,Yes,Fiber Optic,No,Yes,No,Yes,Yes,Yes,Two Year,Yes,Bank Transfer (Automatic),105.4,6794.75
3658-QQJYD,Male,0,No,No,62,Yes,No,Dsl,Yes,Yes,No,No,Yes,Yes,One Year,Yes,Credit Card (Automatic),74.3,4698.05
5619-XZZKR,Male,0,No,No,4,Yes,No,No,No internet service,No internet service,No internet service,No internet service,No internet service,No internet service,One Year,No,Mailed Check,19.95,68.2
8138-EALND,Male,0,No,No,15,Yes,No,No,No internet service,No internet service,No internet service,No internet service,No internet service,No internet service,Month-To-Month,No,Mailed Check,19.75,311.6
4373-MAVJG,Female,0,Yes,Yes,14,Yes,Yes,Fiber Optic,No,Yes,No,No,No,Yes,Month-To-Month,Yes,Bank Transfer (Automatic),91.65,1259.0
6598-RFFVI,Male,0,No,No,2,Yes,No,No,No internet service,No internet service,No internet service,No internet service,No internet service,No internet service,One Year,No,Credit Card (Automatic),19.3,28.3
2962-XPMCQ,Male,0,No,No,2,Yes,No,Dsl,No,No,No,No,No,No,Month-To-Month,Yes,Electronic Check,45.15,98.5
6261-LHRTG,Female,0,No,No,26,Yes,No,Dsl,No,Yes,Yes,No,No,No,Month-To-Month,Yes,Credit Card (Automatic),54.75,1406.9
6366-ZGQGL,Male,0,No,No,1,No,No phone service,Dsl,No,No,No,No,No,No,Month-To-Month,No,Bank Transfer (Automatic),24.8,24.8
5275-PMFUT,Male,0,Yes,Yes,72,No,No phone service,Dsl,Yes,Yes,Yes,Yes,Yes,Yes,Two Year,Yes,Credit Card (Automatic),64.8,4719.75
5469-CTCWN,Male,0,Yes,Yes,61,Yes,Yes,Fiber Optic,Yes,Yes,No,No,Yes,Yes,One Year,Yes,Electronic Check,106.0,6547.7
8865-TNMNX,Male,0,Yes,Yes,10,Yes,No,Dsl,No,Yes,No,No,No,No,One Year,No,Mailed Check,49.55,475.7
4471-KXAUH,Female,0,Yes,No,42,Yes,Yes,Fiber Optic,No,No,Yes,Yes,No,No,Month-To-Month,Yes,Electronic Check,84.3,3588.4
3038-PQIUY,Female,0,No,No,38,Yes,Yes,Dsl,Yes,Yes,Yes,No,No,No,Month-To-Month,Yes,Bank Transfer (Automatic),66.15,2522.4
9837-BMCLM,Male,0,No,No,3,Yes,No,Fiber Optic,No,No,No,No,Yes,No,Month-To-Month,Yes,Electronic Check,78.5,242.05
8619-IJNDK,Female,0,Yes,Yes,71,Yes,No,Dsl,Yes,Yes,Yes,Yes,No,No,Two Year,No,Credit Card (Automatic),64.05,4492.9
0258-NOKBL,Male,0,No,No,3,Yes,No,Fiber Optic,No,Yes,Yes,No,No,Yes,Month-To-Month,No,Electronic Check,90.4,268.45
0094-OIFMO,Female,1,No,No,11,Yes,No,Fiber Optic,No,Yes,No,No,Yes,Yes,Month-To-Month,Yes,Electronic Check,95.0,1120.3
7797-EJMDP,Female,0,No,No,8,Yes,No,Dsl,Yes,No,No,Yes,No,Yes,Month-To-Month,No,Bank Transfer (Automatic),66.05,574.5
4797-MIWUM,Male,0,Yes,Yes,7,Yes,No,No,No internet service,No internet service,No internet service,No internet service,No internet service,No internet service,Month-To-Month,Yes,Bank Transfer (Automatic),20.25,174.7
2465-BLLEU,Male,0,No,No,1,Yes,No,No,No internet service,No internet service,No internet service,No internet service,No internet service,No internet service,Month-To-Month,Yes,Mailed Check,19.75,19.75
3878-AVSOQ,Female,1,No,No,1,Yes,No,Fiber Optic,No,No,No,No,No,No,Month-To-Month,Yes,Electronic Check,71.25,71.25
1833-VGRUM,Female,1,No,No,1,Yes,Yes,Fiber Optic,No,No,No,No,No,No,Month-To-Month,Yes,Electronic Check,74.2,74.2
9819-FBNSV,Male,1,Yes,No,37,Yes,No,Fiber Optic,No,No,No,No,No,No,Month-To-Month,Yes,Bank Transfer (Automatic),72.25,2575.45
5269-NRGDP,Male,0,Yes,Yes,42,Yes,No,Dsl,No,No,Yes,Yes,Yes,Yes,One Year,No,Electronic Check,73.15,3088.25
1036-GUDCL,Male,0,Yes,Yes,60,Yes,No,Dsl,Yes,Yes,No,Yes,Yes,Yes,Month-To-Month,Yes,Credit Card (Automatic),79.05,4663.4
8573-CGOCC,Male,0,No,No,16,Yes,No,No,No internet service,No internet service,No internet service,No internet service,No internet service,No internet service,Month-To-Month,No,Credit Card (Automatic),19.75,294.9
8990-ZXLSU,Female,0,No,No,9,Yes,No,Fiber Optic,No,No,No,No,No,No,Month-To-Month,No,Electronic Check,69.05,651.5
3413-BMNZE,Male,1,No,No,1,Yes,No,Dsl,No,No,No,No,No,No,Month-To-Month,No,Bank Transfer (Automatic),45.25,45.25
4482-FTFFX,Male,0,No,No,5,Yes,No,Dsl,No,No,Yes,Yes,No,No,Month-To-Month,No,Electronic Check,56.15,291.45
7061-OVMIM,Female,0,Yes,Yes,30,Yes,No,No,No internet service,No internet service,No internet service,No internet service,No internet service,No internet service,One Year,No,Bank Transfer (Automatic),19.55,608.5
1251-KRREG,Male,0,No,No,2,Yes,Yes,Dsl,No,Yes,No,No,No,No,Month-To-Month,Yes,Mailed Check,54.4,114.1
2105-PHWON,Female,0,Yes,No,33,Yes,Yes,Fiber Optic,No,No,Yes,Yes,No,Yes,Month-To-Month,Yes,Credit Card (Automatic),95.0,3008.15
5835-BEQEU,Male,0,No,No,3,Yes,Yes,Fiber Optic,No,No,No,No,No,No,Month-To-Month,Yes,Electronic Check,76.95,228.4
2085-BOJKI,Male,0,Yes,No,17,Yes,No,Fiber Optic,No,No,Yes,No,Yes,Yes,One Year,Yes,Bank Transfer (Automatic),96.65,1588.25
1027-LKKQQ,Female,0,Yes,Yes,72,Yes,No,Dsl,Yes,No,Yes,Yes,Yes,Yes,Two Year,Yes,Bank Transfer (Automatic),80.45,5886.85
1813-JYWTO,Female,0,Yes,No,72,Yes,Yes,Fiber Optic,Yes,No,No,No,No,No,Two Year,No,Bank Transfer (Automatic),80.45,5737.6
3370-GQEAL,Male,0,Yes,Yes,30,Yes,Yes,Fiber Optic,No,No,No,No,Yes,No,Month-To-Month,No,Electronic Check,85.45,2509.95
5998-DZLYR,Female,0,Yes,No,61,Yes,Yes,Fiber Optic,No,Yes,No,Yes,No,Yes,Two Year,Yes,Bank Transfer (Automatic),94.35,5703.0
0330-IVZHA,Female,0,Yes,No,5,Yes,No,Fiber Optic,No,No,No,No,No,No,Month-To-Month,No,Electronic Check,69.95,330.15
8859-YSTWS,Male,0,No,No,48,Yes,No,No,No internet service,No internet service,No internet service,No internet service,No internet service,No internet service,One Year,No,Bank Transfer (Automatic),19.95,1004.5
5077-DXTCG,Female,0,No,No,1,Yes,No,Dsl,No,No,No,No,No,No,Month-To-Month,Yes,Electronic Check,45.3,45.3
2834-JKOOW,Female,0,No,No,15,No,No phone service,Dsl,Yes,Yes,Yes,Yes,No,No,One Year,No,Mailed Check,45.9,693.45
5606-AMZBO,Female,0,Yes,No,10,Yes,Yes,Fiber Optic,Yes,No,No,No,No,No,Month-To-Month,Yes,Credit Card (Automatic),78.15,765.15
1087-GRUYI,Male,0,Yes,No,38,Yes,No,No,No internet service,No internet service,No internet service,No internet service,No internet service,No internet service,Two Year,No,Bank Transfer (Automatic),20.4,743.5
1345-GKDZZ,Male,0,No,Yes,6,Yes,No,No,No internet service,No internet service,No internet service,No internet service,No internet service,No internet service,Month-To-Month,No,Mailed Check,19.55,128.6
0379-DJQHR,Male,0,Yes,Yes,67,Yes,No,Dsl,Yes,Yes,Yes,No,Yes,Yes,Two Year,No,Credit Card (Automatic),81.35,5398.6
4328-VUFWD,Female,0,No,No,39,Yes,No,Dsl,No,No,No,Yes,No,Yes,One Year,No,Electronic Check,59.3,2209.15
8670-MEFCP,Female,0,Yes,Yes,36,Yes,Yes,Dsl,Yes,Yes,Yes,Yes,Yes,Yes,Two Year,Yes,Credit Card (Automatic),92.9,3379.25
7564-GHCVB,Female,0,Yes,Yes,72,Yes,Yes,Fiber Optic,Yes,No,No,No,No,No,Two Year,No,Bank Transfer (Automatic),79.05,5730.7
1271-SJBGZ,Male,1,No,No,12,No,No phone service,Dsl,No,No,Yes,Yes,No,Yes,Month-To-Month,Yes,Electronic Check,43.65,526.95
1771-OADNZ,Male,1,Yes,No,29,Yes,Yes,Fiber Optic,No,Yes,Yes,No,No,Yes,Month-To-Month,Yes,Electronic Check,95.9,2745.2
2267-FPIMA,Male,0,Yes,No,50,Yes,Yes,Fiber Optic,Yes,Yes,No,No,No,Yes,Month-To-Month,Yes,Credit Card (Automatic),94.4,4914.9
2792-LSHWX,Female,0,No,No,1,Yes,No,Fiber Optic,Yes,Yes,No,Yes,No,No,Month-To-Month,Yes,Mailed Check,83.4,83.4
1024-VRZHF,Male,0,Yes,No,11,Yes,Yes,Fiber Optic,No,No,No,No,No,No,Month-To-Month,Yes,Electronic Check,74.95,825.7
7817-BOQPW,Female,0,No,No,2,Yes,Yes,Fiber Optic,No,No,No,No,No,No,Month-To-Month,Yes,Electronic Check,75.55,166.3
8821-XNHVZ,Female,0,Yes,Yes,1,Yes,No,Fiber Optic,No,No,No,No,Yes,No,Month-To-Month,Yes,Mailed Check,80.05,80.05
3785-NRHYR,Male,0,No,No,1,Yes,No,No,No internet service,No internet service,No internet service,No internet service,No internet service,No internet service,Month-To-Month,No,Mailed Check,19.65,19.65
5693-PIPCS,Male,0,No,No,41,Yes,No,Fiber Optic,No,Yes,No,Yes,Yes,Yes,Two Year,Yes,Credit Card (Automatic),99.65,4220.35
1855-CFULU,Female,1,No,No,4,Yes,No,No,No internet service,No internet service,No internet service,No internet service,No internet service,No internet service,Month-To-Month,No,Electronic Check,20.05,91.45
9518-XXBXE,Male,1,Yes,No,10,Yes,No,Fiber Optic,Yes,No,No,No,No,No,Month-To-Month,No,Electronic Check,75.3,720.45
8631-NBHFZ,Male,1,Yes,Yes,66,Yes,Yes,Dsl,Yes,Yes,Yes,Yes,Yes,No,Two Year,No,Credit Card (Automatic),79.4,5154.6
4947-DSMXK,Male,0,Yes,Yes,34,Yes,Yes,Fiber Optic,No,Yes,No,No,Yes,Yes,Month-To-Month,Yes,Bank Transfer (Automatic),97.7,3410.0
3577-AMVUX,Male,0,No,No,1,Yes,No,Dsl,No,No,Yes,Yes,No,No,Month-To-Month,No,Mailed Check,55.05,55.05
1658-XUHBX,Female,1,Yes,Yes,59,Yes,Yes,Fiber Optic,No,No,Yes,No,No,Yes,Month-To-Month,Yes,Credit Card (Automatic),88.75,5348.65
6996-KNSML,Female,0,No,No,1,Yes,No,Fiber Optic,No,No,Yes,No,No,No,Month-To-Month,Yes,Electronic Check,74.9,74.9
6584-VQMYT,Male,0,No,Yes,27,Yes,No,Dsl,Yes,Yes,No,No,No,No,One Year,No,Mailed Check,56.2,1567.55
6905-NIQIN,Male,0,No,No,1,Yes,No,Dsl,No,Yes,No,No,No,No,Month-To-Month,No,Mailed Check,50.65,50.65
4290-BSXUX,Male,0,Yes,No,3,Yes,Yes,Fiber Optic,No,No,No,Yes,No,No,Month-To-Month,Yes,Bank Transfer (Automatic),79.65,251.75
9518-RWHZL,Female,0,No,No,64,Yes,Yes,Fiber Optic,No,No,Yes,No,Yes,Yes,One Year,Yes,Credit Card (Automatic),100.05,6254.2
3683-QKIUE,Female,0,No,No,6,Yes,No,Dsl,No,No,No,Yes,No,No,Month-To-Month,Yes,Bank Transfer (Automatic),50.8,288.05
9236-NDUCW,Female,0,No,No,21,No,No phone service,Dsl,Yes,No,No,Yes,No,No,Two Year,No,Mailed Check,35.1,770.4
3633-CDBUW,Male,0,No,Yes,17,Yes,No,Dsl,No,Yes,Yes,Yes,Yes,Yes,One Year,No,Electronic Check,80.85,1445.95
4159-NAAIX,Female,0,No,No,63,Yes,Yes,Fiber Optic,No,Yes,No,No,Yes,Yes,Two Year,No,Bank Transfer (Automatic),97.45,6253.0
0923-PNFUB,Female,0,No,No,3,Yes,No,Fiber Optic,No,Yes,No,No,Yes,No,Month-To-Month,No,Electronic Check,83.75,247.25
3889-VWBID,Male,0,Yes,Yes,68,Yes,No,Dsl,Yes,Yes,No,Yes,Yes,Yes,Two Year,No,Bank Transfer (Automatic),82.85,5776.45
1840-BIUOG,Male,0,No,No,20,Yes,Yes,Dsl,No,Yes,No,Yes,Yes,No,One Year,Yes,Electronic Check,68.7,1416.2
4878-BUNFV,Male,0,Yes,Yes,42,Yes,No,No,No internet service,No internet service,No internet service,No internet service,No internet service,No internet service,Two Year,No,Mailed Check,20.7,828.85
8000-REIQB,Female,1,No,No,1,Yes,No,Fiber Optic,No,No,No,No,No,No,Month-To-Month,Yes,Electronic Check,69.95,69.95
6872-HXFNF,Female,0,Yes,No,64,Yes,Yes,Dsl,No,No,Yes,Yes,No,No,One Year,No,Bank Transfer (Automatic),58.35,3756.45
7629-WFGLW,Female,1,Yes,No,56,Yes,Yes,Fiber Optic,Yes,Yes,Yes,Yes,No,No,One Year,No,Electronic Check,95.65,5471.75
7169-YWAMK,Male,0,Yes,Yes,72,Yes,No,Dsl,Yes,Yes,No,Yes,Yes,No,Two Year,No,Bank Transfer (Automatic),56.05,4855.35
3162-ZJZFU,Male,0,Yes,Yes,53,Yes,No,Fiber Optic,No,Yes,No,Yes,Yes,No,Month-To-Month,Yes,Electronic Check,92.55,4779.45
7876-DNYAP,Female,0,Yes,Yes,69,Yes,No,No,No internet service,No internet service,No internet service,No internet service,No internet service,No internet service,Two Year,No,Credit Card (Automatic),19.8,1436.95
8628-MFKAX,Female,1,Yes,No,72,Yes,Yes,Fiber Optic,Yes,Yes,Yes,Yes,Yes,Yes,Two Year,Yes,Credit Card (Automatic),116.75,8277.05
4503-BDXBD,Male,0,No,No,11,Yes,No,Fiber Optic,No,Yes,No,No,No,No,Month-To-Month,No,Electronic Check,74.95,815.5
8626-XHBIE,Male,0,No,Yes,56,Yes,Yes,No,No internet service,No internet service,No internet service,No internet service,No internet service,No internet service,Two Year,Yes,Mailed Check,24.8,1424.2
0374-AACSZ,Female,0,No,No,1,Yes,No,Dsl,Yes,No,No,No,No,No,Month-To-Month,No,Electronic Check,50.15,50.15
4522-AKYLR,Female,1,No,No,13,Yes,No,Dsl,No,Yes,Yes,No,No,No,Month-To-Month,Yes,Electronic Check,54.8,731.3
3756-VNWDH,Male,1,Yes,No,65,Yes,Yes,Fiber Optic,Yes,No,No,No,Yes,Yes,One Year,Yes,Electronic Check,100.75,6674.65
6457-USBER,Male,0,No,No,1,Yes,No,Fiber Optic,No,No,No,No,No,Yes,Month-To-Month,Yes,Electronic Check,80.8,80.8
2495-INZWQ,Male,0,No,No,4,No,No phone service,Dsl,No,No,No,No,Yes,Yes,Month-To-Month,Yes,Electronic Check,44.55,174.3
1663-MHLHE,Male,0,No,No,1,Yes,No,No,No internet service,No internet service,No internet service,No internet service,No internet service,No internet service,Month-To-Month,No,Mailed Check,19.2,19.2
4795-WRNVT,Female,0,No,No,40,Yes,No,Dsl,Yes,Yes,No,No,Yes,No,Month-To-Month,No,Mailed Check,65.1,2586.0
2096-XOTMO,Female,0,Yes,Yes,16,Yes,No,No,No internet service,No internet service,No internet service,No internet service,No internet service,No internet service,Month-To-Month,No,Mailed Check,19.35,275.9
1872-EBWSC,Female,0,No,No,29,Yes,No,No,No internet service,No internet service,No internet service,No internet service,No internet service,No internet service,One Year,No,Mailed Check,20.35,617.35
9430-FRQOC,Female,0,No,Yes,4,Yes,Yes,Fiber Optic,No,No,Yes,Yes,No,No,Month-To-Month,Yes,Mailed Check,87.1,341.45
8756-RDDLT,Female,0,No,No,68,No,No phone service,Dsl,No,Yes,No,Yes,No,Yes,Month-To-Month,No,Electronic Check,44.95,3085.35
7673-BQGKU,Female,0,Yes,Yes,69,Yes,No,No,No internet service,No internet service,No internet service,No internet service,No internet service,No internet service,Two Year,No,Bank Transfer (Automatic),20.15,1337.5
5440-FLBQG,Male,1,Yes,No,69,Yes,Yes,Fiber Optic,No,Yes,Yes,Yes,Yes,Yes,Two Year,Yes,Bank Transfer (Automatic),108.4,7318.2
2877-VDUER,Female,0,Yes,Yes,35,No,No phone service,Dsl,No,No,No,Yes,Yes,No,One Year,No,Mailed Check,40.9,1383.6
8922-NPKBJ,Male,0,Yes,Yes,42,Yes,No,No,No internet service,No internet service,No internet service,No internet service,No internet service,No internet service,Two Year,No,Mailed Check,19.35,867.3
6937-GCDGQ,Male,0,Yes,Yes,19,Yes,No,Dsl,Yes,No,No,No,No,No,One Year,Yes,Bank Transfer (Automatic),48.95,955.6
9848-JQJTX,Male,0,No,No,72,Yes,Yes,Fiber Optic,No,Yes,Yes,No,Yes,Yes,Two Year,Yes,Bank Transfer (Automatic),100.9,7459.05
2753-JMMCV,Male,0,No,No,65,Yes,Yes,Dsl,No,Yes,Yes,Yes,No,Yes,Two Year,Yes,Credit Card (Automatic),74.2,4805.65
5684-FJVYR,Female,0,Yes,Yes,72,Yes,Yes,Fiber Optic,Yes,Yes,No,Yes,No,No,Two Year,Yes,Bank Transfer (Automatic),90.35,6563.4
5215-LNLDJ,Female,0,Yes,Yes,7,No,No phone service,Dsl,No,No,No,No,No,No,Month-To-Month,Yes,Electronic Check,24.7,149.05
0434-CSFON,Female,0,Yes,No,47,Yes,Yes,Fiber Optic,No,No,Yes,No,Yes,Yes,Month-To-Month,Yes,Electronic Check,100.5,4707.1
3312-UUMZW,Male,0,Yes,No,32,Yes,Yes,Fiber Optic,No,Yes,No,No,Yes,Yes,Month-To-Month,Yes,Credit Card (Automatic),98.85,3145.9
2143-LJULT,Female,0,Yes,No,67,Yes,Yes,No,No internet service,No internet service,No internet service,No internet service,No internet service,No internet service,Two Year,Yes,Credit Card (Automatic),25.25,1733.15
1930-WNXSB,Male,0,Yes,Yes,58,Yes,No,Fiber Optic,No,Yes,No,No,Yes,Yes,Month-To-Month,Yes,Electronic Check,92.85,5305.05
0516-OOHAR,Male,0,Yes,Yes,28,Yes,No,Fiber Optic,No,Yes,Yes,No,Yes,Yes,One Year,No,Bank Transfer (Automatic),100.35,2799.0
8630-QSGXK,Male,0,Yes,No,51,Yes,Yes,Dsl,No,No,No,Yes,Yes,Yes,Two Year,Yes,Bank Transfer (Automatic),75.2,3901.25
8413-VONUO,Male,0,No,No,2,Yes,No,Fiber Optic,No,Yes,No,No,Yes,Yes,Month-To-Month,No,Electronic Check,95.65,167.3
5129-JLPIS,Male,0,No,No,25,Yes,No,Fiber Optic,Yes,No,Yes,Yes,Yes,Yes,Month-To-Month,Yes,Electronic Check,105.5,2686.05
9898-KZQDZ,Female,1,Yes,Yes,40,Yes,Yes,Fiber Optic,No,No,No,No,Yes,Yes,Month-To-Month,Yes,Credit Card (Automatic),94.55,3640.45
7722-VJRQD,Male,0,Yes,Yes,72,No,No phone service,Dsl,Yes,No,Yes,Yes,Yes,Yes,Two Year,No,Bank Transfer (Automatic),60.95,4549.05
7547-EKNFS,Male,0,Yes,No,42,Yes,Yes,Fiber Optic,No,Yes,Yes,No,Yes,No,Month-To-Month,Yes,Bank Transfer (Automatic),95.25,3959.35
5338-YHWYT,Male,0,No,Yes,37,Yes,No,Dsl,Yes,Yes,No,Yes,No,No,Two Year,No,Credit Card (Automatic),61.45,2302.35
6986-IJDHX,Male,0,Yes,Yes,39,Yes,No,Fiber Optic,No,Yes,No,No,Yes,No,Month-To-Month,Yes,Mailed Check,86.3,3266.0
5449-FIBXJ,Male,0,Yes,Yes,19,Yes,Yes,Fiber Optic,No,No,Yes,Yes,Yes,Yes,Month-To-Month,No,Electronic Check,103.3,2012.7
9224-VTYID,Male,0,Yes,Yes,47,Yes,Yes,Dsl,Yes,Yes,Yes,Yes,Yes,Yes,Two Year,Yes,Mailed Check,90.5,4318.35
5032-MIYKT,Female,0,No,No,1,Yes,No,Fiber Optic,No,No,No,No,No,No,Month-To-Month,Yes,Mailed Check,70.7,70.7
4317-VTEOA,Male,0,No,No,1,Yes,No,Dsl,No,Yes,No,No,No,No,Month-To-Month,Yes,Electronic Check,50.75,50.75
0369-ZGOVK,Female,0,Yes,Yes,28,Yes,No,Fiber Optic,No,No,No,No,No,No,One Year,Yes,Bank Transfer (Automatic),70.4,1992.2
1602-IJQQE,Female,0,No,No,4,Yes,Yes,Fiber Optic,No,No,No,No,No,No,Month-To-Month,No,Electronic Check,75.35,338.1
4404-HIBDJ,Female,0,No,No,25,Yes,No,Dsl,Yes,Yes,Yes,Yes,Yes,No,One Year,No,Mailed Check,74.3,1863.8
4139-SUGLD,Male,0,Yes,Yes,31,No,No phone service,Dsl,Yes,No,No,Yes,No,No,Month-To-Month,No,Bank Transfer (Automatic),35.4,1077.5
3570-YUEKJ,Female,0,No,No,42,Yes,No,Dsl,No,Yes,No,No,No,No,Month-To-Month,Yes,Electronic Check,49.55,2077.95
6900-RBKER,Male,0,No,No,52,Yes,Yes,Fiber Optic,No,No,Yes,No,No,Yes,Two Year,Yes,Credit Card (Automatic),89.45,4577.75
2955-PSXOE,Female,0,No,No,1,Yes,No,No,No internet service,No internet service,No internet service,No internet service,No internet service,No internet service,Month-To-Month,Yes,Bank Transfer (Automatic),20.2,20.2
9786-YWNHU,Female,0,Yes,Yes,63,Yes,No,Dsl,Yes,Yes,Yes,Yes,No,No,Two Year,No,Mailed Check,63.55,4014.2
1449-XQEMT,Male,0,No,No,3,Yes,No,No,No internet service,No internet service,No internet service,No internet service,No internet service,No internet service,Month-To-Month,Yes,Mailed Check,19.8,58.15
7909-FIOIY,Female,0,Yes,Yes,19,No,No phone service,Dsl,No,No,No,No,No,No,Month-To-Month,Yes,Mailed Check,24.85,434.8
3908-BLSYF,Female,0,No,No,6,Yes,No,Fiber Optic,No,No,Yes,No,No,Yes,Month-To-Month,No,Electronic Check,83.9,497.55
8612-GXIDD,Male,0,Yes,Yes,12,Yes,Yes,No,No internet service,No internet service,No internet service,No internet service,No internet service,No internet service,Two Year,Yes,Bank Transfer (Automatic),25.4,313.0
0181-RITDD,Male,0,Yes,Yes,62,Yes,No,Fiber Optic,Yes,Yes,Yes,Yes,Yes,Yes,Two Year,No,Mailed Check,108.15,6825.65
6461-SZMCV,Female,0,Yes,No,71,Yes,Yes,Dsl,Yes,Yes,Yes,Yes,Yes,Yes,Two Year,No,Bank Transfer (Automatic),87.95,6365.35
4531-AUZNK,Female,0,Yes,Yes,51,Yes,Yes,Fiber Optic,Yes,No,No,Yes,Yes,No,One Year,Yes,Mailed Check,95.15,5000.05
7570-WELNY,Female,0,Yes,No,68,Yes,Yes,Fiber Optic,Yes,Yes,No,No,No,No,Two Year,Yes,Bank Transfer (Automatic),84.7,5711.05
2405-LBMUW,Female,0,Yes,Yes,61,No,No phone service,Dsl,Yes,Yes,No,Yes,No,Yes,One Year,Yes,Bank Transfer (Automatic),50.7,3088.75
9838-BFCQT,Male,0,Yes,Yes,72,Yes,Yes,No,No internet service,No internet service,No internet service,No internet service,No internet service,No internet service,Two Year,No,Mailed Check,26.1,1851.45
6653-CBBOM,Female,0,No,No,1,Yes,No,Fiber Optic,No,No,No,No,No,No,Month-To-Month,Yes,Electronic Check,70.3,70.3
7838-LAZFO,Male,0,Yes,No,45,Yes,No,Dsl,Yes,Yes,Yes,No,Yes,Yes,One Year,No,Bank Transfer (Automatic),78.8,3597.5
1767-TGTKO,Female,0,Yes,Yes,8,Yes,No,Dsl,No,No,No,No,No,No,Month-To-Month,Yes,Electronic Check,45.45,411.75
9547-ITEFG,Male,0,Yes,Yes,9,Yes,Yes,Fiber Optic,No,Yes,Yes,No,Yes,Yes,Month-To-Month,Yes,Credit Card (Automatic),102.6,897.75
7787-BNTZM,Male,0,No,No,6,Yes,No,No,No internet service,No internet service,No internet service,No internet service,No internet service,No internet service,Month-To-Month,No,Bank Transfer (Automatic),20.15,130.5
2995-YWTCD,Female,0,Yes,Yes,19,Yes,Yes,No,No internet service,No internet service,No internet service,No internet service,No internet service,No internet service,Two Year,Yes,Bank Transfer (Automatic),24.9,467.7
7245-JMTTQ,Female,0,No,No,51,Yes,Yes,Fiber Optic,No,Yes,Yes,Yes,Yes,Yes,One Year,Yes,Electronic Check,111.5,5703.25
1455-HFBXA,Male,0,Yes,No,52,Yes,Yes,Fiber Optic,Yes,No,Yes,Yes,No,No,Two Year,Yes,Credit Card (Automatic),91.6,4627.8
0100-DUVFC,Male,1,Yes,No,70,Yes,Yes,Fiber Optic,No,Yes,Yes,No,Yes,Yes,One Year,Yes,Electronic Check,104.8,7308.95
5423-BHIXO,Female,0,No,No,32,Yes,Yes,Dsl,No,Yes,No,No,No,No,Month-To-Month,Yes,Electronic Check,54.2,1739.6
0519-XUZJU,Female,0,No,No,1,Yes,No,Fiber Optic,No,No,No,No,No,No,Month-To-Month,No,Mailed Check,70.75,70.75
6285-FTQBF,Male,0,Yes,Yes,72,Yes,Yes,No,No internet service,No internet service,No internet service,No internet service,No internet service,No internet service,Two Year,No,Credit Card (Automatic),25.55,1867.7
4315-MURBD,Female,0,No,No,12,Yes,No,Fiber Optic,Yes,No,No,Yes,Yes,Yes,Month-To-Month,Yes,Bank Transfer (Automatic),98.9,1120.95
6551-GNYDG,Female,0,Yes,Yes,14,Yes,No,Fiber Optic,No,No,No,No,No,Yes,Month-To-Month,Yes,Bank Transfer (Automatic),80.9,1152.8
7537-CBQUZ,Male,1,No,No,63,Yes,Yes,Fiber Optic,Yes,Yes,Yes,No,Yes,Yes,Month-To-Month,Yes,Bank Transfer (Automatic),109.4,7031.45
6766-HFKLA,Female,0,Yes,No,56,Yes,Yes,Fiber Optic,No,No,Yes,Yes,Yes,Yes,Two Year,No,Bank Transfer (Automatic),103.2,5744.35
2455-USLMV,Female,0,No,No,31,Yes,Yes,Fiber Optic,Yes,No,Yes,No,No,No,Month-To-Month,Yes,Credit Card (Automatic),84.75,2613.4
1345-ZUKID,Male,0,No,No,14,Yes,No,No,No internet service,No internet service,No internet service,No internet service,No internet service,No internet service,One Year,No,Mailed Check,19.35,324.8
2220-IAHLS,Female,0,No,No,1,Yes,No,No,No internet service,No internet service,No internet service,No internet service,No internet service,No internet service,Month-To-Month,No,Credit Card (Automatic),19.4,19.4
2371-JQHZZ,Male,0,Yes,No,24,Yes,Yes,Fiber Optic,No,No,No,No,Yes,Yes,Month-To-Month,Yes,Electronic Check,93.0,2248.05
6507-DTJZV,Male,0,No,Yes,13,Yes,No,Dsl,No,No,No,No,Yes,Yes,Month-To-Month,No,Credit Card (Automatic),66.4,831.75
2856-NNASM,Male,1,No,No,43,Yes,No,Fiber Optic,No,No,No,No,Yes,Yes,Month-To-Month,Yes,Mailed Check,89.55,3856.75
9750-BOOHV,Female,0,No,No,32,No,No phone service,Dsl,Yes,No,No,No,No,No,One Year,No,Mailed Check,30.15,927.65
7504-UWHNB,Male,0,No,No,25,Yes,No,Fiber Optic,No,No,No,No,No,No,Month-To-Month,No,Electronic Check,69.75,1729.35
9365-SRSZE,Male,1,Yes,No,27,Yes,No,Fiber Optic,No,No,No,No,No,No,Month-To-Month,Yes,Electronic Check,70.55,1943.9
6549-NNDYT,Female,0,No,No,13,No,No phone service,Dsl,Yes,No,No,No,No,No,Month-To-Month,Yes,Bank Transfer (Automatic),56.05,394.1
3209-ZPKFI,Male,0,Yes,Yes,47,Yes,Yes,Dsl,No,Yes,No,No,No,No,Month-To-Month,No,Electronic Check,54.25,2538.2
1394-SUIUH,Female,1,Yes,No,44,Yes,No,Fiber Optic,Yes,Yes,No,Yes,No,No,Month-To-Month,Yes,Electronic Check,85.15,3670.5
8237-ULIXL,Female,0,Yes,No,72,Yes,Yes,No,No internet service,No internet service,No internet service,No internet service,No internet service,No internet service,Two Year,No,Credit Card (Automatic),24.85,1871.85
3987-KQDDU,Male,0,No,No,9,Yes,No,Fiber Optic,Yes,No,No,No,No,No,Month-To-Month,No,Electronic Check,75.6,661.55
1421-HCERK,Male,1,Yes,No,30,Yes,Yes,Fiber Optic,Yes,Yes,Yes,Yes,Yes,No,Month-To-Month,Yes,Bank Transfer (Automatic),105.7,3181.8
4349-GFQHK,Male,0,No,No,1,Yes,Yes,Dsl,No,No,Yes,No,No,No,Month-To-Month,No,Electronic Check,54.35,54.35
7610-TVOPG,Male,0,No,No,15,Yes,Yes,No,No internet service,No internet service,No internet service,No internet service,No internet service,No internet service,Month-To-Month,Yes,Electronic Check,26.35,378.6
2683-JXWQQ,Male,0,Yes,Yes,61,No,No phone service,Dsl,Yes,No,Yes,No,No,No,Month-To-Month,No,Bank Transfer (Automatic),56.05,2117.2
0260-ZDLGK,Female,0,No,Yes,9,Yes,No,Dsl,No,No,Yes,Yes,Yes,Yes,Month-To-Month,Yes,Mailed Check,72.9,651.4
1374-DMZUI,Female,1,No,No,4,Yes,Yes,Fiber Optic,No,No,No,No,Yes,Yes,Month-To-Month,Yes,Electronic Check,94.3,424.45
4124-MMETB,Male,0,No,No,22,Yes,Yes,Fiber Optic,No,No,No,No,Yes,Yes,Month-To-Month,Yes,Credit Card (Automatic),94.65,2104.55
4143-OOBWZ,Male,0,Yes,No,5,Yes,Yes,Fiber Optic,No,Yes,No,No,No,No,Month-To-Month,Yes,Electronic Check,81.3,416.3
6064-PUPMC,Male,0,Yes,Yes,23,Yes,No,Dsl,Yes,No,No,Yes,No,No,One Year,No,Credit Card (Automatic),57.2,1423.35
2227-JRSJX,Female,0,No,No,21,Yes,No,Fiber Optic,No,Yes,No,Yes,Yes,Yes,Month-To-Month,Yes,Bank Transfer (Automatic),99.15,1956.4
5505-OVWQW,Female,0,No,No,17,Yes,No,No,No internet service,No internet service,No internet service,No internet service,No internet service,No internet service,One Year,No,Mailed Check,20.15,353.65
3131-NWVFJ,Female,0,Yes,Yes,14,Yes,No,No,No internet service,No internet service,No internet service,No internet service,No internet service,No internet service,One Year,No,Mailed Check,19.55,294.5
2673-ZALNP,Female,0,No,No,7,Yes,No,No,No internet service,No internet service,No internet service,No internet service,No internet service,No internet service,One Year,No,Mailed Check,19.9,173.15
3842-QTGDL,Male,0,Yes,No,16,Yes,No,Fiber Optic,Yes,Yes,No,No,No,No,Month-To-Month,No,Bank Transfer (Automatic),80.75,1321.3
5170-PTRKA,Female,0,Yes,Yes,49,No,No phone service,Dsl,Yes,No,No,Yes,No,No,One Year,Yes,Credit Card (Automatic),35.8,1782.0
9362-MWODR,Female,0,No,Yes,40,Yes,No,Dsl,Yes,No,No,Yes,Yes,No,Month-To-Month,Yes,Credit Card (Automatic),64.1,2460.35
1237-WIYYZ,Female,0,No,No,18,Yes,No,No,No internet service,No internet service,No internet service,No internet service,No internet service,No internet service,Month-To-Month,Yes,Mailed Check,19.55,389.25
8709-KRDVL,Female,0,No,No,33,Yes,Yes,Fiber Optic,No,Yes,No,No,Yes,Yes,Month-To-Month,Yes,Electronic Check,100.0,3320.6
2897-DOVND,Male,0,No,No,2,Yes,No,Fiber Optic,No,No,No,No,No,No,Month-To-Month,Yes,Electronic Check,69.8,146.65
3030-YDNRM,Male,0,No,No,8,Yes,Yes,Fiber Optic,No,No,No,No,No,No,Month-To-Month,Yes,Electronic Check,74.85,572.45
6603-QWSPR,Female,0,No,No,46,Yes,No,Fiber Optic,No,Yes,Yes,Yes,Yes,Yes,Two Year,Yes,Bank Transfer (Automatic),104.4,4904.2
2108-GLPQB,Male,0,Yes,No,25,Yes,Yes,Dsl,No,No,Yes,No,No,No,Month-To-Month,No,Credit Card (Automatic),55.55,1405.3
6586-PSJOX,Male,0,No,Yes,15,Yes,No,Dsl,No,No,Yes,Yes,No,No,One Year,No,Credit Card (Automatic),55.2,864.55
6616-AALSR,Female,0,Yes,Yes,65,Yes,Yes,Fiber Optic,Yes,No,Yes,No,Yes,Yes,Two Year,Yes,Credit Card (Automatic),104.3,6725.3
2550-AEVRU,Female,0,Yes,Yes,57,Yes,No,Dsl,Yes,Yes,No,No,No,No,One Year,No,Electronic Check,53.45,3053.0
1009-IRMNA,Female,0,No,No,7,Yes,No,No,No internet service,No internet service,No internet service,No internet service,No internet service,No internet service,Month-To-Month,No,Bank Transfer (Automatic),20.0,137.6
7919-ZODZZ,Female,0,Yes,Yes,10,Yes,No,Dsl,No,Yes,Yes,No,No,Yes,One Year,Yes,Mailed Check,65.9,660.05
8328-SKJNO,Male,0,No,Yes,23,No,No phone service,Dsl,Yes,Yes,No,Yes,No,No,One Year,No,Bank Transfer (Automatic),40.65,947.4
1352-VHKAJ,Male,0,Yes,Yes,27,Yes,Yes,Dsl,No,No,No,Yes,Yes,Yes,Month-To-Month,No,Bank Transfer (Automatic),71.6,1957.1
1163-ONYEY,Male,0,Yes,Yes,41,Yes,Yes,Dsl,Yes,Yes,Yes,No,Yes,No,Month-To-Month,Yes,Credit Card (Automatic),74.55,3023.55
7480-SPLEF,Male,0,Yes,Yes,69,Yes,Yes,No,No internet service,No internet service,No internet service,No internet service,No internet service,No internet service,Two Year,Yes,Bank Transfer (Automatic),26.0,1796.55
0960-HUWBM,Male,0,Yes,Yes,65,Yes,Yes,Fiber Optic,No,No,Yes,Yes,Yes,Yes,Two Year,Yes,Bank Transfer (Automatic),104.1,6700.05
8348-JLBUG,Male,1,Yes,No,64,Yes,No,Fiber Optic,Yes,No,Yes,No,No,No,One Year,No,Credit Card (Automatic),80.3,5017.7
5124-EOGYE,Male,0,No,No,31,Yes,No,No,No internet service,No internet service,No internet service,No internet service,No internet service,No internet service,Two Year,No,Mailed Check,20.45,638.55
1626-ERCMM,Male,1,Yes,No,20,Yes,Yes,Fiber Optic,No,No,No,No,Yes,Yes,Month-To-Month,Yes,Electronic Check,94.55,1899.65
5804-JMYIO,Female,0,Yes,Yes,39,Yes,No,No,No internet service,No internet service,No internet service,No internet service,No internet service,No internet service,Two Year,No,Mailed Check,19.75,757.95
3519-ZKXGG,Female,0,Yes,No,3,Yes,Yes,Fiber Optic,No,No,No,No,No,No,Month-To-Month,Yes,Electronic Check,75.85,256.6
7943-RQCHR,Female,0,No,No,9,Yes,Yes,Fiber Optic,No,No,No,No,Yes,Yes,Month-To-Month,Yes,Electronic Check,94.75,889.9
9489-JMTTN,Female,0,Yes,Yes,72,Yes,Yes,Dsl,Yes,Yes,Yes,Yes,Yes,Yes,Two Year,No,Credit Card (Automatic),89.75,6595.9
5442-BXVND,Female,0,Yes,Yes,33,Yes,Yes,No,No internet service,No internet service,No internet service,No internet service,No internet service,No internet service,Month-To-Month,No,Bank Transfer (Automatic),24.25,838.5
4572-DVCGN,Female,0,No,No,10,Yes,No,Fiber Optic,No,No,No,No,No,Yes,Month-To-Month,Yes,Bank Transfer (Automatic),80.25,846.0
5537-UXXVS,Female,0,Yes,No,20,Yes,No,No,No internet service,No internet service,No internet service,No internet service,No internet service,No internet service,Month-To-Month,No,Bank Transfer (Automatic),19.25,375.25
3198-VELRD,Female,0,Yes,Yes,3,Yes,Yes,Fiber Optic,No,No,No,No,No,Yes,Month-To-Month,Yes,Bank Transfer (Automatic),84.75,264.85
3099-OONVS,Male,0,Yes,Yes,25,Yes,No,Dsl,Yes,No,No,Yes,No,No,Month-To-Month,No,Electronic Check,54.3,1296.8
2351-RRBUE,Female,0,Yes,Yes,7,Yes,No,No,No internet service,No internet service,No internet service,No internet service,No internet service,No internet service,One Year,No,Mailed Check,20.65,134.05
8837-VVWLQ,Female,0,No,No,8,Yes,No,Fiber Optic,Yes,No,No,No,Yes,No,Month-To-Month,No,Electronic Check,84.95,668.4
4770-QAZXN,Female,0,No,No,13,Yes,No,No,No internet service,No internet service,No internet service,No internet service,No internet service,No internet service,Month-To-Month,No,Credit Card (Automatic),19.45,232.1
4720-VSTSI,Female,0,No,No,44,Yes,Yes,Fiber Optic,No,Yes,Yes,No,No,No,Month-To-Month,Yes,Bank Transfer (Automatic),84.8,3862.55
0308-IVGOK,Female,0,No,No,11,No,No phone service,Dsl,No,Yes,Yes,Yes,No,No,One Year,Yes,Credit Card (Automatic),40.4,422.6
8374-XGEJJ,Male,1,Yes,No,43,Yes,Yes,Fiber Optic,No,Yes,No,No,Yes,Yes,Month-To-Month,Yes,Electronic Check,101.0,4388.4
5575-GNVDE,Male,0,No,No,34,Yes,No,Dsl,Yes,No,Yes,No,No,No,One Year,No,Mailed Check,56.95,1889.5
2485-ITVKB,Female,0,Yes,No,2,No,No phone service,Dsl,No,No,No,No,No,Yes,Month-To-Month,Yes,Electronic Check,35.1,68.75
7595-EUIVN,Female,0,No,No,1,Yes,No,Fiber Optic,No,Yes,No,No,No,No,Month-To-Month,No,Electronic Check,75.8,75.8
1625-JAIIY,Female,0,Yes,Yes,68,Yes,Yes,Fiber Optic,No,No,No,No,Yes,No,One Year,Yes,Electronic Check,83.0,5685.8
6072-NUQCB,Male,0,Yes,Yes,22,Yes,No,No,No internet service,No internet service,No internet service,No internet service,No internet service,No internet service,One Year,No,Electronic Check,20.25,488.25
0197-PNKNK,Female,0,Yes,Yes,69,Yes,Yes,Fiber Optic,Yes,No,Yes,No,No,No,One Year,No,Bank Transfer (Automatic),84.45,5848.6
4565-NLZBV,Female,0,Yes,No,71,Yes,Yes,No,No internet service,No internet service,No internet service,No internet service,No internet service,No internet service,Two Year,Yes,Bank Transfer (Automatic),24.65,1710.15
8129-GMVGI,Female,0,Yes,Yes,56,Yes,No,No,No internet service,No internet service,No internet service,No internet service,No internet service,No internet service,Two Year,No,Mailed Check,20.05,1090.1
5524-KHNJP,Male,0,Yes,Yes,33,Yes,No,Dsl,Yes,No,Yes,No,Yes,Yes,One Year,No,Credit Card (Automatic),74.75,2453.3
9174-IHETN,Female,0,No,Yes,50,Yes,No,Fiber Optic,No,No,No,No,No,No,Two Year,No,Credit Card (Automatic),70.35,3533.6
2382-BCKQJ,Female,0,No,Yes,62,Yes,Yes,Fiber Optic,No,No,Yes,No,Yes,Yes,One Year,Yes,Electronic Check,100.15,6413.65
0716-BQNDX,Male,1,No,No,57,Yes,Yes,Fiber Optic,Yes,No,No,Yes,No,Yes,Two Year,No,Electronic Check,93.75,5625.55
0219-QAERP,Male,0,Yes,No,30,Yes,No,No,No internet service,No internet service,No internet service,No internet service,No internet service,No internet service,One Year,No,Credit Card (Automatic),19.8,576.65
7064-FRRSW,Male,1,No,No,48,Yes,Yes,Fiber Optic,No,Yes,No,No,Yes,Yes,One Year,Yes,Electronic Check,99.0,4744.35
6797-UCJHZ,Female,1,Yes,No,66,Yes,Yes,Fiber Optic,No,Yes,Yes,No,Yes,Yes,One Year,No,Credit Card (Automatic),104.6,6819.45
6738-ISCBM,Male,0,No,No,44,No,No phone service,Dsl,Yes,No,Yes,No,Yes,Yes,One Year,Yes,Electronic Check,54.0,2440.25
1069-XAIEM,Female,1,No,No,1,Yes,Yes,Fiber Optic,No,No,No,No,No,Yes,Month-To-Month,Yes,Electronic Check,85.05,85.05
1820-DJFPH,Female,0,Yes,Yes,72,Yes,Yes,No,No internet service,No internet service,No internet service,No internet service,No internet service,No internet service,Two Year,Yes,Bank Transfer (Automatic),24.05,1709.15
6769-DYBQN,Male,1,No,No,46,Yes,No,Fiber Optic,Yes,No,No,No,No,Yes,Month-To-Month,No,Electronic Check,85.0,3969.4
8659-IOOPU,Female,0,Yes,Yes,71,Yes,Yes,Fiber Optic,Yes,No,Yes,Yes,No,Yes,Two Year,No,Electronic Check,100.45,7159.7
0637-YLETY,Female,0,No,No,16,Yes,Yes,Fiber Optic,No,Yes,Yes,No,No,Yes,Month-To-Month,Yes,Credit Card (Automatic),95.6,1555.65
7954-MLBUN,Male,0,No,No,31,Yes,No,Fiber Optic,No,No,Yes,Yes,Yes,Yes,Two Year,No,Bank Transfer (Automatic),99.45,3109.9
3804-RVTGV,Male,0,Yes,Yes,50,Yes,Yes,Fiber Optic,No,Yes,Yes,No,Yes,Yes,Month-To-Month,Yes,Bank Transfer (Automatic),103.85,5017.9
4472-VESGY,Female,0,Yes,Yes,52,Yes,Yes,Fiber Optic,Yes,Yes,Yes,No,No,Yes,Month-To-Month,No,Bank Transfer (Automatic),98.15,4993.4
5297-MDOIR,Female,0,Yes,No,63,Yes,No,Fiber Optic,Yes,No,Yes,No,No,No,One Year,Yes,Credit Card (Automatic),81.15,5224.5
5360-XGYAZ,Male,0,Yes,Yes,72,No,No phone service,Dsl,Yes,Yes,Yes,Yes,Yes,Yes,Two Year,Yes,Bank Transfer (Automatic),65.65,4664.5
7718-UPSKJ,Female,0,Yes,No,69,Yes,No,Fiber Optic,Yes,Yes,No,Yes,Yes,Yes,One Year,Yes,Credit Card (Automatic),106.4,7251.9
7148-XZPHA,Male,0,Yes,Yes,55,Yes,No,Fiber Optic,No,Yes,No,Yes,No,No,Month-To-Month,No,Electronic Check,79.4,4238.45
5380-XPJNZ,Female,0,No,No,38,Yes,No,No,No internet service,No internet service,No internet service,No internet service,No internet service,No internet service,One Year,No,Mailed Check,20.05,678.2
1755-FZQEC,Male,0,No,No,39,Yes,No,No,No internet service,No internet service,No internet service,No internet service,No internet service,No internet service,One Year,No,Mailed Check,19.9,791.15
0929-HYQEW,Male,0,No,No,3,Yes,No,Dsl,Yes,No,No,No,No,No,Month-To-Month,Yes,Mailed Check,50.15,160.85
1728-CXQBE,Male,1,Yes,No,64,Yes,Yes,Fiber Optic,No,Yes,Yes,No,No,Yes,Month-To-Month,Yes,Electronic Check,94.25,6081.4
0778-NELLA,Male,0,No,No,9,No,No phone service,Dsl,No,No,No,No,Yes,No,Month-To-Month,Yes,Credit Card (Automatic),34.7,296.1
1697-LYYYX,Female,0,Yes,Yes,61,Yes,No,No,No internet service,No internet service,No internet service,No internet service,No internet service,No internet service,One Year,No,Credit Card (Automatic),19.1,1143.8
3638-WEABW,Female,0,Yes,No,58,Yes,Yes,Dsl,No,Yes,No,Yes,No,No,Two Year,Yes,Credit Card (Automatic),59.9,3505.1
4806-HIPDW,Female,0,Yes,No,1,Yes,No,Fiber Optic,No,No,No,No,No,No,Month-To-Month,Yes,Electronic Check,68.95,68.95
0975-VOOVL,Female,0,No,No,3,No,No phone service,Dsl,No,Yes,No,No,No,No,Month-To-Month,No,Mailed Check,29.2,98.5
9700-ZCLOT,Male,0,No,No,2,Yes,No,No,No internet service,No internet service,No internet service,No internet service,No internet service,No internet service,Month-To-Month,No,Mailed Check,20.0,32.7
5214-NLTIT,Male,0,Yes,Yes,72,Yes,Yes,Fiber Optic,No,No,Yes,No,No,Yes,Two Year,Yes,Credit Card (Automatic),90.8,6511.8
5546-BYZSM,Female,0,No,No,41,Yes,No,No,No internet service,No internet service,No internet service,No internet service,No internet service,No internet service,Month-To-Month,No,Electronic Check,20.45,775.6
3211-ILJTT,Male,0,Yes,No,17,Yes,No,Fiber Optic,No,No,No,No,No,No,Month-To-Month,Yes,Bank Transfer (Automatic),70.4,1214.05
6961-MJKBO,Male,0,No,No,47,Yes,No,No,No internet service,No internet service,No internet service,No internet service,No internet service,No internet service,Two Year,No,Bank Transfer (Automatic),20.45,943.0
2737-YNGYW,Female,0,No,No,2,Yes,No,Fiber Optic,No,No,No,No,No,Yes,Month-To-Month,No,Electronic Check,80.55,184.1
7722-CVFXN,Male,0,Yes,Yes,54,Yes,Yes,Fiber Optic,No,Yes,No,Yes,Yes,Yes,One Year,Yes,Electronic Check,105.2,5637.85
6630-UJZMY,Female,1,Yes,No,4,Yes,Yes,Fiber Optic,No,No,No,No,Yes,No,Month-To-Month,Yes,Electronic Check,83.25,308.05
3571-DPYUH,Male,0,Yes,Yes,58,Yes,Yes,Fiber Optic,No,Yes,No,Yes,Yes,No,One Year,Yes,Credit Card (Automatic),94.7,5430.35
4817-VYYWS,Female,0,No,No,30,Yes,Yes,Fiber Optic,No,Yes,No,No,Yes,Yes,Month-To-Month,Yes,Electronic Check,100.2,2983.8
5781-RFZRP,Male,0,Yes,No,71,Yes,Yes,Dsl,Yes,Yes,No,Yes,Yes,No,Two Year,No,Credit Card (Automatic),73.5,5357.75
5504-WSIUR,Female,0,No,No,70,Yes,Yes,Fiber Optic,No,Yes,Yes,Yes,No,No,One Year,Yes,Bank Transfer (Automatic),90.25,6385.95
5248-KWLAR,Male,0,Yes,Yes,71,Yes,Yes,Dsl,Yes,Yes,Yes,Yes,Yes,Yes,Two Year,No,Electronic Check,90.35,6325.25
8402-EIVQS,Male,0,Yes,No,67,Yes,No,Fiber Optic,Yes,Yes,No,No,Yes,Yes,One Year,Yes,Credit Card (Automatic),100.9,6733.15
5456-ITGIC,Male,1,Yes,No,72,No,No phone service,Dsl,Yes,Yes,Yes,Yes,Yes,Yes,Two Year,Yes,Credit Card (Automatic),64.45,4641.1
2511-ALLCS,Female,0,Yes,Yes,35,Yes,Yes,No,No internet service,No internet service,No internet service,No internet service,No internet service,No internet service,Two Year,No,Bank Transfer (Automatic),24.3,821.6
4190-MFLUW,Female,0,Yes,Yes,10,Yes,No,Dsl,No,No,Yes,Yes,No,No,Month-To-Month,No,Credit Card (Automatic),55.2,528.35
0980-PVMRC,Female,0,Yes,Yes,40,No,No phone service,Dsl,No,Yes,No,No,Yes,Yes,Month-To-Month,Yes,Electronic Check,50.85,2036.55
0637-KVDLV,Male,0,No,No,2,Yes,Yes,Fiber Optic,No,No,No,No,No,No,Month-To-Month,Yes,Electronic Check,76.5,162.45
4546-FOKWR,Female,0,No,No,16,Yes,Yes,Fiber Optic,No,No,No,No,No,No,Month-To-Month,Yes,Credit Card (Automatic),74.75,1129.35
6778-YSNIH,Female,0,No,No,2,Yes,No,Dsl,No,Yes,No,No,Yes,No,Month-To-Month,Yes,Electronic Check,59.0,114.15
6557-BZXLQ,Male,1,No,No,16,Yes,No,Fiber Optic,No,No,No,No,No,No,Month-To-Month,No,Electronic Check,69.65,1043.3
1097-FSPVW,Female,0,No,No,42,Yes,No,Dsl,Yes,No,Yes,No,No,No,Month-To-Month,No,Electronic Check,54.55,2455.05
3777-XROBG,Female,0,Yes,Yes,58,Yes,No,No,No internet service,No internet service,No internet service,No internet service,No internet service,No internet service,Two Year,No,Credit Card (Automatic),19.55,1079.65
5802-ADBRC,Female,0,Yes,No,50,Yes,Yes,Fiber Optic,Yes,No,Yes,No,Yes,Yes,One Year,Yes,Mailed Check,104.4,5232.9
0442-ZXKVS,Female,1,Yes,No,54,Yes,Yes,Fiber Optic,Yes,Yes,Yes,Yes,Yes,Yes,One Year,Yes,Bank Transfer (Automatic),115.6,6431.05
5294-DMSFH,Female,0,Yes,Yes,29,Yes,No,Fiber Optic,No,No,No,No,Yes,Yes,Month-To-Month,Yes,Credit Card (Automatic),87.8,2621.75
9531-NSBMR,Female,0,No,No,36,Yes,No,No,No internet service,No internet service,No internet service,No internet service,No internet service,No internet service,One Year,Yes,Bank Transfer (Automatic),19.25,679.8
0947-IDHRQ,Female,0,No,No,7,Yes,No,Fiber Optic,No,No,No,No,Yes,No,Month-To-Month,Yes,Mailed Check,80.3,526.7
4430-YHXGG,Female,0,No,Yes,4,Yes,Yes,No,No internet service,No internet service,No internet service,No internet service,No internet service,No internet service,Month-To-Month,Yes,Mailed Check,25.45,84.2
2957-LOLHO,Male,0,No,No,12,Yes,No,Dsl,No,No,No,No,No,No,Month-To-Month,Yes,Bank Transfer (Automatic),45.4,518.9
9389-ACWBI,Female,0,Yes,Yes,5,Yes,No,Fiber Optic,No,No,No,No,No,No,Month-To-Month,No,Credit Card (Automatic),69.95,320.4
6478-HRRCZ,Male,0,Yes,No,32,Yes,No,Dsl,Yes,Yes,No,Yes,No,Yes,One Year,No,Mailed Check,70.5,2201.75
3557-HTYWR,Female,0,No,No,47,Yes,Yes,Dsl,Yes,Yes,No,Yes,No,Yes,Two Year,No,Mailed Check,74.05,3496.3
1658-BYGOY,Male,1,No,No,18,Yes,Yes,Fiber Optic,No,No,No,No,Yes,Yes,Month-To-Month,Yes,Electronic Check,95.45,1752.55
5482-PLVPE,Female,1,No,No,2,No,No phone service,Dsl,No,No,No,No,No,No,Month-To-Month,No,Electronic Check,24.35,41.85
9101-BWFSS,Female,0,Yes,No,50,Yes,Yes,Fiber Optic,Yes,Yes,No,Yes,Yes,Yes,One Year,No,Electronic Check,108.55,5610.7
9867-JCZSP,Female,0,Yes,Yes,17,Yes,No,No,No internet service,No internet service,No internet service,No internet service,No internet service,No internet service,One Year,No,Mailed Check,20.75,418.25
7075-BNDVQ,Female,0,No,No,4,No,No phone service,Dsl,Yes,No,Yes,No,No,No,Month-To-Month,No,Mailed Check,35.0,135.75
9967-ATRFS,Female,0,No,No,19,Yes,No,No,No internet service,No internet service,No internet service,No internet service,No internet service,No internet service,Month-To-Month,No,Mailed Check,19.9,367.55
7107-UBYKY,Female,0,Yes,Yes,35,Yes,Yes,No,No internet service,No internet service,No internet service,No internet service,No internet service,No internet service,Month-To-Month,Yes,Electronic Check,25.75,882.55
3694-DELSO,Male,0,Yes,Yes,4,No,No phone service,Dsl,Yes,No,No,No,Yes,No,Month-To-Month,No,Credit Card (Automatic),38.55,156.1
7801-CEDNV,Male,0,Yes,No,27,Yes,No,Dsl,Yes,No,No,No,No,No,One Year,No,Credit Card (Automatic),48.7,1421.75
4393-GEADV,Male,0,Yes,Yes,70,Yes,Yes,Fiber Optic,Yes,Yes,Yes,Yes,Yes,Yes,Two Year,No,Credit Card (Automatic),114.75,7842.3
0224-NIJLP,Male,0,Yes,Yes,8,Yes,No,No,No internet service,No internet service,No internet service,No internet service,No internet service,No internet service,Two Year,No,Mailed Check,20.15,165.5
5536-SLHPM,Female,0,Yes,No,55,Yes,Yes,Fiber Optic,No,No,Yes,No,No,No,Month-To-Month,Yes,Electronic Check,77.75,4458.15
6402-EJMWF,Male,0,No,No,4,Yes,No,Dsl,No,No,No,No,No,Yes,Month-To-Month,Yes,Mailed Check,56.05,238.5
4703-MQYKT,Male,0,No,No,21,Yes,No,No,No internet service,No internet service,No internet service,No internet service,No internet service,No internet service,Two Year,No,Mailed Check,19.6,390.4
6527-PZFPV,Male,0,Yes,Yes,24,Yes,No,No,No internet service,No internet service,No internet service,No internet service,No internet service,No internet service,One Year,Yes,Credit Card (Automatic),20.8,469.65
8265-HKSOW,Female,0,Yes,Yes,72,Yes,Yes,Fiber Optic,Yes,Yes,Yes,Yes,No,Yes,Two Year,No,Credit Card (Automatic),107.45,7658.3
1131-ALZWV,Female,0,No,No,24,Yes,Yes,No,No internet service,No internet service,No internet service,No internet service,No internet service,No internet service,One Year,No,Bank Transfer (Automatic),24.6,605.25
0487-VVUVK,Male,0,Yes,Yes,25,Yes,No,No,No internet service,No internet service,No internet service,No internet service,No internet service,No internet service,Month-To-Month,Yes,Mailed Check,19.15,477.6
4325-NFSKC,Male,1,No,No,19,Yes,Yes,Fiber Optic,Yes,No,No,No,Yes,No,Month-To-Month,Yes,Electronic Check,90.6,1660.0
0840-DCNZE,Male,0,No,No,47,Yes,No,Dsl,Yes,Yes,Yes,Yes,Yes,Yes,One Year,Yes,Bank Transfer (Automatic),86.95,4138.9
4751-ERMAN,Male,0,Yes,Yes,72,Yes,No,Dsl,No,Yes,Yes,No,Yes,Yes,Two Year,Yes,Bank Transfer (Automatic),75.4,5480.25
3313-QKNKB,Male,0,Yes,No,59,Yes,Yes,Fiber Optic,No,No,No,No,No,Yes,One Year,No,Electronic Check,85.55,5084.65
9030-QGZNL,Female,0,No,No,8,Yes,No,No,No internet service,No internet service,No internet service,No internet service,No internet service,No internet service,Two Year,No,Mailed Check,20.85,161.65
0567-GGCAC,Female,0,No,No,7,Yes,No,Dsl,Yes,Yes,Yes,No,No,No,Month-To-Month,No,Electronic Check,61.4,438.9
4450-DLLMH,Male,0,No,No,2,Yes,No,Fiber Optic,No,No,No,No,No,No,Month-To-Month,Yes,Credit Card (Automatic),71.3,157.75
1561-BWHIN,Male,0,Yes,Yes,19,Yes,No,No,No internet service,No internet service,No internet service,No internet service,No internet service,No internet service,One Year,No,Mailed Check,19.8,344.5
1293-BSEUN,Female,0,Yes,Yes,72,Yes,No,No,No internet service,No internet service,No internet service,No internet service,No internet service,No internet service,Two Year,Yes,Mailed Check,20.7,1482.3
8540-ZQGEA,Female,0,Yes,No,54,Yes,No,No,No internet service,No internet service,No internet service,No internet service,No internet service,No internet service,Two Year,No,Credit Card (Automatic),20.05,1102.4
0318-QUUOB,Male,0,Yes,No,1,Yes,No,Fiber Optic,No,No,No,No,Yes,No,Month-To-Month,Yes,Electronic Check,80.55,80.55
5832-XKAES,Male,0,No,No,2,Yes,No,Fiber Optic,No,No,No,No,No,No,Month-To-Month,Yes,Credit Card (Automatic),69.8,134.7
6696-YDAYZ,Male,0,Yes,Yes,16,Yes,No,No,No internet service,No internet service,No internet service,No internet service,No internet service,No internet service,Two Year,No,Mailed Check,20.5,290.55
2085-JVGAD,Male,0,Yes,No,37,Yes,No,No,No internet service,No internet service,No internet service,No internet service,No internet service,No internet service,Month-To-Month,No,Bank Transfer (Automatic),20.35,697.65
8169-SAEJD,Male,1,Yes,No,69,No,No phone service,Dsl,Yes,Yes,No,No,Yes,Yes,Two Year,No,Credit Card (Automatic),56.55,3952.65
1478-VPOAD,Female,0,No,No,1,Yes,No,Dsl,No,No,No,No,No,No,Month-To-Month,No,Electronic Check,43.8,43.8
1530-ZTDOZ,Female,0,Yes,No,49,No,No phone service,Dsl,Yes,No,No,No,Yes,No,Month-To-Month,No,Bank Transfer (Automatic),40.65,2070.75
5125-CNDSP,Male,0,No,Yes,63,No,No phone service,Dsl,Yes,Yes,No,Yes,No,No,One Year,Yes,Bank Transfer (Automatic),40.6,2588.95
4909-JOUPP,Male,1,Yes,No,72,Yes,Yes,Fiber Optic,No,Yes,Yes,Yes,Yes,Yes,Two Year,No,Credit Card (Automatic),109.7,7898.45
8565-CLBZW,Male,0,No,No,24,Yes,Yes,Fiber Optic,No,No,Yes,No,Yes,No,Month-To-Month,Yes,Mailed Check,89.85,2165.05
4988-IQIGL,Male,1,No,No,1,Yes,Yes,Fiber Optic,No,No,No,No,No,No,Month-To-Month,Yes,Electronic Check,75.35,75.35
6752-APNJL,Male,0,Yes,Yes,42,Yes,No,Dsl,Yes,Yes,No,No,No,No,Month-To-Month,No,Mailed Check,54.5,2301.15
9142-XMYJH,Female,0,No,No,29,Yes,No,No,No internet service,No internet service,No internet service,No internet service,No internet service,No internet service,Month-To-Month,No,Credit Card (Automatic),19.35,601.6
2055-BFOCC,Male,1,Yes,No,63,Yes,No,Dsl,Yes,Yes,Yes,Yes,Yes,Yes,One Year,Yes,Bank Transfer (Automatic),84.0,5329.55
2817-NTQDO,Male,0,No,No,13,No,No phone service,Dsl,Yes,No,No,Yes,Yes,No,Month-To-Month,Yes,Credit Card (Automatic),45.55,597.0
0060-FUALY,Female,0,Yes,No,59,Yes,Yes,Fiber Optic,Yes,Yes,No,No,Yes,No,Month-To-Month,Yes,Electronic Check,94.75,5597.65
0471-ARVMX,Female,1,Yes,No,62,Yes,Yes,Fiber Optic,Yes,No,Yes,No,Yes,Yes,One Year,Yes,Electronic Check,104.85,6312.9
9330-IJWIO,Female,0,No,No,13,Yes,Yes,Fiber Optic,Yes,No,No,No,Yes,Yes,Month-To-Month,Yes,Electronic Check,100.35,1358.85
1194-HVAIF,Female,0,Yes,No,27,Yes,Yes,Fiber Optic,No,No,No,No,Yes,Yes,Month-To-Month,No,Credit Card (Automatic),95.0,2462.55
1768-ZAIFU,Female,1,No,No,1,No,No phone service,Dsl,No,No,No,No,No,No,Month-To-Month,Yes,Electronic Check,25.2,25.2
5242-UOWHD,Male,0,Yes,Yes,45,Yes,No,No,No internet service,No internet service,No internet service,No internet service,No internet service,No internet service,Two Year,No,Mailed Check,20.35,929.2
6463-MVYRY,Female,1,No,No,57,Yes,No,Dsl,Yes,No,Yes,Yes,Yes,No,Two Year,No,Bank Transfer (Automatic),69.85,4003.0
3308-JSGML,Male,1,Yes,No,59,No,No phone service,Dsl,Yes,No,Yes,Yes,Yes,Yes,Two Year,Yes,Credit Card (Automatic),64.05,3886.85
9830-ECLEN,Male,0,Yes,Yes,58,No,No phone service,Dsl,Yes,Yes,Yes,No,Yes,No,One Year,No,Mailed Check,50.0,2919.85
6313-GIDIT,Male,1,No,No,53,No,No phone service,Dsl,No,Yes,Yes,No,Yes,Yes,Month-To-Month,Yes,Electronic Check,54.45,2854.55
4232-JGKIY,Male,0,No,No,1,Yes,No,No,No internet service,No internet service,No internet service,No internet service,No internet service,No internet service,Month-To-Month,No,Electronic Check,19.2,19.2
5624-BQSSA,Female,0,No,No,1,Yes,No,No,No internet service,No internet service,No internet service,No internet service,No internet service,No internet service,Month-To-Month,No,Mailed Check,20.95,20.95
5850-BDWCY,Female,0,No,No,6,Yes,No,No,No internet service,No internet service,No internet service,No internet service,No internet service,No internet service,Month-To-Month,No,Mailed Check,20.2,123.65
7044-YAACC,Male,1,Yes,No,4,Yes,No,Fiber Optic,No,No,No,No,No,No,Month-To-Month,Yes,Electronic Check,70.2,280.35
2718-YSKCS,Male,0,Yes,Yes,71,Yes,No,No,No internet service,No internet service,No internet service,No internet service,No internet service,No internet service,Two Year,Yes,Bank Transfer (Automatic),19.6,1387.45
9795-VOWON,Male,0,No,No,7,No,No phone service,Dsl,No,No,No,No,No,No,One Year,Yes,Credit Card (Automatic),24.35,150.85
7191-ADRGF,Male,0,Yes,No,44,No,No phone service,Dsl,No,Yes,Yes,No,Yes,Yes,Two Year,No,Bank Transfer (Automatic),54.3,2390.45
4111-BNXIF,Female,0,Yes,Yes,67,No,No phone service,Dsl,No,Yes,Yes,Yes,Yes,Yes,Two Year,Yes,Electronic Check,59.55,4103.9
8100-HZZLJ,Female,0,No,Yes,43,Yes,No,Dsl,Yes,Yes,No,No,No,Yes,Month-To-Month,Yes,Electronic Check,63.95,2737.05
0032-PGELS,Female,0,Yes,Yes,1,No,No phone service,Dsl,Yes,No,No,No,No,No,Month-To-Month,No,Bank Transfer (Automatic),30.5,30.5
3446-QDSZF,Female,0,No,No,4,Yes,No,Dsl,No,No,No,No,Yes,No,Month-To-Month,No,Credit Card (Automatic),55.5,227.35
3594-IVHJZ,Female,0,No,No,2,Yes,No,No,No internet service,No internet service,No internet service,No internet service,No internet service,No internet service,Month-To-Month,Yes,Electronic Check,20.45,42.45
0221-NAUXK,Male,0,No,Yes,10,Yes,No,No,No internet service,No internet service,No internet service,No internet service,No internet service,No internet service,One Year,Yes,Bank Transfer (Automatic),19.95,219.5
7601-GNDYK,Male,0,Yes,Yes,35,Yes,No,No,No internet service,No internet service,No internet service,No internet service,No internet service,No internet service,Two Year,No,Mailed Check,19.6,686.95
3096-JRDSO,Female,1,Yes,No,27,Yes,Yes,Fiber Optic,Yes,No,No,Yes,Yes,Yes,Month-To-Month,Yes,Bank Transfer (Automatic),104.3,2867.75
1576-PFZIW,Male,1,Yes,No,70,Yes,No,Fiber Optic,Yes,Yes,Yes,No,Yes,Yes,Two Year,No,Credit Card (Automatic),105.35,7511.9
7054-LGEQW,Female,0,No,No,1,Yes,No,Dsl,No,No,No,No,No,No,Month-To-Month,No,Mailed Check,45.95,45.95
1750-CSKKM,Male,0,No,Yes,9,Yes,No,Dsl,No,No,No,No,Yes,No,Month-To-Month,No,Electronic Check,55.35,449.75
6922-NCEDI,Male,0,No,Yes,56,Yes,No,No,No internet service,No internet service,No internet service,No internet service,No internet service,No internet service,One Year,Yes,Mailed Check,21.2,1238.65
6734-FQAJX,Male,1,No,No,67,Yes,No,Fiber Optic,Yes,Yes,No,Yes,Yes,Yes,Two Year,Yes,Electronic Check,105.05,7171.7
3498-LZGQZ,Male,0,Yes,Yes,63,Yes,No,No,No internet service,No internet service,No internet service,No internet service,No internet service,No internet service,Two Year,Yes,Mailed Check,19.15,1177.05
6485-QXWWE,Female,0,No,Yes,62,Yes,Yes,No,No internet service,No internet service,No internet service,No internet service,No internet service,No internet service,Two Year,No,Bank Transfer (Automatic),26.0,1638.7
0804-XBFBV,Female,0,No,Yes,11,No,No phone service,Dsl,No,No,No,No,No,No,Month-To-Month,No,Electronic Check,25.2,321.05
8173-RXAYP,Female,0,Yes,Yes,24,Yes,No,No,No internet service,No internet service,No internet service,No internet service,No internet service,No internet service,Two Year,No,Mailed Check,19.7,452.55
4312-GVYNH,Female,0,Yes,No,70,No,No phone service,Dsl,Yes,No,Yes,Yes,No,Yes,Two Year,Yes,Bank Transfer (Automatic),49.85,3370.2
4648-YPBTM,Male,0,No,No,53,Yes,Yes,Dsl,No,Yes,Yes,Yes,No,Yes,Two Year,Yes,Bank Transfer (Automatic),73.9,3958.25
4123-FCVCB,Female,0,No,No,12,Yes,Yes,Dsl,No,No,No,Yes,Yes,Yes,One Year,Yes,Electronic Check,75.85,854.45
3707-GNWHM,Male,0,No,No,1,Yes,Yes,Fiber Optic,No,No,No,No,No,No,Month-To-Month,Yes,Mailed Check,74.25,74.25
6281-FKEWS,Female,0,No,No,44,No,No phone service,Dsl,No,No,Yes,No,Yes,Yes,One Year,Yes,Electronic Check,49.05,2265.0
0749-IRGQE,Female,1,Yes,No,13,No,No phone service,Dsl,No,No,No,No,Yes,Yes,Month-To-Month,No,Electronic Check,45.3,528.45
5018-LXQQG,Female,0,Yes,Yes,30,Yes,No,Dsl,Yes,No,No,Yes,No,Yes,Month-To-Month,No,Bank Transfer (Automatic),66.3,1923.5
6370-ZVHDV,Female,0,Yes,No,61,Yes,Yes,No,No internet service,No internet service,No internet service,No internet service,No internet service,No internet service,Two Year,No,Bank Transfer (Automatic),25.3,1554.9
8713-IGZSO,Male,0,No,No,2,Yes,Yes,No,No internet service,No internet service,No internet service,No internet service,No internet service,No internet service,Month-To-Month,No,Mailed Check,24.85,62.0
3943-KDREE,Female,0,No,No,26,Yes,Yes,Fiber Optic,No,No,No,No,No,No,Month-To-Month,Yes,Bank Transfer (Automatic),74.95,1834.95
5960-WPXQM,Male,0,No,No,1,Yes,No,Fiber Optic,No,No,No,No,Yes,No,Month-To-Month,Yes,Electronic Check,79.05,79.05
4121-AGSIN,Female,0,Yes,Yes,58,Yes,Yes,No,No internet service,No internet service,No internet service,No internet service,No internet service,No internet service,One Year,Yes,Credit Card (Automatic),24.5,1497.9
7649-PHJVR,Male,0,No,No,11,Yes,No,No,No internet service,No internet service,No internet service,No internet service,No internet service,No internet service,One Year,No,Mailed Check,19.5,226.8
4377-VDHYI,Male,0,Yes,Yes,32,Yes,No,Fiber Optic,Yes,Yes,No,No,No,Yes,One Year,Yes,Electronic Check,90.8,3023.85
5143-WMWOG,Male,0,No,No,1,Yes,No,No,No internet service,No internet service,No internet service,No internet service,No internet service,No internet service,Month-To-Month,No,Electronic Check,19.95,19.95
7869-ZYDST,Male,0,Yes,No,31,Yes,Yes,Dsl,No,No,No,No,Yes,No,Month-To-Month,Yes,Credit Card (Automatic),59.05,1882.8
7274-CGTOD,Male,0,No,No,62,No,No phone service,Dsl,Yes,Yes,Yes,Yes,No,No,Two Year,Yes,Bank Transfer (Automatic),43.7,2618.3
7096-ZNBZI,Female,0,Yes,No,72,Yes,Yes,No,No internet service,No internet service,No internet service,No internet service,No internet service,No internet service,Two Year,No,Credit Card (Automatic),26.45,1914.5
9618-LFJRU,Female,0,No,No,4,Yes,No,No,No internet service,No internet service,No internet service,No internet service,No internet service,No internet service,Month-To-Month,No,Credit Card (Automatic),20.45,82.85
9152-AMKAK,Male,0,No,No,6,Yes,No,Dsl,Yes,No,Yes,Yes,Yes,Yes,Two Year,Yes,Mailed Check,80.25,493.4
3452-FLHYD,Male,0,Yes,No,25,Yes,No,No,No internet service,No internet service,No internet service,No internet service,No internet service,No internet service,One Year,Yes,Bank Transfer (Automatic),20.95,495.15
7036-TYDEC,Female,0,No,No,69,Yes,Yes,Fiber Optic,No,No,Yes,Yes,Yes,Yes,Two Year,No,Electronic Check,104.0,7028.5
0725-CXOTM,Female,0,No,No,36,Yes,Yes,Dsl,Yes,No,Yes,Yes,Yes,Yes,One Year,Yes,Credit Card (Automatic),89.65,3348.1
8621-MNIHH,Female,1,Yes,No,34,Yes,Yes,Fiber Optic,No,Yes,Yes,No,No,Yes,Month-To-Month,Yes,Electronic Check,94.25,3217.55
9776-CLUJA,Female,1,Yes,No,51,Yes,Yes,Fiber Optic,Yes,No,No,No,No,No,Month-To-Month,Yes,Electronic Check,77.5,3807.35
8212-CRQXP,Female,0,Yes,No,22,Yes,No,Fiber Optic,No,No,No,No,Yes,No,Month-To-Month,Yes,Credit Card (Automatic),80.0,1706.45
5915-DGNVC,Female,0,Yes,No,49,Yes,Yes,Dsl,Yes,Yes,Yes,No,No,Yes,One Year,No,Electronic Check,71.8,3472.05
8356-WUAOJ,Female,0,Yes,No,1,Yes,No,Dsl,No,No,No,No,No,No,Month-To-Month,Yes,Electronic Check,56.05,45.0
9932-WBWIK,Male,0,No,No,11,Yes,No,No,No internet service,No internet service,No internet service,No internet service,No internet service,No internet service,Month-To-Month,No,Mailed Check,20.35,215.25
2592-SEIFQ,Male,0,No,No,3,No,No phone service,Dsl,No,No,No,No,No,No,Month-To-Month,No,Electronic Check,24.75,66.95
2314-TNDJQ,Female,0,Yes,Yes,72,No,No phone service,Dsl,Yes,Yes,Yes,Yes,No,Yes,Two Year,No,Credit Card (Automatic),55.65,3880.05
2361-UPSND,Female,0,Yes,No,46,Yes,No,Dsl,Yes,Yes,No,Yes,No,Yes,One Year,No,Mailed Check,70.6,3231.05
9773-PEQBZ,Male,0,No,No,10,Yes,Yes,Fiber Optic,No,Yes,No,No,No,No,Month-To-Month,No,Electronic Check,79.85,797.25
5376-DEQCP,Female,0,No,No,1,Yes,No,Fiber Optic,No,No,No,No,No,No,Month-To-Month,Yes,Electronic Check,70.6,70.6
9846-GKXAS,Female,0,No,No,9,Yes,No,Fiber Optic,No,No,No,No,Yes,Yes,Month-To-Month,Yes,Bank Transfer (Automatic),90.8,809.75
9823-EALYC,Male,0,Yes,Yes,72,Yes,Yes,Dsl,Yes,Yes,Yes,Yes,Yes,No,Two Year,Yes,Bank Transfer (Automatic),80.85,5727.45
0640-YJTPY,Male,0,Yes,Yes,72,Yes,No,No,No internet service,No internet service,No internet service,No internet service,No internet service,No internet service,Two Year,No,Bank Transfer (Automatic),21.0,1493.75
6015-VVHHE,Female,1,No,No,5,Yes,Yes,Fiber Optic,No,No,No,No,Yes,No,Month-To-Month,Yes,Credit Card (Automatic),83.15,446.05
4950-BDEUX,Male,0,No,No,35,No,No phone service,Dsl,No,No,Yes,No,Yes,Yes,Month-To-Month,No,Electronic Check,49.2,1701.65
9102-IAYHT,Female,0,Yes,Yes,17,Yes,Yes,Fiber Optic,No,No,No,No,No,Yes,Month-To-Month,Yes,Electronic Check,85.45,1451.6
5356-CSVSQ,Female,0,No,No,3,Yes,Yes,Dsl,No,No,No,Yes,Yes,No,Month-To-Month,No,Electronic Check,64.6,174.2
7816-VGHTO,Female,0,Yes,Yes,6,No,No phone service,Dsl,No,Yes,Yes,Yes,No,No,Two Year,No,Mailed Check,40.55,217.5
9372-TXXPS,Female,0,Yes,No,60,Yes,No,Dsl,Yes,Yes,No,Yes,No,No,Two Year,No,Bank Transfer (Automatic),59.85,3483.45
0866-QLSIR,Female,0,No,No,34,Yes,Yes,Dsl,Yes,Yes,No,Yes,No,No,One Year,Yes,Mailed Check,64.4,2088.75
2535-PBCGC,Female,0,Yes,No,70,No,No phone service,Dsl,Yes,Yes,Yes,Yes,Yes,Yes,Two Year,No,Bank Transfer (Automatic),64.55,4504.9
4323-ELYYB,Male,0,Yes,Yes,13,Yes,No,No,No internet service,No internet service,No internet service,No internet service,No internet service,No internet service,One Year,No,Mailed Check,20.0,218.55
4228-ZGYUW,Male,0,No,No,4,Yes,Yes,Fiber Optic,No,Yes,No,No,No,Yes,Month-To-Month,Yes,Electronic Check,90.05,368.1
3428-XZMAZ,Male,0,No,No,1,Yes,No,Fiber Optic,No,No,No,No,No,No,Month-To-Month,Yes,Electronic Check,69.35,69.35
9885-CSMWE,Female,1,No,No,1,Yes,No,Fiber Optic,No,No,No,No,Yes,No,Month-To-Month,No,Electronic Check,78.45,78.45
6712-OAWRH,Female,1,No,No,26,Yes,No,Fiber Optic,No,No,No,No,Yes,Yes,Month-To-Month,Yes,Electronic Check,91.25,2351.8
3043-SUDUA,Female,0,No,No,32,Yes,No,No,No internet service,No internet service,No internet service,No internet service,No internet service,No internet service,Month-To-Month,No,Bank Transfer (Automatic),19.9,601.55
8040-MNRTF,Female,0,No,No,1,Yes,No,Fiber Optic,No,No,No,No,No,No,Month-To-Month,No,Mailed Check,71.1,71.1
5099-BAILX,Male,1,Yes,Yes,43,Yes,Yes,Fiber Optic,No,Yes,Yes,Yes,Yes,Yes,Month-To-Month,Yes,Bank Transfer (Automatic),110.75,4687.9
0550-DCXLH,Male,0,No,No,13,Yes,No,Dsl,No,Yes,No,Yes,Yes,Yes,Month-To-Month,No,Mailed Check,73.35,931.55
7055-HNEOJ,Male,0,Yes,No,3,Yes,No,Dsl,No,No,Yes,Yes,No,No,Month-To-Month,Yes,Mailed Check,55.8,154.55
9526-BIHHD,Male,0,No,No,1,No,No phone service,Dsl,Yes,No,No,No,No,No,Month-To-Month,No,Mailed Check,29.7,29.7
5701-YVSVF,Female,1,Yes,No,11,Yes,No,Fiber Optic,No,No,No,Yes,Yes,No,Month-To-Month,Yes,Electronic Check,82.9,880.05
6778-JFCMK,Male,0,No,No,24,No,No phone service,Dsl,Yes,No,No,No,Yes,Yes,One Year,Yes,Mailed Check,50.6,1288.75
6827-IEAUQ,Female,0,Yes,Yes,27,Yes,No,Dsl,Yes,Yes,Yes,Yes,No,No,One Year,No,Mailed Check,66.15,1874.45
8313-KTIHG,Male,0,No,No,4,Yes,No,Dsl,No,No,No,Yes,Yes,No,Month-To-Month,Yes,Electronic Check,61.3,249.4
0883-EIBTI,Female,0,No,No,2,Yes,No,No,No internet service,No internet service,No internet service,No internet service,No internet service,No internet service,Month-To-Month,No,Mailed Check,19.5,31.55
9637-EIHEQ,Female,0,No,No,1,Yes,No,Dsl,No,No,No,Yes,No,No,Month-To-Month,Yes,Electronic Check,50.8,50.8
4860-IJUDE,Male,0,No,No,13,Yes,No,Fiber Optic,Yes,No,No,No,No,No,Month-To-Month,Yes,Credit Card (Automatic),73.75,956.65
5178-LMXOP,Male,1,Yes,No,1,Yes,Yes,Fiber Optic,No,No,No,No,Yes,Yes,Month-To-Month,Yes,Electronic Check,95.1,95.1
3538-WZPHD,Male,0,No,No,3,No,No phone service,Dsl,No,Yes,No,No,No,No,Month-To-Month,Yes,Electronic Check,29.6,79.45
9102-OXKFY,Male,0,No,No,59,Yes,Yes,Dsl,No,No,Yes,No,No,No,Two Year,No,Credit Card (Automatic),54.15,3116.15
2242-MFOTG,Male,0,No,No,33,Yes,Yes,Fiber Optic,Yes,No,No,No,No,No,One Year,No,Bank Transfer (Automatic),80.1,2603.3
8990-YOZLV,Female,0,No,No,69,Yes,Yes,Dsl,Yes,Yes,No,Yes,No,No,Two Year,Yes,Mailed Check,66.9,4577.9
6121-TNHBO,Female,1,No,No,63,Yes,Yes,Dsl,Yes,Yes,Yes,Yes,Yes,No,One Year,No,Bank Transfer (Automatic),83.0,5243.05
2027-OAQQC,Female,0,No,No,43,No,No phone service,Dsl,No,No,Yes,No,Yes,Yes,Month-To-Month,Yes,Bank Transfer (Automatic),49.05,2076.2
9926-PJHDQ,Female,0,Yes,Yes,72,Yes,Yes,Dsl,No,No,Yes,No,Yes,Yes,Two Year,Yes,Bank Transfer (Automatic),76.8,5468.45
4815-TUMEQ,Female,0,No,No,10,Yes,No,No,No internet service,No internet service,No internet service,No internet service,No internet service,No internet service,One Year,Yes,Mailed Check,19.3,185.2
2176-LVPNX,Female,1,No,No,71,Yes,Yes,Dsl,Yes,Yes,Yes,Yes,Yes,Yes,Two Year,No,Mailed Check,89.85,6293.45
6745-JEFZB,Male,0,Yes,No,35,Yes,Yes,Fiber Optic,No,No,No,Yes,Yes,No,Month-To-Month,Yes,Credit Card (Automatic),91.5,3236.35
7856-GANIL,Male,1,Yes,No,45,Yes,Yes,Fiber Optic,No,Yes,Yes,Yes,Yes,No,One Year,Yes,Bank Transfer (Automatic),98.7,4525.8
0238-WHBIQ,Male,0,Yes,Yes,72,Yes,Yes,Dsl,Yes,Yes,Yes,Yes,Yes,Yes,Two Year,No,Credit Card (Automatic),89.7,6339.3
1215-VFYVK,Female,0,No,No,4,No,No phone service,Dsl,Yes,No,Yes,Yes,No,Yes,Month-To-Month,No,Mailed Check,48.25,202.25
9091-WTUUY,Male,0,Yes,Yes,64,Yes,No,Dsl,Yes,No,Yes,Yes,Yes,No,Two Year,No,Mailed Check,69.25,4447.75
0784-GTUUK,Male,0,Yes,No,62,Yes,Yes,No,No internet service,No internet service,No internet service,No internet service,No internet service,No internet service,One Year,Yes,Credit Card (Automatic),23.75,1446.8
6726-NNFWD,Female,1,Yes,No,71,Yes,No,Fiber Optic,No,Yes,Yes,No,No,Yes,Two Year,No,Credit Card (Automatic),89.45,6435.25
2480-EJWYP,Female,1,Yes,No,58,Yes,Yes,Fiber Optic,No,Yes,No,No,Yes,Yes,One Year,Yes,Bank Transfer (Automatic),97.8,5458.8
8024-XNAFQ,Female,1,No,No,72,Yes,Yes,Fiber Optic,Yes,Yes,Yes,Yes,No,Yes,Two Year,Yes,Bank Transfer (Automatic),107.4,7748.75
6670-MFRPK,Male,0,Yes,Yes,69,Yes,Yes,Fiber Optic,No,No,Yes,No,No,No,Two Year,Yes,Credit Card (Automatic),79.2,5420.65
7277-KAMWT,Male,0,No,No,13,Yes,No,No,No internet service,No internet service,No internet service,No internet service,No internet service,No internet service,Two Year,No,Credit Card (Automatic),20.0,268.45
0885-HMGPY,Male,0,No,No,62,Yes,Yes,Dsl,Yes,Yes,Yes,Yes,No,No,Two Year,No,Bank Transfer (Automatic),69.4,4237.5
0625-AFOHS,Female,0,Yes,Yes,29,Yes,No,No,No internet service,No internet service,No internet service,No internet service,No internet service,No internet service,Two Year,No,Mailed Check,20.2,558.8
5119-KEPFY,Male,0,Yes,No,36,Yes,Yes,Fiber Optic,No,No,No,No,Yes,Yes,Month-To-Month,Yes,Bank Transfer (Automatic),95.0,3440.25
8433-WXGNA,Male,0,No,No,2,Yes,No,Fiber Optic,Yes,No,No,No,No,No,Month-To-Month,Yes,Electronic Check,75.7,189.2
6080-LNESI,Male,0,No,No,51,Yes,Yes,No,No internet service,No internet service,No internet service,No internet service,No internet service,No internet service,Two Year,No,Mailed Check,24.75,1234.6
7025-IWFHT,Male,0,No,No,41,Yes,No,Fiber Optic,No,Yes,No,Yes,Yes,No,One Year,Yes,Electronic Check,89.55,3729.75
8327-WKMIE,Male,0,No,No,37,Yes,No,No,No internet service,No internet service,No internet service,No internet service,No internet service,No internet service,One Year,No,Credit Card (Automatic),20.15,785.75
4821-WQOYN,Female,0,Yes,Yes,72,Yes,No,No,No internet service,No internet service,No internet service,No internet service,No internet service,No internet service,Two Year,Yes,Credit Card (Automatic),20.1,1326.25
2999-AANRQ,Female,0,No,No,21,Yes,No,Dsl,Yes,Yes,No,Yes,Yes,No,Two Year,No,Credit Card (Automatic),71.05,1524.85
3088-LHEFH,Female,0,No,No,11,Yes,Yes,Fiber Optic,Yes,No,No,No,No,No,Month-To-Month,Yes,Bank Transfer (Automatic),79.0,929.3
1480-BKXGA,Male,1,Yes,No,72,Yes,Yes,Fiber Optic,Yes,Yes,Yes,Yes,Yes,Yes,Two Year,Yes,Bank Transfer (Automatic),116.05,8404.9
9710-NJERN,Female,0,No,No,39,Yes,No,No,No internet service,No internet service,No internet service,No internet service,No internet service,No internet service,Two Year,No,Mailed Check,20.15,826.0
1215-EXRMO,Male,0,Yes,No,50,Yes,No,No,No internet service,No internet service,No internet service,No internet service,No internet service,No internet service,Two Year,No,Mailed Check,20.55,1067.65
2146-EGVDT,Male,0,Yes,Yes,59,Yes,No,No,No internet service,No internet service,No internet service,No internet service,No internet service,No internet service,Two Year,No,Credit Card (Automatic),19.3,1192.7
5998-VVEJY,Male,0,No,No,26,Yes,Yes,Fiber Optic,No,No,No,Yes,No,No,Month-To-Month,Yes,Electronic Check,80.5,2088.8
0125-LZQXK,Male,0,No,No,15,Yes,No,Fiber Optic,No,No,Yes,Yes,Yes,Yes,Month-To-Month,Yes,Electronic Check,101.35,1553.95
7016-NVRIC,Male,1,Yes,No,29,Yes,No,Fiber Optic,Yes,No,Yes,No,No,Yes,One Year,No,Bank Transfer (Automatic),90.1,2656.7
7661-CPURM,Male,0,No,No,19,Yes,No,Fiber Optic,No,No,No,Yes,No,Yes,One Year,Yes,Credit Card (Automatic),87.7,1725.95
3473-XIIIT,Female,0,Yes,No,16,Yes,Yes,Fiber Optic,No,Yes,No,No,Yes,Yes,Month-To-Month,Yes,Electronic Check,100.0,1534.75
0071-NDAFP,Male,0,Yes,Yes,25,Yes,Yes,No,No internet service,No internet service,No internet service,No internet service,No internet service,No internet service,Two Year,No,Credit Card (Automatic),25.5,630.6
7534-BFESC,Male,1,No,No,24,Yes,Yes,Fiber Optic,No,No,No,No,No,No,Month-To-Month,Yes,Electronic Check,76.1,1712.7
1635-NZATJ,Male,1,Yes,No,71,Yes,Yes,No,No internet service,No internet service,No internet service,No internet service,No internet service,No internet service,Two Year,No,Credit Card (Automatic),25.45,1789.65
8272-ONJLV,Male,0,No,No,12,Yes,No,Fiber Optic,No,No,Yes,No,Yes,Yes,One Year,No,Electronic Check,95.7,1184.0
9578-FOMUK,Male,0,No,Yes,15,Yes,Yes,No,No internet service,No internet service,No internet service,No internet service,No internet service,No internet service,Month-To-Month,Yes,Electronic Check,24.8,324.15
4636-QRJKY,Female,0,Yes,Yes,6,Yes,Yes,Fiber Optic,No,No,No,Yes,No,No,Month-To-Month,Yes,Electronic Check,80.5,502.85
0679-TDGAK,Male,0,Yes,Yes,50,Yes,No,Dsl,Yes,No,No,Yes,Yes,Yes,One Year,No,Electronic Check,75.5,4025.6
3999-WRNGR,Female,0,Yes,Yes,60,No,No phone service,Dsl,No,Yes,No,No,Yes,Yes,Month-To-Month,Yes,Electronic Check,49.75,3069.45
4749-VFKVB,Female,0,No,No,1,Yes,Yes,Dsl,No,No,No,No,No,No,Month-To-Month,Yes,Mailed Check,50.1,50.1
1723-HKXJQ,Male,0,No,No,42,Yes,Yes,Fiber Optic,No,Yes,No,No,Yes,Yes,Month-To-Month,Yes,Electronic Check,101.75,4273.45
6437-UDQJM,Female,1,Yes,No,72,Yes,Yes,Dsl,Yes,Yes,Yes,No,Yes,Yes,Two Year,Yes,Credit Card (Automatic),84.1,6129.65
1166-PQLGG,Female,0,Yes,Yes,72,Yes,No,No,No internet service,No internet service,No internet service,No internet service,No internet service,No internet service,Two Year,No,Bank Transfer (Automatic),19.55,1463.45
3963-RYFNS,Female,0,No,No,72,Yes,Yes,Fiber Optic,Yes,Yes,Yes,Yes,Yes,Yes,Two Year,Yes,Bank Transfer (Automatic),116.45,8013.55
0979-MOZQI,Male,0,Yes,No,62,No,No phone service,Dsl,No,No,No,Yes,Yes,No,Two Year,Yes,Bank Transfer (Automatic),39.0,2337.45
8125-QPFJD,Female,0,Yes,No,72,Yes,Yes,Dsl,Yes,No,Yes,Yes,Yes,Yes,Two Year,Yes,Bank Transfer (Automatic),84.9,6065.3
4692-NNQRU,Female,0,Yes,No,21,Yes,No,Fiber Optic,No,No,Yes,Yes,No,No,One Year,No,Electronic Check,79.2,1742.45
5371-VYLSX,Female,1,No,No,50,Yes,Yes,Fiber Optic,Yes,Yes,No,No,No,No,Month-To-Month,Yes,Electronic Check,83.4,4113.7
8213-TAZPM,Female,0,Yes,Yes,69,Yes,Yes,Fiber Optic,No,Yes,Yes,Yes,Yes,Yes,One Year,Yes,Bank Transfer (Automatic),108.75,7493.05
5229-PRWKT,Male,0,No,No,8,Yes,Yes,Fiber Optic,No,No,No,No,No,Yes,Month-To-Month,Yes,Electronic Check,91.65,649.65
1399-OUPJN,Female,0,Yes,Yes,57,Yes,No,No,No internet service,No internet service,No internet service,No internet service,No internet service,No internet service,Two Year,No,Bank Transfer (Automatic),19.75,1272.05
3165-HDOEW,Male,0,Yes,Yes,1,Yes,No,Dsl,No,No,No,No,No,No,Month-To-Month,Yes,Mailed Check,45.85,45.85
4629-NRXKX,Female,0,Yes,Yes,2,Yes,No,Fiber Optic,No,No,No,No,No,No,Month-To-Month,No,Electronic Check,70.4,147.15
5578-NKCXI,Female,0,Yes,Yes,58,Yes,No,Fiber Optic,Yes,Yes,No,No,Yes,Yes,One Year,No,Credit Card (Automatic),99.25,5846.65
7890-VYYWG,Male,1,Yes,No,3,No,No phone service,Dsl,No,No,No,No,Yes,No,Month-To-Month,Yes,Mailed Check,36.45,93.7
4813-HQMGZ,Female,0,Yes,No,8,Yes,Yes,Fiber Optic,No,No,No,Yes,No,Yes,Month-To-Month,Yes,Electronic Check,90.25,743.75
8687-BAFGU,Male,0,No,No,1,Yes,No,Fiber Optic,No,No,No,Yes,No,No,Month-To-Month,No,Electronic Check,74.0,74.0
4291-SHSBH,Male,0,No,No,7,Yes,No,Fiber Optic,No,No,No,No,No,No,Month-To-Month,Yes,Electronic Check,69.55,521.35
9537-VHDTA,Female,0,No,Yes,1,Yes,No,Dsl,Yes,No,No,No,No,No,Month-To-Month,No,Mailed Check,51.2,51.2
1197-BVMVG,Female,1,No,No,4,Yes,Yes,Fiber Optic,No,No,No,No,No,No,Month-To-Month,Yes,Electronic Check,74.45,294.45
3120-FAZKD,Male,0,Yes,Yes,54,Yes,Yes,No,No internet service,No internet service,No internet service,No internet service,No internet service,No internet service,Two Year,Yes,Bank Transfer (Automatic),24.05,1230.9
4194-WHFCB,Female,0,Yes,Yes,59,Yes,Yes,Fiber Optic,No,Yes,No,Yes,No,Yes,Month-To-Month,Yes,Bank Transfer (Automatic),96.65,5580.8
7639-OPLNG,Male,0,Yes,Yes,70,Yes,Yes,Dsl,Yes,Yes,Yes,Yes,Yes,No,Two Year,Yes,Bank Transfer (Automatic),79.25,5731.85
7209-JCUDS,Male,0,No,No,10,Yes,No,Fiber Optic,No,No,Yes,No,Yes,Yes,Month-To-Month,Yes,Electronic Check,94.9,1048.85
0022-TCJCI,Male,1,No,No,45,Yes,No,Dsl,Yes,No,Yes,No,No,Yes,One Year,No,Credit Card (Automatic),62.7,2791.5
8404-VIOMB,Female,0,No,No,66,No,No phone service,Dsl,Yes,Yes,Yes,Yes,Yes,Yes,Two Year,Yes,Bank Transfer (Automatic),62.5,4136.4
9170-ARBTB,Female,0,Yes,Yes,52,Yes,No,No,No internet service,No internet service,No internet service,No internet service,No internet service,No internet service,One Year,No,Credit Card (Automatic),19.6,1012.4
3845-FXCYS,Male,0,No,No,2,Yes,No,No,No internet service,No internet service,No internet service,No internet service,No internet service,No internet service,Month-To-Month,Yes,Electronic Check,19.65,31.2
1379-FRVEB,Male,0,No,Yes,15,Yes,Yes,Fiber Optic,No,Yes,No,No,Yes,No,Month-To-Month,Yes,Electronic Check,91.0,1430.05
7576-JMYWV,Female,1,Yes,Yes,46,Yes,Yes,Fiber Optic,Yes,Yes,No,Yes,Yes,Yes,Month-To-Month,Yes,Electronic Check,110.2,4972.1
0328-GRPMV,Female,0,No,No,1,Yes,No,Fiber Optic,No,No,No,No,No,No,Month-To-Month,Yes,Electronic Check,70.1,70.1
7459-IMVYU,Male,0,No,No,38,Yes,Yes,Dsl,Yes,Yes,Yes,Yes,No,No,Month-To-Month,No,Electronic Check,69.95,2657.55
0616-ATFGB,Male,1,Yes,No,1,No,No phone service,Dsl,No,No,No,No,No,No,Month-To-Month,No,Electronic Check,25.05,25.05
3604-WLABM,Female,0,No,No,10,Yes,No,Dsl,No,No,Yes,Yes,No,No,Month-To-Month,No,Electronic Check,54.25,583.0
4818-QIUFN,Female,1,No,No,20,Yes,Yes,Fiber Optic,Yes,No,No,No,No,No,Month-To-Month,Yes,Electronic Check,79.15,1520.9
2578-JQPHZ,Male,0,No,No,44,Yes,No,Fiber Optic,No,No,Yes,Yes,Yes,Yes,Two Year,No,Bank Transfer (Automatic),91.65,4378.35
0303-UNCIP,Male,0,No,No,41,Yes,Yes,Dsl,No,No,Yes,No,No,Yes,One Year,No,Mailed Check,65.0,2531.8
0337-CNPZE,Female,0,No,No,41,Yes,Yes,Fiber Optic,No,Yes,Yes,No,Yes,Yes,Month-To-Month,Yes,Electronic Check,106.3,4443.45
0292-WEGCH,Female,0,Yes,Yes,54,Yes,Yes,Dsl,No,Yes,Yes,Yes,Yes,Yes,Month-To-Month,Yes,Electronic Check,56.05,4524.05
7740-KKCXF,Male,0,Yes,No,51,No,No phone service,Dsl,No,Yes,No,No,No,No,Month-To-Month,Yes,Credit Card (Automatic),30.05,1529.45
0489-WMEMG,Female,0,No,Yes,23,Yes,No,Dsl,No,No,No,Yes,No,No,One Year,Yes,Electronic Check,49.45,1119.35
7080-TNUWP,Male,0,Yes,No,70,Yes,Yes,Fiber Optic,No,Yes,Yes,No,Yes,No,One Year,Yes,Bank Transfer (Automatic),95.0,6602.9
3764-MNMOI,Male,0,No,No,46,Yes,No,No,No internet service,No internet service,No internet service,No internet service,No internet service,No internet service,Two Year,No,Credit Card (Automatic),19.2,908.15
2933-XEUJM,Female,0,No,No,46,Yes,Yes,Dsl,Yes,No,Yes,No,Yes,Yes,Two Year,No,Mailed Check,79.2,3593.8
7297-DVYGA,Female,0,No,No,51,Yes,No,No,No internet service,No internet service,No internet service,No internet service,No internet service,No internet service,One Year,Yes,Bank Transfer (Automatic),19.85,996.95
6270-OMFIW,Male,0,Yes,No,60,Yes,No,Fiber Optic,No,Yes,No,No,Yes,Yes,One Year,Yes,Electronic Check,94.4,5610.25
0946-CLJTI,Male,1,Yes,No,58,Yes,Yes,Fiber Optic,No,No,Yes,No,Yes,Yes,Month-To-Month,Yes,Electronic Check,98.7,5812.6
8915-NNTRC,Male,0,Yes,Yes,72,Yes,Yes,Fiber Optic,Yes,Yes,No,Yes,Yes,Yes,Two Year,Yes,Credit Card (Automatic),107.7,7919.8
8338-QIUNR,Male,0,Yes,Yes,72,Yes,Yes,Dsl,Yes,No,Yes,Yes,No,No,Two Year,Yes,Credit Card (Automatic),66.5,4811.6
5569-KGJHX,Female,0,Yes,Yes,9,Yes,Yes,Fiber Optic,No,No,No,No,Yes,No,Month-To-Month,Yes,Bank Transfer (Automatic),85.35,754.65
4753-PADAS,Female,0,Yes,No,67,Yes,Yes,Fiber Optic,No,Yes,Yes,No,Yes,Yes,One Year,Yes,Bank Transfer (Automatic),105.7,6816.95
3914-FDRHP,Male,0,No,No,9,Yes,No,Fiber Optic,No,No,No,Yes,Yes,No,Month-To-Month,No,Electronic Check,86.25,770.5
9237-HQITU,Female,0,No,No,2,Yes,No,Fiber Optic,No,No,No,No,No,No,Month-To-Month,Yes,Electronic Check,70.7,151.65
9591-YVTEB,Male,1,No,No,55,No,No phone service,Dsl,Yes,Yes,No,No,Yes,No,Month-To-Month,Yes,Electronic Check,44.85,2479.05
7976-CICYS,Male,0,No,No,4,Yes,No,No,No internet service,No internet service,No internet service,No internet service,No internet service,No internet service,Month-To-Month,Yes,Credit Card (Automatic),20.7,83.75
1391-UBDAR,Male,0,No,No,11,Yes,No,Fiber Optic,No,No,Yes,No,No,No,Month-To-Month,No,Electronic Check,72.9,818.45
1591-NFNLQ,Male,0,No,No,51,Yes,Yes,Fiber Optic,No,No,Yes,No,No,No,Month-To-Month,No,Credit Card (Automatic),80.0,4242.35
4825-FUREZ,Male,0,Yes,No,42,Yes,No,No,No internet service,No internet service,No internet service,No internet service,No internet service,No internet service,Two Year,No,Electronic Check,20.25,835.5
6772-KSATR,Male,0,No,No,1,Yes,Yes,Fiber Optic,Yes,No,No,No,No,No,Month-To-Month,Yes,Electronic Check,81.7,81.7
4737-HOBAX,Male,0,Yes,No,63,Yes,Yes,Dsl,No,No,Yes,Yes,Yes,Yes,Two Year,No,Credit Card (Automatic),79.8,5034.05
8295-FHIVV,Male,0,No,No,7,Yes,No,No,No internet service,No internet service,No internet service,No internet service,No internet service,No internet service,Month-To-Month,Yes,Mailed Check,19.4,168.65
4177-JPDFU,Male,0,No,No,12,No,No phone service,Dsl,No,Yes,No,Yes,No,No,Month-To-Month,No,Mailed Check,34.0,442.45
3244-DCJWY,Female,0,No,No,1,Yes,No,Fiber Optic,No,No,No,No,No,No,Month-To-Month,Yes,Electronic Check,70.25,70.25
4077-HWUYD,Male,0,Yes,Yes,72,Yes,Yes,Dsl,Yes,Yes,Yes,Yes,Yes,Yes,Two Year,Yes,Bank Transfer (Automatic),87.55,6463.15
9087-EYCPR,Female,0,No,No,60,Yes,Yes,No,No internet service,No internet service,No internet service,No internet service,No internet service,No internet service,Two Year,No,Mailed Check,25.0,1505.05
0913-XWSCN,Male,0,Yes,Yes,55,Yes,Yes,Fiber Optic,No,No,No,No,No,Yes,Month-To-Month,No,Bank Transfer (Automatic),85.5,4713.4
4000-VGMQP,Male,0,Yes,Yes,38,Yes,Yes,Dsl,No,Yes,Yes,No,Yes,Yes,One Year,No,Credit Card (Automatic),78.95,2862.55
0078-XZMHT,Male,0,Yes,No,72,Yes,Yes,Dsl,No,Yes,Yes,Yes,Yes,Yes,Two Year,Yes,Bank Transfer (Automatic),85.15,6316.2
2274-XUATA,Male,1,Yes,No,72,No,No phone service,Dsl,Yes,Yes,Yes,Yes,Yes,Yes,Two Year,Yes,Bank Transfer (Automatic),63.1,4685.55
1867-TJHTS,Female,0,No,No,58,Yes,Yes,Fiber Optic,Yes,No,No,No,No,No,Month-To-Month,Yes,Bank Transfer (Automatic),79.8,4526.85
9110-HSGTV,Female,0,No,No,69,Yes,No,Dsl,Yes,No,Yes,Yes,Yes,Yes,Two Year,Yes,Credit Card (Automatic),82.45,5555.3
0524-IAVZO,Female,0,Yes,No,30,Yes,Yes,Fiber Optic,No,No,No,No,No,Yes,Month-To-Month,Yes,Electronic Check,85.0,2624.25
7284-ZZLOH,Male,0,Yes,No,45,Yes,No,Dsl,Yes,No,Yes,No,No,No,Two Year,No,Credit Card (Automatic),53.3,2296.25
0813-TAXXS,Male,0,No,No,55,Yes,Yes,Dsl,No,No,Yes,No,Yes,Yes,Two Year,Yes,Bank Transfer (Automatic),77.8,4323.35
3893-JRNFS,Male,0,No,No,68,No,No phone service,Dsl,No,No,Yes,No,No,Yes,Month-To-Month,Yes,Bank Transfer (Automatic),39.9,2796.35
3085-QUOZK,Female,0,No,No,1,Yes,No,Dsl,No,No,No,No,No,No,Month-To-Month,No,Mailed Check,43.95,43.95
6916-HIJSE,Female,0,No,No,65,Yes,No,Dsl,Yes,Yes,Yes,Yes,Yes,Yes,Two Year,Yes,Bank Transfer (Automatic),84.85,5459.2
7519-JTWQH,Female,0,No,No,69,Yes,Yes,Fiber Optic,No,Yes,Yes,Yes,Yes,Yes,Two Year,Yes,Bank Transfer (Automatic),110.5,7455.45
3315-IKYZQ,Male,0,Yes,Yes,28,No,No phone service,Dsl,Yes,No,Yes,Yes,Yes,No,One Year,No,Mailed Check,50.8,1386.8
9881-VCZEP,Female,0,Yes,No,25,Yes,Yes,Dsl,No,Yes,No,No,No,No,Month-To-Month,No,Electronic Check,54.1,1373.0
3932-CMDTD,Female,0,No,No,4,Yes,No,Fiber Optic,No,Yes,Yes,Yes,Yes,Yes,One Year,Yes,Electronic Check,105.65,443.9
4700-UBQMV,Male,0,Yes,Yes,21,Yes,Yes,Dsl,Yes,No,No,No,Yes,Yes,One Year,Yes,Bank Transfer (Automatic),75.9,1549.75
2501-XWWTZ,Male,0,No,No,11,Yes,No,Fiber Optic,No,No,No,No,No,No,Month-To-Month,No,Electronic Check,70.2,760.05
1597-FZREH,Female,0,No,No,2,Yes,No,Dsl,No,No,Yes,Yes,Yes,Yes,Month-To-Month,No,Electronic Check,76.4,160.8
5013-SBUIH,Female,0,No,No,50,Yes,Yes,Fiber Optic,Yes,Yes,No,Yes,Yes,Yes,Two Year,Yes,Electronic Check,109.65,5551.15
2229-VWQJH,Female,0,No,No,24,Yes,No,Dsl,No,No,Yes,No,No,No,Month-To-Month,Yes,Credit Card (Automatic),49.3,1233.25
4989-LIXVT,Male,1,No,No,68,Yes,Yes,Fiber Optic,No,Yes,Yes,No,No,Yes,Month-To-Month,Yes,Electronic Check,95.9,6503.2
7638-QVMVY,Female,0,No,No,7,Yes,No,Fiber Optic,No,No,No,No,Yes,No,Month-To-Month,Yes,Electronic Check,79.0,522.95
7394-LWLYN,Female,0,No,No,2,Yes,No,Fiber Optic,No,No,No,No,No,No,Month-To-Month,Yes,Electronic Check,70.15,123.8
5724-BIDBU,Male,0,Yes,No,49,Yes,Yes,Dsl,Yes,No,No,No,No,No,One Year,Yes,Electronic Check,55.35,2633.95
3755-JBMNH,Male,1,Yes,No,16,Yes,No,Fiber Optic,No,No,No,No,No,No,Month-To-Month,Yes,Bank Transfer (Automatic),71.8,1167.8
3181-VTHOE,Male,0,Yes,No,70,No,No phone service,Dsl,No,Yes,Yes,Yes,No,Yes,One Year,Yes,Bank Transfer (Automatic),51.05,3635.15
4883-KCPZJ,Female,0,Yes,Yes,22,Yes,Yes,No,No internet service,No internet service,No internet service,No internet service,No internet service,No internet service,Two Year,No,Credit Card (Automatic),25.25,555.4
4194-FJARJ,Female,0,Yes,Yes,54,Yes,Yes,Dsl,Yes,No,No,Yes,No,No,Two Year,No,Bank Transfer (Automatic),60.0,3273.95
8060-HIWJJ,Male,0,No,No,64,Yes,Yes,Dsl,No,Yes,Yes,Yes,Yes,Yes,Two Year,No,Credit Card (Automatic),86.55,5632.55
2038-OEQZH,Male,0,No,No,4,Yes,No,Fiber Optic,No,No,Yes,No,No,Yes,Month-To-Month,No,Electronic Check,86.05,308.1
1370-GGAWX,Female,0,No,No,46,Yes,Yes,Fiber Optic,No,Yes,Yes,No,No,Yes,One Year,Yes,Electronic Check,94.15,4408.45
0953-LGOVU,Male,0,Yes,Yes,12,No,No phone service,Dsl,No,Yes,No,Yes,No,No,Month-To-Month,No,Mailed Check,35.5,432.25
7243-LCGGZ,Female,0,No,No,1,Yes,No,No,No internet service,No internet service,No internet service,No internet service,No internet service,No internet service,Month-To-Month,No,Mailed Check,20.9,20.9
6137-MFAJN,Female,0,No,No,48,No,No phone service,Dsl,Yes,Yes,No,No,Yes,No,Month-To-Month,Yes,Electronic Check,44.8,2104.55
5067-XJQFU,Male,1,Yes,Yes,66,Yes,Yes,Fiber Optic,No,Yes,Yes,Yes,Yes,Yes,One Year,Yes,Electronic Check,108.45,7076.35
0804-YGEQV,Female,0,Yes,Yes,43,Yes,Yes,No,No internet service,No internet service,No internet service,No internet service,No internet service,No internet service,One Year,Yes,Bank Transfer (Automatic),24.45,993.15
8144-DGHXP,Female,0,No,No,54,Yes,No,Dsl,Yes,No,Yes,Yes,Yes,Yes,Two Year,No,Electronic Check,80.6,4299.95
2144-ESWKO,Male,0,No,No,43,No,No phone service,Dsl,Yes,No,Yes,No,No,No,One Year,Yes,Credit Card (Automatic),35.2,1463.7
6728-DKUCO,Female,0,Yes,Yes,72,Yes,Yes,Fiber Optic,Yes,Yes,No,No,Yes,Yes,One Year,Yes,Electronic Check,104.15,7303.05
7841-FCRQD,Female,0,Yes,No,33,Yes,No,Dsl,No,Yes,No,Yes,No,No,One Year,Yes,Credit Card (Automatic),53.75,1857.3
3847-BAERP,Female,0,No,No,10,Yes,No,No,No internet service,No internet service,No internet service,No internet service,No internet service,No internet service,Month-To-Month,Yes,Mailed Check,20.9,247.0
4513-CXYIX,Female,1,Yes,No,71,Yes,Yes,Fiber Optic,Yes,No,No,No,No,No,Two Year,Yes,Credit Card (Automatic),80.7,5676.0
7750-EYXWZ,Female,0,No,No,12,No,No phone service,Dsl,No,Yes,Yes,Yes,Yes,Yes,One Year,No,Electronic Check,60.65,743.3
4203-QGNZA,Female,0,No,Yes,28,Yes,No,No,No internet service,No internet service,No internet service,No internet service,No internet service,No internet service,Month-To-Month,No,Mailed Check,20.25,535.35
2977-CEBSX,Female,0,No,No,66,Yes,Yes,Dsl,Yes,Yes,Yes,Yes,Yes,Yes,Two Year,Yes,Credit Card (Automatic),90.05,5965.95
0665-XHDJU,Male,0,Yes,No,72,Yes,Yes,Fiber Optic,No,Yes,No,No,Yes,Yes,Two Year,Yes,Electronic Check,99.4,7285.7
0810-BDHAW,Female,0,Yes,Yes,24,Yes,Yes,Dsl,Yes,Yes,No,No,Yes,Yes,One Year,No,Electronic Check,78.4,1832.4
7932-WPTDS,Female,1,Yes,No,1,No,No phone service,Dsl,No,No,No,No,No,No,Month-To-Month,Yes,Electronic Check,24.8,24.8
3696-XRIEN,Female,0,No,No,50,Yes,Yes,Dsl,Yes,No,Yes,Yes,Yes,Yes,One Year,Yes,Credit Card (Automatic),82.5,4179.1
6172-FECYY,Male,0,Yes,Yes,49,Yes,Yes,Fiber Optic,No,No,No,No,Yes,No,Month-To-Month,No,Electronic Check,84.5,4254.85
5175-AOBHI,Female,0,No,No,4,Yes,No,Dsl,No,No,No,No,No,No,Month-To-Month,Yes,Mailed Check,46.0,193.6
6439-LAJXL,Male,0,Yes,No,9,Yes,No,Dsl,Yes,Yes,No,Yes,Yes,No,Month-To-Month,Yes,Mailed Check,68.95,593.85
5747-PMBSQ,Male,1,Yes,No,10,Yes,No,Fiber Optic,No,Yes,Yes,Yes,Yes,No,Month-To-Month,Yes,Mailed Check,92.5,934.1
1260-TTRXI,Male,0,No,No,4,Yes,No,Dsl,No,No,No,No,No,Yes,Month-To-Month,No,Electronic Check,54.3,195.3
6953-PBDIN,Male,0,Yes,No,70,Yes,Yes,Dsl,No,Yes,Yes,Yes,Yes,No,Two Year,No,Bank Transfer (Automatic),72.95,5265.55
3466-RITXD,Male,0,No,No,26,Yes,Yes,Fiber Optic,Yes,Yes,No,No,Yes,No,Month-To-Month,Yes,Credit Card (Automatic),92.4,2349.8
2632-TACXW,Female,0,Yes,No,62,Yes,Yes,No,No internet service,No internet service,No internet service,No internet service,No internet service,No internet service,Two Year,No,Bank Transfer (Automatic),23.65,1416.75
4923-ADWXJ,Female,0,No,No,25,Yes,No,Dsl,No,Yes,No,Yes,No,Yes,Month-To-Month,Yes,Bank Transfer (Automatic),65.8,1679.65
5419-JKZNQ,Male,1,Yes,No,30,Yes,Yes,Fiber Optic,No,No,No,No,No,No,Month-To-Month,No,Mailed Check,77.9,2351.45
0979-PHULV,Male,0,Yes,Yes,69,Yes,Yes,Fiber Optic,No,No,Yes,No,Yes,Yes,Month-To-Month,Yes,Credit Card (Automatic),99.45,7007.6
4706-AXVKM,Female,1,No,No,11,Yes,Yes,Fiber Optic,No,No,No,No,No,Yes,Month-To-Month,Yes,Credit Card (Automatic),84.8,906.85
0623-GDISB,Female,0,No,No,1,Yes,No,Dsl,Yes,No,No,No,No,No,Month-To-Month,Yes,Bank Transfer (Automatic),48.45,48.45
6918-UMQCG,Female,0,No,No,5,Yes,No,Fiber Optic,No,No,No,No,Yes,No,Month-To-Month,No,Electronic Check,80.2,384.25
8749-TZYEC,Male,0,Yes,No,72,Yes,Yes,No,No internet service,No internet service,No internet service,No internet service,No internet service,No internet service,Two Year,No,Credit Card (Automatic),24.8,1874.3
3197-ARFOY,Female,1,No,No,19,Yes,No,Fiber Optic,Yes,Yes,No,Yes,Yes,Yes,Month-To-Month,Yes,Mailed Check,105.0,2007.25
1915-OAKWD,Female,0,No,Yes,16,Yes,No,No,No internet service,No internet service,No internet service,No internet service,No internet service,No internet service,One Year,Yes,Bank Transfer (Automatic),19.3,360.35
2037-XJFUP,Male,0,Yes,No,33,Yes,No,Fiber Optic,No,No,Yes,No,Yes,Yes,One Year,Yes,Electronic Check,95.8,3036.75
7254-IQWOZ,Male,0,No,No,1,Yes,No,Fiber Optic,No,No,No,No,No,No,Month-To-Month,Yes,Electronic Check,69.65,69.65
0201-OAMXR,Female,0,No,No,70,Yes,Yes,Fiber Optic,Yes,Yes,Yes,Yes,Yes,Yes,One Year,No,Credit Card (Automatic),115.55,8127.6
6650-VJONK,Male,0,No,No,1,Yes,No,Dsl,No,No,No,No,No,No,Month-To-Month,Yes,Bank Transfer (Automatic),56.05,43.85
9150-HEPMB,Male,0,No,No,56,Yes,No,Dsl,Yes,No,Yes,No,No,No,One Year,No,Mailed Check,52.7,3019.7
1187-WILMM,Male,0,Yes,Yes,63,Yes,Yes,Dsl,Yes,Yes,Yes,Yes,Yes,Yes,Two Year,Yes,Credit Card (Automatic),89.4,5597.65
5382-TEMLV,Male,0,No,No,45,Yes,No,Dsl,Yes,No,No,No,No,No,Month-To-Month,Yes,Bank Transfer (Automatic),50.9,2298.55
9722-UJOJR,Male,0,Yes,Yes,29,Yes,No,Fiber Optic,No,No,No,No,No,No,Month-To-Month,Yes,Electronic Check,70.75,1974.8
0980-FEXWF,Male,0,Yes,Yes,26,Yes,No,Dsl,No,No,Yes,No,No,No,One Year,No,Mailed Check,50.35,1285.8
5168-MQQCA,Female,0,Yes,No,72,Yes,Yes,Fiber Optic,No,Yes,Yes,Yes,Yes,Yes,One Year,Yes,Bank Transfer (Automatic),108.5,8003.8
8999-YPYBV,Male,0,Yes,Yes,45,Yes,No,Dsl,Yes,Yes,Yes,Yes,Yes,Yes,Two Year,Yes,Mailed Check,84.35,3858.05
0617-FHSGK,Male,0,No,Yes,49,Yes,Yes,Fiber Optic,No,No,No,No,No,No,Month-To-Month,No,Credit Card (Automatic),75.2,3678.3
4797-AXPXK,Female,0,No,Yes,1,Yes,No,Dsl,Yes,Yes,No,Yes,No,No,Month-To-Month,Yes,Electronic Check,60.0,60.0
7110-BDTWG,Female,0,Yes,No,71,No,No phone service,Dsl,No,No,Yes,Yes,No,Yes,Two Year,Yes,Electronic Check,47.05,3263.6
6924-TDGMT,Male,0,Yes,No,11,Yes,No,No,No internet service,No internet service,No internet service,No internet service,No internet service,No internet service,One Year,Yes,Mailed Check,20.55,184.95
6408-WHTEF,Male,0,Yes,Yes,72,Yes,Yes,Dsl,Yes,Yes,Yes,Yes,Yes,Yes,Two Year,Yes,Mailed Check,89.4,6376.55
7593-XFKDI,Male,0,No,No,1,Yes,No,Dsl,No,No,No,No,No,No,Month-To-Month,No,Mailed Check,46.3,46.3
5527-ACHSO,Female,0,No,No,11,Yes,No,Dsl,No,No,No,Yes,Yes,Yes,Month-To-Month,No,Mailed Check,70.5,829.3
4418-LZMSV,Male,0,Yes,Yes,13,Yes,No,Dsl,No,Yes,Yes,Yes,No,No,Month-To-Month,No,Bank Transfer (Automatic),61.8,750.1
9392-XBGTD,Male,0,No,Yes,27,Yes,No,No,No internet service,No internet service,No internet service,No internet service,No internet service,No internet service,Two Year,No,Mailed Check,20.6,581.85
5808-TOTXO,Female,0,No,Yes,3,Yes,No,No,No internet service,No internet service,No internet service,No internet service,No internet service,No internet service,One Year,Yes,Credit Card (Automatic),20.55,57.4
5167-GBFRE,Male,1,No,No,4,No,No phone service,Dsl,No,No,No,No,No,No,Month-To-Month,Yes,Bank Transfer (Automatic),25.2,102.5
0178-SZBHO,Male,0,Yes,Yes,47,Yes,Yes,Fiber Optic,No,Yes,No,No,Yes,No,Month-To-Month,No,Electronic Check,91.65,4017.45
8267-KFGYD,Male,0,No,Yes,1,Yes,No,No,No internet service,No internet service,No internet service,No internet service,No internet service,No internet service,Month-To-Month,Yes,Mailed Check,21.05,21.05
2468-SJFLM,Male,0,No,No,1,Yes,No,Fiber Optic,No,No,No,Yes,No,No,Month-To-Month,Yes,Mailed Check,74.3,74.3
8757-TFHHJ,Male,0,No,No,1,Yes,No,Dsl,Yes,No,No,No,No,No,Month-To-Month,Yes,Credit Card (Automatic),49.8,49.8
3797-VTIDR,Male,0,Yes,No,1,No,No phone service,Dsl,No,No,No,No,No,No,Month-To-Month,Yes,Electronic Check,23.45,23.45
0122-OAHPZ,Female,0,No,No,7,Yes,Yes,Fiber Optic,No,No,No,No,No,No,Month-To-Month,Yes,Electronic Check,73.85,511.25
2806-MLNTI,Male,1,Yes,No,52,Yes,Yes,Fiber Optic,No,Yes,Yes,No,Yes,Yes,One Year,Yes,Bank Transfer (Automatic),105.1,5376.4
7551-DACSP,Male,0,Yes,Yes,6,Yes,No,Dsl,No,Yes,Yes,No,No,No,Month-To-Month,Yes,Mailed Check,55.3,324.25
7291-CDTMJ,Male,0,No,No,1,Yes,No,No,No internet service,No internet service,No internet service,No internet service,No internet service,No internet service,Month-To-Month,Yes,Bank Transfer (Automatic),19.65,19.65
0608-JDVEC,Male,0,Yes,No,50,Yes,No,No,No internet service,No internet service,No internet service,No internet service,No internet service,No internet service,Two Year,No,Electronic Check,19.8,1013.2
0607-MVMGC,Male,0,Yes,Yes,45,Yes,Yes,Dsl,No,Yes,Yes,No,Yes,Yes,One Year,No,Credit Card (Automatic),78.75,3600.65
5232-NXPAY,Female,0,No,No,47,Yes,No,Dsl,No,No,Yes,Yes,Yes,Yes,Two Year,No,Mailed Check,74.45,3510.3
3740-RLMVT,Male,1,Yes,No,67,Yes,No,Dsl,Yes,Yes,No,Yes,No,No,One Year,Yes,Bank Transfer (Automatic),60.95,4119.4
1926-QUZNN,Female,0,Yes,No,72,Yes,Yes,No,No internet service,No internet service,No internet service,No internet service,No internet service,No internet service,Two Year,Yes,Bank Transfer (Automatic),25.25,1841.2
3644-QXEHN,Male,0,Yes,Yes,13,Yes,No,Fiber Optic,No,No,Yes,No,Yes,Yes,Month-To-Month,No,Electronic Check,97.0,1334.45
3363-EWLGO,Female,0,No,No,5,Yes,No,No,No internet service,No internet service,No internet service,No internet service,No internet service,No internet service,Month-To-Month,No,Mailed Check,19.95,109.6
8216-AZUUZ,Female,0,Yes,Yes,42,Yes,No,Fiber Optic,No,No,Yes,Yes,Yes,Yes,Two Year,Yes,Electronic Check,100.4,4303.65
8592-PLTMQ,Female,0,No,No,64,Yes,Yes,No,No internet service,No internet service,No internet service,No internet service,No internet service,No internet service,One Year,No,Mailed Check,24.7,1642.75
1154-HYWWO,Male,0,No,No,38,Yes,No,Dsl,Yes,Yes,No,Yes,Yes,No,One Year,No,Mailed Check,70.6,2708.2
6231-WFGFH,Male,0,Yes,Yes,4,Yes,No,No,No internet service,No internet service,No internet service,No internet service,No internet service,No internet service,Month-To-Month,Yes,Mailed Check,20.5,77.6
1179-INLAT,Male,0,No,No,3,Yes,No,No,No internet service,No internet service,No internet service,No internet service,No internet service,No internet service,One Year,Yes,Mailed Check,19.45,69.25
7660-HDPJV,Female,0,No,No,1,Yes,No,Fiber Optic,No,No,No,No,No,No,Month-To-Month,Yes,Electronic Check,69.2,69.2
0601-WZHJF,Male,0,Yes,No,14,No,No phone service,Dsl,No,No,No,No,Yes,Yes,Month-To-Month,No,Electronic Check,46.35,667.7
7182-OVLBJ,Female,0,Yes,Yes,62,Yes,Yes,Fiber Optic,Yes,No,No,No,Yes,Yes,Two Year,Yes,Bank Transfer (Automatic),101.15,6638.35
3677-TNKIO,Female,0,No,No,14,Yes,No,Fiber Optic,No,No,No,No,No,No,Month-To-Month,Yes,Credit Card (Automatic),71.0,914.0
6340-DACFT,Female,0,Yes,Yes,50,Yes,No,No,No internet service,No internet service,No internet service,No internet service,No internet service,No internet service,Two Year,No,Credit Card (Automatic),20.55,1070.25
5889-LFOLL,Female,0,No,No,13,Yes,Yes,Fiber Optic,No,No,No,No,No,Yes,Month-To-Month,Yes,Electronic Check,91.65,1115.2
8644-XLFBW,Male,1,No,No,1,Yes,No,Fiber Optic,No,No,No,No,No,No,Month-To-Month,Yes,Electronic Check,71.65,71.65
4712-UYOOI,Female,0,Yes,Yes,20,Yes,No,No,No internet service,No internet service,No internet service,No internet service,No internet service,No internet service,Month-To-Month,No,Electronic Check,20.0,417.65
3170-NMYVV,Female,0,Yes,Yes,50,Yes,No,No,No internet service,No internet service,No internet service,No internet service,No internet service,No internet service,Two Year,No,Bank Transfer (Automatic),20.15,930.9
0927-LCSMG,Male,0,No,No,7,Yes,No,Fiber Optic,No,No,Yes,No,No,No,Month-To-Month,No,Mailed Check,74.65,544.55
6198-RTPMF,Female,0,Yes,No,17,Yes,Yes,Fiber Optic,No,No,No,No,Yes,Yes,Month-To-Month,No,Electronic Check,92.6,1579.7
7470-MCQTK,Female,0,Yes,No,13,No,No phone service,Dsl,No,No,Yes,No,Yes,Yes,Month-To-Month,Yes,Bank Transfer (Automatic),48.75,633.4
0156-FVPTA,Male,0,Yes,No,22,Yes,No,Dsl,Yes,No,No,Yes,No,No,Month-To-Month,Yes,Electronic Check,54.2,1152.7
3092-IGHWF,Male,0,Yes,Yes,67,Yes,Yes,Fiber Optic,No,Yes,Yes,No,No,No,One Year,No,Electronic Check,87.4,5918.8
7666-WKRON,Female,0,No,No,39,Yes,No,Fiber Optic,No,No,Yes,Yes,No,No,Two Year,Yes,Electronic Check,80.45,3201.55
3351-NQLDI,Female,0,Yes,Yes,67,Yes,Yes,Fiber Optic,Yes,No,No,Yes,No,Yes,One Year,Yes,Credit Card (Automatic),94.35,6341.45
0117-LFRMW,Male,0,Yes,Yes,37,No,No phone service,Dsl,Yes,Yes,Yes,No,No,No,Month-To-Month,No,Bank Transfer (Automatic),40.2,1448.8
7163-OCEQI,Male,0,Yes,Yes,22,Yes,Yes,Dsl,No,No,Yes,Yes,Yes,Yes,One Year,Yes,Mailed Check,78.65,1663.75
6196-HBOBZ,Male,0,Yes,No,65,Yes,Yes,Fiber Optic,Yes,Yes,Yes,No,Yes,No,Two Year,Yes,Electronic Check,99.35,6347.55
3348-CFRNX,Female,0,Yes,No,28,Yes,No,Fiber Optic,Yes,No,No,No,Yes,Yes,Month-To-Month,Yes,Mailed Check,92.35,2602.9
5827-MWCZK,Male,0,Yes,Yes,56,Yes,Yes,Fiber Optic,No,Yes,No,Yes,Yes,No,Month-To-Month,Yes,Credit Card (Automatic),96.95,5432.2
4951-UKAAQ,Female,0,No,No,4,Yes,Yes,Fiber Optic,No,Yes,No,No,No,Yes,Month-To-Month,Yes,Electronic Check,88.95,355.2
5828-DWPIL,Male,1,Yes,No,62,Yes,Yes,Fiber Optic,Yes,Yes,Yes,No,No,No,Month-To-Month,Yes,Electronic Check,89.1,5618.3
4134-BSXLX,Male,0,Yes,No,28,Yes,No,Dsl,Yes,Yes,No,Yes,No,No,Month-To-Month,No,Mailed Check,60.9,1785.65
2533-QVMSK,Male,0,Yes,No,61,Yes,Yes,Fiber Optic,No,Yes,No,Yes,Yes,No,Two Year,Yes,Electronic Check,94.1,5638.3
3027-YNWZU,Female,0,Yes,No,64,Yes,Yes,No,No internet service,No internet service,No internet service,No internet service,No internet service,No internet service,Two Year,No,Credit Card (Automatic),25.0,1584.8
3363-DTIVD,Male,0,Yes,Yes,71,Yes,Yes,Fiber Optic,Yes,No,Yes,No,Yes,Yes,Two Year,No,Electronic Check,105.55,7405.5
5236-PERKL,Female,0,No,No,57,Yes,Yes,Fiber Optic,Yes,Yes,Yes,No,Yes,Yes,Two Year,Yes,Bank Transfer (Automatic),112.95,6465.0
8887-IPQNC,Female,0,Yes,No,7,Yes,No,Dsl,No,No,No,No,No,No,Month-To-Month,Yes,Mailed Check,44.25,313.45
4567-AKPIA,Female,0,Yes,Yes,41,Yes,Yes,Fiber Optic,No,Yes,Yes,Yes,Yes,Yes,One Year,Yes,Bank Transfer (Automatic),109.1,4454.25
6892-BOGQE,Female,0,Yes,No,71,Yes,No,No,No internet service,No internet service,No internet service,No internet service,No internet service,No internet service,Two Year,Yes,Bank Transfer (Automatic),20.9,1493.2
9643-AVVWI,Female,0,Yes,Yes,3,Yes,No,Fiber Optic,No,Yes,No,Yes,No,No,Month-To-Month,Yes,Electronic Check,80.0,241.3
2347-WKKAE,Male,0,Yes,No,42,Yes,Yes,Fiber Optic,Yes,No,Yes,No,No,Yes,Month-To-Month,Yes,Electronic Check,94.4,4014.6
8908-NMQTX,Male,0,No,No,72,No,No phone service,Dsl,Yes,Yes,Yes,Yes,Yes,Yes,Two Year,Yes,Bank Transfer (Automatic),65.6,4566.5
0722-TROQR,Female,1,No,No,4,Yes,Yes,Fiber Optic,No,No,No,No,No,No,Month-To-Month,Yes,Electronic Check,74.9,321.75
5019-GQVCR,Male,1,No,No,43,Yes,Yes,Fiber Optic,No,No,No,No,Yes,No,Month-To-Month,Yes,Electronic Check,84.85,3645.6
6615-ZGEDR,Male,0,No,No,1,Yes,No,No,No internet service,No internet service,No internet service,No internet service,No internet service,No internet service,Month-To-Month,No,Mailed Check,19.7,19.7
1423-BMPBQ,Female,0,Yes,Yes,1,Yes,No,No,No internet service,No internet service,No internet service,No internet service,No internet service,No internet service,Month-To-Month,Yes,Mailed Check,19.0,19.0
1942-OQFRW,Male,0,No,No,1,Yes,No,Dsl,No,No,No,No,No,No,Month-To-Month,No,Electronic Check,44.0,44.0
6689-VRRTK,Female,1,No,No,44,Yes,Yes,Fiber Optic,Yes,Yes,Yes,No,Yes,Yes,One Year,Yes,Credit Card (Automatic),109.8,4860.35
9921-EZKBY,Male,0,No,Yes,33,Yes,Yes,Fiber Optic,Yes,No,Yes,No,No,Yes,Month-To-Month,Yes,Bank Transfer (Automatic),95.3,3275.15
8896-RAZCR,Female,0,No,Yes,44,Yes,No,No,No internet service,No internet service,No internet service,No internet service,No internet service,No internet service,Two Year,No,Mailed Check,19.9,868.1
6124-ACRHJ,Female,0,No,No,1,Yes,No,No,No internet service,No internet service,No internet service,No internet service,No internet service,No internet service,Month-To-Month,No,Mailed Check,19.75,19.75
9168-INPSZ,Female,1,Yes,No,44,Yes,Yes,Fiber Optic,No,No,Yes,Yes,Yes,Yes,Month-To-Month,No,Electronic Check,104.15,4495.65
5339-PXDVH,Male,0,No,No,4,Yes,Yes,Fiber Optic,Yes,No,No,No,Yes,No,Month-To-Month,No,Electronic Check,90.65,367.95
5329-KRDTM,Male,1,Yes,No,72,Yes,Yes,Dsl,No,Yes,Yes,Yes,Yes,No,Two Year,No,Credit Card (Automatic),77.35,5396.25
7055-VKGDA,Male,0,No,No,54,Yes,No,Fiber Optic,Yes,Yes,No,Yes,Yes,Yes,One Year,Yes,Credit Card (Automatic),105.4,5643.4
6821-BUXUX,Female,0,No,No,13,Yes,Yes,Fiber Optic,Yes,Yes,No,No,Yes,No,Month-To-Month,Yes,Electronic Check,96.65,1244.5
7143-BQIBA,Male,0,No,No,10,Yes,No,Dsl,Yes,No,No,Yes,Yes,No,Month-To-Month,No,Bank Transfer (Automatic),62.25,612.95
2325-WINES,Female,0,No,No,32,Yes,Yes,Fiber Optic,No,Yes,Yes,No,Yes,Yes,One Year,Yes,Credit Card (Automatic),104.05,3416.85
3896-ZVNET,Female,0,Yes,Yes,24,Yes,Yes,No,No internet service,No internet service,No internet service,No internet service,No internet service,No internet service,Two Year,No,Mailed Check,24.7,571.75
8445-DNBAE,Male,0,No,Yes,1,Yes,Yes,Dsl,No,No,No,No,No,No,Month-To-Month,Yes,Electronic Check,50.05,50.05
0617-AQNWT,Female,0,Yes,No,64,No,No phone service,Dsl,Yes,No,Yes,Yes,No,Yes,Two Year,No,Electronic Check,47.85,3147.5
8414-OOEEL,Male,0,No,Yes,66,Yes,No,Dsl,No,Yes,Yes,Yes,Yes,Yes,Two Year,Yes,Credit Card (Automatic),79.5,5196.1
1927-QEWMY,Female,0,Yes,No,72,Yes,No,No,No internet service,No internet service,No internet service,No internet service,No internet service,No internet service,Two Year,No,Credit Card (Automatic),20.5,1502.25
3211-AAPKX,Male,0,No,No,20,Yes,Yes,Fiber Optic,No,No,No,Yes,Yes,Yes,Month-To-Month,Yes,Mailed Check,98.55,2031.95
3068-OMWZA,Male,1,No,No,1,Yes,Yes,Fiber Optic,No,No,Yes,No,Yes,No,Month-To-Month,Yes,Electronic Check,88.8,88.8
9975-SKRNR,Male,0,No,No,1,Yes,No,No,No internet service,No internet service,No internet service,No internet service,No internet service,No internet service,Month-To-Month,No,Mailed Check,18.9,18.9
9327-QSDED,Male,0,No,No,8,Yes,No,Dsl,No,No,No,No,No,No,Month-To-Month,No,Mailed Check,43.55,335.4
1355-KUSBG,Female,0,Yes,Yes,7,Yes,Yes,Dsl,No,No,No,No,No,No,Month-To-Month,No,Electronic Check,48.8,349.8
8164-OCKUJ,Female,0,Yes,Yes,59,Yes,No,No,No internet service,No internet service,No internet service,No internet service,No internet service,No internet service,Two Year,No,Mailed Check,20.6,1286.0
5385-SUIRI,Male,1,Yes,No,52,Yes,Yes,Fiber Optic,Yes,No,Yes,No,Yes,Yes,Month-To-Month,Yes,Electronic Check,91.65,5568.35
2636-SJDOU,Male,0,No,No,64,Yes,Yes,Fiber Optic,Yes,Yes,No,No,No,No,One Year,Yes,Credit Card (Automatic),84.3,5289.05
8591-NXRCV,Female,0,No,No,41,Yes,Yes,Dsl,Yes,No,Yes,Yes,No,Yes,Month-To-Month,Yes,Bank Transfer (Automatic),74.65,3090.65
9467-ROOLM,Female,0,No,No,25,Yes,No,No,No internet service,No internet service,No internet service,No internet service,No internet service,No internet service,Month-To-Month,No,Mailed Check,19.05,461.3
2720-FVBQP,Female,0,Yes,Yes,6,Yes,Yes,Dsl,No,No,No,No,No,No,Month-To-Month,Yes,Credit Card (Automatic),48.95,273.25
0848-ZGQIJ,Female,0,Yes,No,16,Yes,No,Fiber Optic,No,Yes,No,No,Yes,Yes,Month-To-Month,Yes,Bank Transfer (Automatic),94.65,1461.15
3800-LYTRK,Female,0,No,No,14,Yes,No,Dsl,Yes,No,No,Yes,No,No,One Year,No,Mailed Check,55.7,795.15
8785-CJSHH,Female,0,Yes,No,60,Yes,Yes,Fiber Optic,No,Yes,No,No,Yes,Yes,Month-To-Month,Yes,Electronic Check,99.8,5985.75
6718-BDGHG,Female,0,Yes,No,43,Yes,Yes,Dsl,No,No,No,Yes,Yes,No,One Year,Yes,Bank Transfer (Automatic),64.85,2908.2
0619-OLYUR,Male,0,Yes,No,72,Yes,Yes,Fiber Optic,Yes,No,Yes,Yes,Yes,Yes,Two Year,Yes,Credit Card (Automatic),111.9,8071.05
7599-NTMDP,Female,0,Yes,Yes,62,No,No phone service,Dsl,Yes,Yes,No,Yes,Yes,No,Two Year,No,Bank Transfer (Automatic),48.7,3008.55
6959-UWKHF,Male,0,No,No,1,Yes,No,Dsl,No,No,No,No,No,No,Month-To-Month,Yes,Electronic Check,42.9,42.9
3097-NNSPB,Female,0,No,No,2,Yes,No,Dsl,No,Yes,No,No,No,No,Month-To-Month,Yes,Credit Card (Automatic),49.05,91.1
7014-ZZXAW,Female,0,Yes,No,71,Yes,Yes,No,No internet service,No internet service,No internet service,No internet service,No internet service,No internet service,Two Year,Yes,Credit Card (Automatic),24.25,1732.95
9732-KPKBW,Male,0,No,No,1,Yes,No,Dsl,Yes,No,No,Yes,No,No,Month-To-Month,Yes,Electronic Check,53.95,53.95
2091-MJTFX,Female,0,Yes,Yes,30,No,No phone service,Dsl,No,No,No,Yes,Yes,Yes,Month-To-Month,No,Credit Card (Automatic),51.2,1561.5
3327-YBAKM,Female,0,Yes,No,64,Yes,No,Fiber Optic,Yes,No,No,Yes,Yes,Yes,One Year,Yes,Mailed Check,96.9,6314.35
2957-JIRMN,Female,1,No,No,62,Yes,Yes,Fiber Optic,No,No,No,No,Yes,No,One Year,No,Electronic Check,84.45,4959.15
2403-BCASL,Male,1,Yes,Yes,41,Yes,Yes,Fiber Optic,No,Yes,Yes,Yes,Yes,Yes,One Year,Yes,Electronic Check,111.95,4534.9
4822-LPTYJ,Male,0,Yes,No,72,Yes,Yes,Fiber Optic,No,Yes,Yes,No,Yes,Yes,Two Year,Yes,Bank Transfer (Automatic),103.75,7346.2
4199-QHJNM,Male,1,Yes,No,67,Yes,Yes,Fiber Optic,No,Yes,No,Yes,Yes,Yes,Two Year,No,Bank Transfer (Automatic),102.9,6989.7
3957-LXOLK,Female,1,No,No,28,Yes,Yes,Fiber Optic,No,Yes,Yes,No,Yes,Yes,Month-To-Month,Yes,Electronic Check,106.15,3152.5
4488-PSYCG,Male,0,No,No,16,Yes,No,No,No internet service,No internet service,No internet service,No internet service,No internet service,No internet service,Month-To-Month,No,Bank Transfer (Automatic),20.25,327.45
3487-EARAT,Female,0,Yes,Yes,70,Yes,No,Dsl,Yes,Yes,Yes,Yes,No,Yes,One Year,No,Credit Card (Automatic),74.1,5222.3
1291-CUOCY,Male,0,Yes,No,72,Yes,Yes,Fiber Optic,No,Yes,Yes,Yes,Yes,Yes,Two Year,Yes,Credit Card (Automatic),110.6,7962.2
0002-ORFBO,Female,0,Yes,Yes,9,Yes,No,Dsl,No,Yes,No,Yes,Yes,No,One Year,Yes,Mailed Check,65.6,593.3
0224-RLWWD,Female,1,No,No,2,Yes,No,Dsl,No,No,No,No,No,No,Month-To-Month,Yes,Electronic Check,44.3,89.3
1431-CYWMH,Female,0,Yes,Yes,22,Yes,No,No,No internet service,No internet service,No internet service,No internet service,No internet service,No internet service,Month-To-Month,No,Bank Transfer (Automatic),19.05,454.05
5294-CDGWY,Male,0,Yes,Yes,51,No,No phone service,Dsl,Yes,Yes,Yes,No,Yes,Yes,One Year,No,Electronic Check,59.3,3014.65
4329-YPDDQ,Male,0,No,No,20,Yes,No,Fiber Optic,Yes,Yes,Yes,Yes,Yes,Yes,Month-To-Month,Yes,Bank Transfer (Automatic),108.2,2203.7
3768-NLUBH,Male,1,Yes,No,57,Yes,Yes,Fiber Optic,No,No,Yes,No,Yes,Yes,Month-To-Month,No,Electronic Check,100.6,5746.15
4884-ZTHVF,Female,1,No,No,8,Yes,No,Fiber Optic,No,Yes,No,No,Yes,No,Month-To-Month,Yes,Electronic Check,87.1,713.6
8455-HIRAQ,Female,0,No,No,8,Yes,No,Dsl,No,No,No,No,No,No,Month-To-Month,No,Mailed Check,44.45,369.3
8226-BXGES,Male,0,Yes,No,64,Yes,Yes,Fiber Optic,Yes,Yes,Yes,No,No,No,One Year,No,Bank Transfer (Automatic),89.45,5692.65
6440-DKQGE,Male,0,No,Yes,30,Yes,No,Dsl,No,Yes,Yes,No,Yes,No,One Year,No,Credit Card (Automatic),64.5,1929.95
2410-CIYFZ,Male,0,No,Yes,2,Yes,No,No,No internet service,No internet service,No internet service,No internet service,No internet service,No internet service,Month-To-Month,No,Mailed Check,20.4,42.9
3580-REOAC,Male,0,No,No,10,Yes,No,Dsl,No,No,No,No,No,No,Month-To-Month,Yes,Credit Card (Automatic),44.85,435.4
2359-QWQUL,Female,0,Yes,No,39,Yes,No,Fiber Optic,Yes,No,Yes,Yes,Yes,Yes,One Year,Yes,Credit Card (Automatic),104.7,4134.85
5598-IKHQQ,Female,0,No,No,72,Yes,Yes,No,No internet service,No internet service,No internet service,No internet service,No internet service,No internet service,Two Year,No,Credit Card (Automatic),25.45,1866.45
8290-YWKHZ,Female,1,Yes,No,32,Yes,Yes,Fiber Optic,No,No,No,No,Yes,Yes,Month-To-Month,Yes,Electronic Check,93.2,2931.0
5844-QVTAT,Female,0,Yes,Yes,33,Yes,No,Dsl,Yes,Yes,Yes,No,No,No,One Year,Yes,Mailed Check,58.45,1955.4
7285-KLOTR,Female,0,Yes,No,12,Yes,Yes,Dsl,Yes,No,Yes,No,Yes,Yes,One Year,No,Electronic Check,78.85,876.75
2474-BRUCM,Male,1,Yes,No,40,Yes,Yes,Fiber Optic,Yes,No,No,No,Yes,Yes,Month-To-Month,No,Electronic Check,101.85,4086.3
2167-FQSTQ,Female,0,Yes,No,72,Yes,Yes,Dsl,Yes,Yes,Yes,Yes,Yes,Yes,Two Year,Yes,Electronic Check,92.4,6786.1
0582-AVCLN,Female,0,No,No,38,Yes,No,No,No internet service,No internet service,No internet service,No internet service,No internet service,No internet service,Two Year,No,Mailed Check,20.3,743.05
6169-PPETC,Male,0,Yes,Yes,35,Yes,No,No,No internet service,No internet service,No internet service,No internet service,No internet service,No internet service,Two Year,No,Bank Transfer (Automatic),20.5,759.35
4884-LEVMQ,Male,0,Yes,No,39,Yes,No,No,No internet service,No internet service,No internet service,No internet service,No internet service,No internet service,Two Year,Yes,Bank Transfer (Automatic),20.45,790.0
5975-BAICR,Male,0,Yes,Yes,36,Yes,No,Dsl,Yes,No,Yes,No,No,Yes,One Year,Yes,Credit Card (Automatic),63.7,2188.5
2839-RFSQE,Female,0,No,No,2,Yes,No,No,No internet service,No internet service,No internet service,No internet service,No internet service,No internet service,Month-To-Month,No,Mailed Check,20.65,38.7
2211-RMNHO,Female,0,Yes,Yes,68,Yes,Yes,Dsl,No,Yes,Yes,Yes,Yes,Yes,Two Year,No,Bank Transfer (Automatic),85.3,5560.0
2874-YXVVA,Female,0,No,No,34,Yes,No,Fiber Optic,No,Yes,Yes,Yes,Yes,Yes,Month-To-Month,Yes,Electronic Check,105.1,3634.8
6497-TILVL,Female,0,Yes,Yes,7,Yes,No,Dsl,Yes,No,No,No,No,No,Month-To-Month,No,Mailed Check,50.7,350.35
8232-CTLKO,Female,0,Yes,Yes,66,Yes,No,Dsl,Yes,No,No,No,Yes,No,Two Year,Yes,Electronic Check,56.05,3996.8
5203-XEHAX,Female,0,No,No,34,Yes,No,Dsl,Yes,Yes,No,No,No,Yes,One Year,No,Electronic Check,64.35,2053.05
0484-FFVBJ,Male,0,No,No,32,Yes,No,Dsl,No,No,No,No,Yes,Yes,One Year,Yes,Bank Transfer (Automatic),64.85,2010.95
5067-WJEUN,Male,0,Yes,Yes,67,Yes,No,Dsl,Yes,Yes,No,No,No,No,Two Year,Yes,Bank Transfer (Automatic),54.2,3838.2
8648-PFRMP,Female,1,No,No,14,No,No phone service,Dsl,No,No,No,No,Yes,Yes,Month-To-Month,Yes,Electronic Check,46.35,672.7
5312-TSZVC,Female,0,No,Yes,15,Yes,No,No,No internet service,No internet service,No internet service,No internet service,No internet service,No internet service,One Year,No,Mailed Check,19.65,270.6
4806-DXQCE,Female,1,Yes,No,70,Yes,Yes,Fiber Optic,Yes,Yes,Yes,Yes,Yes,Yes,Two Year,Yes,Electronic Check,113.65,7714.65
8819-ZBYNA,Female,0,Yes,No,58,Yes,Yes,Fiber Optic,Yes,Yes,No,Yes,Yes,Yes,Two Year,Yes,Credit Card (Automatic),109.1,6393.65
0380-NEAVX,Male,1,No,No,34,Yes,No,Fiber Optic,No,Yes,Yes,No,Yes,Yes,One Year,Yes,Electronic Check,99.85,3343.15
4750-ZRXIU,Female,1,No,No,4,Yes,Yes,Fiber Optic,No,No,No,No,No,Yes,Month-To-Month,Yes,Electronic Check,84.6,360.1
9824-BEMCV,Male,0,Yes,Yes,17,Yes,No,Fiber Optic,No,No,No,No,No,No,Month-To-Month,Yes,Electronic Check,69.0,1149.65
1977-STDKI,Female,1,No,No,1,Yes,No,Fiber Optic,No,Yes,No,No,No,No,Month-To-Month,Yes,Electronic Check,73.0,73.0
4654-DLAMQ,Female,1,Yes,No,64,Yes,No,Fiber Optic,Yes,Yes,Yes,No,No,Yes,One Year,No,Bank Transfer (Automatic),97.0,6430.9
2789-CZANW,Female,0,Yes,Yes,64,Yes,Yes,Fiber Optic,Yes,Yes,No,Yes,Yes,Yes,Two Year,No,Bank Transfer (Automatic),110.3,6997.3
1342-JPNKI,Male,0,No,No,10,Yes,Yes,Fiber Optic,No,No,No,No,Yes,No,Month-To-Month,Yes,Bank Transfer (Automatic),86.05,834.1
0585-EGDDA,Male,0,Yes,No,40,Yes,No,Fiber Optic,No,Yes,Yes,No,No,No,Month-To-Month,Yes,Electronic Check,80.0,3168.75
8204-TIFGJ,Female,0,No,No,23,Yes,No,No,No internet service,No internet service,No internet service,No internet service,No internet service,No internet service,Month-To-Month,Yes,Bank Transfer (Automatic),20.3,470.6
4510-PYUSH,Female,1,No,No,38,Yes,No,Dsl,Yes,Yes,No,No,No,No,Month-To-Month,Yes,Credit Card (Automatic),57.15,2250.65
3319-DWOEP,Male,1,Yes,No,6,Yes,No,Fiber Optic,No,No,Yes,No,Yes,Yes,Month-To-Month,Yes,Electronic Check,95.75,573.75
6128-AQBMT,Male,1,Yes,No,41,No,No phone service,Dsl,No,Yes,Yes,No,Yes,Yes,Month-To-Month,Yes,Electronic Check,53.95,2215.4
8382-SHQEH,Female,0,Yes,No,8,Yes,Yes,Fiber Optic,No,No,No,No,No,Yes,Month-To-Month,Yes,Electronic Check,84.9,764.95
5173-WXOQV,Male,0,Yes,No,2,Yes,No,Dsl,No,Yes,No,Yes,No,Yes,Month-To-Month,Yes,Mailed Check,64.2,143.65
0575-CUQOV,Male,1,Yes,No,60,Yes,No,Fiber Optic,No,Yes,Yes,No,Yes,Yes,One Year,Yes,Electronic Check,97.95,5867.0
6437-UKHMV,Female,0,No,No,7,Yes,No,Fiber Optic,No,No,No,No,Yes,No,Month-To-Month,Yes,Electronic Check,79.7,586.05
4844-JJWUY,Female,1,No,No,1,Yes,No,Fiber Optic,No,Yes,No,No,No,Yes,Month-To-Month,Yes,Electronic Check,86.0,86.0
6856-RAURS,Female,0,No,No,2,Yes,Yes,Fiber Optic,No,No,No,No,No,No,Month-To-Month,Yes,Mailed Check,74.9,136.05
7503-QQRVF,Male,1,Yes,No,16,Yes,No,Fiber Optic,No,Yes,No,No,No,No,Month-To-Month,Yes,Credit Card (Automatic),74.3,1178.25
7432-FFVAR,Female,0,Yes,Yes,46,Yes,No,Fiber Optic,No,No,Yes,Yes,No,Yes,One Year,No,Bank Transfer (Automatic),90.95,4236.6
3737-XBQDD,Male,0,No,No,24,Yes,Yes,Fiber Optic,No,Yes,Yes,No,No,No,Month-To-Month,Yes,Bank Transfer (Automatic),84.85,2048.8
0831-JNISG,Male,0,Yes,Yes,71,Yes,No,No,No internet service,No internet service,No internet service,No internet service,No internet service,No internet service,Two Year,No,Mailed Check,19.8,1396.25
4636-TVXVG,Male,0,Yes,Yes,62,Yes,No,No,No internet service,No internet service,No internet service,No internet service,No internet service,No internet service,One Year,No,Bank Transfer (Automatic),19.95,1244.8
6179-GJPSO,Female,1,No,No,43,Yes,No,Fiber Optic,Yes,Yes,No,Yes,Yes,Yes,Month-To-Month,Yes,Credit Card (Automatic),108.15,4600.7
2509-TFPJU,Male,0,Yes,No,72,Yes,Yes,No,No internet service,No internet service,No internet service,No internet service,No internet service,No internet service,Two Year,No,Credit Card (Automatic),25.75,1864.2
2604-IJPDU,Female,0,Yes,No,20,Yes,No,Fiber Optic,Yes,Yes,No,Yes,Yes,No,Month-To-Month,Yes,Electronic Check,96.55,1901.65
3387-VATUS,Male,0,No,No,5,Yes,Yes,Fiber Optic,No,No,No,No,Yes,Yes,Month-To-Month,Yes,Bank Transfer (Automatic),94.85,462.8
3088-FVYWK,Male,0,Yes,Yes,53,Yes,Yes,No,No internet service,No internet service,No internet service,No internet service,No internet service,No internet service,Two Year,No,Credit Card (Automatic),25.55,1336.1
9355-NPPFS,Female,1,No,No,26,Yes,No,Fiber Optic,No,No,No,No,No,Yes,Month-To-Month,Yes,Electronic Check,78.8,2006.1
2925-VDZHY,Male,0,Yes,Yes,72,Yes,Yes,Dsl,Yes,Yes,Yes,Yes,Yes,Yes,Two Year,No,Credit Card (Automatic),88.7,6501.35
2538-OIMXF,Female,0,No,Yes,1,No,No phone service,Dsl,No,No,No,No,No,No,Month-To-Month,No,Mailed Check,24.7,24.7
1223-UNPKS,Male,0,Yes,Yes,20,Yes,No,No,No internet service,No internet service,No internet service,No internet service,No internet service,No internet service,Two Year,No,Mailed Check,20.05,400.0
2476-YGEFM,Female,0,No,No,29,Yes,Yes,Fiber Optic,No,No,No,No,No,No,Month-To-Month,Yes,Credit Card (Automatic),76.0,2215.25
8784-CGILN,Female,0,No,No,18,Yes,Yes,Fiber Optic,No,No,No,Yes,Yes,Yes,Month-To-Month,Yes,Bank Transfer (Automatic),99.85,1776.95
9995-HOTOH,Male,0,Yes,Yes,63,No,No phone service,Dsl,Yes,Yes,Yes,No,Yes,Yes,Two Year,No,Electronic Check,59.0,3707.6
4484-GLZOU,Female,0,Yes,No,52,Yes,Yes,Fiber Optic,No,Yes,Yes,No,Yes,Yes,Month-To-Month,Yes,Electronic Check,105.05,5624.85
4713-LZDRV,Female,1,No,No,2,Yes,No,Fiber Optic,No,No,No,No,No,Yes,Month-To-Month,Yes,Electronic Check,79.6,195.05
7587-RZNME,Male,0,No,No,3,Yes,No,Dsl,No,No,No,No,No,No,Month-To-Month,Yes,Electronic Check,43.3,123.65
3977-QCRSL,Female,0,No,No,5,Yes,No,No,No internet service,No internet service,No internet service,No internet service,No internet service,No internet service,Month-To-Month,No,Mailed Check,20.15,117.95
4137-JOPHL,Female,0,No,No,50,Yes,No,Fiber Optic,No,No,Yes,Yes,No,Yes,Two Year,Yes,Bank Transfer (Automatic),89.7,4304.5
3223-DWFIO,Male,1,No,No,4,Yes,No,Fiber Optic,No,No,No,No,No,No,Month-To-Month,No,Electronic Check,69.35,261.65
6513-EECDB,Male,1,Yes,No,1,Yes,Yes,Fiber Optic,No,No,No,No,No,No,Month-To-Month,Yes,Electronic Check,73.55,73.55
5624-RYAMH,Female,0,No,No,9,Yes,No,No,No internet service,No internet service,No internet service,No internet service,No internet service,No internet service,Month-To-Month,Yes,Electronic Check,19.5,178.85
5977-CKHON,Female,0,Yes,Yes,43,Yes,Yes,Fiber Optic,No,No,Yes,No,No,Yes,Month-To-Month,Yes,Bank Transfer (Automatic),92.55,4039.0
3967-VQOGC,Female,0,Yes,Yes,67,Yes,Yes,No,No internet service,No internet service,No internet service,No internet service,No internet service,No internet service,Two Year,Yes,Mailed Check,24.9,1680.25
8671-KKKOS,Female,0,Yes,No,46,No,No phone service,Dsl,Yes,Yes,No,No,Yes,No,Month-To-Month,No,Electronic Check,45.55,2062.15
3717-OFRTN,Male,0,No,No,1,Yes,No,No,No internet service,No internet service,No internet service,No internet service,No internet service,No internet service,Month-To-Month,No,Bank Transfer (Automatic),19.75,19.75
3422-GALYP,Male,0,No,No,2,Yes,Yes,Fiber Optic,No,Yes,No,No,No,No,Month-To-Month,Yes,Electronic Check,79.45,145.15
4355-CVPVS,Female,0,Yes,Yes,56,Yes,No,Fiber Optic,No,No,No,No,Yes,Yes,One Year,No,Bank Transfer (Automatic),88.9,4968.0
1970-KKFWL,Female,0,No,No,35,Yes,Yes,No,No internet service,No internet service,No internet service,No internet service,No internet service,No internet service,Two Year,No,Bank Transfer (Automatic),23.3,797.1
2082-CEFLT,Male,0,No,No,1,Yes,No,Dsl,No,No,No,No,No,No,Month-To-Month,Yes,Electronic Check,45.6,45.6
2139-FQHLM,Male,0,No,No,19,Yes,No,Fiber Optic,No,No,Yes,Yes,Yes,No,Month-To-Month,No,Mailed Check,89.95,1682.4
1254-IZEYF,Female,1,No,No,31,Yes,Yes,Fiber Optic,No,Yes,No,No,Yes,Yes,Month-To-Month,Yes,Electronic Check,99.95,3186.65
0742-MOABM,Male,0,Yes,No,4,Yes,No,Dsl,No,No,No,Yes,No,No,Month-To-Month,No,Mailed Check,50.05,179.35
0361-HJRDX,Female,0,No,No,68,No,No phone service,Dsl,Yes,Yes,Yes,Yes,Yes,Yes,Two Year,No,Credit Card (Automatic),64.35,4539.6
9732-OUYRN,Female,0,Yes,No,49,Yes,No,No,No internet service,No internet service,No internet service,No internet service,No internet service,No internet service,One Year,No,Credit Card (Automatic),19.0,918.7
7338-ERIVA,Male,0,No,Yes,39,No,No phone service,Dsl,Yes,No,No,Yes,Yes,No,One Year,No,Bank Transfer (Automatic),45.05,1790.6
2397-BRLOM,Male,1,Yes,Yes,8,Yes,No,Fiber Optic,No,No,No,No,Yes,No,Month-To-Month,Yes,Credit Card (Automatic),80.45,583.45
2530-ENDWQ,Female,0,Yes,No,71,Yes,Yes,Fiber Optic,No,No,No,No,Yes,Yes,Two Year,Yes,Bank Transfer (Automatic),93.7,6585.35
3508-VLHCZ,Female,0,Yes,Yes,71,Yes,Yes,Dsl,Yes,Yes,Yes,Yes,Yes,Yes,Two Year,Yes,Credit Card (Automatic),90.55,6239.05
7088-FBAWU,Female,0,Yes,Yes,17,Yes,No,Dsl,Yes,Yes,No,No,Yes,Yes,Month-To-Month,No,Mailed Check,74.55,1215.8
3926-CUQZX,Male,0,No,No,1,Yes,No,Dsl,No,No,No,No,No,No,Month-To-Month,Yes,Bank Transfer (Automatic),45.1,45.1
3709-OIJEA,Male,0,No,No,26,Yes,No,Fiber Optic,No,Yes,Yes,Yes,No,No,One Year,Yes,Electronic Check,85.2,2184.6
2749-CTKAJ,Male,0,Yes,Yes,22,Yes,No,No,No internet service,No internet service,No internet service,No internet service,No internet service,No internet service,One Year,No,Mailed Check,20.15,419.9
0468-YRPXN,Male,0,No,No,29,Yes,No,Fiber Optic,No,No,Yes,Yes,Yes,Yes,Month-To-Month,Yes,Credit Card (Automatic),98.8,2807.1
9904-EHEVJ,Female,1,Yes,Yes,32,Yes,Yes,Fiber Optic,No,No,Yes,No,Yes,No,Month-To-Month,Yes,Mailed Check,91.35,2896.55
9018-PCIOK,Female,0,No,No,55,Yes,No,Dsl,No,Yes,Yes,No,No,Yes,Two Year,Yes,Mailed Check,64.75,3617.1
5843-TTHGI,Female,0,No,No,18,Yes,No,Dsl,No,No,Yes,No,No,No,Month-To-Month,Yes,Mailed Check,50.0,892.7
1328-EUZHC,Female,0,Yes,No,18,Yes,No,No,No internet service,No internet service,No internet service,No internet service,No internet service,No internet service,Two Year,No,Mailed Check,20.1,370.5
1268-ASBGA,Female,1,Yes,No,16,Yes,Yes,Fiber Optic,No,No,No,No,No,Yes,Month-To-Month,Yes,Credit Card (Automatic),85.35,1375.15
7410-YTJIK,Female,0,No,No,7,Yes,Yes,Fiber Optic,No,No,No,No,No,No,Month-To-Month,No,Mailed Check,75.45,480.75
7120-RFMVS,Male,0,No,No,1,Yes,Yes,Fiber Optic,No,No,No,No,Yes,No,Month-To-Month,No,Electronic Check,84.5,84.5
3030-ZKIWL,Male,0,No,No,1,Yes,No,No,No internet service,No internet service,No internet service,No internet service,No internet service,No internet service,Month-To-Month,No,Mailed Check,20.05,20.05
1047-NNCBF,Male,0,No,No,20,Yes,No,Fiber Optic,No,No,No,No,No,No,Month-To-Month,No,Credit Card (Automatic),70.55,1493.55
1623-NLDOT,Female,0,Yes,No,42,No,No phone service,Dsl,No,Yes,No,Yes,No,No,One Year,No,Mailed Check,33.55,1445.3
7967-HYCDE,Male,0,No,No,8,Yes,No,Fiber Optic,No,No,No,No,No,No,Month-To-Month,No,Bank Transfer (Automatic),70.7,553.4
3865-YIOTT,Male,0,Yes,Yes,72,Yes,Yes,Fiber Optic,Yes,No,Yes,No,Yes,Yes,One Year,Yes,Bank Transfer (Automatic),106.1,7848.5
7644-OMVMY,Male,0,Yes,Yes,0,Yes,No,No,No internet service,No internet service,No internet service,No internet service,No internet service,No internet service,Two Year,No,Mailed Check,19.85,0.0
8760-ZRHKE,Female,1,Yes,Yes,71,Yes,Yes,Dsl,Yes,Yes,No,No,Yes,No,One Year,No,Electronic Check,69.2,4982.5
5321-NTRKC,Male,0,Yes,Yes,66,Yes,Yes,Dsl,No,Yes,Yes,No,Yes,Yes,Two Year,No,Electronic Check,79.85,5234.95
4883-QICIH,Male,0,Yes,Yes,32,Yes,No,Fiber Optic,No,No,No,No,No,No,Month-To-Month,Yes,Bank Transfer (Automatic),69.75,2347.9
4273-MBHYA,Female,0,No,Yes,1,Yes,No,Fiber Optic,No,No,No,No,Yes,Yes,Month-To-Month,Yes,Electronic Check,89.35,89.35
8884-MRNSU,Male,0,Yes,Yes,17,Yes,No,No,No internet service,No internet service,No internet service,No internet service,No internet service,No internet service,One Year,No,Bank Transfer (Automatic),19.9,329.75
8617-ENBDS,Male,0,No,No,3,Yes,No,Fiber Optic,No,No,Yes,No,No,No,Month-To-Month,Yes,Credit Card (Automatic),73.6,232.5
5930-GBIWP,Male,0,No,No,69,Yes,Yes,Dsl,Yes,Yes,Yes,Yes,No,Yes,Two Year,Yes,Credit Card (Automatic),81.5,5553.25
8769-KKTPH,Female,0,Yes,Yes,63,Yes,Yes,Fiber Optic,Yes,No,No,No,Yes,Yes,One Year,Yes,Credit Card (Automatic),99.65,6311.2
2472-OVKUP,Male,0,Yes,No,6,Yes,No,Fiber Optic,No,Yes,Yes,No,No,Yes,Month-To-Month,Yes,Electronic Check,91.0,531.0
3090-QFUVD,Female,0,No,No,1,Yes,No,No,No internet service,No internet service,No internet service,No internet service,No internet service,No internet service,Month-To-Month,No,Credit Card (Automatic),20.3,20.3
5597-GLBUC,Female,0,No,No,1,Yes,No,Fiber Optic,No,No,Yes,No,Yes,No,Month-To-Month,Yes,Electronic Check,85.45,85.45
3213-VVOLG,Male,0,Yes,Yes,0,Yes,Yes,No,No internet service,No internet service,No internet service,No internet service,No internet service,No internet service,Two Year,No,Mailed Check,25.35,0.0
5639-NTUPK,Male,0,No,Yes,13,Yes,No,Dsl,Yes,No,No,No,No,No,Month-To-Month,Yes,Credit Card (Automatic),52.1,670.65
1200-TUZHR,Female,1,No,No,8,Yes,Yes,Fiber Optic,No,No,No,No,No,Yes,Month-To-Month,No,Electronic Check,85.2,695.75
2153-MREFK,Female,0,Yes,No,37,Yes,Yes,Fiber Optic,Yes,No,Yes,Yes,No,Yes,One Year,Yes,Electronic Check,99.2,3754.6
4609-KNNWG,Female,0,Yes,Yes,27,Yes,No,No,No internet service,No internet service,No internet service,No internet service,No internet service,No internet service,Two Year,No,Mailed Check,19.9,550.1
1757-TCATG,Male,0,Yes,Yes,35,Yes,No,No,No internet service,No internet service,No internet service,No internet service,No internet service,No internet service,One Year,No,Bank Transfer (Automatic),20.05,746.75
9227-LUNBG,Female,0,No,No,1,No,No phone service,Dsl,No,No,No,No,No,No,Month-To-Month,No,Electronic Check,24.6,24.6
2348-KCJLT,Female,0,Yes,No,44,Yes,No,Dsl,Yes,Yes,Yes,No,No,No,One Year,Yes,Mailed Check,56.05,2722.2
6967-PEJLL,Male,0,Yes,Yes,37,No,No phone service,Dsl,Yes,No,Yes,Yes,No,No,One Year,Yes,Electronic Check,40.2,1525.35
6625-FLENO,Male,0,Yes,No,58,Yes,No,No,No internet service,No internet service,No internet service,No internet service,No internet service,No internet service,Two Year,No,Mailed Check,20.75,1185.95
5982-PSMKW,Female,0,Yes,Yes,23,Yes,Yes,Dsl,Yes,Yes,Yes,Yes,Yes,Yes,Two Year,Yes,Credit Card (Automatic),91.1,2198.3
1045-LTCYT,Female,0,Yes,Yes,8,Yes,No,No,No internet service,No internet service,No internet service,No internet service,No internet service,No internet service,Month-To-Month,No,Credit Card (Automatic),21.05,139.75
9626-VFRGG,Female,0,No,Yes,41,Yes,Yes,Fiber Optic,No,Yes,No,No,Yes,No,Month-To-Month,Yes,Bank Transfer (Automatic),88.5,3645.05
9479-HYNYL,Female,0,Yes,No,71,Yes,No,Dsl,No,Yes,Yes,Yes,Yes,Yes,Two Year,Yes,Credit Card (Automatic),80.7,5705.05
0392-BZIUW,Female,0,Yes,No,72,Yes,Yes,Fiber Optic,Yes,No,Yes,No,Yes,Yes,Two Year,Yes,Credit Card (Automatic),105.0,7589.8
8690-ZVLCL,Female,0,Yes,Yes,68,Yes,Yes,Dsl,Yes,Yes,Yes,Yes,Yes,Yes,Two Year,No,Credit Card (Automatic),88.0,6161.9
3845-JHAMY,Female,0,Yes,Yes,16,No,No phone service,Dsl,No,No,No,No,No,Yes,Month-To-Month,Yes,Credit Card (Automatic),35.5,552.7
9576-ANLXO,Female,0,No,No,3,Yes,No,Fiber Optic,No,No,No,No,No,No,Month-To-Month,Yes,Bank Transfer (Automatic),69.55,222.3
1428-IEDPR,Male,0,No,No,52,Yes,Yes,Fiber Optic,Yes,No,Yes,Yes,Yes,Yes,Two Year,Yes,Electronic Check,109.3,5731.4
1092-GANHU,Male,0,No,No,17,Yes,No,Fiber Optic,No,No,Yes,No,No,No,Month-To-Month,Yes,Electronic Check,76.65,1313.55
8106-GWQOK,Male,0,Yes,No,38,No,No phone service,Dsl,Yes,Yes,No,Yes,Yes,Yes,Two Year,Yes,Bank Transfer (Automatic),60.0,2193.2
5047-LHVLY,Male,1,No,Yes,1,Yes,No,Dsl,No,No,Yes,No,No,No,Month-To-Month,Yes,Mailed Check,50.15,50.15
7105-MXJLL,Female,1,Yes,No,26,Yes,No,Dsl,No,No,Yes,No,No,Yes,One Year,No,Mailed Check,60.7,1597.4
4718-WXBGI,Male,0,Yes,Yes,72,Yes,Yes,Dsl,Yes,Yes,Yes,Yes,Yes,Yes,Two Year,Yes,Credit Card (Automatic),91.95,6614.9
3679-XASPY,Female,0,Yes,Yes,1,Yes,No,No,No internet service,No internet service,No internet service,No internet service,No internet service,No internet service,Month-To-Month,No,Electronic Check,19.45,19.45
2187-LZGPL,Female,0,No,No,7,No,No phone service,Dsl,No,Yes,No,No,No,Yes,Month-To-Month,Yes,Credit Card (Automatic),40.1,293.3
3808-HFKDE,Female,0,No,No,20,Yes,No,Dsl,No,No,No,No,No,No,Month-To-Month,Yes,Electronic Check,44.35,927.15
3219-JQRSL,Female,1,Yes,No,72,Yes,Yes,Dsl,Yes,Yes,Yes,Yes,Yes,Yes,Two Year,No,Credit Card (Automatic),89.1,6352.4
7481-ATQQS,Female,1,No,No,49,Yes,Yes,Fiber Optic,No,No,Yes,No,No,Yes,Month-To-Month,Yes,Credit Card (Automatic),90.85,4515.85
4072-IPYLT,Female,0,Yes,Yes,36,Yes,No,Dsl,Yes,No,No,No,No,No,Month-To-Month,No,Credit Card (Automatic),51.05,1815.0
8155-IBNHG,Female,0,Yes,No,24,Yes,Yes,Fiber Optic,No,No,No,No,No,No,Month-To-Month,Yes,Credit Card (Automatic),75.4,1747.85
1685-BQULA,Female,0,No,No,40,Yes,Yes,Fiber Optic,No,Yes,Yes,No,Yes,No,Month-To-Month,Yes,Bank Transfer (Automatic),93.4,3756.4
9308-ANMVE,Male,0,No,Yes,47,Yes,No,Dsl,Yes,Yes,No,No,No,No,Month-To-Month,Yes,Electronic Check,55.3,2654.05
0969-RGKCU,Male,0,Yes,Yes,37,Yes,No,No,No internet service,No internet service,No internet service,No internet service,No internet service,No internet service,One Year,No,Credit Card (Automatic),19.8,677.05
6583-KQJLK,Female,1,Yes,No,15,Yes,No,Fiber Optic,No,Yes,No,No,Yes,Yes,Month-To-Month,Yes,Electronic Check,94.65,1285.05
0661-KBKPA,Male,0,Yes,Yes,53,Yes,Yes,Dsl,No,No,Yes,Yes,Yes,Yes,One Year,Yes,Mailed Check,78.75,3942.45
9420-LOJKX,Female,0,No,No,15,Yes,No,Fiber Optic,Yes,Yes,No,No,Yes,Yes,Month-To-Month,Yes,Electronic Check,99.1,1426.4
5261-QSHQM,Female,0,No,No,4,No,No phone service,Dsl,No,No,No,No,No,No,Month-To-Month,Yes,Electronic Check,24.45,86.6
6339-RZCBJ,Male,0,No,No,48,Yes,No,Dsl,No,Yes,Yes,Yes,Yes,Yes,Two Year,No,Credit Card (Automatic),78.9,3771.5
7267-FRMJW,Female,0,Yes,Yes,25,Yes,No,No,No internet service,No internet service,No internet service,No internet service,No internet service,No internet service,Two Year,No,Mailed Check,20.1,486.05
1707-HABPF,Female,1,No,No,46,Yes,No,Fiber Optic,No,Yes,Yes,No,Yes,No,One Year,Yes,Bank Transfer (Automatic),91.3,4126.35
2876-VBBBL,Female,0,No,No,1,Yes,No,No,No internet service,No internet service,No internet service,No internet service,No internet service,No internet service,Month-To-Month,Yes,Mailed Check,20.25,20.25
3006-XIMLN,Female,0,No,Yes,2,Yes,Yes,Fiber Optic,No,No,No,No,Yes,Yes,Month-To-Month,Yes,Bank Transfer (Automatic),94.2,193.8
7781-EWARA,Male,0,Yes,Yes,70,No,No phone service,Dsl,No,Yes,Yes,Yes,Yes,Yes,One Year,No,Electronic Check,60.35,4138.7
3803-KMQFW,Female,0,Yes,Yes,1,Yes,No,No,No internet service,No internet service,No internet service,No internet service,No internet service,No internet service,Month-To-Month,No,Mailed Check,20.55,20.55
2612-PHGOX,Male,0,Yes,No,64,Yes,Yes,Dsl,No,Yes,Yes,Yes,Yes,No,Two Year,Yes,Bank Transfer (Automatic),76.1,4818.8
1218-VKFPE,Female,0,Yes,Yes,12,Yes,No,No,No internet service,No internet service,No internet service,No internet service,No internet service,No internet service,Month-To-Month,No,Mailed Check,19.0,233.55
2240-HSJQD,Male,0,No,Yes,38,Yes,Yes,Fiber Optic,No,Yes,No,No,No,No,Month-To-Month,Yes,Mailed Check,81.85,3141.7
8224-KDLKN,Male,0,Yes,Yes,72,Yes,Yes,No,No internet service,No internet service,No internet service,No internet service,No internet service,No internet service,Two Year,No,Bank Transfer (Automatic),25.0,1738.9
5287-QWLKY,Male,1,Yes,Yes,71,Yes,Yes,Fiber Optic,Yes,Yes,No,No,Yes,Yes,Month-To-Month,Yes,Credit Card (Automatic),105.1,7548.1
4138-NAXED,Male,0,No,No,51,Yes,Yes,Fiber Optic,No,Yes,No,No,No,No,Month-To-Month,No,Bank Transfer (Automatic),81.0,4085.75
6353-BRMMA,Female,0,Yes,Yes,54,Yes,Yes,Fiber Optic,Yes,Yes,No,No,Yes,Yes,Month-To-Month,Yes,Bank Transfer (Automatic),104.1,5645.8
9889-TMAHG,Male,1,No,No,8,Yes,No,Fiber Optic,Yes,No,No,Yes,Yes,Yes,Month-To-Month,No,Credit Card (Automatic),100.3,832.35
2668-TZSPS,Male,0,No,No,1,Yes,No,No,No internet service,No internet service,No internet service,No internet service,No internet service,No internet service,Month-To-Month,No,Mailed Check,20.45,20.45
3407-QGWLG,Male,0,No,Yes,3,Yes,No,No,No internet service,No internet service,No internet service,No internet service,No internet service,No internet service,Month-To-Month,Yes,Mailed Check,20.05,75.45
1480-IVEVR,Male,1,Yes,No,35,Yes,Yes,Fiber Optic,No,No,Yes,No,No,No,One Year,Yes,Bank Transfer (Automatic),81.6,2815.25
9705-IOVQQ,Male,1,Yes,Yes,61,Yes,Yes,Fiber Optic,No,Yes,No,No,Yes,Yes,One Year,No,Electronic Check,99.0,5969.3
6927-WTFIV,Male,1,No,No,20,Yes,No,Fiber Optic,No,No,No,No,No,No,Month-To-Month,No,Credit Card (Automatic),71.3,1389.2
0285-INHLN,Male,0,Yes,Yes,27,Yes,No,Dsl,Yes,Yes,No,No,No,No,Month-To-Month,Yes,Credit Card (Automatic),54.75,1510.3
6227-FBDXH,Male,0,Yes,No,69,Yes,Yes,Fiber Optic,No,No,Yes,No,Yes,Yes,One Year,No,Bank Transfer (Automatic),99.5,6841.45
5766-ZJYBB,Male,0,No,No,1,Yes,No,No,No internet service,No internet service,No internet service,No internet service,No internet service,No internet service,Month-To-Month,No,Mailed Check,19.4,19.4
3192-LNKRK,Male,0,Yes,Yes,34,Yes,No,Fiber Optic,No,No,Yes,No,Yes,No,Month-To-Month,Yes,Mailed Check,84.05,2909.95
2333-KWEWW,Male,0,No,No,18,Yes,No,No,No internet service,No internet service,No internet service,No internet service,No internet service,No internet service,Two Year,No,Credit Card (Automatic),20.05,388.6
9277-JOOMO,Female,0,No,No,3,Yes,Yes,No,No internet service,No internet service,No internet service,No internet service,No internet service,No internet service,Month-To-Month,No,Mailed Check,24.6,86.35
6250-CGGUN,Male,0,No,No,72,Yes,No,Fiber Optic,Yes,No,Yes,Yes,No,No,One Year,No,Electronic Check,84.4,4484.05
4789-KWMXN,Male,0,Yes,No,47,Yes,Yes,Fiber Optic,Yes,No,Yes,Yes,Yes,Yes,One Year,Yes,Credit Card (Automatic),110.85,5275.8
5349-AZPEW,Female,0,Yes,Yes,5,No,No phone service,Dsl,No,No,No,No,No,No,Month-To-Month,No,Electronic Check,25.05,125.5
9631-RXVJM,Male,0,No,No,35,Yes,No,No,No internet service,No internet service,No internet service,No internet service,No internet service,No internet service,Two Year,No,Mailed Check,19.25,677.9
5028-HTLJB,Male,1,No,No,1,Yes,No,No,No internet service,No internet service,No internet service,No internet service,No internet service,No internet service,Month-To-Month,No,Mailed Check,20.05,20.05
2851-STERV,Male,1,No,No,35,Yes,No,Dsl,No,No,Yes,Yes,Yes,Yes,One Year,Yes,Electronic Check,73.0,2471.25
5944-UGLLK,Male,0,No,No,53,No,No phone service,Dsl,No,No,Yes,Yes,Yes,Yes,One Year,No,Credit Card (Automatic),54.9,3045.75
4183-MYFRB,Female,0,No,No,21,Yes,No,Fiber Optic,No,Yes,Yes,No,No,Yes,Month-To-Month,Yes,Electronic Check,90.05,1862.9
8039-EQPIM,Male,0,Yes,No,69,No,No phone service,Dsl,Yes,No,Yes,Yes,Yes,Yes,Two Year,No,Bank Transfer (Automatic),60.25,4055.5
6727-IOTLZ,Male,0,Yes,No,14,Yes,No,Dsl,No,Yes,Yes,Yes,Yes,Yes,Two Year,No,Mailed Check,81.95,1181.75
2692-AQCPF,Female,0,Yes,No,65,Yes,Yes,Fiber Optic,No,Yes,Yes,Yes,Yes,Yes,One Year,Yes,Credit Card (Automatic),108.05,7118.9
2694-CIUMO,Female,0,No,No,12,Yes,Yes,Fiber Optic,No,No,No,Yes,No,No,Month-To-Month,Yes,Credit Card (Automatic),79.55,958.25
6821-JPCDC,Female,0,Yes,No,48,Yes,No,Fiber Optic,No,Yes,Yes,No,Yes,Yes,One Year,Yes,Electronic Check,97.05,4692.95
9835-ZIITK,Male,1,Yes,No,66,Yes,Yes,Fiber Optic,No,Yes,Yes,Yes,Yes,Yes,One Year,Yes,Electronic Check,110.85,7491.75
8028-PNXHQ,Male,0,Yes,Yes,62,Yes,Yes,No,No internet service,No internet service,No internet service,No internet service,No internet service,No internet service,Two Year,Yes,Bank Transfer (Automatic),24.25,1424.6
5590-ZSKRV,Female,0,Yes,Yes,8,Yes,No,Dsl,Yes,Yes,No,No,No,No,Month-To-Month,No,Mailed Check,54.65,482.25
8406-LNMHF,Male,1,Yes,No,59,Yes,No,Fiber Optic,Yes,Yes,Yes,No,No,No,One Year,Yes,Credit Card (Automatic),82.95,4903.15
5712-PTIWW,Male,0,No,No,2,Yes,No,Fiber Optic,No,No,Yes,Yes,No,No,Month-To-Month,Yes,Electronic Check,79.85,152.45
6284-AHOOQ,Male,1,No,No,22,Yes,Yes,Fiber Optic,No,No,No,Yes,Yes,No,Month-To-Month,Yes,Bank Transfer (Automatic),90.5,1910.6
4999-IEZLT,Male,0,No,No,66,No,No phone service,Dsl,No,No,No,Yes,No,No,One Year,No,Credit Card (Automatic),29.45,1983.15
7718-RXDGG,Male,0,Yes,No,15,Yes,No,Fiber Optic,No,No,No,No,No,No,Month-To-Month,Yes,Bank Transfer (Automatic),68.6,1108.6
2929-QNSRW,Female,0,Yes,No,56,Yes,Yes,Fiber Optic,No,Yes,No,No,Yes,Yes,One Year,Yes,Electronic Check,98.25,5508.35
0023-HGHWL,Male,1,No,No,1,No,No phone service,Dsl,No,No,No,No,No,No,Month-To-Month,Yes,Electronic Check,25.1,25.1
4062-HBMOS,Male,0,No,No,52,Yes,Yes,Fiber Optic,No,Yes,Yes,No,Yes,Yes,Month-To-Month,Yes,Electronic Check,103.05,5364.8
1907-YLNYW,Male,0,No,No,8,Yes,No,Dsl,Yes,No,Yes,No,No,Yes,Month-To-Month,Yes,Electronic Check,66.7,579.0
2114-MGINA,Female,0,No,No,14,Yes,No,Fiber Optic,No,No,No,No,Yes,Yes,Month-To-Month,Yes,Mailed Check,89.8,1129.1
4484-CGXFK,Female,0,No,No,3,Yes,No,Dsl,No,No,No,No,No,Yes,Month-To-Month,Yes,Electronic Check,55.3,196.15
0356-ERHVT,Male,0,Yes,No,11,Yes,No,Dsl,No,No,No,No,No,No,Month-To-Month,Yes,Bank Transfer (Automatic),45.9,521.9
3166-PNEOF,Female,0,No,No,61,Yes,Yes,Dsl,Yes,No,Yes,Yes,Yes,Yes,Two Year,No,Credit Card (Automatic),86.45,5175.3
5271-DBYSJ,Male,1,No,No,11,Yes,No,Fiber Optic,No,No,No,No,No,Yes,Month-To-Month,Yes,Credit Card (Automatic),79.15,827.7
3082-VQXNH,Male,0,Yes,No,3,No,No phone service,Dsl,No,Yes,No,No,No,No,Month-To-Month,No,Credit Card (Automatic),29.8,94.4
3345-JHUEO,Male,0,No,No,4,Yes,No,No,No internet service,No internet service,No internet service,No internet service,No internet service,No internet service,Month-To-Month,Yes,Electronic Check,20.2,55.7
3082-YVEKW,Female,0,Yes,Yes,23,Yes,Yes,Dsl,Yes,No,Yes,Yes,Yes,No,Two Year,Yes,Bank Transfer (Automatic),77.15,1759.4
3727-OWVYD,Male,0,No,No,35,Yes,No,Dsl,Yes,Yes,Yes,No,No,No,One Year,No,Mailed Check,61.2,2021.2
7632-YUTXB,Female,0,Yes,Yes,25,Yes,No,No,No internet service,No internet service,No internet service,No internet service,No internet service,No internet service,One Year,No,Mailed Check,20.05,520.1
0854-UYHZD,Female,0,Yes,Yes,13,Yes,No,No,No internet service,No internet service,No internet service,No internet service,No internet service,No internet service,Two Year,No,Mailed Check,19.55,265.3
9347-AERRL,Male,0,Yes,No,23,Yes,No,No,No internet service,No internet service,No internet service,No internet service,No internet service,No internet service,One Year,No,Credit Card (Automatic),19.3,486.2
1156-ZFYDO,Female,0,No,No,1,Yes,No,No,No internet service,No internet service,No internet service,No internet service,No internet service,No internet service,Month-To-Month,No,Electronic Check,19.75,19.75
9334-GWGOW,Male,1,Yes,No,7,Yes,Yes,Fiber Optic,No,No,No,No,No,No,Month-To-Month,Yes,Electronic Check,74.85,485.25
4080-IIARD,Female,0,Yes,No,13,Yes,Yes,Dsl,Yes,Yes,No,Yes,Yes,No,Month-To-Month,Yes,Electronic Check,76.2,981.45
1047-RNXZV,Male,0,No,No,43,Yes,No,No,No internet service,No internet service,No internet service,No internet service,No internet service,No internet service,Two Year,No,Mailed Check,19.55,876.15
6221-AVQYL,Male,0,No,No,2,Yes,Yes,Fiber Optic,No,No,No,No,No,No,Month-To-Month,Yes,Credit Card (Automatic),73.25,131.05
6128-DAFVY,Female,0,No,No,56,No,No phone service,Dsl,No,No,No,No,Yes,Yes,Month-To-Month,Yes,Credit Card (Automatic),44.85,2564.95
0447-BEMNG,Female,0,Yes,No,48,No,No phone service,Dsl,Yes,No,Yes,No,No,Yes,Month-To-Month,Yes,Bank Transfer (Automatic),45.3,2145.0
5288-AHOUP,Male,1,No,No,11,Yes,No,Fiber Optic,No,No,No,No,No,Yes,Month-To-Month,Yes,Electronic Check,78.5,874.2
2243-FNMMI,Male,0,No,No,20,Yes,No,No,No internet service,No internet service,No internet service,No internet service,No internet service,No internet service,Month-To-Month,No,Mailed Check,19.4,415.4
7140-ADSMJ,Male,0,No,No,8,Yes,No,No,No internet service,No internet service,No internet service,No internet service,No internet service,No internet service,Month-To-Month,Yes,Credit Card (Automatic),20.45,162.3
9891-NQDBD,Female,0,Yes,No,28,Yes,Yes,No,No internet service,No internet service,No internet service,No internet service,No internet service,No internet service,One Year,No,Electronic Check,25.55,672.2
1813-JLKWR,Female,0,Yes,Yes,64,Yes,No,No,No internet service,No internet service,No internet service,No internet service,No internet service,No internet service,One Year,No,Bank Transfer (Automatic),19.8,1336.65
5014-GSOUQ,Male,0,No,No,13,Yes,No,No,No internet service,No internet service,No internet service,No internet service,No internet service,No internet service,Two Year,No,Mailed Check,19.95,243.65
6974-DAFLI,Female,0,Yes,No,55,Yes,No,No,No internet service,No internet service,No internet service,No internet service,No internet service,No internet service,One Year,No,Electronic Check,19.7,1140.05
5854-KSRBJ,Male,0,Yes,Yes,70,Yes,Yes,No,No internet service,No internet service,No internet service,No internet service,No internet service,No internet service,Two Year,No,Mailed Check,25.4,1782.05
3317-VLGQT,Female,0,Yes,No,14,Yes,No,Fiber Optic,No,No,No,No,No,Yes,Month-To-Month,Yes,Electronic Check,78.1,1122.4
9046-DQMTP,Male,0,No,No,35,Yes,No,No,No internet service,No internet service,No internet service,No internet service,No internet service,No internet service,Month-To-Month,No,Bank Transfer (Automatic),20.75,739.9
0164-APGRB,Female,0,No,No,72,Yes,Yes,Fiber Optic,Yes,Yes,Yes,Yes,Yes,Yes,Two Year,Yes,Electronic Check,91.65,8496.7
2592-HODOV,Male,0,No,No,13,Yes,No,No,No internet service,No internet service,No internet service,No internet service,No internet service,No internet service,One Year,No,Credit Card (Automatic),19.3,259.65
9221-OTIVJ,Female,1,No,No,14,Yes,Yes,Fiber Optic,No,Yes,Yes,No,Yes,Yes,Month-To-Month,Yes,Electronic Check,104.85,1531.4
5949-XIKAE,Female,0,Yes,Yes,8,Yes,No,Fiber Optic,No,Yes,No,No,Yes,No,Month-To-Month,Yes,Electronic Check,83.55,680.05
7524-VRLPL,Male,1,No,No,69,Yes,Yes,Dsl,Yes,No,Yes,Yes,No,Yes,Two Year,No,Credit Card (Automatic),74.1,5031.0
8017-UVSZU,Female,0,Yes,No,40,Yes,Yes,Dsl,No,Yes,No,No,No,No,Month-To-Month,No,Credit Card (Automatic),56.6,2379.1
7394-FKDNK,Female,0,Yes,No,9,Yes,No,Fiber Optic,No,No,No,No,Yes,Yes,Month-To-Month,No,Electronic Check,89.45,853.1
7853-WNZSY,Male,0,No,No,1,Yes,No,No,No internet service,No internet service,No internet service,No internet service,No internet service,No internet service,Month-To-Month,Yes,Credit Card (Automatic),19.75,19.75
4612-SSVHJ,Female,1,No,No,20,Yes,No,Fiber Optic,No,No,No,No,No,Yes,Month-To-Month,Yes,Electronic Check,81.45,1671.6
0872-CASZJ,Male,0,Yes,No,59,Yes,Yes,Dsl,Yes,No,No,Yes,No,Yes,One Year,Yes,Mailed Check,69.1,4096.9
6332-FBZRI,Male,0,Yes,Yes,67,Yes,Yes,Dsl,Yes,Yes,Yes,Yes,No,No,One Year,Yes,Credit Card (Automatic),69.35,4653.25
1818-ESQMW,Female,0,No,No,27,Yes,No,Fiber Optic,No,No,Yes,Yes,No,Yes,Month-To-Month,Yes,Electronic Check,89.2,2383.6
1986-PHGZF,Male,1,No,No,18,Yes,Yes,Dsl,Yes,Yes,No,No,No,No,Month-To-Month,Yes,Credit Card (Automatic),58.4,964.9
1485-YDHMM,Male,0,Yes,Yes,52,Yes,Yes,Fiber Optic,No,Yes,No,Yes,No,Yes,Month-To-Month,Yes,Bank Transfer (Automatic),93.25,4631.7
6305-YLBMM,Male,0,No,No,69,Yes,No,Fiber Optic,No,Yes,Yes,Yes,Yes,Yes,One Year,Yes,Bank Transfer (Automatic),104.05,7262.0
8590-OHDIW,Female,0,Yes,Yes,38,Yes,No,No,No internet service,No internet service,No internet service,No internet service,No internet service,No internet service,One Year,No,Mailed Check,20.3,749.35
0023-XUOPT,Female,0,Yes,No,13,Yes,Yes,Fiber Optic,No,Yes,Yes,No,Yes,No,Month-To-Month,No,Electronic Check,94.1,1215.6
9279-CJEOJ,Female,1,No,No,21,Yes,Yes,Fiber Optic,No,No,No,No,Yes,Yes,Month-To-Month,Yes,Bank Transfer (Automatic),95.4,2025.1
9764-REAFF,Female,0,Yes,No,59,Yes,No,No,No internet service,No internet service,No internet service,No internet service,No internet service,No internet service,Two Year,No,Bank Transfer (Automatic),18.4,1057.85
2049-BAFNW,Female,0,No,No,1,No,No phone service,Dsl,No,No,Yes,Yes,No,No,Month-To-Month,No,Mailed Check,35.9,35.9
8695-ARGXZ,Male,1,Yes,No,34,Yes,Yes,Fiber Optic,No,No,No,No,No,No,Month-To-Month,Yes,Electronic Check,75.55,2425.4
3913-FCUUW,Female,0,Yes,Yes,72,Yes,Yes,Dsl,Yes,Yes,Yes,Yes,No,No,Two Year,Yes,Bank Transfer (Automatic),70.45,5165.7
4412-YLTKF,Female,1,No,No,27,Yes,Yes,Fiber Optic,No,No,Yes,No,No,No,Month-To-Month,Yes,Electronic Check,78.05,2135.5
3365-SAIGS,Female,0,No,No,17,Yes,No,Fiber Optic,No,Yes,No,No,Yes,No,Month-To-Month,Yes,Electronic Check,83.55,1329.15
2239-CGBUZ,Female,0,Yes,No,51,Yes,No,Dsl,Yes,Yes,No,Yes,No,No,One Year,Yes,Bank Transfer (Automatic),60.5,3145.15
1680-VDCWW,Male,0,Yes,No,12,Yes,No,No,No internet service,No internet service,No internet service,No internet service,No internet service,No internet service,One Year,No,Bank Transfer (Automatic),19.8,202.25
3841-NFECX,Female,1,Yes,No,71,Yes,Yes,Fiber Optic,Yes,Yes,Yes,Yes,No,No,Two Year,Yes,Electronic Check,96.35,6766.95
0916-KNFAJ,Male,0,Yes,No,61,Yes,Yes,Dsl,Yes,No,Yes,No,No,Yes,Two Year,Yes,Mailed Check,69.9,4226.7
2208-MPXIO,Female,0,Yes,Yes,45,Yes,No,No,No internet service,No internet service,No internet service,No internet service,No internet service,No internet service,Two Year,Yes,Bank Transfer (Automatic),20.0,886.4
7067-KSAZT,Female,1,Yes,No,65,Yes,Yes,Fiber Optic,No,Yes,Yes,No,Yes,Yes,One Year,Yes,Electronic Check,106.25,6979.8
8883-GRDWQ,Male,1,No,No,20,Yes,No,Dsl,Yes,No,No,Yes,No,No,One Year,No,Mailed Check,54.0,1055.9
2878-DHMIN,Male,0,Yes,Yes,35,Yes,No,No,No internet service,No internet service,No internet service,No internet service,No internet service,No internet service,One Year,No,Electronic Check,19.9,666.0
3059-NGMXB,Male,0,Yes,Yes,14,Yes,Yes,Dsl,Yes,Yes,No,No,No,Yes,Month-To-Month,No,Mailed Check,69.2,944.65
5445-PZWGX,Male,0,No,No,62,Yes,Yes,Fiber Optic,Yes,Yes,No,Yes,No,Yes,One Year,No,Electronic Check,102.0,6529.25
7663-ZTEGJ,Male,0,No,Yes,29,Yes,Yes,Fiber Optic,No,Yes,Yes,Yes,No,Yes,One Year,No,Credit Card (Automatic),100.55,2830.45
6754-WKSHP,Male,0,No,Yes,30,Yes,Yes,No,No internet service,No internet service,No internet service,No internet service,No internet service,No internet service,One Year,No,Bank Transfer (Automatic),25.35,723.3
7396-VJUZB,Male,0,Yes,Yes,4,Yes,No,Dsl,No,No,No,No,No,No,Month-To-Month,No,Mailed Check,45.25,155.35
1110-KYLGQ,Female,0,No,No,63,Yes,Yes,Fiber Optic,Yes,Yes,Yes,No,Yes,Yes,Month-To-Month,No,Credit Card (Automatic),108.25,6780.1
7860-UXCRM,Male,0,Yes,Yes,63,Yes,No,Dsl,Yes,Yes,Yes,Yes,Yes,No,Two Year,No,Credit Card (Automatic),74.5,4674.55
7647-GYYKX,Female,0,Yes,Yes,54,Yes,No,No,No internet service,No internet service,No internet service,No internet service,No internet service,No internet service,Two Year,Yes,Bank Transfer (Automatic),20.35,1092.35
2200-DSAAL,Female,0,No,No,68,Yes,Yes,Dsl,No,Yes,Yes,No,Yes,Yes,Two Year,Yes,Electronic Check,80.65,5330.2
1023-BQXZE,Male,0,No,No,57,Yes,No,Dsl,Yes,No,Yes,No,Yes,Yes,Two Year,Yes,Bank Transfer (Automatic),74.35,4317.35
9415-TPKRV,Female,0,Yes,Yes,8,Yes,Yes,Dsl,No,Yes,No,No,No,No,Month-To-Month,No,Electronic Check,55.75,446.8
8361-LTMKD,Male,1,Yes,No,4,Yes,Yes,Fiber Optic,No,No,No,No,No,No,Month-To-Month,Yes,Mailed Check,74.4,306.6
1763-KUAAW,Female,1,No,No,18,Yes,No,No,No internet service,No internet service,No internet service,No internet service,No internet service,No internet service,One Year,No,Bank Transfer (Automatic),20.35,369.6
7776-QWNFX,Male,1,Yes,No,30,Yes,No,Dsl,No,Yes,No,No,No,No,Month-To-Month,Yes,Bank Transfer (Automatic),50.4,1527.5
9763-PDTKK,Female,0,No,No,4,Yes,No,Fiber Optic,Yes,No,Yes,Yes,No,Yes,Month-To-Month,Yes,Bank Transfer (Automatic),94.4,387.2
0067-DKWBL,Male,1,No,No,2,Yes,No,Dsl,Yes,No,No,No,No,No,Month-To-Month,Yes,Electronic Check,49.25,91.1
4323-OHFOW,Female,1,Yes,No,70,Yes,Yes,Fiber Optic,No,Yes,No,Yes,Yes,Yes,One Year,Yes,Bank Transfer (Automatic),105.55,7195.35
5908-QMGOE,Male,1,No,No,15,Yes,Yes,Fiber Optic,No,No,No,No,No,No,Month-To-Month,Yes,Credit Card (Automatic),74.2,1133.9
0376-YMCJC,Male,0,No,No,23,Yes,Yes,Fiber Optic,No,No,No,Yes,Yes,No,Month-To-Month,Yes,Electronic Check,90.6,1943.2
2373-NTKOD,Male,0,No,No,8,Yes,No,Dsl,No,No,No,No,Yes,Yes,Month-To-Month,Yes,Electronic Check,66.25,546.45
3973-SKMLN,Male,0,No,No,71,Yes,No,No,No internet service,No internet service,No internet service,No internet service,No internet service,No internet service,Two Year,Yes,Credit Card (Automatic),19.9,1355.1
4195-NZGTA,Female,0,No,No,1,No,No phone service,Dsl,No,No,No,No,No,No,Month-To-Month,No,Electronic Check,25.25,25.25
9746-YKGXB,Male,0,Yes,Yes,52,No,No phone service,Dsl,Yes,No,Yes,No,No,Yes,One Year,No,Bank Transfer (Automatic),44.25,2276.1
8571-ZCMCX,Female,0,Yes,Yes,47,No,No phone service,Dsl,Yes,Yes,Yes,No,Yes,Yes,Two Year,Yes,Credit Card (Automatic),60.0,2768.65
6933-VLYFX,Male,0,Yes,Yes,31,No,No phone service,Dsl,Yes,No,Yes,Yes,Yes,Yes,One Year,No,Electronic Check,59.95,1848.8
7225-CBZPL,Male,1,Yes,No,17,Yes,Yes,Fiber Optic,No,No,No,No,Yes,Yes,Month-To-Month,Yes,Electronic Check,94.8,1563.9
2786-GCDPI,Female,1,No,No,50,Yes,Yes,Fiber Optic,No,No,Yes,Yes,Yes,Yes,Month-To-Month,Yes,Electronic Check,104.95,5222.35
1689-MRZQR,Male,0,Yes,Yes,34,Yes,No,Fiber Optic,No,No,No,No,Yes,No,Month-To-Month,No,Electronic Check,78.3,2564.3
2338-BQEZT,Female,0,No,No,55,Yes,No,Dsl,Yes,No,No,No,No,No,Month-To-Month,Yes,Credit Card (Automatic),50.55,2832.75
1989-PRJHP,Male,1,Yes,No,27,Yes,Yes,Fiber Optic,No,No,No,No,No,No,Month-To-Month,Yes,Electronic Check,75.5,1893.95
4367-NHWMM,Female,0,No,No,1,No,No phone service,Dsl,No,No,No,No,No,No,Month-To-Month,Yes,Mailed Check,24.9,24.9
1936-UAFEH,Female,0,No,No,68,Yes,Yes,Fiber Optic,Yes,Yes,No,Yes,Yes,Yes,Two Year,No,Credit Card (Automatic),110.25,7279.35
2525-GVKQU,Female,0,No,No,60,Yes,No,No,No internet service,No internet service,No internet service,No internet service,No internet service,No internet service,Two Year,No,Mailed Check,20.6,1093.0
9135-MGVPY,Male,0,Yes,No,69,Yes,No,Dsl,Yes,Yes,Yes,Yes,Yes,Yes,Two Year,Yes,Mailed Check,84.7,5878.9
5081-NWSUP,Female,0,No,No,10,Yes,No,Dsl,No,Yes,No,Yes,No,Yes,One Year,No,Mailed Check,64.9,685.55
6786-OBWQR,Female,0,Yes,Yes,5,Yes,No,Fiber Optic,No,No,No,No,Yes,No,Month-To-Month,Yes,Electronic Check,80.85,356.1
8229-BUJHX,Female,0,Yes,Yes,71,Yes,No,No,No internet service,No internet service,No internet service,No internet service,No internet service,No internet service,Two Year,No,Bank Transfer (Automatic),20.5,1500.95
7426-WEIJX,Male,1,Yes,Yes,60,Yes,Yes,Fiber Optic,Yes,No,No,No,No,No,Month-To-Month,Yes,Electronic Check,80.95,4859.1
2265-CYWIV,Female,1,Yes,No,4,Yes,Yes,Fiber Optic,Yes,No,No,No,Yes,Yes,Month-To-Month,Yes,Electronic Check,99.6,347.65
8167-GJLRN,Male,0,No,No,3,No,No phone service,Dsl,No,No,No,Yes,No,No,Month-To-Month,No,Electronic Check,30.4,82.15
7998-WNZEM,Male,0,No,No,71,Yes,Yes,Dsl,Yes,Yes,Yes,Yes,No,Yes,Two Year,No,Bank Transfer (Automatic),80.6,5708.2
4187-CINZD,Female,1,No,No,46,Yes,No,Fiber Optic,No,Yes,No,No,Yes,Yes,One Year,No,Credit Card (Automatic),95.25,4424.2
9894-QMIMJ,Female,0,No,No,23,Yes,No,Dsl,No,Yes,Yes,No,No,No,One Year,No,Bank Transfer (Automatic),55.8,1327.85
7503-ZGUZJ,Male,0,No,No,1,Yes,Yes,Fiber Optic,No,No,No,No,Yes,No,Month-To-Month,Yes,Mailed Check,84.65,84.65
4188-PCPIG,Female,0,Yes,No,57,Yes,No,Dsl,Yes,Yes,No,Yes,Yes,No,Two Year,Yes,Credit Card (Automatic),70.35,4124.65
1298-PHBTI,Male,0,Yes,Yes,71,Yes,Yes,Fiber Optic,No,Yes,No,Yes,No,No,Two Year,Yes,Electronic Check,84.8,6152.4
9734-UYXQI,Female,0,No,No,2,Yes,Yes,Dsl,No,No,No,No,No,No,Month-To-Month,Yes,Electronic Check,49.4,106.55
0257-ZESQC,Female,1,Yes,No,27,Yes,No,Fiber Optic,Yes,No,No,No,No,No,Month-To-Month,Yes,Bank Transfer (Automatic),75.2,1929.35
9274-UARKJ,Female,0,No,No,15,Yes,No,Fiber Optic,No,Yes,No,No,Yes,No,Month-To-Month,Yes,Bank Transfer (Automatic),83.2,1130.0
8707-RMEZH,Female,1,Yes,No,69,Yes,No,Fiber Optic,Yes,Yes,No,No,No,Yes,One Year,No,Credit Card (Automatic),87.3,6055.55
7115-IRDHS,Female,0,Yes,No,72,Yes,Yes,No,No internet service,No internet service,No internet service,No internet service,No internet service,No internet service,Two Year,No,Bank Transfer (Automatic),24.65,1830.05
0439-IFYUN,Female,1,No,No,18,Yes,No,Fiber Optic,No,Yes,No,No,No,No,Month-To-Month,Yes,Electronic Check,74.7,1294.6
2661-GKBTK,Male,0,Yes,Yes,60,Yes,No,Dsl,No,Yes,No,Yes,Yes,Yes,Two Year,No,Bank Transfer (Automatic),76.95,4543.95
8205-OTCHB,Male,0,No,No,22,No,No phone service,Dsl,No,Yes,Yes,No,No,Yes,One Year,Yes,Bank Transfer (Automatic),43.75,903.6
7252-NTGSS,Female,0,No,No,1,Yes,No,Dsl,No,No,No,No,No,No,Month-To-Month,No,Mailed Check,45.15,45.15
0459-SPZHJ,Male,0,Yes,Yes,63,Yes,Yes,Dsl,Yes,Yes,Yes,No,Yes,Yes,Two Year,No,Credit Card (Automatic),83.5,5435.0
7369-TRPFD,Male,0,No,No,19,Yes,No,No,No internet service,No internet service,No internet service,No internet service,No internet service,No internet service,One Year,No,Mailed Check,18.8,279.2
4558-FANTW,Female,0,Yes,Yes,17,Yes,No,Fiber Optic,Yes,No,No,Yes,Yes,No,Month-To-Month,No,Electronic Check,91.85,1574.45
5868-CZJDR,Male,0,No,Yes,1,No,No phone service,Dsl,No,Yes,No,No,No,No,Month-To-Month,Yes,Mailed Check,31.35,31.35
8725-JEDFD,Male,0,No,No,27,Yes,No,Fiber Optic,No,No,No,No,No,No,Month-To-Month,Yes,Mailed Check,69.05,1793.25
2884-GBPFB,Female,0,Yes,No,35,Yes,No,Fiber Optic,No,No,No,No,No,No,Month-To-Month,Yes,Electronic Check,70.3,2416.55
2320-TZRRH,Female,0,No,No,20,Yes,No,No,No internet service,No internet service,No internet service,No internet service,No internet service,No internet service,One Year,No,Mailed Check,19.5,403.15
1952-DVVSW,Female,0,Yes,No,10,Yes,No,No,No internet service,No internet service,No internet service,No internet service,No internet service,No internet service,One Year,No,Mailed Check,20.1,184.4
1930-QPBVZ,Male,0,Yes,Yes,68,Yes,No,Fiber Optic,Yes,Yes,No,Yes,No,Yes,Two Year,No,Bank Transfer (Automatic),95.1,6683.4
8999-EXMNO,Female,0,Yes,Yes,19,Yes,No,No,No internet service,No internet service,No internet service,No internet service,No internet service,No internet service,Two Year,No,Mailed Check,20.15,387.7
3793-MMFUH,Female,1,No,No,13,Yes,Yes,Fiber Optic,No,No,No,No,Yes,Yes,Month-To-Month,Yes,Electronic Check,95.05,1290.0
3930-ZGWVE,Male,0,No,No,1,Yes,No,No,No internet service,No internet service,No internet service,No internet service,No internet service,No internet service,Month-To-Month,No,Mailed Check,19.75,19.75
3675-YDUPJ,Male,0,No,No,10,Yes,No,No,No internet service,No internet service,No internet service,No internet service,No internet service,No internet service,Month-To-Month,Yes,Mailed Check,19.85,193.05
5913-INRQV,Male,1,Yes,No,34,Yes,No,Fiber Optic,Yes,No,No,Yes,Yes,No,One Year,No,Mailed Check,90.15,3128.8
4472-LVYGI,Female,0,Yes,Yes,0,No,No phone service,Dsl,Yes,No,Yes,Yes,Yes,No,Two Year,Yes,Electronic Check,52.55,0.0
0771-CHWSK,Male,0,No,No,66,Yes,Yes,Dsl,Yes,Yes,Yes,No,No,Yes,Two Year,Yes,Credit Card (Automatic),74.6,4798.4
1481-ZUWZA,Male,0,No,No,28,Yes,Yes,Fiber Optic,Yes,Yes,No,No,No,Yes,Month-To-Month,Yes,Credit Card (Automatic),94.5,2659.4
5012-YSPJJ,Male,0,Yes,Yes,31,Yes,No,Dsl,No,No,Yes,Yes,No,No,Month-To-Month,No,Mailed Check,54.35,1647.0
9715-SBVSU,Male,0,Yes,Yes,14,Yes,No,Dsl,Yes,Yes,No,No,No,Yes,Two Year,Yes,Bank Transfer (Automatic),61.4,815.55
4566-NECEV,Male,0,No,No,5,Yes,Yes,Fiber Optic,No,Yes,Yes,No,No,Yes,Month-To-Month,No,Electronic Check,96.55,500.1
8461-EFQYM,Female,0,No,No,38,Yes,Yes,No,No internet service,No internet service,No internet service,No internet service,No internet service,No internet service,One Year,Yes,Electronic Check,24.25,914.4
4560-WQAQW,Female,0,No,No,59,Yes,Yes,Dsl,Yes,No,No,Yes,No,Yes,One Year,No,Bank Transfer (Automatic),68.7,4070.95
2400-XIWIO,Female,0,Yes,No,71,Yes,Yes,Dsl,Yes,Yes,Yes,Yes,Yes,Yes,Two Year,No,Electronic Check,90.1,6310.9
7548-SEPYI,Female,0,No,No,5,Yes,No,Fiber Optic,No,Yes,No,No,Yes,Yes,Month-To-Month,Yes,Electronic Check,96.25,512.45
6445-TNRXS,Male,0,Yes,Yes,68,Yes,Yes,Fiber Optic,Yes,Yes,Yes,Yes,Yes,Yes,Two Year,Yes,Bank Transfer (Automatic),114.7,7849.85
3627-FHKBK,Female,0,No,No,1,Yes,No,Fiber Optic,Yes,No,No,No,No,No,Month-To-Month,No,Mailed Check,75.3,75.3
3070-DVEYC,Male,1,No,No,7,Yes,Yes,Fiber Optic,No,No,No,No,No,No,Month-To-Month,No,Mailed Check,73.75,545.15
4468-YDOVK,Male,0,No,Yes,5,Yes,No,Dsl,No,No,No,Yes,No,No,Month-To-Month,Yes,Bank Transfer (Automatic),48.65,235.2
8267-ZNYVZ,Female,0,Yes,No,33,Yes,No,Fiber Optic,Yes,No,Yes,Yes,Yes,Yes,One Year,Yes,Electronic Check,103.75,3361.05
2257-BOVXD,Male,0,Yes,No,14,Yes,Yes,Dsl,No,No,No,Yes,Yes,No,Month-To-Month,Yes,Credit Card (Automatic),66.6,979.5
2830-LEWOA,Male,0,Yes,Yes,61,Yes,No,Fiber Optic,No,Yes,Yes,Yes,Yes,Yes,One Year,No,Credit Card (Automatic),103.9,6449.15
5762-TJXGK,Female,0,No,No,52,No,No phone service,Dsl,Yes,Yes,Yes,No,Yes,Yes,Two Year,Yes,Bank Transfer (Automatic),58.75,3038.55
4360-QRAVE,Male,1,No,No,37,No,No phone service,Dsl,No,Yes,Yes,No,No,No,Month-To-Month,No,Electronic Check,36.65,1315.0
0657-DOGUM,Female,0,Yes,No,48,Yes,Yes,Dsl,Yes,No,No,Yes,No,No,One Year,Yes,Bank Transfer (Automatic),60.6,2985.25
1958-RNRKS,Male,0,Yes,No,30,Yes,Yes,Dsl,No,No,No,No,No,No,Month-To-Month,No,Electronic Check,49.9,1441.95
4554-YGZIH,Male,1,Yes,No,49,Yes,Yes,Fiber Optic,No,Yes,No,No,No,Yes,Month-To-Month,No,Credit Card (Automatic),90.05,4547.25
6505-OZNPG,Female,0,No,No,6,No,No phone service,Dsl,Yes,Yes,Yes,Yes,Yes,Yes,Two Year,Yes,Mailed Check,63.4,348.8
7102-JJVTX,Female,0,Yes,Yes,9,Yes,No,Dsl,Yes,No,No,No,No,No,One Year,No,Mailed Check,48.6,422.3
4825-XJGDM,Female,0,No,No,61,No,No phone service,Dsl,Yes,Yes,Yes,Yes,No,No,One Year,No,Credit Card (Automatic),43.7,2696.55
1334-FJSVR,Male,0,No,No,1,No,No phone service,Dsl,No,No,No,No,No,No,Month-To-Month,Yes,Electronic Check,24.25,24.25
4676-MQUEA,Male,1,Yes,No,50,Yes,Yes,Fiber Optic,Yes,Yes,Yes,No,Yes,No,One Year,Yes,Bank Transfer (Automatic),101.9,5265.5
7181-OQCUT,Male,0,No,No,21,Yes,Yes,Fiber Optic,Yes,No,Yes,No,Yes,Yes,Month-To-Month,No,Mailed Check,103.85,2215.0
7319-ZNRTR,Male,0,Yes,Yes,25,Yes,No,No,No internet service,No internet service,No internet service,No internet service,No internet service,No internet service,One Year,No,Electronic Check,19.6,411.15
6715-OFDBP,Male,0,No,No,5,Yes,No,Dsl,No,No,Yes,No,Yes,Yes,Month-To-Month,Yes,Electronic Check,70.05,346.4
4625-EWPTF,Male,0,No,No,8,No,No phone service,Dsl,Yes,No,No,No,No,No,Month-To-Month,Yes,Electronic Check,30.45,226.45
8224-IVVPA,Female,0,No,No,27,Yes,No,Dsl,Yes,Yes,No,No,No,No,Month-To-Month,Yes,Mailed Check,56.7,1652.95
3454-JFUBC,Male,1,No,No,68,Yes,No,No,No internet service,No internet service,No internet service,No internet service,No internet service,No internet service,Two Year,Yes,Credit Card (Automatic),20.0,1396.0
8466-PZBLH,Male,0,Yes,Yes,67,Yes,Yes,Fiber Optic,Yes,No,No,Yes,Yes,Yes,Two Year,No,Bank Transfer (Automatic),104.6,6885.75
5095-AESKG,Female,0,Yes,No,3,Yes,Yes,Fiber Optic,No,Yes,No,No,No,Yes,Month-To-Month,Yes,Credit Card (Automatic),91.5,242.95
4640-UHDOS,Female,0,Yes,Yes,13,Yes,No,Dsl,No,No,No,No,No,Yes,Month-To-Month,No,Electronic Check,55.95,734.35
3801-HMYNL,Male,0,Yes,Yes,1,Yes,No,Fiber Optic,No,No,No,No,Yes,Yes,Month-To-Month,No,Mailed Check,89.15,89.15
7240-FQLHE,Female,1,Yes,No,18,Yes,Yes,Fiber Optic,No,No,No,Yes,Yes,Yes,Month-To-Month,No,Bank Transfer (Automatic),99.75,1836.25
0068-FIGTF,Female,0,No,No,27,Yes,No,Dsl,No,Yes,Yes,Yes,Yes,Yes,One Year,No,Mailed Check,78.2,2078.95
1042-HFUCW,Female,0,No,Yes,25,Yes,No,Dsl,No,Yes,No,Yes,No,No,One Year,Yes,Credit Card (Automatic),54.75,1266.35
9565-FLVCG,Male,0,Yes,Yes,65,Yes,Yes,Dsl,Yes,Yes,No,No,No,Yes,Two Year,Yes,Mailed Check,69.55,4459.15
8317-BVKSO,Male,0,No,No,14,Yes,No,No,No internet service,No internet service,No internet service,No internet service,No internet service,No internet service,Month-To-Month,Yes,Electronic Check,20.05,299.3
4541-RMRLG,Male,0,No,No,7,Yes,No,No,No internet service,No internet service,No internet service,No internet service,No internet service,No internet service,Month-To-Month,No,Electronic Check,19.25,112.3
6188-UXBBR,Female,0,Yes,No,38,Yes,No,No,No internet service,No internet service,No internet service,No internet service,No internet service,No internet service,One Year,Yes,Credit Card (Automatic),20.25,814.75
5052-PNLOS,Male,0,No,No,3,Yes,Yes,Fiber Optic,No,Yes,Yes,No,Yes,Yes,Month-To-Month,Yes,Bank Transfer (Automatic),105.35,323.25
6713-OKOMC,Female,0,No,No,10,No,No phone service,Dsl,Yes,No,No,No,No,No,Month-To-Month,No,Mailed Check,29.75,301.9
2603-HVKCG,Male,0,No,No,31,Yes,No,Fiber Optic,No,Yes,Yes,No,Yes,Yes,Month-To-Month,Yes,Electronic Check,101.4,3143.65
9405-GPBBG,Female,0,No,No,64,Yes,Yes,Fiber Optic,No,Yes,Yes,Yes,Yes,Yes,Two Year,Yes,Credit Card (Automatic),91.65,7069.25
4079-ULGFR,Male,0,No,No,16,Yes,No,No,No internet service,No internet service,No internet service,No internet service,No internet service,No internet service,Month-To-Month,No,Mailed Check,20.0,275.7
8544-GOQSH,Female,0,No,No,14,Yes,No,Fiber Optic,No,Yes,No,Yes,No,No,Month-To-Month,Yes,Credit Card (Automatic),80.05,1112.3
3466-BYAVD,Male,0,Yes,Yes,15,Yes,No,Dsl,No,Yes,Yes,Yes,No,Yes,Month-To-Month,Yes,Mailed Check,69.5,1071.4
7486-KSRVI,Male,0,No,No,43,Yes,Yes,Fiber Optic,No,No,No,Yes,Yes,Yes,One Year,Yes,Electronic Check,100.0,4211.55
8044-BGWPI,Male,0,Yes,Yes,12,Yes,No,No,No internet service,No internet service,No internet service,No internet service,No internet service,No internet service,Month-To-Month,Yes,Electronic Check,21.15,306.05
6060-QBMGV,Male,0,Yes,No,70,Yes,No,No,No internet service,No internet service,No internet service,No internet service,No internet service,No internet service,Two Year,No,Credit Card (Automatic),19.85,1433.8
2369-UAPKZ,Male,0,No,No,5,Yes,Yes,Fiber Optic,No,Yes,Yes,No,Yes,Yes,Month-To-Month,No,Mailed Check,104.1,541.9
1087-UDSIH,Female,0,No,No,3,Yes,No,No,No internet service,No internet service,No internet service,No internet service,No internet service,No internet service,Month-To-Month,Yes,Mailed Check,19.6,59.75
2642-MAWLJ,Female,0,Yes,Yes,36,Yes,No,No,No internet service,No internet service,No internet service,No internet service,No internet service,No internet service,Two Year,No,Bank Transfer (Automatic),20.25,717.95
9508-ILZDG,Female,1,No,No,34,Yes,Yes,Fiber Optic,No,Yes,No,Yes,Yes,No,Month-To-Month,Yes,Electronic Check,96.35,3190.25
1875-QIVME,Female,0,Yes,No,2,Yes,Yes,Fiber Optic,No,No,Yes,Yes,Yes,Yes,Month-To-Month,Yes,Electronic Check,104.4,242.8
9558-IHEZX,Female,0,No,No,71,Yes,Yes,Fiber Optic,Yes,Yes,Yes,No,Yes,Yes,Two Year,Yes,Credit Card (Automatic),106.75,7283.25
9391-LMANN,Male,0,No,Yes,53,Yes,No,Fiber Optic,Yes,Yes,Yes,No,No,Yes,One Year,No,Electronic Check,95.95,5036.9
6347-DCUIK,Male,0,No,No,10,Yes,Yes,Fiber Optic,No,No,No,No,No,No,Month-To-Month,Yes,Mailed Check,74.15,811.8
6465-GSRCL,Female,0,No,Yes,67,Yes,Yes,Fiber Optic,No,Yes,No,Yes,Yes,Yes,One Year,Yes,Bank Transfer (Automatic),106.6,7244.7
6164-HAQTX,Male,0,No,No,71,No,No phone service,Dsl,Yes,Yes,Yes,Yes,Yes,No,Two Year,No,Bank Transfer (Automatic),53.95,3888.65
2186-QZEYA,Female,1,No,No,29,Yes,Yes,Dsl,Yes,Yes,No,No,No,No,Month-To-Month,Yes,Bank Transfer (Automatic),58.55,1718.95
8679-LZBMD,Male,0,Yes,No,44,Yes,No,Fiber Optic,No,No,No,No,Yes,Yes,One Year,Yes,Bank Transfer (Automatic),90.65,3974.15
3422-LYEPQ,Male,0,Yes,Yes,1,Yes,No,Fiber Optic,No,No,No,No,No,No,Month-To-Month,Yes,Electronic Check,71.0,71.0
1600-DILPE,Female,0,No,No,12,Yes,No,Dsl,No,No,No,No,No,No,Month-To-Month,Yes,Bank Transfer (Automatic),45.0,524.35
8383-SGHJU,Female,0,No,No,33,Yes,Yes,Dsl,Yes,No,No,Yes,No,No,One Year,No,Electronic Check,59.4,1952.8
9138-EFSMO,Male,0,Yes,Yes,26,Yes,No,Fiber Optic,No,No,No,No,No,Yes,One Year,No,Bank Transfer (Automatic),78.95,2034.25
3262-EIDHV,Female,0,Yes,Yes,72,Yes,Yes,Dsl,Yes,No,Yes,Yes,Yes,Yes,Two Year,No,Credit Card (Automatic),84.7,5893.9
0431-APWVY,Female,0,Yes,Yes,28,Yes,No,Fiber Optic,No,No,No,No,Yes,Yes,One Year,Yes,Bank Transfer (Automatic),90.1,2598.95
0999-QXNSA,Male,1,No,Yes,7,Yes,No,Dsl,No,No,No,No,No,No,Month-To-Month,Yes,Mailed Check,45.75,344.2
5468-BPMMO,Male,0,Yes,No,46,Yes,No,No,No internet service,No internet service,No internet service,No internet service,No internet service,No internet service,Month-To-Month,No,Electronic Check,19.6,851.2
7779-LGOVN,Male,1,Yes,No,10,Yes,Yes,Fiber Optic,No,No,No,No,No,Yes,Month-To-Month,Yes,Electronic Check,86.65,856.65
0824-VWDPO,Female,0,No,No,45,Yes,Yes,Fiber Optic,Yes,Yes,No,No,No,Yes,One Year,No,Bank Transfer (Automatic),96.75,4442.75
4633-MKHYU,Female,0,No,No,9,Yes,No,Fiber Optic,No,No,No,No,Yes,Yes,Month-To-Month,Yes,Mailed Check,88.4,788.6
2542-HYGIQ,Female,0,No,No,1,Yes,No,No,No internet service,No internet service,No internet service,No internet service,No internet service,No internet service,Month-To-Month,No,Credit Card (Automatic),19.95,19.95
9541-PWTWO,Female,0,No,No,52,Yes,Yes,Dsl,No,No,Yes,Yes,Yes,Yes,Two Year,Yes,Bank Transfer (Automatic),80.95,4233.95
1261-FWTTE,Male,1,No,No,23,No,No phone service,Dsl,No,No,No,No,No,Yes,Month-To-Month,Yes,Bank Transfer (Automatic),34.65,768.45
5351-QESIO,Male,0,No,Yes,1,No,No phone service,Dsl,No,No,No,No,No,No,Month-To-Month,No,Mailed Check,24.2,24.2
8224-UAXBZ,Female,0,Yes,No,58,No,No phone service,Dsl,Yes,Yes,No,No,Yes,No,One Year,Yes,Electronic Check,45.35,2540.1
6987-XQSJT,Female,1,No,No,54,Yes,Yes,Fiber Optic,No,Yes,No,No,No,No,Month-To-Month,Yes,Electronic Check,79.5,4370.25
4816-JBHOV,Male,1,No,No,2,Yes,No,Dsl,No,No,No,No,No,No,Month-To-Month,Yes,Electronic Check,44.7,93.7
6164-HXUGH,Female,0,Yes,Yes,6,Yes,No,No,No internet service,No internet service,No internet service,No internet service,No internet service,No internet service,Month-To-Month,No,Mailed Check,19.85,119.3
6050-IJRHS,Female,0,Yes,Yes,70,Yes,Yes,Fiber Optic,No,Yes,Yes,No,Yes,Yes,One Year,Yes,Electronic Check,106.5,7397.0
0354-VXMJC,Male,0,Yes,Yes,23,Yes,No,No,No internet service,No internet service,No internet service,No internet service,No internet service,No internet service,Two Year,No,Credit Card (Automatic),19.6,426.65
8739-XNIKG,Female,0,No,No,5,Yes,Yes,Fiber Optic,No,No,No,No,Yes,No,Month-To-Month,Yes,Electronic Check,84.0,424.75
7074-STDCN,Male,0,No,No,39,No,No phone service,Dsl,No,No,No,Yes,No,Yes,Month-To-Month,Yes,Electronic Check,40.6,1494.5
8387-MOJJT,Female,0,Yes,Yes,42,Yes,No,Fiber Optic,No,No,No,No,Yes,No,Month-To-Month,Yes,Credit Card (Automatic),77.95,3384.0
1563-IWQEX,Female,0,No,No,12,Yes,No,No,No internet service,No internet service,No internet service,No internet service,No internet service,No internet service,Month-To-Month,No,Mailed Check,19.7,220.35
0565-IYCGT,Male,0,No,No,69,Yes,Yes,Dsl,Yes,Yes,Yes,Yes,No,Yes,One Year,Yes,Credit Card (Automatic),78.6,5356.45
7586-ZATGZ,Male,0,No,No,40,Yes,Yes,Fiber Optic,No,No,No,No,Yes,No,Month-To-Month,Yes,Electronic Check,84.9,3369.05
7009-PCARS,Male,0,No,Yes,55,Yes,No,No,No internet service,No internet service,No internet service,No internet service,No internet service,No internet service,One Year,No,Bank Transfer (Automatic),19.1,1001.5
4578-PHJYZ,Male,0,Yes,Yes,52,Yes,No,Dsl,No,Yes,Yes,Yes,Yes,No,One Year,Yes,Electronic Check,68.75,3482.85
1513-XNPPH,Female,0,No,No,12,Yes,No,Fiber Optic,No,No,Yes,Yes,No,Yes,Month-To-Month,Yes,Electronic Check,89.4,1095.65
9564-KCLHR,Male,0,No,No,1,Yes,No,Dsl,No,No,No,Yes,No,No,Month-To-Month,No,Mailed Check,51.25,51.25
3318-ISQFQ,Female,0,No,No,20,Yes,No,No,No internet service,No internet service,No internet service,No internet service,No internet service,No internet service,Month-To-Month,Yes,Bank Transfer (Automatic),19.5,413.0
2111-DWYHN,Male,0,No,No,1,Yes,No,No,No internet service,No internet service,No internet service,No internet service,No internet service,No internet service,Month-To-Month,No,Mailed Check,21.1,21.1
3324-OIRTO,Male,0,Yes,Yes,71,Yes,No,Fiber Optic,Yes,Yes,Yes,No,Yes,Yes,One Year,Yes,Bank Transfer (Automatic),104.65,7288.4
6522-OIQSX,Female,0,Yes,Yes,69,No,No phone service,Dsl,No,Yes,Yes,No,Yes,Yes,Two Year,Yes,Credit Card (Automatic),54.95,3772.5
7615-ESMYF,Female,0,Yes,No,2,No,No phone service,Dsl,No,No,No,No,Yes,Yes,Month-To-Month,No,Electronic Check,44.6,97.1
2452-MRMZF,Female,1,Yes,No,72,Yes,Yes,No,No internet service,No internet service,No internet service,No internet service,No internet service,No internet service,Two Year,Yes,Credit Card (Automatic),25.7,1937.4
7409-KIUTL,Female,1,No,Yes,1,Yes,No,Fiber Optic,No,No,No,No,No,No,Month-To-Month,Yes,Electronic Check,71.0,71.0
7636-XUHWW,Male,0,No,No,2,Yes,No,No,No internet service,No internet service,No internet service,No internet service,No internet service,No internet service,Month-To-Month,Yes,Credit Card (Automatic),19.9,33.7
7921-BEPCI,Female,0,No,No,72,Yes,Yes,Dsl,Yes,Yes,No,No,No,No,Two Year,No,Bank Transfer (Automatic),59.75,4265.0
8329-GWVPJ,Female,0,Yes,Yes,50,Yes,No,Fiber Optic,No,No,No,No,No,No,Month-To-Month,Yes,Bank Transfer (Automatic),69.75,3557.7
3976-NLDEZ,Male,0,No,No,1,Yes,No,No,No internet service,No internet service,No internet service,No internet service,No internet service,No internet service,Month-To-Month,No,Mailed Check,20.6,20.6
1264-BYWMS,Male,0,No,No,55,Yes,Yes,Fiber Optic,No,No,No,No,Yes,Yes,Month-To-Month,Yes,Electronic Check,96.8,5283.95
8404-FYDIB,Male,0,No,No,26,Yes,Yes,Fiber Optic,Yes,Yes,No,No,No,No,Month-To-Month,Yes,Credit Card (Automatic),86.65,2208.75
4614-NUVZD,Female,0,No,No,1,Yes,No,Fiber Optic,No,No,No,No,No,Yes,Month-To-Month,Yes,Electronic Check,81.1,81.1
7244-KXYZN,Female,0,No,No,24,Yes,No,No,No internet service,No internet service,No internet service,No internet service,No internet service,No internet service,One Year,No,Credit Card (Automatic),20.45,527.35
0921-OHLVP,Male,0,No,No,22,Yes,Yes,Fiber Optic,No,No,No,No,No,Yes,Month-To-Month,No,Electronic Check,83.05,1799.3
4195-SMMNX,Male,0,No,No,2,Yes,No,No,No internet service,No internet service,No internet service,No internet service,No internet service,No internet service,Month-To-Month,No,Mailed Check,20.35,33.2
2929-ERCFZ,Female,0,Yes,Yes,8,Yes,No,Fiber Optic,No,No,Yes,No,Yes,Yes,Month-To-Month,Yes,Electronic Check,94.2,777.3
4607-CHPCA,Male,0,Yes,Yes,25,Yes,No,Fiber Optic,No,No,No,No,Yes,Yes,One Year,Yes,Electronic Check,90.4,2178.6
5960-MVTUK,Male,0,No,No,3,No,No phone service,Dsl,No,No,No,Yes,No,No,Month-To-Month,Yes,Electronic Check,29.75,96.85
4800-VHZKI,Female,0,No,No,1,Yes,No,No,No internet service,No internet service,No internet service,No internet service,No internet service,No internet service,Month-To-Month,Yes,Mailed Check,19.9,19.9
9940-RHLFB,Female,0,No,No,1,Yes,No,Fiber Optic,No,No,Yes,No,No,No,Month-To-Month,No,Electronic Check,75.3,75.3
5519-TEEUH,Male,0,No,Yes,33,Yes,No,No,No internet service,No internet service,No internet service,No internet service,No internet service,No internet service,One Year,Yes,Mailed Check,20.15,682.15
3811-VBYBZ,Male,0,No,No,7,Yes,Yes,Fiber Optic,No,Yes,No,No,Yes,Yes,Month-To-Month,Yes,Electronic Check,99.8,673.25
4446-BZKHU,Male,0,Yes,No,61,Yes,Yes,Fiber Optic,No,Yes,Yes,No,Yes,Yes,Month-To-Month,Yes,Electronic Check,105.55,6281.45
9659-ZTWSM,Male,1,Yes,No,66,Yes,Yes,Fiber Optic,No,Yes,Yes,Yes,Yes,Yes,One Year,Yes,Bank Transfer (Automatic),107.35,7051.95
0362-ZBZWJ,Male,0,No,No,36,Yes,Yes,Fiber Optic,No,No,No,No,No,Yes,Month-To-Month,Yes,Electronic Check,84.9,3067.2
8654-DHAOW,Female,0,No,No,2,Yes,Yes,Dsl,No,Yes,No,No,No,No,Month-To-Month,No,Mailed Check,54.15,101.65
5117-ZSMHQ,Female,0,Yes,Yes,71,Yes,Yes,Dsl,Yes,Yes,Yes,Yes,Yes,Yes,Two Year,No,Bank Transfer (Automatic),89.9,6342.7
2249-YPRNG,Female,0,Yes,Yes,20,Yes,Yes,Fiber Optic,No,Yes,Yes,No,Yes,Yes,Month-To-Month,Yes,Bank Transfer (Automatic),105.85,2239.65
3186-BAXNB,Female,0,No,No,1,Yes,No,Fiber Optic,No,Yes,No,Yes,Yes,No,Month-To-Month,No,Electronic Check,91.7,91.7
5245-VDBUR,Female,0,Yes,No,52,No,No phone service,Dsl,Yes,No,Yes,No,No,No,One Year,No,Mailed Check,35.45,1958.95
3126-WQMGH,Female,0,Yes,No,49,Yes,Yes,Dsl,No,No,No,No,No,No,Month-To-Month,Yes,Credit Card (Automatic),52.15,2583.75
6942-LBFDP,Female,0,No,No,2,Yes,No,No,No internet service,No internet service,No internet service,No internet service,No internet service,No internet service,Month-To-Month,Yes,Mailed Check,20.55,33.6
3823-KYNQY,Male,0,No,No,12,Yes,Yes,No,No internet service,No internet service,No internet service,No internet service,No internet service,No internet service,One Year,No,Credit Card (Automatic),24.95,280.4
2150-WLKUW,Female,0,Yes,No,40,Yes,Yes,Dsl,No,Yes,No,No,Yes,No,One Year,No,Bank Transfer (Automatic),63.9,2635.0
9289-LBQVU,Male,0,Yes,No,64,Yes,Yes,Dsl,No,Yes,No,Yes,No,Yes,One Year,Yes,Mailed Check,70.15,4480.7
3780-DDGSE,Male,1,Yes,Yes,35,Yes,No,Dsl,No,Yes,No,Yes,Yes,Yes,Month-To-Month,Yes,Electronic Check,76.05,2747.2
1335-HQMKX,Female,0,Yes,No,72,Yes,Yes,Fiber Optic,No,Yes,Yes,No,Yes,Yes,One Year,Yes,Electronic Check,101.35,7323.15
0562-KBDVM,Female,0,No,No,70,No,No phone service,Dsl,Yes,Yes,Yes,Yes,No,No,Two Year,Yes,Bank Transfer (Automatic),44.6,3058.15
3685-YLCMQ,Male,0,No,No,58,Yes,Yes,Fiber Optic,No,No,Yes,Yes,Yes,Yes,One Year,Yes,Electronic Check,104.65,6219.6
3722-WPXTK,Male,0,No,No,1,Yes,No,Fiber Optic,No,No,No,No,Yes,Yes,Month-To-Month,Yes,Electronic Check,88.35,88.35
0017-IUDMW,Female,0,Yes,Yes,72,Yes,Yes,Fiber Optic,Yes,Yes,Yes,Yes,Yes,Yes,Two Year,Yes,Credit Card (Automatic),116.8,8456.75
6383-ZTSIW,Female,1,Yes,No,39,Yes,No,Fiber Optic,Yes,Yes,No,No,Yes,Yes,One Year,No,Mailed Check,99.1,3877.95
8220-OCUFY,Female,0,No,No,21,Yes,No,Dsl,Yes,No,Yes,Yes,No,No,One Year,Yes,Electronic Check,60.25,1258.35
5199-FPUSP,Male,0,No,Yes,33,No,No phone service,Dsl,Yes,No,No,Yes,No,No,One Year,No,Credit Card (Automatic),56.05,1113.95
4227-OJHAL,Female,0,Yes,Yes,68,Yes,Yes,Dsl,Yes,Yes,Yes,No,Yes,No,One Year,Yes,Credit Card (Automatic),73.0,5163.0
7253-UVNDW,Female,0,No,No,46,Yes,No,Dsl,No,No,Yes,Yes,No,No,Two Year,No,Credit Card (Automatic),54.35,2460.15
0479-HMSWA,Female,0,No,Yes,26,Yes,No,Fiber Optic,No,Yes,Yes,Yes,Yes,Yes,Two Year,Yes,Electronic Check,105.45,2715.3
9099-FTUHS,Female,0,No,No,23,Yes,Yes,Dsl,Yes,No,No,No,No,No,Month-To-Month,No,Electronic Check,54.4,1249.25
3074-GQWYX,Male,0,No,No,5,Yes,Yes,Fiber Optic,No,No,No,No,No,No,Month-To-Month,Yes,Bank Transfer (Automatic),75.9,357.75
5032-USPKF,Female,0,No,No,38,Yes,Yes,Dsl,Yes,Yes,Yes,No,Yes,Yes,One Year,No,Bank Transfer (Automatic),84.1,3187.65
5129-HHMZC,Female,0,Yes,No,43,Yes,Yes,Dsl,Yes,Yes,No,Yes,Yes,Yes,Two Year,No,Credit Card (Automatic),86.45,3574.5
3061-BCKYI,Male,0,No,No,14,Yes,No,No,No internet service,No internet service,No internet service,No internet service,No internet service,No internet service,Month-To-Month,No,Mailed Check,19.9,283.75
7839-QRKXN,Female,0,No,No,1,Yes,No,No,No internet service,No internet service,No internet service,No internet service,No internet service,No internet service,Month-To-Month,Yes,Mailed Check,20.2,20.2
1821-BUCWY,Male,0,No,No,30,Yes,No,Dsl,Yes,No,Yes,No,No,No,Two Year,Yes,Mailed Check,55.65,1653.85
0968-GSIKN,Female,0,No,No,1,Yes,No,Fiber Optic,No,No,No,No,No,No,Month-To-Month,Yes,Mailed Check,70.8,70.8
1984-FCOWB,Female,0,Yes,No,70,Yes,Yes,Fiber Optic,No,Yes,Yes,Yes,Yes,Yes,One Year,Yes,Electronic Check,109.5,7674.55
5702-SKUOB,Female,0,Yes,No,4,Yes,No,No,No internet service,No internet service,No internet service,No internet service,No internet service,No internet service,Month-To-Month,No,Mailed Check,19.6,93.45
7905-TVXTA,Female,0,No,No,5,Yes,No,Dsl,Yes,No,No,Yes,Yes,No,Month-To-Month,Yes,Electronic Check,64.35,352.65
9513-DXHDA,Male,0,No,No,27,Yes,No,Dsl,Yes,No,Yes,Yes,Yes,Yes,One Year,No,Electronic Check,81.7,2212.55
7216-KAOID,Male,0,Yes,Yes,41,Yes,No,No,No internet service,No internet service,No internet service,No internet service,No internet service,No internet service,One Year,No,Bank Transfer (Automatic),19.5,798.2
2275-RBYQS,Female,0,No,No,1,Yes,No,Dsl,No,No,No,No,No,No,Month-To-Month,Yes,Mailed Check,45.4,45.4
8262-COGGB,Male,0,No,No,1,Yes,No,No,No internet service,No internet service,No internet service,No internet service,No internet service,No internet service,Month-To-Month,Yes,Mailed Check,20.45,20.45
8058-JMEQO,Female,1,No,No,9,Yes,Yes,Fiber Optic,No,No,No,No,No,Yes,Month-To-Month,Yes,Electronic Check,84.45,762.5
1028-FFNJK,Male,1,Yes,No,30,Yes,Yes,Fiber Optic,No,No,No,Yes,Yes,Yes,Month-To-Month,Yes,Electronic Check,101.5,2917.65
5366-OBVMR,Female,0,Yes,No,18,Yes,No,Dsl,No,No,No,Yes,No,No,Month-To-Month,Yes,Mailed Check,50.3,908.75
5201-CBWYG,Male,0,Yes,Yes,62,Yes,Yes,No,No internet service,No internet service,No internet service,No internet service,No internet service,No internet service,One Year,No,Bank Transfer (Automatic),24.8,1476.25
5439-WIKXB,Male,1,Yes,No,41,Yes,No,Fiber Optic,No,Yes,No,No,Yes,Yes,Month-To-Month,Yes,Electronic Check,94.55,3851.45
7233-IOQNP,Female,0,Yes,No,43,No,No phone service,Dsl,Yes,No,No,Yes,No,No,Month-To-Month,No,Bank Transfer (Automatic),34.0,1505.35
6479-VDGRK,Female,0,Yes,Yes,72,Yes,No,Dsl,Yes,Yes,Yes,Yes,Yes,Yes,Two Year,No,Bank Transfer (Automatic),85.3,6129.2
7018-WBJNK,Male,0,No,Yes,13,Yes,No,Fiber Optic,No,No,No,No,Yes,No,Month-To-Month,Yes,Credit Card (Automatic),78.3,1033.95
7690-KPNCU,Male,0,Yes,Yes,64,Yes,No,Dsl,Yes,No,Yes,No,Yes,Yes,One Year,Yes,Credit Card (Automatic),73.05,4688.65
1965-AKTSX,Female,1,No,No,14,Yes,Yes,Fiber Optic,No,Yes,No,No,No,No,Month-To-Month,Yes,Electronic Check,91.65,1101.85
6421-SZVEM,Female,0,Yes,Yes,28,Yes,No,Fiber Optic,Yes,No,No,No,No,Yes,One Year,Yes,Bank Transfer (Automatic),82.85,2320.8
0620-DLSLK,Female,0,No,No,13,Yes,No,Fiber Optic,No,No,No,No,Yes,No,Month-To-Month,Yes,Mailed Check,81.9,1028.9
4086-ATNFV,Female,0,Yes,Yes,34,Yes,No,Dsl,Yes,Yes,Yes,No,No,No,One Year,Yes,Mailed Check,60.8,2042.05
8250-ZNGGW,Female,1,No,No,5,Yes,No,Dsl,Yes,Yes,No,Yes,No,No,Month-To-Month,No,Credit Card (Automatic),59.9,287.85
7696-CFTAT,Male,0,Yes,Yes,37,Yes,No,No,No internet service,No internet service,No internet service,No internet service,No internet service,No internet service,Two Year,No,Bank Transfer (Automatic),19.8,726.1
7274-RTAPZ,Male,0,No,No,1,Yes,No,Fiber Optic,No,No,No,No,Yes,Yes,Month-To-Month,Yes,Electronic Check,90.55,90.55
6818-WOBHJ,Female,1,Yes,No,68,Yes,Yes,Fiber Optic,No,Yes,No,No,No,Yes,Month-To-Month,Yes,Bank Transfer (Automatic),89.6,6127.6
1518-VOWAV,Female,0,No,No,9,Yes,No,Dsl,Yes,Yes,No,No,Yes,Yes,Month-To-Month,Yes,Electronic Check,74.65,703.55
2072-ZVJJX,Male,0,Yes,No,68,Yes,Yes,No,No internet service,No internet service,No internet service,No internet service,No internet service,No internet service,Two Year,No,Bank Transfer (Automatic),20.15,1728.2
1928-BXYIV,Male,0,No,No,1,Yes,Yes,Dsl,Yes,Yes,No,No,No,No,Month-To-Month,No,Electronic Check,61.15,61.15
9766-HGEDE,Female,0,Yes,No,17,Yes,No,No,No internet service,No internet service,No internet service,No internet service,No internet service,No internet service,One Year,No,Mailed Check,19.35,307.0
2868-LLSKM,Female,0,Yes,Yes,68,Yes,Yes,Fiber Optic,No,Yes,No,Yes,No,No,One Year,Yes,Bank Transfer (Automatic),83.65,5733.4
0722-SVSFK,Female,0,No,No,7,Yes,No,Fiber Optic,No,No,Yes,Yes,Yes,Yes,Month-To-Month,Yes,Electronic Check,100.4,715.0
1741-WTPON,Male,0,Yes,Yes,56,Yes,Yes,Fiber Optic,Yes,Yes,Yes,Yes,Yes,Yes,Two Year,No,Mailed Check,115.85,6567.9
1775-KWJKQ,Male,0,Yes,Yes,72,Yes,Yes,Dsl,Yes,Yes,Yes,Yes,Yes,Yes,Two Year,No,Credit Card (Automatic),89.85,6562.9
0946-FKYTX,Male,0,No,No,52,No,No phone service,Dsl,No,Yes,No,No,No,No,One Year,No,Mailed Check,30.1,1623.4
6543-CPZMK,Male,0,Yes,Yes,9,No,No phone service,Dsl,No,Yes,No,No,No,No,Month-To-Month,Yes,Electronic Check,29.95,248.95
8735-SDUFN,Female,1,Yes,No,72,Yes,Yes,No,No internet service,No internet service,No internet service,No internet service,No internet service,No internet service,Two Year,No,Bank Transfer (Automatic),24.3,1778.7
4090-KPJIP,Female,0,No,No,3,Yes,Yes,Fiber Optic,No,No,No,No,No,No,Month-To-Month,Yes,Electronic Check,74.95,212.4
6968-GMKPR,Female,0,No,No,55,Yes,No,Fiber Optic,No,Yes,Yes,No,No,No,Month-To-Month,Yes,Electronic Check,81.55,4509.5
4039-PIMHX,Male,1,Yes,No,49,Yes,No,Dsl,No,Yes,No,No,No,No,Two Year,No,Mailed Check,49.8,2398.4
4350-ZTLPI,Female,0,Yes,No,53,Yes,Yes,Fiber Optic,No,Yes,Yes,Yes,Yes,Yes,One Year,Yes,Bank Transfer (Automatic),108.95,5718.2
7950-XWOVN,Male,0,No,No,11,No,No phone service,Dsl,No,Yes,Yes,No,No,No,Month-To-Month,No,Mailed Check,34.7,383.55
3900-AQPHZ,Female,0,No,No,1,Yes,No,No,No internet service,No internet service,No internet service,No internet service,No internet service,No internet service,Month-To-Month,No,Mailed Check,19.9,19.9
0301-FIDRB,Female,0,Yes,Yes,72,No,No phone service,Dsl,Yes,Yes,Yes,Yes,Yes,Yes,Two Year,Yes,Bank Transfer (Automatic),63.8,4684.3
1853-UDXBW,Male,0,Yes,Yes,1,Yes,No,Fiber Optic,No,No,No,No,No,No,Month-To-Month,Yes,Electronic Check,70.0,70.0
0807-ZABDG,Female,0,No,Yes,3,Yes,No,Dsl,Yes,No,No,Yes,No,No,Month-To-Month,Yes,Mailed Check,55.1,154.65
4059-IIEBK,Female,0,No,No,7,Yes,Yes,Fiber Optic,No,Yes,No,No,No,No,Month-To-Month,Yes,Bank Transfer (Automatic),78.55,522.95
1272-ILHFG,Male,0,Yes,Yes,15,Yes,No,No,No internet service,No internet service,No internet service,No internet service,No internet service,No internet service,One Year,No,Mailed Check,19.65,332.65
1785-BPHTP,Male,0,Yes,Yes,28,Yes,No,Fiber Optic,No,No,Yes,No,Yes,No,Month-To-Month,No,Electronic Check,85.45,2289.9
8104-OSKWT,Female,0,No,No,12,Yes,Yes,Fiber Optic,Yes,No,No,No,No,No,Month-To-Month,Yes,Electronic Check,79.8,1001.2
9253-VIFJQ,Male,0,Yes,No,65,Yes,Yes,Dsl,Yes,Yes,Yes,No,No,No,One Year,No,Credit Card (Automatic),67.05,4309.55
2984-MIIZL,Male,0,No,No,4,Yes,No,Fiber Optic,No,No,Yes,No,No,No,Month-To-Month,Yes,Bank Transfer (Automatic),74.8,321.9
7109-MFBYV,Male,0,No,No,26,Yes,No,Dsl,No,No,No,No,No,No,Month-To-Month,No,Electronic Check,45.45,1233.15
6088-BXMRG,Female,0,Yes,Yes,32,Yes,Yes,Fiber Optic,No,Yes,No,No,Yes,Yes,Month-To-Month,Yes,Electronic Check,98.85,3089.6
0661-WCQNQ,Male,0,Yes,No,22,Yes,No,Dsl,Yes,No,No,Yes,No,No,One Year,Yes,Credit Card (Automatic),56.25,1292.2
8975-SKGRX,Male,0,Yes,No,71,Yes,Yes,Fiber Optic,Yes,Yes,Yes,Yes,Yes,Yes,Two Year,Yes,Bank Transfer (Automatic),116.1,8310.55
5386-THSLQ,Female,1,Yes,No,66,No,No phone service,Dsl,No,Yes,Yes,No,Yes,No,One Year,No,Bank Transfer (Automatic),45.55,3027.25
3230-WYKIR,Male,0,No,No,18,Yes,Yes,Dsl,No,No,Yes,Yes,Yes,Yes,One Year,Yes,Credit Card (Automatic),82.0,1425.45
6289-CPNLD,Male,0,Yes,Yes,33,Yes,No,Dsl,No,No,Yes,Yes,Yes,Yes,One Year,Yes,Mailed Check,73.9,2405.05
5146-YYFRZ,Male,0,No,No,67,Yes,No,No,No internet service,No internet service,No internet service,No internet service,No internet service,No internet service,Two Year,No,Bank Transfer (Automatic),19.95,1311.75
5515-AKOAJ,Female,0,No,No,54,Yes,Yes,Fiber Optic,No,No,No,Yes,Yes,Yes,Month-To-Month,Yes,Electronic Check,100.1,5440.9
3429-IFLEM,Female,0,No,No,71,Yes,No,Dsl,Yes,Yes,Yes,Yes,Yes,No,Two Year,No,Credit Card (Automatic),77.35,5550.1
0380-ZCSBI,Male,0,No,No,10,Yes,No,No,No internet service,No internet service,No internet service,No internet service,No internet service,No internet service,Month-To-Month,No,Credit Card (Automatic),20.0,198.7
6770-UAYGJ,Female,0,Yes,Yes,49,Yes,Yes,No,No internet service,No internet service,No internet service,No internet service,No internet service,No internet service,Two Year,No,Mailed Check,25.25,1211.65
7598-UAASY,Male,0,Yes,No,2,Yes,No,Fiber Optic,No,No,Yes,No,No,No,Month-To-Month,No,Electronic Check,76.4,151.8
6506-EYCNH,Female,0,Yes,Yes,28,Yes,No,No,No internet service,No internet service,No internet service,No internet service,No internet service,No internet service,Month-To-Month,Yes,Bank Transfer (Automatic),19.55,543.8
9529-OFXHY,Male,0,No,No,15,Yes,Yes,Fiber Optic,Yes,No,No,No,Yes,No,Month-To-Month,Yes,Bank Transfer (Automatic),87.75,1242.2
6180-YBIQI,Male,0,No,No,5,No,No phone service,Dsl,No,No,No,No,No,No,Month-To-Month,No,Mailed Check,24.3,100.2
7825-ECJRF,Female,0,No,No,19,Yes,No,Fiber Optic,Yes,No,Yes,Yes,Yes,Yes,Month-To-Month,Yes,Electronic Check,106.6,1934.45
6629-LADHQ,Female,0,No,No,2,Yes,No,Dsl,Yes,No,No,No,No,No,Month-To-Month,No,Mailed Check,50.95,123.05
0602-DDUML,Female,0,No,No,57,Yes,No,Dsl,No,Yes,Yes,Yes,Yes,No,Two Year,No,Mailed Check,69.75,3894.4
8091-TTVAX,Male,0,Yes,No,58,Yes,Yes,Fiber Optic,No,No,Yes,No,Yes,Yes,One Year,No,Credit Card (Automatic),100.35,5681.1
7619-ODSGN,Male,0,Yes,Yes,24,Yes,Yes,Dsl,Yes,No,No,No,No,No,Month-To-Month,No,Electronic Check,54.75,1338.15
3318-NMQXL,Male,0,No,No,3,Yes,No,Fiber Optic,No,No,No,No,Yes,Yes,Month-To-Month,Yes,Electronic Check,92.0,266.8
5327-XOKKY,Male,1,Yes,No,72,Yes,Yes,Dsl,No,No,Yes,No,Yes,Yes,Two Year,Yes,Credit Card (Automatic),73.45,5329.0
6645-MXQJT,Male,0,Yes,Yes,2,Yes,No,Fiber Optic,Yes,No,No,No,Yes,Yes,Month-To-Month,No,Electronic Check,97.1,184.15
6288-CHQJB,Female,0,Yes,Yes,54,Yes,No,Dsl,Yes,No,Yes,Yes,No,Yes,Two Year,No,Bank Transfer (Automatic),69.95,3871.85
5760-WRAHC,Female,1,No,No,22,Yes,No,Dsl,Yes,No,Yes,Yes,No,Yes,Month-To-Month,Yes,Mailed Check,69.75,1545.4
0734-OXWBT,Male,0,No,Yes,3,Yes,No,Dsl,No,No,No,Yes,Yes,Yes,Month-To-Month,No,Mailed Check,70.7,225.65
1025-FALIX,Female,0,No,No,26,Yes,No,Fiber Optic,No,No,No,No,No,No,Month-To-Month,Yes,Credit Card (Automatic),69.05,1815.65
8182-BJDSI,Female,0,No,No,28,Yes,Yes,Fiber Optic,No,Yes,No,No,No,Yes,Month-To-Month,Yes,Electronic Check,89.95,2625.55
4568-KNYWR,Male,0,No,No,52,Yes,No,Dsl,Yes,Yes,No,No,Yes,No,Two Year,Yes,Credit Card (Automatic),63.25,3342.45
4191-XOVOM,Male,0,No,No,63,Yes,Yes,Fiber Optic,No,Yes,No,Yes,Yes,Yes,Month-To-Month,No,Electronic Check,105.4,6713.2
5778-BVOFB,Female,0,No,No,9,Yes,No,Dsl,No,No,No,Yes,Yes,No,Month-To-Month,Yes,Bank Transfer (Automatic),59.5,530.05
4716-HHKQH,Male,1,Yes,No,20,Yes,Yes,Fiber Optic,No,Yes,No,Yes,Yes,Yes,Month-To-Month,No,Electronic Check,107.05,2172.05
5651-CPDND,Male,0,No,No,10,Yes,No,Dsl,No,No,No,No,No,No,Month-To-Month,No,Mailed Check,46.0,492.1
0082-LDZUE,Male,0,No,No,1,Yes,No,Dsl,No,No,No,No,No,No,Month-To-Month,Yes,Mailed Check,44.3,44.3
6585-WCEWR,Male,0,Yes,Yes,72,Yes,No,No,No internet service,No internet service,No internet service,No internet service,No internet service,No internet service,Two Year,No,Electronic Check,20.35,1354.4
0895-LNKRC,Male,0,Yes,Yes,6,Yes,No,No,No internet service,No internet service,No internet service,No internet service,No internet service,No internet service,One Year,No,Mailed Check,19.45,113.5
8380-PEFPE,Male,0,No,Yes,1,Yes,No,Fiber Optic,No,No,No,No,No,No,Month-To-Month,Yes,Electronic Check,71.65,71.65
4718-DHSMV,Female,0,No,No,11,No,No phone service,Dsl,No,No,No,No,Yes,No,Month-To-Month,Yes,Mailed Check,35.8,363.15
9699-UBQFS,Female,1,Yes,No,43,Yes,Yes,Fiber Optic,Yes,Yes,No,No,Yes,No,Month-To-Month,Yes,Electronic Check,94.5,4156.8
8624-GIOUT,Female,0,No,No,49,Yes,Yes,Dsl,Yes,Yes,No,No,No,No,Month-To-Month,Yes,Credit Card (Automatic),59.75,2934.3
6615-NGGZJ,Male,0,No,No,14,Yes,Yes,Fiber Optic,No,Yes,No,No,Yes,Yes,Month-To-Month,Yes,Electronic Check,100.55,1415.55
1171-TYKUR,Male,0,Yes,No,47,Yes,Yes,No,No internet service,No internet service,No internet service,No internet service,No internet service,No internet service,Month-To-Month,No,Electronic Check,25.4,1139.2
6754-LZUKA,Male,0,Yes,No,61,Yes,Yes,Dsl,No,Yes,Yes,No,Yes,Yes,Two Year,No,Bank Transfer (Automatic),80.9,4932.5
8486-AYEQH,Female,0,No,No,31,Yes,Yes,Fiber Optic,No,No,No,No,No,No,Month-To-Month,Yes,Electronic Check,76.05,2227.8
2228-BZDEE,Female,0,No,No,54,Yes,No,No,No internet service,No internet service,No internet service,No internet service,No internet service,No internet service,Two Year,No,Mailed Check,20.1,1079.45
7677-SJJJK,Male,0,Yes,Yes,8,Yes,No,No,No internet service,No internet service,No internet service,No internet service,No internet service,No internet service,One Year,No,Credit Card (Automatic),19.9,153.95
0689-DSXGL,Female,0,Yes,Yes,52,Yes,No,Fiber Optic,No,Yes,Yes,Yes,No,No,Month-To-Month,No,Bank Transfer (Automatic),85.8,4433.3
2979-SXESE,Female,0,Yes,Yes,17,Yes,Yes,Fiber Optic,Yes,No,Yes,No,Yes,No,Month-To-Month,No,Electronic Check,94.4,1607.2
9524-EGPJC,Female,0,No,No,18,Yes,Yes,Fiber Optic,No,No,No,Yes,No,Yes,Month-To-Month,Yes,Electronic Check,90.1,1612.75
3373-YZZYM,Male,0,Yes,Yes,1,Yes,No,No,No internet service,No internet service,No internet service,No internet service,No internet service,No internet service,Month-To-Month,No,Mailed Check,19.2,19.2
8869-LIHMK,Female,0,No,No,64,Yes,Yes,Fiber Optic,Yes,Yes,Yes,Yes,Yes,Yes,Two Year,Yes,Bank Transfer (Automatic),115.1,7334.05
3452-ABWRL,Male,1,No,No,47,Yes,Yes,Fiber Optic,No,No,No,No,Yes,No,Month-To-Month,Yes,Credit Card (Automatic),86.05,3865.6
7129-ACFOG,Female,0,No,No,5,Yes,Yes,Dsl,Yes,No,No,No,No,No,Month-To-Month,Yes,Electronic Check,53.8,283.95
2876-GZYZC,Female,0,No,No,13,Yes,Yes,Fiber Optic,No,No,No,No,No,Yes,Month-To-Month,Yes,Electronic Check,85.95,1215.65
1016-DJTSV,Male,1,No,No,8,Yes,No,Fiber Optic,No,No,No,No,No,No,Month-To-Month,Yes,Electronic Check,69.7,572.85
4057-FKCZK,Male,0,Yes,Yes,58,Yes,Yes,Fiber Optic,No,No,No,No,Yes,No,Two Year,No,Bank Transfer (Automatic),82.5,4828.05
2181-TIDSV,Male,0,Yes,Yes,68,Yes,No,No,No internet service,No internet service,No internet service,No internet service,No internet service,No internet service,Two Year,Yes,Bank Transfer (Automatic),19.95,1303.25
4320-QMLLA,Male,0,No,No,7,Yes,No,Dsl,No,No,No,No,Yes,No,Month-To-Month,No,Mailed Check,54.85,370.4
4701-MLJPN,Male,0,No,No,31,Yes,No,Dsl,No,No,Yes,Yes,No,No,Month-To-Month,Yes,Electronic Check,55.25,1715.65
3720-DBRWL,Male,0,Yes,No,51,Yes,No,Dsl,Yes,Yes,Yes,Yes,Yes,Yes,Two Year,Yes,Credit Card (Automatic),83.85,4307.1
1552-CZCLL,Female,0,Yes,Yes,55,Yes,No,No,No internet service,No internet service,No internet service,No internet service,No internet service,No internet service,Month-To-Month,No,Credit Card (Automatic),20.0,1087.25
6728-WYQBC,Male,0,No,No,1,Yes,No,No,No internet service,No internet service,No internet service,No internet service,No internet service,No internet service,Month-To-Month,No,Bank Transfer (Automatic),20.15,20.95
6519-ZHPXP,Female,0,Yes,Yes,72,Yes,No,Fiber Optic,Yes,Yes,Yes,Yes,Yes,Yes,Two Year,Yes,Bank Transfer (Automatic),108.3,7679.65
3058-HJCUY,Male,0,Yes,Yes,41,Yes,Yes,Fiber Optic,No,No,Yes,Yes,Yes,Yes,One Year,Yes,Electronic Check,102.6,4213.35
4667-OHGKG,Male,0,No,No,1,Yes,No,No,No internet service,No internet service,No internet service,No internet service,No internet service,No internet service,Month-To-Month,Yes,Mailed Check,19.3,19.3
2452-KDRRH,Male,1,No,No,67,Yes,Yes,Fiber Optic,No,No,Yes,No,Yes,Yes,Month-To-Month,Yes,Credit Card (Automatic),101.4,6841.05
8884-FEEWR,Male,0,No,No,35,Yes,No,No,No internet service,No internet service,No internet service,No internet service,No internet service,No internet service,One Year,No,Bank Transfer (Automatic),20.6,754.0
4208-UFFGW,Male,1,No,No,2,Yes,No,Dsl,No,No,No,No,No,No,Month-To-Month,No,Mailed Check,44.95,85.15
2325-ZUSFD,Female,0,Yes,Yes,57,Yes,No,Dsl,Yes,No,No,No,Yes,Yes,One Year,Yes,Bank Transfer (Automatic),70.1,3913.3
0415-MOSGF,Female,0,No,No,1,Yes,No,Dsl,No,No,No,No,No,No,Month-To-Month,No,Mailed Check,44.4,44.4
5243-SAOTC,Male,0,No,No,54,Yes,Yes,Fiber Optic,No,Yes,No,No,No,No,Month-To-Month,Yes,Electronic Check,79.85,4308.25
8050-WYBND,Female,0,No,Yes,22,No,No phone service,Dsl,No,No,Yes,No,Yes,Yes,One Year,Yes,Credit Card (Automatic),49.45,1031.4
8608-OZTLB,Male,0,Yes,Yes,38,Yes,No,Dsl,Yes,Yes,Yes,Yes,Yes,No,One Year,No,Electronic Check,74.05,2802.3
6701-YVNQG,Male,0,Yes,No,72,Yes,Yes,Dsl,Yes,Yes,Yes,Yes,Yes,Yes,Two Year,Yes,Credit Card (Automatic),88.7,6301.7
1137-DGOWI,Female,0,Yes,No,30,Yes,No,Dsl,No,Yes,Yes,Yes,No,Yes,One Year,No,Bank Transfer (Automatic),70.25,2198.9
3748-FVMZZ,Male,0,No,No,4,No,No phone service,Dsl,No,No,No,Yes,No,Yes,Month-To-Month,Yes,Electronic Check,40.05,162.45
8035-PWSEV,Female,0,No,No,6,Yes,No,Fiber Optic,No,No,Yes,Yes,No,Yes,Month-To-Month,Yes,Electronic Check,89.25,487.05
0329-GTIAJ,Female,0,No,No,3,Yes,No,Fiber Optic,No,Yes,No,Yes,Yes,Yes,Month-To-Month,Yes,Electronic Check,97.9,315.3
0406-BPDVR,Female,1,Yes,No,54,Yes,Yes,Fiber Optic,No,Yes,No,No,Yes,Yes,One Year,Yes,Credit Card (Automatic),101.5,5373.1
5924-SNGKP,Female,0,No,Yes,41,Yes,No,No,No internet service,No internet service,No internet service,No internet service,No internet service,No internet service,One Year,Yes,Credit Card (Automatic),20.25,865.0
3069-SSVSN,Female,0,No,No,1,No,No phone service,Dsl,No,No,No,No,No,No,One Year,No,Mailed Check,25.85,25.85
3045-XETSH,Female,0,No,No,10,Yes,Yes,Fiber Optic,No,Yes,Yes,No,No,Yes,Month-To-Month,Yes,Electronic Check,94.85,953.45
2968-SSGAA,Female,0,No,No,10,Yes,Yes,Fiber Optic,No,No,Yes,No,Yes,Yes,Month-To-Month,Yes,Electronic Check,100.6,1060.2
3295-YVUSR,Male,1,No,No,2,Yes,Yes,Fiber Optic,No,No,No,No,No,No,Month-To-Month,Yes,Mailed Check,72.6,154.3
2001-MCUUW,Male,0,No,No,46,Yes,Yes,Fiber Optic,No,Yes,Yes,Yes,Yes,Yes,Two Year,No,Electronic Check,108.65,4903.2
5198-HQAEN,Male,0,Yes,Yes,35,Yes,No,Fiber Optic,No,Yes,No,Yes,Yes,No,One Year,Yes,Electronic Check,89.7,3165.6
0637-UBJRP,Male,0,Yes,Yes,13,Yes,No,Fiber Optic,Yes,No,No,No,No,Yes,Month-To-Month,No,Electronic Check,84.05,1095.3
3778-FOAQW,Female,0,Yes,No,24,Yes,No,No,No internet service,No internet service,No internet service,No internet service,No internet service,No internet service,One Year,No,Mailed Check,20.15,456.85
8465-SBRXP,Male,0,Yes,Yes,38,Yes,Yes,Fiber Optic,No,No,Yes,Yes,Yes,No,Two Year,Yes,Electronic Check,94.9,3616.25
8345-MVDYC,Female,0,No,No,45,Yes,No,Dsl,Yes,No,Yes,Yes,Yes,Yes,Two Year,No,Bank Transfer (Automatic),81.65,3618.7
7825-GKXMW,Female,0,No,No,1,Yes,No,Dsl,No,No,No,No,No,No,Month-To-Month,No,Electronic Check,45.8,45.8
9530-EHPOH,Male,0,No,No,11,Yes,Yes,Dsl,No,No,Yes,No,No,No,Month-To-Month,No,Electronic Check,56.05,608.0
6698-OXETB,Male,0,No,No,11,Yes,No,No,No internet service,No internet service,No internet service,No internet service,No internet service,No internet service,Two Year,No,Mailed Check,20.4,231.45
8205-MQUGY,Male,0,Yes,Yes,12,Yes,No,Dsl,Yes,No,No,No,No,No,Month-To-Month,Yes,Electronic Check,56.05,571.15
5110-CHOPY,Female,0,No,No,60,No,No phone service,Dsl,Yes,No,Yes,No,Yes,Yes,Two Year,No,Electronic Check,53.6,3237.05
4822-NGOCH,Female,0,No,No,13,Yes,Yes,Fiber Optic,No,Yes,Yes,No,No,No,Month-To-Month,Yes,Electronic Check,84.45,1058.6
5498-TXHLF,Female,0,Yes,Yes,34,Yes,Yes,Fiber Optic,No,No,Yes,No,Yes,No,Month-To-Month,No,Electronic Check,91.65,2874.15
0508-OOLTO,Female,0,Yes,Yes,2,Yes,No,Fiber Optic,No,No,No,No,No,No,Month-To-Month,Yes,Electronic Check,71.65,135.75
6595-YGXIT,Male,1,No,No,25,Yes,Yes,Fiber Optic,No,Yes,No,No,Yes,No,Month-To-Month,Yes,Electronic Check,88.95,2291.2
2453-SAFNS,Female,1,No,No,54,Yes,Yes,Dsl,No,Yes,No,Yes,Yes,No,One Year,No,Mailed Check,72.1,3886.05
6695-FRVEC,Male,0,Yes,Yes,67,Yes,No,Dsl,Yes,No,Yes,Yes,No,No,Two Year,Yes,Bank Transfer (Automatic),60.4,3953.7
3552-CTCYF,Male,0,Yes,Yes,63,Yes,Yes,Fiber Optic,No,Yes,Yes,No,Yes,Yes,Two Year,Yes,Bank Transfer (Automatic),104.8,6597.25
1090-ESELR,Male,0,Yes,Yes,72,Yes,No,Fiber Optic,Yes,Yes,No,Yes,Yes,Yes,Two Year,No,Bank Transfer (Automatic),105.5,7611.55
2731-GJRDG,Female,0,No,No,32,Yes,Yes,Fiber Optic,Yes,No,Yes,Yes,Yes,Yes,One Year,Yes,Bank Transfer (Automatic),109.55,3608.0
8109-YUOHE,Male,0,No,No,17,Yes,No,Dsl,Yes,Yes,No,No,No,No,One Year,No,Mailed Check,56.1,946.95
8016-ZMGMO,Female,1,Yes,No,66,Yes,Yes,Dsl,No,Yes,Yes,No,Yes,No,One Year,Yes,Bank Transfer (Automatic),70.85,4738.85
8738-JOKAR,Female,0,No,No,42,Yes,No,Dsl,Yes,Yes,No,Yes,No,Yes,One Year,Yes,Mailed Check,67.7,2882.25
6218-KNUBD,Male,0,No,No,6,Yes,No,Dsl,No,Yes,No,No,Yes,No,Month-To-Month,No,Electronic Check,59.45,357.6
3891-PUQOD,Female,0,No,Yes,1,Yes,No,Dsl,No,No,Yes,No,No,Yes,Month-To-Month,No,Electronic Check,59.2,59.2
5485-ITNPC,Male,0,Yes,No,66,Yes,No,Dsl,Yes,Yes,Yes,Yes,Yes,Yes,Two Year,Yes,Bank Transfer (Automatic),85.9,5595.3
8168-UQWWF,Female,0,No,No,11,Yes,Yes,Fiber Optic,No,No,Yes,No,Yes,Yes,Month-To-Month,Yes,Bank Transfer (Automatic),91.65,1105.4
5071-FBJFS,Female,0,Yes,Yes,4,Yes,No,Dsl,Yes,No,No,No,No,No,Month-To-Month,No,Electronic Check,50.3,217.1
0864-FVJNJ,Female,0,Yes,Yes,64,Yes,Yes,Fiber Optic,Yes,Yes,Yes,Yes,Yes,Yes,One Year,No,Electronic Check,113.35,7222.75
6092-QZVPP,Male,0,No,No,36,Yes,No,Dsl,Yes,No,Yes,Yes,Yes,Yes,Month-To-Month,Yes,Credit Card (Automatic),79.2,2854.95
3178-FESZO,Female,0,No,No,1,Yes,Yes,Fiber Optic,No,Yes,No,No,Yes,Yes,Month-To-Month,Yes,Credit Card (Automatic),100.25,100.25
1240-HCBOH,Female,0,No,No,67,Yes,Yes,No,No internet service,No internet service,No internet service,No internet service,No internet service,No internet service,Two Year,Yes,Mailed Check,26.1,1759.55
3190-XFANI,Male,0,No,Yes,49,Yes,Yes,Fiber Optic,No,No,No,Yes,Yes,Yes,One Year,Yes,Bank Transfer (Automatic),100.6,5069.65
0641-EVBOJ,Male,0,No,No,3,Yes,No,Fiber Optic,Yes,No,No,Yes,No,No,Month-To-Month,Yes,Mailed Check,82.3,214.4
4759-TRPLW,Male,0,No,No,1,Yes,No,Fiber Optic,No,No,No,No,No,No,Month-To-Month,No,Electronic Check,70.4,70.4
6140-QNRQQ,Male,0,No,No,1,Yes,No,Fiber Optic,No,No,No,No,No,No,Month-To-Month,Yes,Mailed Check,71.55,71.55
3063-QFSZL,Female,0,No,No,1,Yes,No,Dsl,No,No,No,No,No,Yes,Month-To-Month,Yes,Electronic Check,55.4,55.4
1898-JSNDC,Female,0,No,No,39,Yes,No,Dsl,No,Yes,No,No,Yes,No,One Year,Yes,Credit Card (Automatic),58.6,2224.5
4559-UWIHT,Male,0,Yes,No,14,Yes,Yes,Fiber Optic,No,Yes,Yes,No,No,No,Month-To-Month,Yes,Electronic Check,82.65,1185.0
6719-FGEDO,Female,0,Yes,No,72,Yes,Yes,Fiber Optic,Yes,Yes,Yes,Yes,No,No,Two Year,Yes,Bank Transfer (Automatic),97.0,7104.2
9305-CDSKC,Female,0,No,No,8,Yes,Yes,Fiber Optic,No,No,Yes,No,Yes,Yes,Month-To-Month,Yes,Electronic Check,99.65,820.5
8519-IMDHU,Male,1,Yes,No,15,Yes,Yes,Fiber Optic,No,No,No,No,No,Yes,Month-To-Month,Yes,Bank Transfer (Automatic),85.6,1345.55
3503-TYDAY,Female,0,Yes,No,43,Yes,Yes,Fiber Optic,No,Yes,No,No,No,No,Month-To-Month,No,Electronic Check,80.45,3398.9
5236-XMZJY,Female,0,No,No,42,Yes,No,Dsl,Yes,Yes,Yes,No,No,No,Month-To-Month,No,Bank Transfer (Automatic),59.65,2536.55
8661-BOYNW,Female,0,Yes,No,72,Yes,Yes,Dsl,Yes,No,Yes,Yes,Yes,Yes,Two Year,Yes,Credit Card (Automatic),84.4,6096.45
7225-IILWY,Male,0,Yes,Yes,68,Yes,Yes,No,No internet service,No internet service,No internet service,No internet service,No internet service,No internet service,Two Year,No,Mailed Check,25.75,1686.15
8111-RKSPX,Male,0,No,No,4,Yes,Yes,Fiber Optic,No,No,No,No,No,No,Month-To-Month,Yes,Bank Transfer (Automatic),72.2,305.55
2519-TWKFS,Male,0,Yes,Yes,25,Yes,Yes,Dsl,No,No,No,Yes,No,No,One Year,Yes,Mailed Check,55.1,1466.1
6719-OXYBR,Male,0,No,No,15,Yes,No,Fiber Optic,No,No,Yes,No,Yes,No,Month-To-Month,No,Electronic Check,85.3,1219.85
1089-XZWHH,Female,0,Yes,Yes,24,Yes,No,No,No internet service,No internet service,No internet service,No internet service,No internet service,No internet service,Two Year,Yes,Mailed Check,19.7,494.05
7354-OIJLX,Male,0,No,No,9,Yes,Yes,Fiber Optic,No,No,No,No,No,No,Month-To-Month,Yes,Electronic Check,75.85,724.65
0301-KOBTQ,Male,0,No,No,32,Yes,No,No,No internet service,No internet service,No internet service,No internet service,No internet service,No internet service,Two Year,Yes,Bank Transfer (Automatic),20.05,614.45
2829-HYVZP,Male,0,No,No,29,Yes,No,No,No internet service,No internet service,No internet service,No internet service,No internet service,No internet service,One Year,Yes,Mailed Check,19.8,572.2
2507-QZPQS,Male,0,No,No,15,Yes,Yes,Fiber Optic,No,Yes,No,Yes,No,Yes,Month-To-Month,No,Electronic Check,95.7,1451.1
0925-VYDLG,Female,0,No,No,3,Yes,Yes,Fiber Optic,No,No,No,No,No,No,Month-To-Month,No,Electronic Check,75.25,242.0
7566-DSRLQ,Female,0,Yes,No,72,Yes,Yes,Fiber Optic,No,Yes,Yes,Yes,Yes,Yes,Two Year,Yes,Electronic Check,110.15,7998.8
5049-MUBWG,Male,0,No,No,26,Yes,No,Dsl,Yes,No,No,Yes,Yes,Yes,One Year,No,Bank Transfer (Automatic),75.0,1908.35
7710-JSYOA,Female,0,Yes,Yes,69,Yes,Yes,Fiber Optic,No,Yes,No,Yes,No,Yes,Two Year,Yes,Bank Transfer (Automatic),93.3,6398.05
5644-PDMZC,Female,1,No,No,2,Yes,Yes,Fiber Optic,No,Yes,No,No,No,Yes,Month-To-Month,No,Electronic Check,89.5,161.5
5339-TJFEK,Male,0,Yes,Yes,62,Yes,Yes,Fiber Optic,Yes,Yes,No,No,Yes,Yes,Month-To-Month,Yes,Electronic Check,105.5,6487.2
6656-JWRQX,Female,0,No,No,1,No,No phone service,Dsl,No,No,No,Yes,No,No,Month-To-Month,No,Mailed Check,30.55,30.55
9504-DSHWM,Male,0,No,No,20,Yes,Yes,Dsl,Yes,No,No,Yes,No,No,Month-To-Month,No,Bank Transfer (Automatic),59.2,1191.2
6195-MELTI,Male,0,No,No,57,Yes,No,Dsl,No,Yes,No,Yes,No,No,One Year,Yes,Mailed Check,54.65,3134.7
4432-ADRLB,Male,0,No,No,2,Yes,No,Dsl,No,No,No,No,No,No,Month-To-Month,No,Mailed Check,44.65,74.9
3999-QGRJH,Male,1,No,No,8,Yes,No,Fiber Optic,No,No,No,No,No,No,Month-To-Month,Yes,Electronic Check,69.7,560.85
5797-APWZC,Female,0,No,No,1,Yes,No,Fiber Optic,No,No,No,No,Yes,Yes,Month-To-Month,No,Electronic Check,90.6,90.6
9646-NMHXE,Male,0,Yes,No,47,Yes,No,No,No internet service,No internet service,No internet service,No internet service,No internet service,No internet service,Two Year,No,Mailed Check,19.65,973.1
1987-AUELQ,Female,0,Yes,No,71,Yes,Yes,No,No internet service,No internet service,No internet service,No internet service,No internet service,No internet service,Two Year,No,Credit Card (Automatic),25.05,1873.7
0345-XMMUG,Female,0,Yes,No,46,Yes,Yes,Fiber Optic,No,Yes,Yes,Yes,Yes,Yes,Two Year,Yes,Credit Card (Automatic),108.9,4854.3
2585-KTFRE,Male,0,No,Yes,1,Yes,No,Dsl,Yes,Yes,No,Yes,No,Yes,Month-To-Month,Yes,Bank Transfer (Automatic),70.45,70.45
9139-WQQDY,Female,0,Yes,Yes,49,Yes,Yes,Fiber Optic,No,Yes,No,No,Yes,Yes,One Year,No,Mailed Check,100.45,4941.8
6261-RCVNS,Female,0,No,No,42,Yes,No,Dsl,Yes,Yes,Yes,Yes,No,Yes,One Year,No,Credit Card (Automatic),73.9,3160.55
1697-NVVGY,Male,1,Yes,No,19,Yes,No,Dsl,Yes,No,Yes,No,Yes,No,Month-To-Month,No,Bank Transfer (Automatic),66.4,1286.05
9631-XEYKE,Male,0,No,No,3,Yes,Yes,Dsl,No,No,No,No,No,No,Month-To-Month,No,Bank Transfer (Automatic),50.4,137.25
8595-SIZNC,Female,1,Yes,No,22,Yes,Yes,No,No internet service,No internet service,No internet service,No internet service,No internet service,No internet service,One Year,No,Bank Transfer (Automatic),25.6,548.8
9758-MFWGD,Female,1,Yes,Yes,48,No,No phone service,Dsl,No,Yes,No,No,No,No,One Year,No,Bank Transfer (Automatic),29.9,1388.75
4115-UMJFQ,Male,0,No,No,69,No,No phone service,Dsl,No,Yes,Yes,No,No,No,One Year,Yes,Bank Transfer (Automatic),35.75,2492.25
6599-GZWCM,Female,0,No,No,13,Yes,No,Fiber Optic,No,Yes,No,No,No,No,One Year,Yes,Mailed Check,74.65,966.25
2650-GYRYL,Male,0,Yes,Yes,33,Yes,No,No,No internet service,No internet service,No internet service,No internet service,No internet service,No internet service,One Year,Yes,Bank Transfer (Automatic),19.45,600.25
2034-GDRCN,Female,0,No,No,2,Yes,No,Fiber Optic,No,No,No,No,Yes,Yes,Month-To-Month,Yes,Electronic Check,90.4,168.2
5202-IVJNU,Female,0,No,Yes,39,No,No phone service,Dsl,No,No,Yes,No,No,No,Month-To-Month,No,Credit Card (Automatic),30.1,1131.3
5893-KCLGT,Female,0,No,Yes,72,Yes,No,No,No internet service,No internet service,No internet service,No internet service,No internet service,No internet service,Two Year,Yes,Mailed Check,19.75,1567.0
9701-CDXHR,Female,0,Yes,No,51,Yes,No,Fiber Optic,No,No,No,No,No,No,Month-To-Month,No,Mailed Check,69.15,3649.6
6379-RXJRQ,Male,0,Yes,No,10,Yes,No,Fiber Optic,No,No,No,No,No,No,Month-To-Month,Yes,Electronic Check,70.1,659.65
5970-GHJAW,Male,0,Yes,Yes,46,Yes,No,No,No internet service,No internet service,No internet service,No internet service,No internet service,No internet service,Two Year,No,Credit Card (Automatic),19.95,862.4
3571-RFHAR,Male,0,No,No,65,Yes,Yes,Fiber Optic,No,Yes,Yes,Yes,Yes,Yes,Month-To-Month,Yes,Electronic Check,109.15,6941.2
7783-YKGDV,Female,0,No,No,12,Yes,Yes,Fiber Optic,Yes,Yes,Yes,No,No,Yes,Month-To-Month,Yes,Bank Transfer (Automatic),99.7,1238.45
0961-ZWLVI,Male,0,No,Yes,49,Yes,Yes,Fiber Optic,Yes,Yes,Yes,No,Yes,Yes,One Year,Yes,Credit Card (Automatic),109.2,5290.45
3584-WKTTW,Male,0,Yes,No,51,Yes,Yes,Fiber Optic,Yes,No,Yes,Yes,Yes,Yes,One Year,Yes,Electronic Check,111.55,5720.35
8755-IWJHN,Male,1,Yes,No,69,Yes,Yes,Fiber Optic,No,Yes,Yes,No,No,Yes,Month-To-Month,Yes,Bank Transfer (Automatic),95.35,6382.0
0761-AETCS,Female,0,No,No,1,Yes,No,No,No internet service,No internet service,No internet service,No internet service,No internet service,No internet service,Month-To-Month,No,Electronic Check,19.3,19.3
9483-GCPWE,Male,0,No,Yes,9,Yes,No,No,No internet service,No internet service,No internet service,No internet service,No internet service,No internet service,One Year,No,Mailed Check,20.1,190.25
9415-DPEWS,Female,0,No,No,18,Yes,Yes,Fiber Optic,No,No,No,Yes,Yes,No,Month-To-Month,Yes,Electronic Check,88.35,1639.3
1153-GNOLC,Male,0,No,No,33,No,No phone service,Dsl,No,Yes,No,No,Yes,No,One Year,Yes,Electronic Check,39.1,1309.0
6425-JWTDV,Male,0,Yes,No,48,Yes,No,No,No internet service,No internet service,No internet service,No internet service,No internet service,No internet service,Two Year,No,Mailed Check,19.25,855.1
7748-UMTRK,Female,1,No,Yes,30,Yes,Yes,Fiber Optic,No,No,No,Yes,Yes,Yes,Month-To-Month,Yes,Electronic Check,101.3,2974.5
1935-IMVBB,Male,0,Yes,No,56,Yes,No,Fiber Optic,No,No,No,No,Yes,Yes,Month-To-Month,No,Mailed Check,89.7,4952.95
2215-ZAFGX,Male,0,No,No,9,Yes,Yes,Fiber Optic,No,No,No,No,Yes,No,Month-To-Month,Yes,Electronic Check,85.5,791.7
8033-ATFAS,Female,0,Yes,Yes,39,Yes,No,Dsl,No,No,Yes,No,Yes,No,Month-To-Month,Yes,Mailed Check,59.85,2341.5
5766-XQXMQ,Female,0,No,No,29,Yes,No,Dsl,Yes,Yes,Yes,No,No,Yes,Month-To-Month,Yes,Bank Transfer (Automatic),68.85,1970.5
5028-GZLDO,Male,0,No,No,2,Yes,No,Fiber Optic,No,No,No,No,No,No,Month-To-Month,No,Credit Card (Automatic),70.7,140.7
1236-WFCDV,Male,1,No,No,14,Yes,No,Fiber Optic,No,No,No,No,Yes,Yes,Month-To-Month,No,Credit Card (Automatic),90.45,1266.1
6743-HHQPF,Male,0,Yes,No,42,No,No phone service,Dsl,No,No,No,No,No,No,Month-To-Month,Yes,Credit Card (Automatic),25.1,1097.15
3754-DXMRT,Male,1,No,No,2,Yes,No,Dsl,No,No,No,No,No,No,Month-To-Month,Yes,Electronic Check,44.15,92.65
9114-VEPUF,Male,0,Yes,No,62,Yes,Yes,Fiber Optic,Yes,Yes,No,No,No,Yes,One Year,No,Electronic Check,96.1,6001.45
9191-MYQKX,Female,0,Yes,No,7,Yes,No,Fiber Optic,No,No,Yes,No,No,No,Month-To-Month,Yes,Bank Transfer (Automatic),75.15,496.9
4102-OQUPX,Male,1,Yes,No,1,Yes,Yes,Fiber Optic,No,No,No,No,No,No,Month-To-Month,Yes,Electronic Check,74.4,74.4
3212-KXOCR,Male,0,No,No,52,Yes,No,No,No internet service,No internet service,No internet service,No internet service,No internet service,No internet service,Two Year,No,Bank Transfer (Automatic),21.0,1107.2
2868-SNELZ,Female,0,No,No,2,Yes,Yes,Fiber Optic,No,No,Yes,No,No,No,Month-To-Month,No,Mailed Check,80.6,155.8
8016-NCFVO,Male,1,No,No,55,Yes,Yes,Fiber Optic,Yes,Yes,Yes,Yes,Yes,Yes,Month-To-Month,Yes,Electronic Check,116.5,6382.55
6029-CSMJE,Male,0,No,No,17,No,No phone service,Dsl,No,No,No,No,No,No,Month-To-Month,Yes,Mailed Check,25.65,440.2
9477-LGWQI,Male,0,Yes,Yes,70,Yes,No,Dsl,Yes,Yes,Yes,No,Yes,Yes,Two Year,Yes,Credit Card (Automatic),80.15,5600.15
2824-MYYBN,Female,0,Yes,Yes,37,Yes,Yes,Fiber Optic,No,No,No,No,Yes,Yes,Month-To-Month,Yes,Electronic Check,95.25,3314.15
2436-QBZFP,Female,0,Yes,Yes,22,No,No phone service,Dsl,No,Yes,No,No,Yes,No,Month-To-Month,No,Electronic Check,39.2,849.9
2141-RRYGO,Female,0,No,No,4,Yes,No,Dsl,No,Yes,No,No,Yes,Yes,Month-To-Month,Yes,Bank Transfer (Automatic),68.65,261.25
6652-YFFJO,Female,0,No,No,11,Yes,No,Dsl,No,No,No,No,Yes,Yes,Month-To-Month,Yes,Electronic Check,64.9,716.1
2888-ADFAO,Female,0,Yes,Yes,47,Yes,No,No,No internet service,No internet service,No internet service,No internet service,No internet service,No internet service,Two Year,Yes,Bank Transfer (Automatic),21.3,1041.8
2672-OJQZP,Female,0,No,No,1,Yes,No,Dsl,No,No,No,No,No,No,Month-To-Month,No,Mailed Check,44.75,44.75
1929-ZCBHE,Male,0,Yes,Yes,47,No,No phone service,Dsl,Yes,No,Yes,Yes,No,No,One Year,No,Electronic Check,40.3,1794.8
9581-GVBXT,Male,0,Yes,Yes,59,No,No phone service,Dsl,Yes,No,Yes,No,No,No,One Year,No,Mailed Check,34.8,1980.3
3137-NYQQI,Male,0,Yes,No,17,Yes,No,Dsl,Yes,Yes,No,No,No,Yes,One Year,No,Mailed Check,64.8,1175.6
1866-ZSLJM,Male,0,No,No,21,Yes,No,No,No internet service,No internet service,No internet service,No internet service,No internet service,No internet service,Month-To-Month,No,Credit Card (Automatic),20.5,402.85
5117-IFGPS,Male,1,Yes,No,29,Yes,Yes,Fiber Optic,No,No,No,No,No,Yes,Month-To-Month,Yes,Electronic Check,84.3,2357.75
6397-JNZZG,Female,1,Yes,No,43,No,No phone service,Dsl,No,Yes,Yes,No,Yes,Yes,Month-To-Month,No,Credit Card (Automatic),55.55,2342.2
2720-WGKHP,Male,1,No,No,2,Yes,Yes,Fiber Optic,No,No,No,No,Yes,Yes,Month-To-Month,Yes,Electronic Check,94.0,181.7
6096-EGVTU,Female,0,Yes,Yes,64,Yes,Yes,No,No internet service,No internet service,No internet service,No internet service,No internet service,No internet service,One Year,No,Mailed Check,24.9,1595.5
2055-PDADH,Female,1,No,No,3,Yes,No,Fiber Optic,No,No,No,No,No,No,Month-To-Month,Yes,Electronic Check,70.4,204.7
3247-MHJKM,Male,0,No,No,1,Yes,No,No,No internet service,No internet service,No internet service,No internet service,No internet service,No internet service,Month-To-Month,No,Mailed Check,20.2,20.2
3050-GBUSH,Female,0,No,No,3,No,No phone service,Dsl,No,No,No,No,Yes,No,Month-To-Month,Yes,Credit Card (Automatic),34.8,113.95
3002-WQZWT,Female,0,No,No,29,Yes,Yes,Fiber Optic,No,No,No,No,No,No,Month-To-Month,Yes,Electronic Check,74.2,1993.25
0993-OSGPT,Female,1,Yes,No,68,Yes,No,Dsl,No,Yes,Yes,Yes,No,No,One Year,Yes,Bank Transfer (Automatic),60.65,3975.9
5173-ZXXXL,Male,0,No,No,2,Yes,No,No,No internet service,No internet service,No internet service,No internet service,No internet service,No internet service,One Year,No,Mailed Check,19.95,47.7
8384-FZBJK,Female,0,Yes,Yes,57,Yes,Yes,Fiber Optic,No,Yes,No,No,Yes,Yes,Month-To-Month,Yes,Electronic Check,100.6,5611.7
5315-CKEQK,Male,1,Yes,Yes,28,Yes,Yes,Dsl,No,No,No,No,No,No,One Year,Yes,Electronic Check,51.0,1381.8
1173-XZPYF,Female,0,No,No,11,Yes,Yes,Fiber Optic,No,No,Yes,No,Yes,No,Month-To-Month,Yes,Electronic Check,89.2,990.3
4526-ZJJTM,Female,1,Yes,No,25,Yes,No,Fiber Optic,No,Yes,Yes,No,No,Yes,Month-To-Month,No,Bank Transfer (Automatic),88.4,2191.15
7694-VLBWQ,Male,0,Yes,No,67,Yes,Yes,Fiber Optic,No,Yes,Yes,No,Yes,Yes,One Year,No,Electronic Check,104.1,7040.85
1624-NALOJ,Male,1,No,No,5,Yes,Yes,Fiber Optic,No,Yes,No,No,No,Yes,Month-To-Month,Yes,Electronic Check,89.8,502.6
3981-QSVQI,Male,0,No,No,8,Yes,No,No,No internet service,No internet service,No internet service,No internet service,No internet service,No internet service,Month-To-Month,Yes,Bank Transfer (Automatic),19.7,168.9
8161-QYMTT,Male,0,No,No,7,Yes,Yes,Fiber Optic,No,No,No,No,Yes,Yes,Month-To-Month,Yes,Electronic Check,94.1,701.3
4592-IWTJI,Female,0,Yes,Yes,3,No,No phone service,Dsl,Yes,No,No,No,No,No,Month-To-Month,No,Credit Card (Automatic),29.7,91.7
5197-LQXXH,Female,0,Yes,No,71,Yes,Yes,Dsl,No,Yes,Yes,Yes,Yes,Yes,Two Year,Yes,Credit Card (Automatic),83.3,5894.5
6345-FZOQH,Male,0,Yes,No,69,Yes,No,No,No internet service,No internet service,No internet service,No internet service,No internet service,No internet service,Two Year,No,Mailed Check,19.9,1363.45
9574-BOSMD,Male,0,Yes,Yes,68,Yes,Yes,No,No internet service,No internet service,No internet service,No internet service,No internet service,No internet service,Two Year,No,Bank Transfer (Automatic),20.15,1620.2
6483-OATDN,Male,0,Yes,Yes,8,Yes,No,Dsl,Yes,No,No,No,No,No,Month-To-Month,Yes,Credit Card (Automatic),51.3,411.6
9938-EKRGF,Female,0,No,No,15,Yes,No,Dsl,Yes,Yes,Yes,Yes,Yes,Yes,Month-To-Month,No,Mailed Check,84.45,1287.85
9281-CEDRU,Female,0,Yes,No,68,Yes,No,Dsl,No,Yes,No,Yes,Yes,No,Two Year,No,Bank Transfer (Automatic),64.1,4326.25
5035-BVCXS,Male,0,No,No,11,Yes,No,Fiber Optic,No,Yes,No,No,No,No,Month-To-Month,Yes,Mailed Check,75.9,866.4
8590-YFFQO,Male,0,Yes,No,70,Yes,No,Dsl,Yes,Yes,Yes,Yes,No,No,Two Year,No,Credit Card (Automatic),64.95,4523.25
9208-OLGAQ,Female,1,No,No,18,Yes,No,Fiber Optic,No,No,Yes,No,No,Yes,Month-To-Month,Yes,Electronic Check,84.95,1443.65
9052-VKDUW,Female,1,Yes,No,65,Yes,Yes,Fiber Optic,Yes,Yes,Yes,No,Yes,Yes,Month-To-Month,Yes,Credit Card (Automatic),109.4,7227.45
8087-LGYHQ,Male,0,No,No,9,Yes,No,Fiber Optic,No,No,Yes,No,Yes,Yes,Month-To-Month,Yes,Electronic Check,94.05,811.65
7010-BRBUU,Male,0,Yes,Yes,72,Yes,Yes,No,No internet service,No internet service,No internet service,No internet service,No internet service,No internet service,Two Year,No,Credit Card (Automatic),24.1,1734.65
3545-CNWRG,Female,0,Yes,Yes,49,Yes,Yes,Fiber Optic,No,Yes,No,No,Yes,Yes,Month-To-Month,Yes,Electronic Check,98.35,4889.2
5727-MYATE,Male,0,Yes,Yes,72,Yes,Yes,Dsl,Yes,Yes,Yes,Yes,Yes,Yes,Two Year,Yes,Credit Card (Automatic),90.8,6397.6
3563-SVYLG,Male,0,Yes,Yes,68,Yes,No,Dsl,Yes,Yes,Yes,Yes,No,No,Two Year,No,Credit Card (Automatic),62.65,4375.8
3472-OAOOR,Male,0,Yes,Yes,19,No,No phone service,Dsl,Yes,Yes,No,No,No,No,Month-To-Month,Yes,Mailed Check,34.95,610.2
8755-OGKNA,Female,0,Yes,Yes,57,Yes,No,No,No internet service,No internet service,No internet service,No internet service,No internet service,No internet service,Two Year,No,Bank Transfer (Automatic),19.5,1167.6
4254-QPEDE,Female,0,Yes,No,52,No,No phone service,Dsl,Yes,Yes,Yes,Yes,Yes,Yes,Two Year,No,Credit Card (Automatic),66.25,3330.1
0118-JPNOY,Female,1,No,No,26,Yes,No,Fiber Optic,Yes,No,No,No,Yes,No,Month-To-Month,Yes,Credit Card (Automatic),85.8,2193.65
5939-XAIXZ,Female,0,No,No,19,Yes,Yes,Dsl,No,No,Yes,No,No,No,Month-To-Month,Yes,Mailed Check,56.1,1033.9
4826-TZEVA,Female,0,No,No,40,Yes,No,Fiber Optic,No,Yes,No,No,No,No,Month-To-Month,No,Credit Card (Automatic),74.8,2971.7
1548-FEHVL,Male,0,Yes,No,61,Yes,Yes,Fiber Optic,Yes,Yes,No,No,Yes,Yes,Month-To-Month,Yes,Electronic Check,106.2,6375.2
6467-CHFZW,Male,0,Yes,Yes,47,Yes,Yes,Fiber Optic,No,Yes,No,No,Yes,Yes,Month-To-Month,Yes,Electronic Check,99.35,4749.15
0623-EJQEG,Male,0,No,No,65,Yes,Yes,Fiber Optic,Yes,No,No,Yes,No,Yes,One Year,No,Electronic Check,93.55,6069.25
3763-GCZHZ,Male,0,Yes,No,66,Yes,Yes,Fiber Optic,No,Yes,No,Yes,Yes,Yes,One Year,Yes,Electronic Check,104.05,6890.0
7993-PYKOF,Male,0,Yes,No,8,Yes,No,Fiber Optic,Yes,No,No,No,No,No,Month-To-Month,No,Electronic Check,75.0,632.95
1502-XFCVR,Female,0,No,No,58,Yes,No,Fiber Optic,Yes,Yes,Yes,No,Yes,Yes,One Year,Yes,Electronic Check,106.45,6145.85
7208-PSIHR,Female,0,Yes,No,70,Yes,Yes,Fiber Optic,No,No,Yes,Yes,Yes,Yes,Two Year,Yes,Bank Transfer (Automatic),104.3,7188.5
2305-MRGLV,Male,0,Yes,No,28,Yes,No,Fiber Optic,No,No,No,Yes,No,No,Month-To-Month,No,Bank Transfer (Automatic),76.55,2065.4
2696-ECXKC,Female,0,Yes,Yes,55,Yes,Yes,Fiber Optic,Yes,No,No,No,Yes,Yes,One Year,No,Mailed Check,100.9,5448.6
6633-MPWBS,Male,0,No,No,5,Yes,No,Dsl,No,No,No,Yes,No,No,Month-To-Month,Yes,Electronic Check,49.2,216.9
6994-ORCWG,Female,0,No,No,14,Yes,Yes,Dsl,No,Yes,No,No,No,No,One Year,Yes,Mailed Check,54.25,773.2
6537-QLGEX,Female,0,No,No,16,No,No phone service,Dsl,Yes,No,No,No,Yes,No,Month-To-Month,Yes,Electronic Check,38.9,664.4
4598-XLKNJ,Female,1,Yes,No,25,Yes,No,Fiber Optic,No,Yes,Yes,No,Yes,Yes,Month-To-Month,Yes,Electronic Check,98.5,2514.5
8380-MQINP,Female,0,Yes,Yes,55,Yes,No,No,No internet service,No internet service,No internet service,No internet service,No internet service,No internet service,Two Year,No,Mailed Check,20.3,1079.05
5955-ERIHD,Male,0,Yes,No,18,Yes,Yes,Fiber Optic,No,No,No,No,Yes,Yes,Month-To-Month,Yes,Electronic Check,94.7,1687.95
0419-YAAPX,Male,0,Yes,No,49,Yes,No,Fiber Optic,No,Yes,No,No,Yes,No,Month-To-Month,Yes,Credit Card (Automatic),85.3,4297.95
7153-OANIO,Male,0,No,No,1,Yes,No,Fiber Optic,No,No,No,No,No,No,Month-To-Month,No,Electronic Check,69.95,69.95
3569-VLDHH,Male,0,Yes,Yes,66,Yes,No,Dsl,Yes,Yes,Yes,Yes,Yes,No,One Year,Yes,Electronic Check,75.1,5013.0
7359-WWYJV,Male,0,Yes,No,72,Yes,Yes,Fiber Optic,Yes,Yes,Yes,Yes,Yes,Yes,Two Year,No,Credit Card (Automatic),114.45,8375.05
9190-MFJLN,Male,1,No,No,19,Yes,No,Fiber Optic,No,No,Yes,No,Yes,Yes,Month-To-Month,Yes,Credit Card (Automatic),95.9,1777.9
6892-XPFPU,Male,1,Yes,No,24,Yes,Yes,Fiber Optic,No,Yes,Yes,No,Yes,Yes,Month-To-Month,Yes,Electronic Check,104.25,2433.9
5126-RCXYW,Male,0,Yes,Yes,54,No,No phone service,Dsl,No,No,Yes,Yes,No,Yes,Two Year,No,Credit Card (Automatic),46.0,2424.05
7921-LMDFQ,Male,1,No,No,51,Yes,No,Fiber Optic,No,No,Yes,No,Yes,Yes,One Year,Yes,Bank Transfer (Automatic),94.0,4905.75
0595-ITUDF,Male,0,Yes,Yes,64,Yes,Yes,Fiber Optic,Yes,Yes,Yes,No,No,No,Month-To-Month,Yes,Electronic Check,91.8,5960.5
5922-ABDVO,Female,0,Yes,No,19,Yes,Yes,Fiber Optic,No,No,Yes,No,No,Yes,Month-To-Month,No,Mailed Check,89.65,1761.05
9134-WYRVP,Male,0,No,No,51,Yes,No,Fiber Optic,Yes,No,No,No,Yes,No,One Year,No,Mailed Check,86.35,4267.15
8414-MYSHR,Male,1,No,No,5,Yes,No,Fiber Optic,No,No,No,No,Yes,Yes,Month-To-Month,Yes,Electronic Check,91.4,449.75
5590-BYNII,Male,0,No,No,22,Yes,Yes,Fiber Optic,Yes,No,No,No,Yes,Yes,Month-To-Month,Yes,Electronic Check,100.75,2095.0
6681-ZSEXG,Male,0,Yes,No,56,Yes,Yes,Dsl,No,Yes,Yes,No,No,No,Two Year,No,Credit Card (Automatic),59.5,3389.25
5130-YPIRV,Female,0,Yes,No,62,Yes,No,Dsl,Yes,Yes,Yes,No,Yes,No,Two Year,Yes,Credit Card (Automatic),72.0,4284.2
6292-TOSSS,Male,0,No,No,50,Yes,Yes,No,No internet service,No internet service,No internet service,No internet service,No internet service,No internet service,Two Year,No,Bank Transfer (Automatic),24.9,1195.25
2454-RPBRZ,Female,1,Yes,No,12,Yes,Yes,Fiber Optic,No,Yes,Yes,No,Yes,No,Month-To-Month,Yes,Electronic Check,98.1,1060.2
5039-LZRQT,Female,0,No,No,13,Yes,No,No,No internet service,No internet service,No internet service,No internet service,No internet service,No internet service,One Year,No,Mailed Check,20.2,273.25
8544-JNBOX,Male,0,No,No,72,Yes,No,No,No internet service,No internet service,No internet service,No internet service,No internet service,No internet service,Two Year,Yes,Mailed Check,20.8,1521.2
1763-WQFUK,Male,0,No,No,3,Yes,No,Dsl,No,No,No,Yes,No,No,Month-To-Month,Yes,Mailed Check,50.5,147.75
3391-JSQEW,Male,0,Yes,No,40,Yes,No,Dsl,No,Yes,No,No,No,No,Month-To-Month,Yes,Mailed Check,50.15,2058.5
2560-QTSBS,Female,0,Yes,Yes,72,Yes,Yes,No,No internet service,No internet service,No internet service,No internet service,No internet service,No internet service,One Year,Yes,Bank Transfer (Automatic),23.3,1623.15
7881-EVUAD,Female,0,No,No,2,No,No phone service,Dsl,Yes,Yes,No,No,No,Yes,Month-To-Month,Yes,Electronic Check,42.6,72.4
9286-BHDQG,Male,0,Yes,Yes,72,No,No phone service,Dsl,Yes,Yes,Yes,Yes,No,No,Two Year,No,Credit Card (Automatic),45.25,3139.8
0587-DMGBH,Female,0,No,No,8,Yes,No,Dsl,Yes,No,No,No,No,No,Month-To-Month,Yes,Electronic Check,49.85,365.55
6840-RESVB,Male,0,Yes,Yes,24,Yes,Yes,Dsl,Yes,No,Yes,Yes,Yes,Yes,One Year,Yes,Mailed Check,56.05,1990.5
5055-BRMNE,Female,0,Yes,Yes,67,Yes,Yes,Fiber Optic,Yes,No,No,Yes,Yes,Yes,Two Year,No,Credit Card (Automatic),106.7,7009.5
4250-ZBWLV,Male,0,No,No,68,Yes,Yes,Fiber Optic,No,Yes,Yes,Yes,Yes,Yes,One Year,No,Electronic Check,108.45,7176.55
6674-KVJHG,Female,0,No,No,11,Yes,Yes,No,No internet service,No internet service,No internet service,No internet service,No internet service,No internet service,One Year,No,Electronic Check,25.2,245.15
5022-JNQEQ,Female,0,Yes,Yes,9,Yes,No,Fiber Optic,No,No,No,Yes,No,No,Month-To-Month,Yes,Electronic Check,75.85,647.5
2921-XWDJH,Female,1,Yes,No,38,Yes,No,Fiber Optic,Yes,No,No,No,No,Yes,Month-To-Month,Yes,Electronic Check,83.45,3147.15
3181-MIZBN,Male,0,Yes,Yes,16,Yes,No,No,No internet service,No internet service,No internet service,No internet service,No internet service,No internet service,Month-To-Month,No,Electronic Check,19.75,313.4
4682-BLBUC,Male,0,Yes,No,44,Yes,No,Dsl,No,Yes,Yes,Yes,Yes,No,One Year,Yes,Electronic Check,70.95,3250.45
0853-TWRVK,Male,0,Yes,No,72,Yes,Yes,Fiber Optic,Yes,Yes,Yes,Yes,No,Yes,Two Year,No,Bank Transfer (Automatic),105.6,7581.5
8963-JLGJT,Male,0,No,Yes,3,Yes,No,Dsl,Yes,No,Yes,No,No,No,Month-To-Month,No,Mailed Check,55.9,157.55
8873-GLDMH,Female,0,No,No,6,Yes,Yes,Fiber Optic,No,No,No,No,No,No,Month-To-Month,Yes,Mailed Check,73.85,401.3
6242-SGYTS,Male,0,Yes,Yes,62,Yes,Yes,Fiber Optic,Yes,Yes,No,No,Yes,No,One Year,Yes,Electronic Check,94.95,5791.85
0107-WESLM,Male,0,No,No,1,Yes,No,No,No internet service,No internet service,No internet service,No internet service,No internet service,No internet service,Month-To-Month,Yes,Electronic Check,19.85,19.85
3995-WFCSM,Female,0,No,No,2,Yes,No,Dsl,No,No,Yes,No,No,Yes,Month-To-Month,No,Electronic Check,60.85,111.4
0748-RDGGM,Male,0,Yes,No,70,Yes,No,Fiber Optic,Yes,Yes,Yes,Yes,Yes,Yes,One Year,Yes,Bank Transfer (Automatic),109.5,7534.65
3338-CVVEH,Male,0,No,No,12,Yes,Yes,Fiber Optic,No,No,No,No,Yes,Yes,Month-To-Month,No,Electronic Check,94.55,1173.55
7218-HKQFK,Male,0,Yes,No,2,Yes,No,Fiber Optic,No,No,No,Yes,Yes,Yes,Month-To-Month,Yes,Electronic Check,94.2,167.5
5976-JCJRH,Male,0,Yes,No,10,Yes,No,Fiber Optic,No,No,No,No,No,No,Month-To-Month,Yes,Electronic Check,70.3,738.2
5141-ZUVBH,Female,0,No,Yes,9,Yes,No,Fiber Optic,Yes,No,Yes,Yes,No,Yes,Month-To-Month,No,Bank Transfer (Automatic),93.0,870.25
8111-SLLHI,Male,1,Yes,No,39,Yes,Yes,Fiber Optic,No,Yes,Yes,No,Yes,Yes,Month-To-Month,Yes,Electronic Check,105.65,4284.8
1820-TQVEV,Male,0,No,No,1,Yes,No,Fiber Optic,No,No,No,No,No,No,Month-To-Month,Yes,Electronic Check,69.55,69.55
1397-XKKWR,Male,0,No,No,7,No,No phone service,Dsl,Yes,No,Yes,No,No,No,One Year,No,Mailed Check,35.3,264.8
8149-AIQCG,Male,0,No,No,39,Yes,Yes,Fiber Optic,No,No,No,No,No,No,Month-To-Month,Yes,Credit Card (Automatic),73.15,2730.85
4424-TKOPW,Male,1,No,No,2,Yes,Yes,Fiber Optic,No,No,No,No,Yes,Yes,Month-To-Month,Yes,Electronic Check,93.85,196.75
6682-QJDGB,Male,0,No,Yes,40,Yes,No,Dsl,Yes,Yes,No,No,No,No,Month-To-Month,Yes,Mailed Check,55.25,2139.2
7089-XXAYG,Male,0,Yes,No,25,No,No phone service,Dsl,No,No,Yes,No,Yes,No,One Year,Yes,Credit Card (Automatic),38.1,970.4
7319-VENRZ,Male,0,No,No,7,Yes,No,Dsl,No,No,Yes,Yes,Yes,No,Month-To-Month,No,Bank Transfer (Automatic),64.3,445.95
1004-NOZNR,Male,1,No,Yes,56,Yes,No,Fiber Optic,Yes,No,No,No,Yes,Yes,One Year,No,Credit Card (Automatic),94.8,5264.3
9339-FIIJL,Male,0,Yes,No,72,Yes,Yes,Dsl,No,Yes,Yes,Yes,Yes,Yes,Two Year,No,Bank Transfer (Automatic),85.95,6151.9
1096-ADRUX,Female,0,Yes,Yes,66,Yes,Yes,Fiber Optic,No,No,No,No,No,No,One Year,Yes,Bank Transfer (Automatic),74.25,4859.25
1196-AMORA,Male,0,No,No,7,Yes,Yes,Fiber Optic,No,No,No,No,No,No,Month-To-Month,No,Electronic Check,73.6,520.0
1142-IHLOO,Female,0,No,No,51,Yes,No,Fiber Optic,No,No,No,No,Yes,Yes,One Year,No,Credit Card (Automatic),87.55,4475.9
9809-IMGCQ,Male,1,No,No,22,Yes,Yes,Fiber Optic,No,No,No,No,Yes,Yes,Month-To-Month,Yes,Electronic Check,96.7,2082.95
0611-DFXKO,Male,0,Yes,No,20,Yes,No,Fiber Optic,No,No,No,No,Yes,Yes,Month-To-Month,Yes,Mailed Check,89.0,1820.45
2606-PKWJB,Male,0,No,Yes,40,No,No phone service,Dsl,Yes,Yes,No,Yes,No,No,One Year,No,Mailed Check,40.25,1564.05
3915-ODIYG,Male,1,No,No,60,Yes,Yes,Dsl,Yes,Yes,No,No,No,Yes,One Year,Yes,Electronic Check,71.75,4374.55
8909-BOLNL,Male,0,No,No,3,Yes,No,No,No internet service,No internet service,No internet service,No internet service,No internet service,No internet service,One Year,No,Mailed Check,21.2,52.05
6158-DWPZT,Male,0,Yes,No,9,No,No phone service,Dsl,No,No,No,No,No,No,One Year,No,Bank Transfer (Automatic),24.1,259.8
5310-NOOVA,Male,0,No,No,46,Yes,No,No,No internet service,No internet service,No internet service,No internet service,No internet service,No internet service,Two Year,No,Electronic Check,19.95,907.05
7636-PEPNS,Female,0,Yes,Yes,58,Yes,No,Dsl,No,No,No,No,No,No,One Year,Yes,Mailed Check,44.1,2413.05
5697-GOMBF,Female,1,Yes,Yes,28,No,No phone service,Dsl,No,No,No,No,Yes,No,Month-To-Month,Yes,Electronic Check,35.9,973.65
4837-PZTIC,Female,0,No,No,47,No,No phone service,Dsl,Yes,No,Yes,Yes,No,No,Two Year,No,Mailed Check,41.9,1875.25
8844-TONUD,Male,0,Yes,Yes,13,Yes,No,Fiber Optic,No,No,Yes,No,Yes,Yes,Month-To-Month,Yes,Mailed Check,96.65,1162.85
0862-PRCBS,Female,0,Yes,Yes,68,Yes,Yes,Fiber Optic,No,Yes,No,Yes,Yes,Yes,Two Year,Yes,Credit Card (Automatic),103.75,7039.45
6685-XSHHU,Male,0,Yes,Yes,60,Yes,No,No,No internet service,No internet service,No internet service,No internet service,No internet service,No internet service,Two Year,Yes,Bank Transfer (Automatic),20.95,1270.55
4530-NDRKU,Female,0,Yes,Yes,42,Yes,No,No,No internet service,No internet service,No internet service,No internet service,No internet service,No internet service,One Year,Yes,Electronic Check,19.05,761.85
3457-PQBYH,Female,0,Yes,Yes,58,Yes,No,No,No internet service,No internet service,No internet service,No internet service,No internet service,No internet service,Two Year,No,Credit Card (Automatic),20.3,1160.75
6559-PDZLR,Male,0,No,No,26,Yes,No,Fiber Optic,No,No,Yes,Yes,Yes,Yes,Month-To-Month,Yes,Electronic Check,98.65,2537.0
2845-HSJCY,Female,0,Yes,Yes,14,Yes,Yes,Fiber Optic,No,No,Yes,No,No,Yes,Month-To-Month,Yes,Electronic Check,87.25,1258.6
4160-AMJTL,Female,1,No,No,8,Yes,No,No,No internet service,No internet service,No internet service,No internet service,No internet service,No internet service,Month-To-Month,No,Electronic Check,19.65,164.3
7552-KEYGT,Male,0,Yes,No,27,Yes,No,No,No internet service,No internet service,No internet service,No internet service,No internet service,No internet service,Two Year,No,Bank Transfer (Automatic),19.55,520.55
5419-CONWX,Female,1,No,No,4,Yes,No,Fiber Optic,No,Yes,Yes,No,Yes,Yes,Month-To-Month,Yes,Credit Card (Automatic),99.8,442.85
7924-GJZFI,Female,1,Yes,No,25,Yes,No,Fiber Optic,No,No,No,No,No,No,Month-To-Month,Yes,Electronic Check,69.3,1813.1
3935-TBRZZ,Male,0,Yes,Yes,44,Yes,Yes,No,No internet service,No internet service,No internet service,No internet service,No internet service,No internet service,One Year,No,Mailed Check,25.7,1110.5
5862-BRIXZ,Male,0,No,No,46,No,No phone service,Dsl,Yes,No,Yes,Yes,Yes,Yes,Two Year,Yes,Bank Transfer (Automatic),60.75,2893.4
2277-BKJKN,Female,1,Yes,No,71,Yes,No,Fiber Optic,No,Yes,Yes,No,Yes,Yes,Two Year,Yes,Electronic Check,99.2,7213.75
0621-JFHOL,Female,0,No,No,10,No,No phone service,Dsl,No,No,No,Yes,No,No,Two Year,Yes,Mailed Check,29.6,299.05
6619-RPLQZ,Female,0,Yes,Yes,45,Yes,No,No,No internet service,No internet service,No internet service,No internet service,No internet service,No internet service,Two Year,No,Mailed Check,20.85,892.15
8314-HTWVE,Female,0,Yes,Yes,7,Yes,No,No,No internet service,No internet service,No internet service,No internet service,No internet service,No internet service,Two Year,No,Mailed Check,19.85,144.15
4154-AQUGT,Male,1,Yes,No,13,Yes,No,Fiber Optic,No,Yes,No,Yes,No,Yes,Month-To-Month,Yes,Bank Transfer (Automatic),89.05,1169.35
7698-YFGEZ,Male,0,No,No,1,Yes,No,No,No internet service,No internet service,No internet service,No internet service,No internet service,No internet service,Month-To-Month,No,Mailed Check,20.0,20.0
8050-DVOJX,Male,1,No,No,49,Yes,Yes,Dsl,Yes,Yes,Yes,Yes,No,Yes,Two Year,No,Credit Card (Automatic),81.35,4060.9
4455-BFSPD,Female,0,Yes,No,61,Yes,Yes,Fiber Optic,No,No,No,Yes,Yes,Yes,One Year,No,Bank Transfer (Automatic),101.15,6383.9
6504-VBLFL,Male,0,Yes,No,55,Yes,No,Dsl,Yes,Yes,Yes,No,No,No,Two Year,No,Electronic Check,58.6,3068.6
8999-BOHSE,Female,1,No,No,11,Yes,No,Fiber Optic,No,No,No,No,Yes,Yes,Month-To-Month,No,Bank Transfer (Automatic),89.7,1047.7
0562-FGDCR,Female,0,Yes,Yes,72,Yes,Yes,Dsl,Yes,Yes,No,Yes,Yes,No,Two Year,No,Mailed Check,74.55,5430.65
5793-YOLJN,Female,0,Yes,Yes,55,Yes,No,No,No internet service,No internet service,No internet service,No internet service,No internet service,No internet service,Two Year,No,Mailed Check,21.0,1210.3
9873-MNDKV,Female,0,No,No,11,Yes,No,Dsl,No,No,No,No,No,No,Month-To-Month,Yes,Mailed Check,44.65,472.25
0723-DRCLG,Female,1,Yes,No,1,Yes,Yes,Fiber Optic,No,No,No,No,No,No,Month-To-Month,Yes,Electronic Check,74.45,74.45
2606-RMDHZ,Male,0,No,No,6,No,No phone service,Dsl,No,Yes,No,No,No,No,Month-To-Month,Yes,Credit Card (Automatic),30.5,208.7
6122-LJADA,Male,0,Yes,Yes,70,Yes,Yes,Dsl,Yes,Yes,Yes,Yes,Yes,Yes,Two Year,Yes,Credit Card (Automatic),90.15,6237.05
7868-TMWMZ,Female,1,Yes,No,60,Yes,No,Fiber Optic,Yes,Yes,Yes,Yes,Yes,Yes,Two Year,Yes,Bank Transfer (Automatic),110.0,6668.35
1897-RCFUM,Female,0,Yes,Yes,39,Yes,Yes,No,No internet service,No internet service,No internet service,No internet service,No internet service,No internet service,One Year,Yes,Mailed Check,24.2,914.6
5522-JBWMO,Male,0,No,Yes,1,Yes,No,Dsl,No,No,No,No,No,No,Month-To-Month,No,Electronic Check,44.0,44.0
3887-PBQAO,Female,0,Yes,Yes,45,Yes,Yes,No,No internet service,No internet service,No internet service,No internet service,No internet service,No internet service,One Year,Yes,Credit Card (Automatic),25.9,1216.6
8277-RVRSV,Female,0,Yes,Yes,33,Yes,Yes,No,No internet service,No internet service,No internet service,No internet service,No internet service,No internet service,One Year,No,Credit Card (Automatic),24.15,800.3
1746-TGTWV,Male,0,Yes,No,1,Yes,No,Fiber Optic,No,No,Yes,No,No,No,Month-To-Month,No,Credit Card (Automatic),75.35,75.35
6876-ADESB,Male,0,No,Yes,1,Yes,No,Dsl,No,No,Yes,No,No,No,Month-To-Month,No,Electronic Check,48.95,48.95
7754-IXRMC,Female,0,No,No,1,Yes,No,Dsl,No,No,No,No,No,No,Month-To-Month,No,Mailed Check,45.35,45.35
7228-OMTPN,Male,0,No,No,4,Yes,No,Fiber Optic,No,No,No,No,Yes,Yes,Month-To-Month,Yes,Electronic Check,88.45,370.65
1052-QJIBV,Female,0,Yes,Yes,71,Yes,No,No,No internet service,No internet service,No internet service,No internet service,No internet service,No internet service,Two Year,No,Credit Card (Automatic),19.9,1397.3
9143-CANJF,Female,0,Yes,Yes,24,Yes,No,Dsl,Yes,No,No,Yes,No,No,Month-To-Month,No,Electronic Check,55.15,1319.85
2722-VOJQL,Male,0,No,No,64,Yes,Yes,Fiber Optic,No,Yes,No,Yes,Yes,Yes,One Year,Yes,Credit Card (Automatic),105.65,6903.1
4425-OWHWB,Female,0,No,No,20,Yes,No,No,No internet service,No internet service,No internet service,No internet service,No internet service,No internet service,One Year,Yes,Credit Card (Automatic),19.35,433.75
4632-PAOYU,Male,0,Yes,Yes,22,Yes,No,No,No internet service,No internet service,No internet service,No internet service,No internet service,No internet service,One Year,No,Mailed Check,19.95,433.5
7941-RCJOW,Male,0,No,No,65,Yes,No,No,No internet service,No internet service,No internet service,No internet service,No internet service,No internet service,Two Year,Yes,Credit Card (Automatic),19.55,1218.65
2292-XQWSV,Male,0,Yes,Yes,40,No,No phone service,Dsl,No,Yes,Yes,Yes,Yes,Yes,One Year,No,Mailed Check,60.3,2448.5
5622-UEJFI,Female,0,Yes,Yes,35,Yes,Yes,No,No internet service,No internet service,No internet service,No internet service,No internet service,No internet service,Two Year,Yes,Credit Card (Automatic),25.4,949.8
9103-CXVOK,Male,0,Yes,Yes,1,Yes,No,No,No internet service,No internet service,No internet service,No internet service,No internet service,No internet service,Month-To-Month,No,Electronic Check,19.75,19.75
8720-RQSBJ,Male,1,No,No,1,Yes,No,Dsl,No,No,No,No,No,No,Month-To-Month,No,Electronic Check,44.0,44.0
9367-WXLCH,Male,0,No,No,8,Yes,Yes,Fiber Optic,No,No,No,No,No,Yes,Month-To-Month,No,Bank Transfer (Automatic),84.5,662.65
5931-FLJJF,Male,1,Yes,No,7,Yes,No,Fiber Optic,No,No,No,No,No,No,Month-To-Month,Yes,Mailed Check,70.1,467.55
0228-MAUWC,Male,0,No,No,19,Yes,Yes,Dsl,No,No,Yes,Yes,No,No,Month-To-Month,No,Electronic Check,59.55,1144.6
3950-VPYJB,Male,0,Yes,Yes,57,Yes,No,Dsl,Yes,Yes,No,Yes,No,No,One Year,No,Mailed Check,59.6,3509.4
8160-HOWOX,Female,0,No,No,7,Yes,No,Dsl,No,No,No,No,Yes,Yes,Month-To-Month,Yes,Electronic Check,66.85,458.1
0880-TKATG,Male,0,Yes,Yes,4,Yes,Yes,Fiber Optic,No,No,Yes,No,Yes,Yes,Month-To-Month,No,Electronic Check,101.15,385.9
7851-WZEKY,Female,0,No,No,2,Yes,Yes,Fiber Optic,No,No,No,No,Yes,Yes,Month-To-Month,Yes,Electronic Check,95.15,196.9
6114-TCFID,Female,0,No,No,29,No,No phone service,Dsl,Yes,Yes,No,Yes,No,No,One Year,No,Credit Card (Automatic),39.5,1082.75
9732-EQMWY,Female,0,Yes,No,49,Yes,No,Fiber Optic,No,Yes,Yes,No,Yes,Yes,Month-To-Month,No,Electronic Check,99.4,5025.0
9637-CDTKZ,Male,0,Yes,No,72,Yes,Yes,Fiber Optic,Yes,Yes,Yes,Yes,Yes,Yes,Two Year,Yes,Credit Card (Automatic),114.1,8086.4
8165-CBKXO,Male,0,Yes,Yes,66,No,No phone service,Dsl,No,Yes,Yes,No,Yes,Yes,Two Year,Yes,Credit Card (Automatic),56.75,3708.4
2039-JONDJ,Male,0,No,No,27,Yes,No,Dsl,Yes,Yes,No,No,No,No,One Year,No,Bank Transfer (Automatic),55.45,1477.65
9115-YQHGA,Male,0,No,No,40,Yes,No,Dsl,No,No,No,Yes,No,No,Month-To-Month,Yes,Electronic Check,51.1,2092.9
9039-ZVJDC,Male,0,No,No,3,Yes,No,No,No internet service,No internet service,No internet service,No internet service,No internet service,No internet service,Month-To-Month,Yes,Mailed Check,19.1,53.05
0234-TEVTT,Female,0,Yes,Yes,48,No,No phone service,Dsl,Yes,No,Yes,No,No,Yes,One Year,No,Credit Card (Automatic),45.0,2196.3
4023-RTIQM,Female,1,Yes,No,31,No,No phone service,Dsl,Yes,Yes,Yes,No,No,Yes,One Year,Yes,Credit Card (Automatic),50.4,1580.1
5605-IYGFG,Female,0,No,No,7,Yes,No,Fiber Optic,No,No,No,No,No,No,Month-To-Month,Yes,Bank Transfer (Automatic),69.85,515.45
5307-UVGNB,Female,0,Yes,Yes,53,No,No phone service,Dsl,Yes,Yes,Yes,No,No,Yes,Month-To-Month,Yes,Bank Transfer (Automatic),48.7,2495.2
8707-HOEDG,Female,0,Yes,Yes,70,Yes,Yes,Fiber Optic,No,Yes,Yes,Yes,Yes,Yes,Two Year,Yes,Electronic Check,110.2,7689.8
5914-DVBWJ,Female,1,No,No,18,Yes,Yes,Fiber Optic,No,Yes,No,Yes,No,No,Month-To-Month,Yes,Electronic Check,85.45,1505.85
8849-AYPTR,Male,0,Yes,No,33,Yes,No,Fiber Optic,No,No,No,No,Yes,Yes,Month-To-Month,No,Electronic Check,91.25,2964.05
7129-AZJDE,Male,0,Yes,Yes,34,Yes,No,Fiber Optic,No,No,No,No,No,Yes,One Year,Yes,Bank Transfer (Automatic),78.95,2647.2
9929-PLVPA,Female,0,No,Yes,4,Yes,No,No,No internet service,No internet service,No internet service,No internet service,No internet service,No internet service,Month-To-Month,No,Credit Card (Automatic),20.4,94.5
0207-MDKNV,Female,0,No,No,15,Yes,No,Fiber Optic,Yes,No,Yes,Yes,Yes,Yes,Month-To-Month,No,Electronic Check,105.1,1582.75
8883-ANODQ,Female,0,Yes,Yes,68,Yes,Yes,Fiber Optic,No,Yes,Yes,No,No,No,Two Year,Yes,Credit Card (Automatic),84.4,5746.75
1539-LNKHM,Female,0,No,No,12,Yes,No,No,No internet service,No internet service,No internet service,No internet service,No internet service,No internet service,Month-To-Month,No,Mailed Check,20.4,266.6
5656-JAMLX,Male,0,No,No,62,Yes,No,No,No internet service,No internet service,No internet service,No internet service,No internet service,No internet service,Two Year,No,Bank Transfer (Automatic),19.85,1253.65
8194-PEEBY,Female,0,Yes,Yes,24,Yes,No,No,No internet service,No internet service,No internet service,No internet service,No internet service,No internet service,One Year,No,Mailed Check,19.9,533.5
6869-FGJJC,Male,0,No,No,68,Yes,No,Fiber Optic,No,Yes,Yes,No,No,No,One Year,No,Credit Card (Automatic),79.6,5461.45
5240-IJOQT,Male,1,No,No,1,Yes,Yes,Fiber Optic,No,No,No,No,No,No,Month-To-Month,Yes,Electronic Check,74.7,74.7
4664-NJCMS,Female,0,Yes,No,33,No,No phone service,Dsl,Yes,No,Yes,Yes,Yes,Yes,Two Year,No,Bank Transfer (Automatic),59.55,2016.3
1751-NCDLI,Male,1,Yes,No,46,Yes,Yes,Fiber Optic,No,No,Yes,No,Yes,Yes,Month-To-Month,Yes,Electronic Check,98.85,4564.9
0967-BMLBD,Female,0,Yes,Yes,11,Yes,No,No,No internet service,No internet service,No internet service,No internet service,No internet service,No internet service,One Year,Yes,Mailed Check,20.0,196.35
3920-HIHMQ,Female,0,No,Yes,26,Yes,Yes,Dsl,No,No,No,No,No,No,Month-To-Month,Yes,Mailed Check,49.5,1265.65
6776-TLWOI,Male,0,No,No,3,Yes,No,No,No internet service,No internet service,No internet service,No internet service,No internet service,No internet service,Month-To-Month,No,Mailed Check,19.85,64.55
1450-GALXR,Female,0,No,No,10,Yes,Yes,Fiber Optic,No,No,No,Yes,Yes,Yes,Month-To-Month,Yes,Electronic Check,98.5,1058.25
9435-JMLSX,Male,0,Yes,No,71,Yes,No,Dsl,Yes,Yes,Yes,Yes,Yes,Yes,Two Year,Yes,Bank Transfer (Automatic),86.1,6045.9
0654-HMSHN,Male,0,Yes,Yes,21,Yes,Yes,Fiber Optic,No,Yes,Yes,No,Yes,Yes,Month-To-Month,No,Electronic Check,104.4,2157.95
0244-LGNFY,Female,0,Yes,Yes,72,Yes,Yes,Dsl,Yes,Yes,Yes,Yes,Yes,Yes,Two Year,No,Bank Transfer (Automatic),92.65,6733.0
4635-EJYPD,Male,0,Yes,Yes,32,Yes,No,No,No internet service,No internet service,No internet service,No internet service,No internet service,No internet service,Two Year,No,Mailed Check,18.95,613.95
3716-BDVDB,Male,0,No,No,1,Yes,No,Fiber Optic,No,No,No,No,No,No,Month-To-Month,Yes,Electronic Check,69.1,69.1
7989-CHGTL,Male,0,No,No,1,Yes,No,No,No internet service,No internet service,No internet service,No internet service,No internet service,No internet service,Month-To-Month,Yes,Mailed Check,19.6,19.6
9659-QEQSY,Female,0,No,No,45,Yes,Yes,Fiber Optic,Yes,Yes,Yes,Yes,Yes,Yes,Month-To-Month,Yes,Electronic Check,115.65,5125.5
9839-ETQOE,Male,0,No,Yes,43,No,No phone service,Dsl,Yes,Yes,Yes,No,No,No,Month-To-Month,Yes,Electronic Check,40.45,1912.85
4958-XCBDQ,Male,1,No,No,35,Yes,Yes,Fiber Optic,No,No,Yes,No,Yes,Yes,Month-To-Month,Yes,Electronic Check,101.4,3496.3
3372-CDXFJ,Male,0,Yes,Yes,13,Yes,Yes,No,No internet service,No internet service,No internet service,No internet service,No internet service,No internet service,One Year,No,Bank Transfer (Automatic),24.5,343.6
8203-XJZRC,Male,0,No,No,1,Yes,No,No,No internet service,No internet service,No internet service,No internet service,No internet service,No internet service,Month-To-Month,No,Mailed Check,20.25,20.25
6599-CEBNN,Female,0,No,No,34,Yes,No,Fiber Optic,No,Yes,No,No,No,No,Month-To-Month,Yes,Credit Card (Automatic),73.95,2524.45
1216-JWVUX,Male,0,Yes,Yes,25,Yes,No,Fiber Optic,No,Yes,No,No,No,No,Month-To-Month,Yes,Electronic Check,75.5,1901.05
7940-UQQUG,Female,0,Yes,Yes,64,Yes,Yes,Fiber Optic,Yes,No,No,Yes,Yes,Yes,One Year,Yes,Bank Transfer (Automatic),104.4,6721.6
7470-DYNOE,Male,0,No,No,53,Yes,No,Dsl,No,No,Yes,No,No,Yes,One Year,Yes,Electronic Check,61.1,3357.9
6439-PKTRR,Female,0,Yes,Yes,70,Yes,Yes,Dsl,Yes,Yes,Yes,Yes,Yes,No,Two Year,No,Electronic Check,80.7,5617.95
9907-SWKKF,Female,1,No,No,1,No,No phone service,Dsl,No,No,No,No,No,No,Month-To-Month,No,Mailed Check,25.05,25.05
8739-WWKDU,Male,1,No,No,25,Yes,Yes,Fiber Optic,No,Yes,No,No,Yes,No,Month-To-Month,Yes,Electronic Check,89.5,2196.15
1131-QQZEB,Male,1,Yes,No,71,Yes,Yes,No,No internet service,No internet service,No internet service,No internet service,No internet service,No internet service,Two Year,No,Bank Transfer (Automatic),23.95,1756.2
0411-EZJZE,Female,0,No,No,3,Yes,Yes,Dsl,No,No,No,No,Yes,No,Month-To-Month,Yes,Electronic Check,60.25,170.5
3458-IDMFK,Male,0,No,No,25,Yes,No,No,No internet service,No internet service,No internet service,No internet service,No internet service,No internet service,Two Year,Yes,Mailed Check,20.75,499.4
3177-LASXD,Female,0,No,No,1,Yes,No,Fiber Optic,No,No,No,No,No,No,Month-To-Month,No,Electronic Check,71.35,71.35
2054-PJOCK,Female,0,No,No,60,Yes,Yes,Dsl,No,No,Yes,Yes,Yes,Yes,One Year,No,Credit Card (Automatic),80.55,4847.05
7579-KKLOE,Male,0,Yes,Yes,71,Yes,Yes,Dsl,Yes,Yes,Yes,Yes,Yes,Yes,Two Year,Yes,Mailed Check,91.25,6589.6
1271-UODNO,Male,0,No,No,39,Yes,Yes,Dsl,No,No,No,Yes,No,No,Two Year,Yes,Credit Card (Automatic),53.85,2200.7
2955-BJZHG,Male,0,Yes,Yes,17,Yes,No,Fiber Optic,No,No,No,No,Yes,No,Month-To-Month,No,Electronic Check,80.85,1400.85
5673-TIYIB,Male,0,No,No,2,No,No phone service,Dsl,No,Yes,Yes,Yes,No,No,Month-To-Month,Yes,Credit Card (Automatic),40.4,77.15
1447-GIQMR,Male,0,Yes,No,1,Yes,No,Fiber Optic,No,No,No,No,No,No,Month-To-Month,Yes,Electronic Check,69.15,69.15
0556-FJEGU,Male,0,No,No,58,Yes,No,Dsl,No,Yes,Yes,Yes,Yes,No,Two Year,No,Bank Transfer (Automatic),70.1,4048.95
1767-CJKBA,Male,0,No,No,66,Yes,Yes,No,No internet service,No internet service,No internet service,No internet service,No internet service,No internet service,Two Year,No,Mailed Check,25.1,1697.7
5115-SQAAU,Female,0,Yes,Yes,69,Yes,Yes,No,No internet service,No internet service,No internet service,No internet service,No internet service,No internet service,Two Year,Yes,Bank Transfer (Automatic),25.6,1673.4
2439-LYPMQ,Male,1,Yes,No,38,Yes,Yes,Fiber Optic,No,Yes,Yes,No,Yes,Yes,Month-To-Month,Yes,Electronic Check,102.6,4009.2
0584-BJQGZ,Female,0,No,No,25,Yes,Yes,Dsl,Yes,Yes,Yes,Yes,Yes,No,Month-To-Month,Yes,Bank Transfer (Automatic),78.35,1837.9
5795-KTGUD,Female,0,Yes,No,68,Yes,Yes,Fiber Optic,Yes,Yes,Yes,No,Yes,Yes,Two Year,Yes,Bank Transfer (Automatic),110.8,7553.6
1552-TKMXS,Female,0,Yes,No,42,Yes,No,No,No internet service,No internet service,No internet service,No internet service,No internet service,No internet service,Month-To-Month,No,Credit Card (Automatic),20.35,869.9
6701-DHKWQ,Female,0,Yes,Yes,61,No,No phone service,Dsl,No,Yes,Yes,Yes,Yes,No,Two Year,No,Credit Card (Automatic),51.35,3244.4
7124-UGSUR,Female,1,Yes,No,61,Yes,Yes,Fiber Optic,No,Yes,Yes,No,Yes,Yes,One Year,Yes,Credit Card (Automatic),104.4,6405.0
1184-PJVDB,Male,0,Yes,No,10,Yes,No,Fiber Optic,No,No,No,No,Yes,No,Month-To-Month,Yes,Electronic Check,79.95,857.2
8659-HDIYE,Female,1,No,No,64,Yes,Yes,Dsl,No,Yes,Yes,Yes,No,Yes,Month-To-Month,No,Credit Card (Automatic),74.65,4869.35
2960-NKRSO,Male,0,No,No,24,Yes,No,Fiber Optic,No,Yes,Yes,Yes,No,No,Month-To-Month,Yes,Electronic Check,85.95,2107.15
9560-BBZXK,Female,0,No,No,36,No,No phone service,Dsl,Yes,No,No,No,No,No,Two Year,No,Bank Transfer (Automatic),31.05,1126.35
7774-OJSXI,Male,0,No,No,31,Yes,Yes,Fiber Optic,No,Yes,Yes,No,Yes,Yes,One Year,Yes,Electronic Check,103.45,3066.45
6175-IRFIT,Male,0,No,No,5,Yes,No,Fiber Optic,No,No,No,No,No,Yes,Month-To-Month,No,Mailed Check,78.75,426.35
9975-GPKZU,Male,0,Yes,Yes,46,Yes,No,No,No internet service,No internet service,No internet service,No internet service,No internet service,No internet service,Two Year,No,Credit Card (Automatic),19.75,856.5
9693-XMUOB,Male,1,Yes,No,59,No,No phone service,Dsl,No,Yes,No,No,Yes,Yes,Month-To-Month,Yes,Electronic Check,50.25,2997.45
1599-MMYRQ,Male,0,Yes,Yes,62,Yes,No,Fiber Optic,Yes,Yes,No,No,No,No,One Year,Yes,Credit Card (Automatic),81.45,4983.05
9670-BPNXF,Female,0,No,No,45,Yes,No,Dsl,Yes,Yes,No,Yes,No,No,One Year,Yes,Credit Card (Automatic),62.55,2796.45
2103-ZRXFN,Male,0,No,No,1,Yes,Yes,Dsl,No,No,No,No,No,No,Month-To-Month,No,Mailed Check,50.75,50.75
1619-YWUBB,Female,0,Yes,No,68,Yes,Yes,No,No internet service,No internet service,No internet service,No internet service,No internet service,No internet service,Two Year,Yes,Credit Card (Automatic),24.95,1614.9
4366-CTOUZ,Female,0,No,No,50,Yes,No,Fiber Optic,No,Yes,No,Yes,Yes,Yes,Two Year,Yes,Mailed Check,100.2,5038.45
2378-HTWFW,Male,1,No,No,35,Yes,Yes,Fiber Optic,Yes,No,No,No,No,Yes,Month-To-Month,No,Credit Card (Automatic),91.0,3180.5
7005-CYUIL,Female,1,Yes,No,71,Yes,No,Fiber Optic,Yes,Yes,Yes,Yes,Yes,No,Two Year,Yes,Electronic Check,99.4,7168.25
6147-CBCRA,Female,0,Yes,No,33,Yes,No,No,No internet service,No internet service,No internet service,No internet service,No internet service,No internet service,Month-To-Month,No,Mailed Check,20.05,669.45
8316-BBQAY,Female,0,No,No,65,No,No phone service,Dsl,Yes,No,Yes,Yes,Yes,Yes,Two Year,No,Credit Card (Automatic),59.95,3921.1
3982-DQLUS,Male,1,Yes,Yes,65,Yes,Yes,Fiber Optic,Yes,Yes,No,No,No,No,Month-To-Month,Yes,Electronic Check,85.75,5688.45
8436-BJUMM,Male,0,Yes,Yes,26,Yes,Yes,Fiber Optic,No,No,No,No,Yes,No,Month-To-Month,Yes,Electronic Check,83.75,2070.6
0564-MUUQK,Female,0,Yes,Yes,20,Yes,Yes,Fiber Optic,No,No,Yes,Yes,No,Yes,Month-To-Month,Yes,Bank Transfer (Automatic),95.5,1916.2
3525-DVKFN,Female,0,No,No,17,Yes,No,No,No internet service,No internet service,No internet service,No internet service,No internet service,No internet service,Two Year,No,Mailed Check,19.4,358.05
8722-NGNBH,Male,0,No,No,5,No,No phone service,Dsl,Yes,No,Yes,Yes,No,No,Month-To-Month,No,Mailed Check,40.0,223.45
0222-CNVPT,Male,1,No,No,52,No,No phone service,Dsl,Yes,No,No,No,Yes,Yes,Month-To-Month,Yes,Credit Card (Automatic),48.8,2555.05
4829-AUOAX,Female,0,No,No,46,Yes,Yes,Fiber Optic,No,No,No,No,Yes,Yes,Month-To-Month,No,Bank Transfer (Automatic),96.05,4399.5
6599-RCLCJ,Male,0,Yes,No,47,Yes,Yes,Fiber Optic,No,Yes,Yes,Yes,Yes,Yes,Month-To-Month,Yes,Electronic Check,109.55,5124.55
8083-YTZES,Male,0,No,No,4,Yes,Yes,Fiber Optic,No,No,No,No,No,No,Month-To-Month,Yes,Electronic Check,74.35,265.35
5438-QMDDL,Female,0,Yes,No,19,Yes,No,Dsl,No,Yes,No,No,No,Yes,Month-To-Month,Yes,Mailed Check,59.8,1130.85
3071-VBYPO,Male,0,Yes,Yes,3,Yes,No,Fiber Optic,Yes,Yes,No,No,Yes,No,Month-To-Month,No,Electronic Check,89.85,248.4
7587-AOVVU,Male,0,Yes,Yes,27,Yes,Yes,Fiber Optic,Yes,Yes,No,Yes,Yes,No,Month-To-Month,No,Electronic Check,100.75,2793.55
4785-NKHCX,Male,1,No,No,5,Yes,No,No,No internet service,No internet service,No internet service,No internet service,No internet service,No internet service,Month-To-Month,No,Bank Transfer (Automatic),20.05,94.15
9779-DPNEJ,Female,0,Yes,Yes,22,Yes,No,Fiber Optic,No,No,No,No,No,Yes,Month-To-Month,Yes,Electronic Check,80.15,1790.65
7206-PQBBZ,Male,1,Yes,No,11,Yes,No,Fiber Optic,No,No,No,No,No,No,Month-To-Month,Yes,Electronic Check,70.2,834.7
2080-SRCDE,Female,0,No,Yes,1,Yes,Yes,No,No internet service,No internet service,No internet service,No internet service,No internet service,No internet service,Month-To-Month,No,Mailed Check,25.4,25.4
0667-NSRGI,Female,0,Yes,No,48,Yes,Yes,Dsl,No,No,Yes,Yes,No,Yes,One Year,Yes,Mailed Check,69.55,3435.6
9475-NNDGC,Male,0,Yes,No,71,Yes,Yes,Fiber Optic,No,Yes,Yes,Yes,Yes,Yes,One Year,Yes,Bank Transfer (Automatic),113.15,7953.25
2190-PHBHR,Female,0,Yes,No,72,Yes,Yes,Fiber Optic,Yes,Yes,No,No,No,Yes,Two Year,Yes,Credit Card (Automatic),94.45,6921.7
9979-RGMZT,Female,0,No,No,7,Yes,No,Fiber Optic,No,Yes,No,No,Yes,Yes,One Year,Yes,Mailed Check,94.05,633.45
0784-ZQJZX,Male,0,No,Yes,72,Yes,No,No,No internet service,No internet service,No internet service,No internet service,No internet service,No internet service,Two Year,No,Credit Card (Automatic),19.9,1529.65
9802-CAQUT,Female,0,Yes,Yes,72,Yes,Yes,Fiber Optic,Yes,Yes,Yes,No,Yes,Yes,Two Year,No,Credit Card (Automatic),109.55,7887.25
6413-XKKPU,Male,0,Yes,Yes,17,Yes,No,Fiber Optic,Yes,No,Yes,No,Yes,No,Month-To-Month,Yes,Electronic Check,89.4,1539.45
1078-TDCRN,Female,1,Yes,No,3,No,No phone service,Dsl,No,Yes,No,No,No,No,Month-To-Month,Yes,Electronic Check,30.75,82.85
7590-VHVEG,Female,0,Yes,No,1,No,No phone service,Dsl,No,Yes,No,No,No,No,Month-To-Month,Yes,Electronic Check,29.85,29.85
2162-FRZAA,Male,0,Yes,Yes,63,No,No phone service,Dsl,No,Yes,Yes,Yes,No,No,Two Year,No,Bank Transfer (Automatic),39.35,2395.05
4800-CZMPC,Female,0,Yes,Yes,48,Yes,Yes,Fiber Optic,Yes,Yes,No,No,Yes,Yes,One Year,Yes,Credit Card (Automatic),103.25,5037.55
6549-YMFAW,Male,1,Yes,No,9,Yes,No,No,No internet service,No internet service,No internet service,No internet service,No internet service,No internet service,Month-To-Month,Yes,Mailed Check,21.25,204.55
5201-FRKKS,Male,0,No,No,25,Yes,No,Fiber Optic,Yes,No,No,No,No,No,Month-To-Month,No,Electronic Check,74.3,1952.25
4353-HYOJD,Female,0,Yes,Yes,27,Yes,No,Dsl,No,Yes,No,No,No,No,Month-To-Month,No,Mailed Check,49.85,1336.15
5756-JYOJT,Female,0,No,No,11,Yes,No,Dsl,No,No,Yes,Yes,No,Yes,One Year,No,Credit Card (Automatic),64.9,697.25
9057-SIHCH,Female,0,No,No,3,Yes,Yes,Fiber Optic,No,No,No,No,Yes,Yes,Month-To-Month,Yes,Electronic Check,96.6,291.9
4505-EXZHB,Female,1,No,No,6,Yes,No,Fiber Optic,No,No,Yes,No,No,No,Month-To-Month,No,Electronic Check,74.4,434.1
6877-LGWXO,Male,1,Yes,No,18,Yes,No,Fiber Optic,No,No,No,No,No,Yes,Month-To-Month,No,Electronic Check,78.55,1422.65
4544-RXFMG,Male,0,Yes,Yes,8,Yes,No,Dsl,No,No,No,No,No,No,One Year,Yes,Mailed Check,43.45,345.5
2805-EDJPQ,Female,0,Yes,Yes,56,Yes,Yes,Fiber Optic,No,Yes,Yes,Yes,No,Yes,One Year,Yes,Credit Card (Automatic),99.75,5608.4
7295-JOMMD,Female,0,No,Yes,4,Yes,No,Fiber Optic,No,No,Yes,Yes,Yes,Yes,Month-To-Month,Yes,Bank Transfer (Automatic),98.1,396.3
9777-WJJPR,Male,0,Yes,No,31,Yes,Yes,Fiber Optic,No,No,Yes,No,Yes,No,Month-To-Month,No,Credit Card (Automatic),88.65,2683.2
4855-SNKMY,Female,0,No,No,1,Yes,No,Dsl,No,No,No,No,No,No,Month-To-Month,Yes,Electronic Check,44.1,44.1
2056-EVGZL,Male,0,Yes,Yes,68,Yes,No,Fiber Optic,No,Yes,Yes,Yes,Yes,Yes,One Year,No,Credit Card (Automatic),105.75,7322.5
1964-SVLEA,Male,0,No,No,20,Yes,No,No,No internet service,No internet service,No internet service,No internet service,No internet service,No internet service,One Year,Yes,Mailed Check,19.7,415.9
1580-BMCMR,Male,1,No,No,19,Yes,No,Fiber Optic,Yes,No,No,No,No,Yes,Month-To-Month,Yes,Electronic Check,87.3,1637.3
7629-WIXZF,Female,0,No,No,7,Yes,No,Dsl,Yes,No,No,No,No,Yes,One Year,Yes,Electronic Check,59.1,369.25
8180-AKMJV,Female,0,No,No,1,Yes,No,Dsl,No,No,No,No,No,No,Month-To-Month,Yes,Credit Card (Automatic),44.55,44.55
4760-XOHVN,Female,0,Yes,Yes,1,Yes,No,No,No internet service,No internet service,No internet service,No internet service,No internet service,No internet service,Month-To-Month,No,Mailed Check,19.45,19.45
8869-TORSS,Female,0,No,No,48,Yes,No,Dsl,Yes,No,Yes,Yes,No,No,One Year,Yes,Credit Card (Automatic),60.35,2896.4
2925-MXLSX,Female,0,No,No,30,Yes,Yes,Dsl,No,Yes,Yes,No,Yes,No,One Year,Yes,Credit Card (Automatic),68.95,2038.7
0899-WZRSD,Male,0,No,No,56,Yes,Yes,Fiber Optic,Yes,No,No,Yes,Yes,Yes,Month-To-Month,Yes,Mailed Check,105.35,5794.45
2129-ALKBS,Female,0,Yes,Yes,40,Yes,Yes,No,No internet service,No internet service,No internet service,No internet service,No internet service,No internet service,Month-To-Month,Yes,Electronic Check,26.2,1077.5
2219-MVUSO,Male,0,No,No,8,Yes,No,Dsl,No,No,No,No,No,No,Month-To-Month,Yes,Mailed Check,45.15,438.4
8884-ADFVN,Male,1,Yes,No,7,Yes,Yes,Fiber Optic,No,No,Yes,No,Yes,Yes,Month-To-Month,Yes,Electronic Check,101.95,700.85
0129-QMPDR,Male,0,Yes,Yes,44,Yes,No,No,No internet service,No internet service,No internet service,No internet service,No internet service,No internet service,One Year,Yes,Bank Transfer (Automatic),20.5,865.05
0040-HALCW,Male,0,Yes,Yes,54,Yes,No,No,No internet service,No internet service,No internet service,No internet service,No internet service,No internet service,Two Year,No,Credit Card (Automatic),20.4,1090.6
4049-ZPALD,Female,0,Yes,No,64,Yes,No,Fiber Optic,Yes,No,Yes,No,Yes,Yes,Two Year,Yes,Bank Transfer (Automatic),99.0,6375.8
1498-DQNRX,Female,0,Yes,No,29,Yes,No,No,No internet service,No internet service,No internet service,No internet service,No internet service,No internet service,Month-To-Month,No,Mailed Check,19.85,573.05
5478-JJVZK,Female,0,No,No,33,Yes,Yes,Dsl,Yes,Yes,No,No,No,No,Month-To-Month,Yes,Mailed Check,60.9,2033.85
0654-PQKDW,Female,0,Yes,Yes,62,Yes,No,Dsl,Yes,No,Yes,Yes,Yes,No,One Year,Yes,Bank Transfer (Automatic),70.75,4263.45
7296-PIXQY,Female,0,Yes,Yes,14,Yes,No,Fiber Optic,No,No,No,No,No,No,Month-To-Month,No,Electronic Check,70.2,1046.5
0727-BNRLG,Male,0,No,No,69,Yes,Yes,Fiber Optic,No,Yes,Yes,Yes,Yes,No,Two Year,Yes,Credit Card (Automatic),97.65,6743.55
9661-MHUMO,Male,1,Yes,Yes,1,Yes,No,Dsl,No,No,No,Yes,No,No,Month-To-Month,Yes,Credit Card (Automatic),49.25,49.25
7105-BENQF,Male,0,No,Yes,15,Yes,No,Dsl,Yes,No,Yes,No,No,Yes,One Year,No,Mailed Check,64.85,950.75
5206-XZZQI,Male,0,No,No,53,Yes,No,Fiber Optic,No,Yes,No,Yes,No,No,Month-To-Month,Yes,Mailed Check,80.6,4348.1
8780-IXSTS,Female,0,No,No,6,Yes,Yes,Fiber Optic,No,Yes,No,No,Yes,No,Month-To-Month,Yes,Electronic Check,90.1,521.3
0867-MKZVY,Female,0,Yes,No,20,Yes,Yes,Fiber Optic,Yes,No,No,No,No,No,Month-To-Month,No,Electronic Check,82.4,1592.35
8519-QJGJD,Female,0,No,No,14,Yes,No,Fiber Optic,No,No,Yes,No,No,No,Month-To-Month,No,Electronic Check,75.35,1025.95
7416-CKTEP,Female,0,Yes,No,57,Yes,No,No,No internet service,No internet service,No internet service,No internet service,No internet service,No internet service,Two Year,Yes,Bank Transfer (Automatic),19.6,1134.25
6032-KRXXO,Male,0,No,No,30,Yes,No,Fiber Optic,No,No,No,No,Yes,Yes,Month-To-Month,Yes,Electronic Check,90.25,2755.35
9514-JDSKI,Male,1,Yes,No,1,No,No phone service,Dsl,No,Yes,No,No,Yes,No,Month-To-Month,No,Electronic Check,40.2,40.2
0655-RBDUG,Male,0,No,No,7,Yes,Yes,Fiber Optic,No,No,Yes,No,Yes,Yes,Month-To-Month,Yes,Bank Transfer (Automatic),98.05,713.0
9677-AVKED,Female,0,No,Yes,53,Yes,Yes,Dsl,No,Yes,Yes,Yes,Yes,Yes,One Year,Yes,Electronic Check,84.6,4449.75
2587-EKXTS,Male,0,No,No,44,Yes,Yes,Fiber Optic,Yes,Yes,Yes,No,Yes,Yes,Month-To-Month,Yes,Electronic Check,111.5,4915.15
2332-EFBJY,Male,0,No,No,16,Yes,No,No,No internet service,No internet service,No internet service,No internet service,No internet service,No internet service,Month-To-Month,Yes,Mailed Check,19.7,342.4
9787-XVQIU,Male,0,No,No,1,Yes,Yes,Fiber Optic,No,No,No,No,No,No,Month-To-Month,Yes,Electronic Check,75.3,75.3
7926-IJOOU,Male,0,No,No,1,Yes,No,No,No internet service,No internet service,No internet service,No internet service,No internet service,No internet service,Month-To-Month,No,Credit Card (Automatic),19.3,19.3
6651-RLGGM,Male,0,Yes,Yes,67,Yes,Yes,No,No internet service,No internet service,No internet service,No internet service,No internet service,No internet service,Two Year,No,Mailed Check,26.3,1688.9
3750-CKVKH,Male,0,No,No,2,Yes,No,Fiber Optic,No,No,No,No,No,No,Month-To-Month,Yes,Electronic Check,67.75,116.65
5996-EBTKM,Female,0,Yes,Yes,67,Yes,Yes,Dsl,No,No,Yes,Yes,No,Yes,Two Year,Yes,Bank Transfer (Automatic),69.9,4615.9
8118-LSUEL,Male,1,No,No,23,Yes,Yes,Fiber Optic,No,Yes,Yes,No,Yes,Yes,Month-To-Month,Yes,Electronic Check,106.4,2483.5
2680-XKKNJ,Female,0,No,No,8,Yes,No,Dsl,Yes,Yes,No,Yes,No,No,One Year,No,Bank Transfer (Automatic),58.2,469.25
2091-GPPIQ,Female,0,Yes,Yes,72,Yes,Yes,Dsl,No,Yes,No,Yes,Yes,Yes,Two Year,Yes,Electronic Check,78.95,5730.15
3234-VKACU,Male,0,No,No,2,Yes,No,Dsl,No,No,No,Yes,Yes,Yes,Month-To-Month,No,Electronic Check,70.3,132.4
3154-CFSZG,Male,0,Yes,Yes,47,Yes,No,Fiber Optic,Yes,No,Yes,No,No,Yes,Month-To-Month,No,Electronic Check,90.05,4137.2
2599-CIPQE,Male,0,Yes,Yes,71,Yes,No,Fiber Optic,Yes,Yes,Yes,Yes,Yes,Yes,Two Year,No,Credit Card (Automatic),109.3,7782.85
1206-EHBDD,Female,0,Yes,No,56,Yes,No,Fiber Optic,Yes,No,Yes,No,No,No,Two Year,No,Bank Transfer (Automatic),80.3,4513.65
3084-DOWLE,Female,0,Yes,No,72,Yes,Yes,Dsl,Yes,Yes,Yes,Yes,Yes,Yes,Two Year,No,Bank Transfer (Automatic),92.0,6474.4
4859-ZSRDZ,Female,0,Yes,Yes,58,No,No phone service,Dsl,No,No,Yes,Yes,Yes,Yes,Two Year,Yes,Credit Card (Automatic),55.5,3166.9
1029-QFBEN,Male,0,No,No,1,Yes,No,No,No internet service,No internet service,No internet service,No internet service,No internet service,No internet service,Month-To-Month,No,Mailed Check,19.55,19.55
6168-YBYNP,Male,0,No,No,59,Yes,Yes,Fiber Optic,No,Yes,Yes,Yes,Yes,Yes,Month-To-Month,Yes,Electronic Check,111.35,6519.75
6393-WRYZE,Female,0,Yes,No,34,Yes,Yes,Fiber Optic,No,No,No,No,Yes,Yes,Month-To-Month,Yes,Electronic Check,97.65,3207.55
9647-ERGBE,Female,0,Yes,Yes,30,Yes,Yes,Fiber Optic,No,No,Yes,No,Yes,Yes,Month-To-Month,Yes,Electronic Check,100.05,3046.15
0148-DCDOS,Male,0,No,No,25,Yes,Yes,Fiber Optic,No,No,No,No,Yes,Yes,Month-To-Month,Yes,Bank Transfer (Automatic),94.7,2362.1
4877-EVATK,Male,0,No,No,1,Yes,No,No,No internet service,No internet service,No internet service,No internet service,No internet service,No internet service,Month-To-Month,No,Mailed Check,20.0,20.0
7813-ZGGAW,Male,1,No,No,31,Yes,Yes,Fiber Optic,No,No,Yes,Yes,Yes,No,Month-To-Month,Yes,Bank Transfer (Automatic),96.6,2877.95
7824-PANSQ,Male,0,No,No,58,Yes,Yes,Fiber Optic,No,No,No,Yes,No,No,Month-To-Month,No,Bank Transfer (Automatic),80.65,4807.35
5760-IFJOZ,Male,0,No,No,3,Yes,Yes,Fiber Optic,No,Yes,Yes,No,Yes,Yes,Month-To-Month,No,Mailed Check,107.95,313.6
8874-EJNSR,Male,0,Yes,Yes,39,Yes,Yes,No,No internet service,No internet service,No internet service,No internet service,No internet service,No internet service,Two Year,No,Mailed Check,25.2,987.95
2159-TURXX,Male,0,No,No,5,Yes,No,No,No internet service,No internet service,No internet service,No internet service,No internet service,No internet service,Month-To-Month,No,Credit Card (Automatic),20.05,95.55
8752-STIVR,Female,0,No,No,4,Yes,No,Fiber Optic,No,No,No,No,Yes,No,Month-To-Month,Yes,Electronic Check,79.0,303.15
8807-OPMBM,Female,0,Yes,Yes,55,Yes,Yes,No,No internet service,No internet service,No internet service,No internet service,No internet service,No internet service,Two Year,Yes,Credit Card (Automatic),25.65,1388.0
5222-IMUKT,Male,0,No,No,32,Yes,No,Fiber Optic,No,No,No,No,Yes,Yes,Month-To-Month,No,Electronic Check,91.05,2871.5
8996-ZROXE,Male,1,No,No,57,Yes,No,Dsl,No,No,Yes,Yes,No,No,One Year,Yes,Electronic Check,53.5,3035.8
9844-FELAJ,Female,1,Yes,Yes,70,Yes,Yes,Fiber Optic,No,Yes,Yes,Yes,Yes,Yes,One Year,Yes,Electronic Check,107.9,7475.85
7251-XFOIL,Female,0,No,No,61,Yes,Yes,Fiber Optic,No,No,Yes,No,No,Yes,Month-To-Month,No,Mailed Check,89.2,5500.6
1174-FGIFN,Female,0,Yes,Yes,28,Yes,Yes,Fiber Optic,No,No,No,Yes,No,Yes,One Year,Yes,Electronic Check,90.45,2509.25
9822-WMWVG,Female,0,No,No,41,Yes,Yes,Fiber Optic,Yes,Yes,Yes,Yes,Yes,No,Month-To-Month,Yes,Electronic Check,106.5,4282.4
5175-WLYXL,Male,0,No,No,22,Yes,Yes,Fiber Optic,No,Yes,No,No,No,No,Month-To-Month,Yes,Mailed Check,78.85,1600.25
5219-YIPTK,Female,0,Yes,No,33,Yes,Yes,Fiber Optic,No,Yes,Yes,No,Yes,Yes,Month-To-Month,Yes,Electronic Check,104.4,3409.6
6982-UQZLY,Female,1,Yes,No,1,Yes,No,No,No internet service,No internet service,No internet service,No internet service,No internet service,No internet service,Month-To-Month,Yes,Mailed Check,20.85,20.85
5451-YHYPW,Female,1,Yes,No,72,Yes,Yes,Fiber Optic,Yes,Yes,Yes,Yes,Yes,Yes,Two Year,Yes,Credit Card (Automatic),115.75,8443.7
2607-FBDFF,Male,0,No,No,1,Yes,No,Dsl,No,No,No,Yes,No,No,Month-To-Month,No,Credit Card (Automatic),49.0,49.0
6110-OHIHY,Male,0,No,No,3,Yes,No,Fiber Optic,No,No,No,No,Yes,No,Month-To-Month,No,Electronic Check,79.25,267.6
8597-CTXVJ,Male,0,No,Yes,70,Yes,Yes,Dsl,Yes,Yes,No,Yes,No,No,One Year,No,Bank Transfer (Automatic),64.95,4551.5
7181-BQYBV,Female,0,Yes,Yes,1,Yes,Yes,Fiber Optic,Yes,No,Yes,No,Yes,Yes,Month-To-Month,Yes,Electronic Check,102.45,102.45
2075-PUEPR,Male,0,Yes,Yes,55,Yes,No,No,No internet service,No internet service,No internet service,No internet service,No internet service,No internet service,Two Year,No,Bank Transfer (Automatic),19.35,1153.25
3003-CMDUU,Female,0,Yes,No,25,Yes,No,Fiber Optic,No,No,No,Yes,Yes,Yes,Month-To-Month,Yes,Electronic Check,95.15,2395.7
0133-BMFZO,Female,0,No,No,2,Yes,No,Fiber Optic,Yes,Yes,No,Yes,No,No,Month-To-Month,Yes,Electronic Check,86.25,181.65
4504-YOULA,Female,0,Yes,Yes,35,Yes,Yes,Dsl,Yes,Yes,No,No,No,No,Month-To-Month,Yes,Credit Card (Automatic),59.45,2136.9
1215-FIGMP,Male,0,No,No,60,Yes,Yes,Fiber Optic,No,Yes,No,No,Yes,No,Month-To-Month,Yes,Bank Transfer (Automatic),89.9,5450.7
5829-NVSQN,Female,0,Yes,No,23,Yes,No,Dsl,Yes,No,Yes,Yes,No,Yes,One Year,Yes,Bank Transfer (Automatic),68.75,1689.45
5968-XQIVE,Male,0,Yes,Yes,72,Yes,Yes,Fiber Optic,No,Yes,No,No,Yes,No,One Year,Yes,Electronic Check,89.7,6588.95
9426-SXNHE,Female,0,No,No,2,Yes,No,No,No internet service,No internet service,No internet service,No internet service,No internet service,No internet service,Month-To-Month,No,Bank Transfer (Automatic),18.75,53.15
5792-JALQC,Female,1,No,No,52,Yes,Yes,Dsl,Yes,No,Yes,No,No,No,Two Year,No,Bank Transfer (Automatic),59.85,3103.25
3489-VSFRD,Female,0,No,No,56,Yes,No,Dsl,Yes,No,Yes,Yes,No,No,One Year,Yes,Credit Card (Automatic),60.25,3282.75
8327-LZKAS,Female,1,Yes,No,43,Yes,Yes,Fiber Optic,No,No,Yes,Yes,Yes,Yes,One Year,Yes,Electronic Check,107.55,4533.9
4018-KJYUY,Male,0,No,Yes,22,Yes,No,No,No internet service,No internet service,No internet service,No internet service,No internet service,No internet service,Month-To-Month,No,Credit Card (Automatic),20.15,432.5
4854-CIDCF,Female,1,No,No,3,Yes,No,Fiber Optic,No,No,Yes,No,No,No,Month-To-Month,No,Electronic Check,73.85,196.4
9068-FHQHD,Female,0,Yes,Yes,40,Yes,No,No,No internet service,No internet service,No internet service,No internet service,No internet service,No internet service,Two Year,No,Bank Transfer (Automatic),20.15,777.35
0056-EPFBG,Male,0,Yes,Yes,20,No,No phone service,Dsl,Yes,No,Yes,Yes,No,No,Two Year,Yes,Credit Card (Automatic),39.4,825.4
8082-GHXOP,Male,0,No,Yes,13,Yes,No,Dsl,No,No,No,No,No,No,Month-To-Month,No,Mailed Check,44.0,659.35
5777-KJIRB,Female,0,No,No,40,Yes,No,Dsl,No,No,Yes,No,No,No,One Year,Yes,Mailed Check,50.25,2023.55
1641-RQDAY,Female,1,Yes,Yes,32,Yes,Yes,Fiber Optic,No,Yes,No,No,Yes,Yes,Month-To-Month,Yes,Electronic Check,100.4,3217.65
9074-KGVOX,Male,0,Yes,Yes,50,No,No phone service,Dsl,Yes,No,No,No,Yes,No,Month-To-Month,Yes,Credit Card (Automatic),39.45,2021.35
2038-LLMLM,Female,0,No,No,48,Yes,Yes,Fiber Optic,No,No,Yes,Yes,Yes,Yes,Month-To-Month,Yes,Electronic Check,103.85,4946.05
2475-MROZF,Male,0,No,No,30,Yes,Yes,Fiber Optic,Yes,Yes,Yes,Yes,No,No,Month-To-Month,Yes,Credit Card (Automatic),95.0,2852.4
4897-QSUYC,Female,0,No,No,1,Yes,No,No,No internet service,No internet service,No internet service,No internet service,No internet service,No internet service,Month-To-Month,Yes,Mailed Check,20.15,20.15
6358-LYNGM,Male,0,No,No,1,Yes,Yes,Fiber Optic,No,No,No,No,No,No,Month-To-Month,Yes,Electronic Check,74.9,74.9
1543-LLLFT,Male,1,Yes,No,61,Yes,Yes,Fiber Optic,No,Yes,Yes,Yes,Yes,No,One Year,Yes,Mailed Check,98.3,6066.55
2817-LVCPP,Female,0,No,No,50,Yes,No,No,No internet service,No internet service,No internet service,No internet service,No internet service,No internet service,Two Year,No,Credit Card (Automatic),19.4,1023.95
1814-WFGVS,Male,0,Yes,Yes,72,No,No phone service,Dsl,Yes,No,Yes,Yes,Yes,No,Two Year,No,Mailed Check,48.9,3527.0
4853-OITSN,Male,0,Yes,No,5,Yes,Yes,Fiber Optic,Yes,No,No,No,No,Yes,Month-To-Month,Yes,Electronic Check,89.15,413.25
3125-RAHBV,Male,0,No,No,22,Yes,No,No,No internet service,No internet service,No internet service,No internet service,No internet service,No internet service,One Year,No,Credit Card (Automatic),20.3,467.15
8701-DGLVH,Male,0,No,No,51,Yes,No,No,No internet service,No internet service,No internet service,No internet service,No internet service,No internet service,Two Year,No,Mailed Check,20.45,1042.65
0266-CLZKZ,Female,0,Yes,Yes,67,Yes,Yes,Fiber Optic,No,No,Yes,Yes,Yes,Yes,Two Year,Yes,Bank Transfer (Automatic),105.65,6717.9
2848-YXSMW,Male,0,Yes,Yes,72,Yes,No,No,No internet service,No internet service,No internet service,No internet service,No internet service,No internet service,Two Year,No,Credit Card (Automatic),19.4,1363.25
4625-LAMOB,Male,0,No,No,44,Yes,No,No,No internet service,No internet service,No internet service,No internet service,No internet service,No internet service,Two Year,No,Credit Card (Automatic),20.4,905.55
5325-UWTWJ,Male,0,Yes,No,31,Yes,Yes,Fiber Optic,Yes,Yes,No,Yes,No,No,Month-To-Month,Yes,Credit Card (Automatic),90.55,2929.75
8387-UGUSU,Female,0,Yes,Yes,15,Yes,No,No,No internet service,No internet service,No internet service,No internet service,No internet service,No internet service,Month-To-Month,No,Mailed Check,20.05,284.3
9878-TNQGW,Male,0,No,No,2,Yes,No,Fiber Optic,No,No,No,No,No,Yes,Month-To-Month,Yes,Electronic Check,80.95,171.15
5956-VKDTT,Female,1,Yes,No,5,Yes,Yes,Fiber Optic,No,No,No,No,No,No,Month-To-Month,Yes,Electronic Check,74.35,334.8
8190-ZTQFB,Male,0,No,No,41,No,No phone service,Dsl,No,No,Yes,No,Yes,Yes,One Year,Yes,Electronic Check,51.35,2075.1
4302-ZYFEL,Male,0,Yes,Yes,69,Yes,No,No,No internet service,No internet service,No internet service,No internet service,No internet service,No internet service,One Year,Yes,Credit Card (Automatic),20.55,1403.1
7508-SMHXL,Female,1,No,No,15,Yes,Yes,Fiber Optic,No,Yes,No,No,Yes,No,Month-To-Month,No,Credit Card (Automatic),89.0,1288.3
0520-FDVVT,Male,0,No,No,35,Yes,No,Fiber Optic,No,Yes,Yes,No,Yes,Yes,One Year,Yes,Bank Transfer (Automatic),102.35,3626.1
7931-PXHFC,Male,0,No,No,38,Yes,No,Dsl,No,No,Yes,Yes,No,Yes,One Year,Yes,Mailed Check,62.3,2354.8
8773-HHUOZ,Female,0,No,Yes,17,Yes,No,Dsl,No,No,No,No,Yes,Yes,Month-To-Month,Yes,Mailed Check,64.7,1093.1
7136-RVDTZ,Male,1,No,No,70,No,No phone service,Dsl,No,No,No,No,Yes,Yes,One Year,Yes,Electronic Check,45.25,3264.45
3727-OVPRY,Male,0,Yes,Yes,66,Yes,Yes,No,No internet service,No internet service,No internet service,No internet service,No internet service,No internet service,One Year,Yes,Credit Card (Automatic),25.7,1714.55
0581-BXBUB,Female,1,No,No,4,Yes,No,Fiber Optic,No,Yes,No,No,No,No,Month-To-Month,No,Electronic Check,72.75,317.75
6901-GOGZG,Male,0,No,Yes,60,Yes,Yes,Dsl,Yes,No,Yes,Yes,Yes,Yes,Two Year,Yes,Electronic Check,84.95,4984.85
1060-ENTOF,Female,1,Yes,No,67,Yes,Yes,Fiber Optic,Yes,Yes,Yes,Yes,No,Yes,One Year,Yes,Credit Card (Automatic),105.4,7035.6
1264-FUHCX,Female,0,Yes,No,49,No,No phone service,Dsl,No,Yes,No,Yes,Yes,Yes,One Year,Yes,Credit Card (Automatic),56.3,2780.6
9050-IKDZA,Female,1,No,No,2,Yes,No,Fiber Optic,No,No,No,No,Yes,No,Month-To-Month,No,Mailed Check,81.5,162.55
2514-GINMM,Male,0,No,No,1,Yes,No,Fiber Optic,No,No,No,No,Yes,No,Month-To-Month,Yes,Electronic Check,79.5,79.5
6704-UTUKK,Male,0,Yes,No,29,No,No phone service,Dsl,No,No,No,No,Yes,Yes,Month-To-Month,Yes,Electronic Check,45.9,1332.4
4598-ZADCK,Female,0,No,No,53,No,No phone service,Dsl,Yes,Yes,Yes,Yes,Yes,No,One Year,Yes,Electronic Check,53.6,2879.2
9112-WSNPU,Female,1,No,No,35,Yes,No,Fiber Optic,No,No,No,No,No,No,Month-To-Month,No,Electronic Check,70.55,2419.0
3021-VLNRJ,Female,0,No,Yes,50,Yes,No,Dsl,Yes,No,Yes,Yes,Yes,No,One Year,Yes,Credit Card (Automatic),70.8,3478.15
3882-IYOIJ,Female,0,Yes,Yes,60,Yes,Yes,Fiber Optic,Yes,Yes,Yes,Yes,Yes,Yes,Two Year,No,Credit Card (Automatic),115.25,6758.45
4911-BANWH,Female,0,No,Yes,31,Yes,Yes,Fiber Optic,No,No,No,No,Yes,No,Month-To-Month,Yes,Credit Card (Automatic),86.55,2697.4
3812-LRZIR,Female,0,Yes,Yes,27,Yes,Yes,No,No internet service,No internet service,No internet service,No internet service,No internet service,No internet service,Two Year,No,Electronic Check,24.5,761.95
0853-NWIFK,Female,0,No,No,45,Yes,No,Fiber Optic,Yes,Yes,No,No,Yes,Yes,One Year,Yes,Electronic Check,100.3,4483.95
2223-GDSHL,Male,0,Yes,Yes,71,Yes,Yes,Fiber Optic,Yes,Yes,Yes,Yes,Yes,Yes,Two Year,Yes,Bank Transfer (Automatic),116.05,8297.5
9448-REEVD,Male,0,Yes,No,1,Yes,No,Dsl,No,No,No,No,No,No,Month-To-Month,No,Credit Card (Automatic),44.7,44.7
5057-LCOUI,Female,0,No,No,39,No,No phone service,Dsl,No,No,Yes,No,Yes,Yes,Month-To-Month,Yes,Electronic Check,50.75,2011.4
8158-WPEZG,Male,0,No,No,11,No,No phone service,Dsl,No,Yes,No,Yes,No,No,Month-To-Month,Yes,Electronic Check,35.65,425.1
1871-MOWRM,Male,0,Yes,No,12,Yes,No,Fiber Optic,Yes,No,No,Yes,No,No,Month-To-Month,No,Bank Transfer (Automatic),80.85,866.45
1113-IUJYX,Female,0,Yes,No,14,Yes,No,Fiber Optic,Yes,Yes,No,Yes,Yes,Yes,One Year,No,Mailed Check,105.95,1348.9
8547-NSBBO,Male,0,No,No,35,Yes,Yes,Fiber Optic,Yes,Yes,Yes,Yes,No,No,Month-To-Month,Yes,Mailed Check,96.75,3403.4
0675-NCDYU,Female,0,Yes,Yes,72,Yes,Yes,Fiber Optic,Yes,Yes,Yes,Yes,Yes,Yes,Two Year,Yes,Credit Card (Automatic),116.4,8543.25
0096-BXERS,Female,0,Yes,No,6,Yes,Yes,Dsl,No,No,No,No,No,No,Month-To-Month,No,Electronic Check,50.35,314.55
2722-JMONI,Female,1,Yes,No,1,Yes,No,Dsl,Yes,No,No,No,No,No,Month-To-Month,Yes,Electronic Check,49.55,49.55
3675-EQOZA,Male,0,No,No,5,Yes,No,No,No internet service,No internet service,No internet service,No internet service,No internet service,No internet service,Month-To-Month,No,Bank Transfer (Automatic),20.65,93.55
0822-QGCXA,Female,1,Yes,No,27,Yes,Yes,Dsl,No,Yes,Yes,Yes,Yes,Yes,Month-To-Month,No,Electronic Check,83.85,2310.2
2575-GFSOE,Female,0,Yes,Yes,7,Yes,No,Fiber Optic,No,No,No,No,No,No,Month-To-Month,Yes,Electronic Check,69.0,506.9
9462-MJUAW,Male,0,No,No,4,Yes,Yes,Dsl,No,No,No,No,No,No,Month-To-Month,No,Mailed Check,50.4,206.6
9565-DJPIB,Female,0,No,Yes,4,Yes,Yes,Fiber Optic,No,Yes,No,No,Yes,No,Month-To-Month,No,Mailed Check,89.6,365.65
7779-ORAEL,Male,1,Yes,No,45,Yes,Yes,Dsl,Yes,No,Yes,Yes,No,Yes,Two Year,No,Credit Card (Automatic),75.15,3480.35
1373-ORVIZ,Female,0,Yes,Yes,11,Yes,Yes,Dsl,No,No,No,Yes,No,Yes,Month-To-Month,Yes,Electronic Check,66.35,740.8
5277-ZLOOR,Female,1,No,No,2,Yes,Yes,Fiber Optic,No,No,No,No,Yes,No,Month-To-Month,Yes,Electronic Check,85.55,187.45
9227-YBAXE,Female,0,Yes,Yes,65,Yes,Yes,Dsl,Yes,Yes,No,Yes,Yes,Yes,Two Year,Yes,Bank Transfer (Automatic),82.5,5215.1
9337-SRRNI,Male,0,No,Yes,66,Yes,Yes,No,No internet service,No internet service,No internet service,No internet service,No internet service,No internet service,Two Year,Yes,Credit Card (Automatic),25.3,1673.8
3055-OYMSE,Female,1,No,No,53,Yes,No,Fiber Optic,No,Yes,No,No,No,No,Month-To-Month,Yes,Credit Card (Automatic),73.8,4003.85
4106-HADHQ,Male,0,Yes,Yes,39,Yes,No,Dsl,Yes,No,Yes,Yes,Yes,Yes,One Year,No,Credit Card (Automatic),80.0,3182.95
3873-NFTGI,Male,0,No,No,14,Yes,Yes,Dsl,No,Yes,No,No,No,No,Month-To-Month,Yes,Credit Card (Automatic),55.5,767.55
6702-OHFWR,Male,1,No,No,1,No,No phone service,Dsl,No,Yes,Yes,No,No,Yes,Month-To-Month,Yes,Electronic Check,43.3,43.3
0787-LHDYT,Male,0,No,No,16,Yes,No,No,No internet service,No internet service,No internet service,No internet service,No internet service,No internet service,Month-To-Month,Yes,Credit Card (Automatic),20.6,330.25
4193-ORFCL,Female,1,No,No,1,Yes,No,Dsl,No,No,No,No,No,No,Month-To-Month,No,Mailed Check,45.1,45.1
1320-GVNHT,Male,0,Yes,Yes,72,Yes,Yes,Fiber Optic,Yes,Yes,Yes,No,Yes,Yes,Two Year,Yes,Credit Card (Automatic),108.4,7767.25
2107-FBPTK,Female,1,No,No,30,Yes,Yes,Fiber Optic,No,Yes,Yes,No,Yes,Yes,Month-To-Month,Yes,Electronic Check,104.1,3121.1
7596-LDUXP,Female,0,No,No,12,Yes,No,Fiber Optic,Yes,No,No,No,Yes,No,One Year,Yes,Credit Card (Automatic),85.15,979.05
5057-RKGLH,Female,0,Yes,Yes,9,Yes,No,No,No internet service,No internet service,No internet service,No internet service,No internet service,No internet service,Two Year,No,Mailed Check,20.35,191.1
7951-QKZPL,Female,0,Yes,Yes,33,Yes,Yes,No,No internet service,No internet service,No internet service,No internet service,No internet service,No internet service,Two Year,Yes,Mailed Check,24.5,740.3
5668-MEISB,Female,0,Yes,Yes,72,Yes,Yes,Fiber Optic,Yes,Yes,Yes,Yes,Yes,No,Two Year,No,Credit Card (Automatic),106.1,7657.4
0970-QXPXW,Female,0,No,No,1,Yes,No,No,No internet service,No internet service,No internet service,No internet service,No internet service,No internet service,Month-To-Month,No,Mailed Check,19.65,19.65
3001-CBHLQ,Male,1,Yes,No,32,Yes,Yes,Fiber Optic,No,No,Yes,Yes,Yes,Yes,Month-To-Month,Yes,Electronic Check,104.9,3351.55
3507-GASNP,Male,0,No,Yes,60,Yes,No,No,No internet service,No internet service,No internet service,No internet service,No internet service,No internet service,Two Year,No,Mailed Check,20.15,1189.9
2778-OCLGR,Male,1,Yes,No,24,No,No phone service,Dsl,Yes,No,No,No,No,Yes,Month-To-Month,No,Bank Transfer (Automatic),39.1,971.3
5709-LVOEQ,Female,0,Yes,Yes,0,Yes,No,Dsl,Yes,Yes,Yes,No,Yes,Yes,Two Year,No,Mailed Check,80.85,0.0
7234-FECYN,Female,1,No,No,8,Yes,Yes,Fiber Optic,No,No,Yes,No,Yes,Yes,Month-To-Month,No,Electronic Check,101.35,780.5
5345-BMKWB,Male,0,Yes,No,8,Yes,No,No,No internet service,No internet service,No internet service,No internet service,No internet service,No internet service,Month-To-Month,No,Mailed Check,20.25,158.35
2323-ARSVR,Male,0,Yes,No,67,Yes,No,Fiber Optic,Yes,Yes,Yes,Yes,Yes,Yes,Two Year,Yes,Electronic Check,111.05,7321.05
6650-BWFRT,Female,0,Yes,No,72,Yes,Yes,Fiber Optic,Yes,Yes,Yes,Yes,Yes,Yes,Two Year,Yes,Credit Card (Automatic),117.15,8529.5
4255-DDUOU,Female,0,Yes,Yes,1,Yes,No,No,No internet service,No internet service,No internet service,No internet service,No internet service,No internet service,Month-To-Month,Yes,Mailed Check,20.5,20.5
4945-RVMTE,Female,0,No,No,28,Yes,No,Dsl,No,No,Yes,No,Yes,No,Month-To-Month,Yes,Bank Transfer (Automatic),59.55,1646.45
5136-GFPMB,Male,0,No,No,54,Yes,Yes,Fiber Optic,No,No,Yes,No,No,Yes,Month-To-Month,No,Credit Card (Automatic),89.4,4869.5
5879-SESNB,Female,0,No,No,11,Yes,Yes,Fiber Optic,No,No,No,No,No,No,Month-To-Month,No,Electronic Check,75.25,888.65
8645-KWHJO,Male,0,No,No,14,No,No phone service,Dsl,No,No,Yes,Yes,Yes,Yes,Month-To-Month,Yes,Electronic Check,55.0,771.95
0774-IFUVM,Male,0,Yes,Yes,11,Yes,Yes,Dsl,Yes,No,No,No,Yes,No,Month-To-Month,Yes,Bank Transfer (Automatic),65.15,723.35
0952-KMEEH,Male,0,No,No,13,Yes,Yes,Fiber Optic,Yes,No,No,No,Yes,Yes,Month-To-Month,No,Mailed Check,98.15,1230.25
3325-FUYCG,Male,0,Yes,Yes,28,Yes,Yes,Fiber Optic,Yes,Yes,No,No,Yes,Yes,One Year,No,Electronic Check,106.1,2847.4
7349-ALMUX,Male,0,No,No,37,Yes,No,Dsl,Yes,Yes,Yes,Yes,No,No,Two Year,No,Bank Transfer (Automatic),65.6,2313.8
5073-WXOYN,Female,0,No,No,60,No,No phone service,Dsl,No,Yes,No,No,Yes,Yes,Month-To-Month,Yes,Electronic Check,50.8,3027.4
2900-PHPLN,Female,1,Yes,No,70,Yes,No,No,No internet service,No internet service,No internet service,No internet service,No internet service,No internet service,Two Year,Yes,Electronic Check,19.55,1462.05
2027-FECZV,Male,0,No,No,12,Yes,Yes,Fiber Optic,No,Yes,Yes,No,Yes,Yes,Month-To-Month,Yes,Electronic Check,106.7,1253.9
8882-TLVRW,Male,0,Yes,Yes,69,No,No phone service,Dsl,Yes,No,Yes,Yes,No,No,Two Year,No,Mailed Check,39.1,2779.5
3612-YVGSJ,Female,0,Yes,No,71,Yes,Yes,No,No internet service,No internet service,No internet service,No internet service,No internet service,No internet service,Two Year,Yes,Credit Card (Automatic),24.45,1681.6
2908-ZTPNF,Female,0,No,No,36,No,No phone service,Dsl,No,Yes,No,Yes,No,No,Month-To-Month,Yes,Bank Transfer (Automatic),34.85,1267.2
9124-LHCJQ,Female,0,No,No,1,Yes,Yes,Fiber Optic,No,No,No,No,No,Yes,Month-To-Month,Yes,Mailed Check,85.45,85.45
6683-VLCTZ,Male,1,No,No,20,Yes,Yes,Fiber Optic,No,No,Yes,No,Yes,Yes,Month-To-Month,Yes,Electronic Check,98.55,1842.8
8120-JDCAM,Male,0,Yes,Yes,4,Yes,No,Fiber Optic,No,No,No,No,No,No,Month-To-Month,Yes,Mailed Check,69.55,284.9
5060-TQUQN,Male,0,Yes,Yes,30,Yes,Yes,Fiber Optic,No,Yes,No,Yes,No,No,Month-To-Month,Yes,Bank Transfer (Automatic),83.55,2570.2
4092-OFQZS,Male,0,Yes,No,20,Yes,No,No,No internet service,No internet service,No internet service,No internet service,No internet service,No internet service,One Year,No,Mailed Check,20.65,417.5
8429-XIBUM,Male,0,No,No,22,Yes,Yes,Fiber Optic,Yes,No,No,No,Yes,Yes,Month-To-Month,Yes,Bank Transfer (Automatic),101.35,2317.1
1400-WIVLL,Male,0,Yes,No,57,Yes,Yes,Fiber Optic,No,No,Yes,Yes,Yes,Yes,Two Year,No,Electronic Check,107.95,5969.85
6127-ISGTU,Female,0,Yes,No,16,Yes,Yes,Fiber Optic,No,No,No,No,Yes,No,Month-To-Month,Yes,Electronic Check,84.95,1378.25
5035-PGZXH,Female,0,No,No,56,Yes,Yes,Fiber Optic,No,Yes,Yes,No,Yes,Yes,One Year,Yes,Electronic Check,106.8,5914.4
8974-OVACP,Female,0,No,No,1,Yes,No,No,No internet service,No internet service,No internet service,No internet service,No internet service,No internet service,Month-To-Month,No,Mailed Check,20.15,20.15
2985-JUUBZ,Male,0,Yes,Yes,40,Yes,Yes,Dsl,No,No,Yes,No,Yes,Yes,Month-To-Month,Yes,Electronic Check,74.55,3015.75
9114-AAFQH,Female,0,Yes,No,48,Yes,No,Dsl,No,Yes,Yes,No,No,Yes,One Year,Yes,Electronic Check,65.65,3094.65
6705-LNMDD,Male,0,No,No,20,Yes,No,Dsl,No,No,No,Yes,No,No,Month-To-Month,No,Mailed Check,50.0,1003.05
2019-HDCZY,Male,0,Yes,No,63,Yes,Yes,Fiber Optic,No,No,Yes,No,Yes,Yes,Two Year,No,Electronic Check,102.6,6296.75
1518-OMDIK,Male,0,Yes,No,33,Yes,No,Dsl,No,No,No,No,No,No,Month-To-Month,Yes,Credit Card (Automatic),44.55,1462.6
2384-OVPSA,Female,1,No,No,38,Yes,No,No,No internet service,No internet service,No internet service,No internet service,No internet service,No internet service,Two Year,No,Mailed Check,20.15,735.9
9297-FVVDH,Female,0,Yes,Yes,57,Yes,Yes,Dsl,Yes,No,Yes,Yes,Yes,Yes,Two Year,Yes,Electronic Check,84.5,4845.4
4518-FZBSX,Male,0,Yes,Yes,42,Yes,No,No,No internet service,No internet service,No internet service,No internet service,No internet service,No internet service,One Year,No,Mailed Check,20.25,854.9
6582-OIVSP,Female,0,No,No,1,Yes,No,Dsl,No,No,No,No,No,No,Month-To-Month,No,Mailed Check,45.3,45.3
0696-UKTOX,Male,0,No,Yes,23,Yes,No,Dsl,No,Yes,No,Yes,No,No,Month-To-Month,No,Electronic Check,54.15,1312.45
3985-HOYPM,Male,0,No,No,26,Yes,No,No,No internet service,No internet service,No internet service,No internet service,No internet service,No internet service,One Year,No,Mailed Check,19.4,525.55
5501-TVMGM,Male,0,No,No,1,Yes,No,Dsl,No,No,No,No,No,Yes,Month-To-Month,Yes,Electronic Check,55.25,55.25
6295-OSINB,Male,0,Yes,No,72,Yes,Yes,Fiber Optic,Yes,Yes,Yes,No,Yes,Yes,Two Year,Yes,Electronic Check,109.65,7880.25
5336-UFNZP,Female,1,Yes,Yes,65,Yes,Yes,Fiber Optic,No,Yes,Yes,No,Yes,Yes,One Year,Yes,Electronic Check,107.45,7047.5
7030-FZTFM,Male,0,Yes,Yes,72,Yes,Yes,Fiber Optic,No,Yes,Yes,Yes,Yes,Yes,Two Year,No,Credit Card (Automatic),110.9,7922.75
5849-ASHZJ,Male,0,No,Yes,27,Yes,No,No,No internet service,No internet service,No internet service,No internet service,No internet service,No internet service,One Year,No,Credit Card (Automatic),20.05,552.9
9912-OMZDS,Female,0,Yes,Yes,59,Yes,Yes,Fiber Optic,No,Yes,Yes,No,Yes,Yes,One Year,Yes,Electronic Check,106.15,6256.2
9788-HNGUT,Male,0,Yes,No,72,Yes,Yes,Fiber Optic,Yes,Yes,Yes,Yes,Yes,Yes,Two Year,Yes,Credit Card (Automatic),116.95,8594.4
5897-ZYEKH,Female,1,Yes,No,67,Yes,Yes,Fiber Optic,Yes,Yes,No,No,Yes,Yes,One Year,Yes,Electronic Check,105.6,7112.15
5676-CFLYY,Male,0,Yes,Yes,71,Yes,No,Dsl,No,Yes,No,Yes,Yes,Yes,Two Year,Yes,Credit Card (Automatic),73.35,5154.5
6591-QGOYB,Male,0,No,No,17,Yes,Yes,Fiber Optic,Yes,Yes,Yes,Yes,Yes,No,Month-To-Month,Yes,Bank Transfer (Automatic),106.65,1672.1
6654-QGBZZ,Female,0,No,No,1,Yes,No,No,No internet service,No internet service,No internet service,No internet service,No internet service,No internet service,Month-To-Month,No,Mailed Check,19.9,19.9
1496-GGSUK,Female,1,No,No,1,No,No phone service,Dsl,No,No,No,No,No,No,Month-To-Month,Yes,Mailed Check,25.7,25.7
4524-QCSSM,Male,0,No,No,26,No,No phone service,Dsl,Yes,Yes,No,No,No,Yes,Month-To-Month,Yes,Bank Transfer (Automatic),44.65,1156.55
7233-PAHHL,Male,0,Yes,Yes,66,Yes,Yes,Dsl,Yes,No,Yes,Yes,Yes,Yes,Two Year,Yes,Mailed Check,84.0,5714.25
3392-EHMNK,Female,0,Yes,Yes,67,Yes,Yes,Fiber Optic,No,Yes,No,Yes,Yes,No,Two Year,No,Credit Card (Automatic),94.1,6302.8
3482-ABPKK,Female,0,No,No,28,Yes,No,Dsl,Yes,No,No,Yes,No,No,One Year,No,Mailed Check,54.3,1546.3
7251-LJBQN,Female,1,No,No,40,Yes,Yes,Fiber Optic,No,No,Yes,Yes,Yes,Yes,One Year,Yes,Credit Card (Automatic),103.75,4188.4
3547-LQRIK,Female,0,Yes,No,47,Yes,Yes,No,No internet service,No internet service,No internet service,No internet service,No internet service,No internet service,One Year,No,Electronic Check,26.9,1250.85
7089-IVVAZ,Female,0,No,No,8,Yes,Yes,Fiber Optic,Yes,No,No,Yes,Yes,Yes,Month-To-Month,Yes,Bank Transfer (Automatic),103.35,847.3
7634-HLQJR,Female,0,Yes,Yes,47,Yes,No,No,No internet service,No internet service,No internet service,No internet service,No internet service,No internet service,Two Year,No,Credit Card (Automatic),20.05,1016.7
2931-XIQBR,Female,0,Yes,Yes,50,Yes,No,Fiber Optic,No,No,Yes,Yes,Yes,Yes,One Year,No,Mailed Check,103.05,5153.5
2634-HCZGT,Male,1,Yes,No,53,Yes,Yes,Dsl,Yes,No,No,Yes,No,No,One Year,Yes,Electronic Check,60.05,3229.65
5020-ZSTTY,Female,1,No,No,54,Yes,Yes,Dsl,Yes,Yes,No,Yes,Yes,Yes,One Year,No,Bank Transfer (Automatic),82.45,4350.1
9710-ZUSHQ,Female,1,No,No,37,Yes,Yes,Fiber Optic,Yes,Yes,No,No,Yes,Yes,Month-To-Month,Yes,Bank Transfer (Automatic),106.75,4056.75
6317-YPKDH,Female,0,No,No,1,No,No phone service,Dsl,No,Yes,No,No,No,No,Month-To-Month,No,Bank Transfer (Automatic),29.95,29.95
7242-QZLXF,Male,0,No,Yes,1,No,No phone service,Dsl,No,No,No,No,No,No,Month-To-Month,Yes,Electronic Check,25.3,25.3
4612-THJBS,Female,1,No,No,56,Yes,Yes,Fiber Optic,No,Yes,Yes,No,Yes,Yes,One Year,Yes,Bank Transfer (Automatic),104.75,5510.65
7404-JLKQG,Female,0,No,No,3,Yes,No,Dsl,No,No,Yes,No,Yes,No,Month-To-Month,No,Electronic Check,57.55,161.45
2252-JHJGE,Male,0,No,No,61,Yes,Yes,Fiber Optic,Yes,No,Yes,No,Yes,Yes,One Year,No,Electronic Check,104.0,6363.45
6923-AQONU,Male,0,Yes,Yes,23,Yes,No,No,No internet service,No internet service,No internet service,No internet service,No internet service,No internet service,Two Year,No,Mailed Check,20.9,454.0
7633-MVPUY,Male,0,Yes,No,57,Yes,No,Dsl,Yes,Yes,No,Yes,No,No,Two Year,Yes,Electronic Check,59.75,3450.15
1038-RQOST,Male,0,Yes,Yes,19,Yes,No,No,No internet service,No internet service,No internet service,No internet service,No internet service,No internet service,Month-To-Month,No,Mailed Check,20.6,414.95
6923-EFPNL,Male,0,No,No,4,Yes,Yes,Dsl,No,No,No,No,No,No,Month-To-Month,No,Credit Card (Automatic),51.75,201.1
2660-EMUBI,Male,1,No,No,10,Yes,Yes,Fiber Optic,No,No,No,No,Yes,Yes,Month-To-Month,Yes,Electronic Check,95.35,898.35
3097-PYWXL,Female,0,Yes,Yes,4,Yes,No,No,No internet service,No internet service,No internet service,No internet service,No internet service,No internet service,Month-To-Month,Yes,Electronic Check,19.95,82.9
9254-RBFON,Female,0,Yes,Yes,17,Yes,No,Fiber Optic,No,No,Yes,Yes,Yes,Yes,One Year,No,Bank Transfer (Automatic),98.6,1704.95
0719-SYFRB,Female,0,No,No,12,Yes,Yes,Dsl,Yes,No,Yes,Yes,No,No,Month-To-Month,Yes,Mailed Check,61.65,713.75
2025-JKFWI,Male,0,No,No,13,Yes,Yes,Fiber Optic,No,No,No,Yes,Yes,Yes,Month-To-Month,Yes,Mailed Check,99.0,1301.7
0013-SMEOE,Female,1,Yes,No,71,Yes,No,Fiber Optic,Yes,Yes,Yes,Yes,Yes,Yes,Two Year,Yes,Bank Transfer (Automatic),109.7,7904.25
2832-KJCRD,Female,0,No,No,38,Yes,Yes,Fiber Optic,No,No,Yes,Yes,Yes,Yes,Month-To-Month,Yes,Electronic Check,103.65,3988.5
1194-BHJYC,Male,0,Yes,No,61,No,No phone service,Dsl,Yes,No,Yes,Yes,Yes,Yes,Two Year,Yes,Mailed Check,62.15,3778.85
2826-UWHIS,Male,0,Yes,No,45,Yes,Yes,Fiber Optic,No,Yes,No,No,No,No,Month-To-Month,No,Bank Transfer (Automatic),81.4,3775.85
0868-VJRDR,Male,0,Yes,No,64,Yes,No,Fiber Optic,Yes,Yes,No,Yes,Yes,Yes,Two Year,Yes,Credit Card (Automatic),104.05,6605.55
2898-MRKPI,Male,0,Yes,Yes,68,Yes,Yes,Fiber Optic,No,Yes,No,No,Yes,Yes,One Year,Yes,Credit Card (Automatic),101.05,6770.5
5982-XMDEX,Female,0,No,No,65,Yes,Yes,No,No internet service,No internet service,No internet service,No internet service,No internet service,No internet service,Two Year,No,Bank Transfer (Automatic),26.5,1698.55
6050-FFXES,Female,0,Yes,No,69,Yes,Yes,Fiber Optic,No,No,Yes,Yes,Yes,Yes,Two Year,No,Bank Transfer (Automatic),105.35,7240.65
7879-CGSFV,Male,0,No,No,55,Yes,No,Fiber Optic,Yes,Yes,No,No,Yes,Yes,One Year,Yes,Mailed Check,100.9,5552.05
6641-XRPSU,Female,0,No,No,34,Yes,No,Fiber Optic,No,No,No,No,No,No,Month-To-Month,Yes,Credit Card (Automatic),70.0,2416.1
5393-RXQSZ,Male,0,No,No,1,Yes,No,Fiber Optic,No,No,No,No,No,Yes,Month-To-Month,No,Electronic Check,79.6,79.6
9625-RZFUK,Male,0,Yes,Yes,63,Yes,No,No,No internet service,No internet service,No internet service,No internet service,No internet service,No internet service,Two Year,No,Electronic Check,19.7,1275.85
1699-TLDLZ,Female,0,Yes,Yes,16,Yes,No,No,No internet service,No internet service,No internet service,No internet service,No internet service,No internet service,Two Year,No,Mailed Check,19.7,301.55
2273-QCKXA,Male,0,No,No,1,Yes,No,Dsl,No,No,No,Yes,No,No,Month-To-Month,No,Mailed Check,49.05,49.05
8782-LKFPK,Male,0,No,No,44,Yes,Yes,Fiber Optic,No,No,Yes,No,No,Yes,Month-To-Month,Yes,Mailed Check,90.4,4063.0
2533-TIBIX,Male,0,Yes,Yes,15,No,No phone service,Dsl,Yes,No,No,No,No,No,Month-To-Month,Yes,Bank Transfer (Automatic),30.2,469.65
5442-BHQNG,Female,0,No,No,2,Yes,No,Fiber Optic,No,No,No,No,No,No,Month-To-Month,No,Electronic Check,70.35,139.25
5730-DBDSI,Male,0,No,No,66,Yes,No,No,No internet service,No internet service,No internet service,No internet service,No internet service,No internet service,Two Year,No,Bank Transfer (Automatic),19.7,1253.8
5380-WJKOV,Male,0,No,No,34,Yes,Yes,Fiber Optic,No,Yes,Yes,No,Yes,Yes,Month-To-Month,Yes,Electronic Check,106.35,3549.25
6435-VWCCY,Male,1,Yes,No,65,Yes,Yes,Fiber Optic,Yes,Yes,No,No,Yes,No,Two Year,Yes,Credit Card (Automatic),92.7,5968.4
8623-ULFNQ,Female,1,No,No,26,Yes,Yes,Dsl,No,No,No,Yes,No,Yes,Month-To-Month,Yes,Electronic Check,66.05,1652.4
7427-AUFPY,Male,0,No,No,54,Yes,No,No,No internet service,No internet service,No internet service,No internet service,No internet service,No internet service,Two Year,No,Credit Card (Automatic),19.65,1008.7
6518-KZXCB,Male,0,No,No,22,Yes,Yes,No,No internet service,No internet service,No internet service,No internet service,No internet service,No internet service,Two Year,No,Mailed Check,25.25,566.5
5552-ZNFSJ,Male,0,No,No,1,Yes,No,Dsl,No,No,No,No,No,No,Month-To-Month,No,Electronic Check,45.3,45.3
9793-WECQC,Male,0,No,No,23,Yes,No,Fiber Optic,No,Yes,No,No,Yes,Yes,Month-To-Month,No,Mailed Check,95.3,2192.9
7665-NKLAV,Female,0,Yes,Yes,36,No,No phone service,Dsl,Yes,No,Yes,Yes,No,No,Two Year,No,Credit Card (Automatic),40.65,1547.35
4488-KQFDT,Female,0,No,No,61,Yes,Yes,Fiber Optic,No,Yes,Yes,No,Yes,Yes,One Year,Yes,Electronic Check,103.95,6423.0
5337-IIWKZ,Male,0,Yes,Yes,34,No,No phone service,Dsl,No,No,Yes,Yes,Yes,No,Month-To-Month,Yes,Electronic Check,56.05,1442.6
3669-OYSJI,Male,0,No,No,1,Yes,No,Dsl,No,No,No,No,No,No,Month-To-Month,No,Credit Card (Automatic),46.2,46.2
5003-OKNNK,Female,0,Yes,Yes,15,Yes,No,No,No internet service,No internet service,No internet service,No internet service,No internet service,No internet service,One Year,No,Credit Card (Automatic),20.35,335.95
6386-SZZKH,Female,0,Yes,Yes,49,Yes,Yes,Fiber Optic,No,Yes,Yes,Yes,Yes,Yes,Two Year,Yes,Bank Transfer (Automatic),107.95,5293.2
1273-MTETI,Female,1,No,No,4,Yes,Yes,Fiber Optic,No,No,Yes,No,No,Yes,Month-To-Month,Yes,Electronic Check,88.85,372.45
7627-JKIAZ,Female,0,Yes,No,37,Yes,Yes,Fiber Optic,No,No,Yes,No,No,No,Month-To-Month,Yes,Credit Card (Automatic),78.95,2839.65
2961-VNFKL,Female,0,Yes,No,71,Yes,Yes,No,No internet service,No internet service,No internet service,No internet service,No internet service,No internet service,Two Year,Yes,Credit Card (Automatic),25.95,1801.9
8098-LLAZX,Female,1,No,No,4,Yes,Yes,Fiber Optic,No,No,No,No,Yes,Yes,Month-To-Month,Yes,Electronic Check,95.45,396.1
2429-AYKKO,Male,0,No,No,72,Yes,No,No,No internet service,No internet service,No internet service,No internet service,No internet service,No internet service,Two Year,No,Bank Transfer (Automatic),19.85,1434.1
5688-KZTSN,Male,0,Yes,Yes,15,Yes,No,No,No internet service,No internet service,No internet service,No internet service,No internet service,No internet service,Month-To-Month,Yes,Electronic Check,20.0,288.05
4994-OBRSZ,Male,0,No,Yes,14,Yes,No,Dsl,Yes,Yes,Yes,Yes,No,Yes,Two Year,No,Bank Transfer (Automatic),76.1,1054.8
2959-MJHIC,Male,0,Yes,No,4,Yes,No,Fiber Optic,No,No,No,No,Yes,No,Month-To-Month,Yes,Electronic Check,80.35,307.4
5847-MXBEO,Male,0,No,No,22,Yes,No,No,No internet service,No internet service,No internet service,No internet service,No internet service,No internet service,One Year,No,Mailed Check,20.3,475.1
3806-DXQOM,Female,0,No,No,4,No,No phone service,Dsl,Yes,Yes,No,No,No,No,Month-To-Month,Yes,Electronic Check,33.65,137.85
1170-SASML,Female,0,Yes,No,69,Yes,Yes,Fiber Optic,No,Yes,Yes,No,No,No,Month-To-Month,Yes,Bank Transfer (Automatic),85.4,5869.4
1000-AJSLD,Male,0,No,No,1,Yes,No,No,No internet service,No internet service,No internet service,No internet service,No internet service,No internet service,Month-To-Month,Yes,Mailed Check,20.1,20.1
9386-LDCZR,Male,0,No,No,43,Yes,No,Fiber Optic,Yes,Yes,Yes,Yes,No,No,One Year,Yes,Credit Card (Automatic),90.65,3882.3
7601-WFVZV,Male,0,No,No,1,Yes,No,No,No internet service,No internet service,No internet service,No internet service,No internet service,No internet service,Month-To-Month,No,Mailed Check,19.55,19.55
6960-HVYXR,Female,0,No,No,1,Yes,Yes,Fiber Optic,No,No,No,No,No,No,Month-To-Month,No,Electronic Check,76.0,76.0
7684-XSZIY,Male,0,Yes,Yes,72,Yes,Yes,No,No internet service,No internet service,No internet service,No internet service,No internet service,No internet service,Two Year,No,Bank Transfer (Automatic),24.3,1643.25
2642-DTVCO,Male,1,No,No,9,Yes,Yes,Fiber Optic,No,No,No,No,No,Yes,Month-To-Month,Yes,Electronic Check,85.05,746.5
7128-GGCNO,Male,0,No,No,46,Yes,Yes,Fiber Optic,No,No,No,No,No,No,Month-To-Month,No,Bank Transfer (Automatic),72.8,3249.4
7853-GVUDZ,Female,0,Yes,Yes,1,Yes,No,No,No internet service,No internet service,No internet service,No internet service,No internet service,No internet service,Month-To-Month,Yes,Credit Card (Automatic),20.15,20.15
8292-FRFZQ,Female,0,No,No,39,No,No phone service,Dsl,Yes,Yes,No,Yes,No,No,One Year,No,Bank Transfer (Automatic),41.15,1700.9
4549-ZDQYY,Female,0,No,No,52,Yes,No,Dsl,Yes,No,Yes,Yes,No,No,One Year,No,Credit Card (Automatic),57.95,3042.25
6574-MCOEH,Female,0,Yes,Yes,33,Yes,Yes,Dsl,No,No,Yes,Yes,Yes,Yes,One Year,Yes,Electronic Check,79.15,2531.4
6614-VBEGU,Female,0,Yes,No,24,Yes,No,Dsl,No,Yes,No,No,Yes,Yes,Month-To-Month,Yes,Bank Transfer (Automatic),69.45,1614.05
9402-ORRAH,Female,1,No,No,15,Yes,No,Fiber Optic,No,No,No,No,Yes,Yes,Month-To-Month,Yes,Electronic Check,91.5,1400.3
8454-AATJP,Female,0,No,No,72,Yes,Yes,Fiber Optic,Yes,Yes,Yes,Yes,Yes,Yes,Two Year,No,Credit Card (Automatic),91.65,8405.0
4389-UEFCZ,Female,0,Yes,No,72,Yes,Yes,Fiber Optic,Yes,No,Yes,No,Yes,Yes,Two Year,Yes,Electronic Check,105.5,7544.0
0506-LVNGN,Female,1,No,No,5,Yes,No,Fiber Optic,No,No,Yes,No,No,No,Month-To-Month,Yes,Credit Card (Automatic),75.55,349.65
5543-QDCRY,Male,0,No,No,4,Yes,No,Dsl,No,No,No,No,Yes,No,Month-To-Month,Yes,Electronic Check,56.4,234.85
7634-WSWDB,Female,0,No,Yes,8,No,No phone service,Dsl,Yes,No,No,No,No,Yes,Month-To-Month,Yes,Electronic Check,38.5,330.8
0428-AXXLJ,Male,0,No,No,25,Yes,No,No,No internet service,No internet service,No internet service,No internet service,No internet service,No internet service,One Year,Yes,Bank Transfer (Automatic),19.5,516.3
5708-EVONK,Female,0,Yes,Yes,58,Yes,Yes,Fiber Optic,Yes,Yes,No,No,No,Yes,Month-To-Month,Yes,Bank Transfer (Automatic),93.4,5435.6
6671-NGWON,Female,0,No,No,7,Yes,No,No,No internet service,No internet service,No internet service,No internet service,No internet service,No internet service,Month-To-Month,No,Mailed Check,20.35,150.6
1925-LFCZZ,Male,1,No,No,55,No,No phone service,Dsl,No,No,Yes,No,Yes,Yes,One Year,Yes,Bank Transfer (Automatic),50.05,2743.45
1465-LNTLJ,Male,1,Yes,No,8,Yes,No,Dsl,No,No,Yes,Yes,No,Yes,Month-To-Month,Yes,Credit Card (Automatic),64.4,581.7
1094-BKOSX,Female,0,Yes,Yes,45,No,No phone service,Dsl,No,Yes,Yes,Yes,No,Yes,One Year,No,Bank Transfer (Automatic),51.0,2264.5
1041-RXHRA,Female,0,No,No,41,Yes,No,Fiber Optic,No,No,No,No,No,No,Month-To-Month,No,Bank Transfer (Automatic),70.25,2868.05
6635-CPNUN,Male,0,Yes,No,28,Yes,Yes,Fiber Optic,No,Yes,Yes,No,Yes,No,Month-To-Month,No,Credit Card (Automatic),96.6,2684.35
0019-GFNTW,Female,0,No,No,56,No,No phone service,Dsl,Yes,Yes,Yes,Yes,No,No,Two Year,No,Bank Transfer (Automatic),45.05,2560.1
5093-FEGLU,Female,0,Yes,No,47,Yes,No,No,No internet service,No internet service,No internet service,No internet service,No internet service,No internet service,Two Year,No,Bank Transfer (Automatic),19.65,921.55
7602-DBTOU,Female,0,Yes,No,71,Yes,No,No,No internet service,No internet service,No internet service,No internet service,No internet service,No internet service,Two Year,No,Mailed Check,19.6,1416.5
1015-JPFYW,Male,0,No,Yes,7,Yes,No,No,No internet service,No internet service,No internet service,No internet service,No internet service,No internet service,One Year,No,Mailed Check,19.45,136.75
9821-POOTN,Male,0,Yes,No,35,Yes,Yes,Fiber Optic,No,No,No,No,No,No,Month-To-Month,Yes,Electronic Check,75.2,2576.2
0412-UCCNP,Male,0,No,No,55,Yes,No,Dsl,Yes,No,Yes,Yes,No,No,Two Year,Yes,Electronic Check,59.2,3175.85
0266-GMEAO,Male,0,Yes,Yes,72,Yes,Yes,Fiber Optic,Yes,Yes,Yes,Yes,Yes,Yes,Two Year,Yes,Credit Card (Automatic),114.3,8058.55
5986-WWXDV,Male,0,No,Yes,39,Yes,No,No,No internet service,No internet service,No internet service,No internet service,No internet service,No internet service,One Year,No,Bank Transfer (Automatic),19.35,779.2
3161-ONRWK,Male,0,Yes,Yes,60,Yes,No,Dsl,Yes,Yes,Yes,Yes,No,No,One Year,Yes,Bank Transfer (Automatic),65.85,3928.3
3739-YBWAB,Male,0,Yes,No,36,No,No phone service,Dsl,Yes,No,Yes,No,No,No,One Year,No,Mailed Check,35.35,1317.95
4393-OBCRR,Female,0,No,No,3,Yes,No,No,No internet service,No internet service,No internet service,No internet service,No internet service,No internet service,One Year,No,Mailed Check,20.25,71.2
6874-SGLHU,Male,0,No,No,30,Yes,No,Fiber Optic,No,Yes,No,No,Yes,Yes,One Year,Yes,Bank Transfer (Automatic),97.0,3021.3
7729-XBTWX,Male,0,Yes,Yes,66,Yes,No,No,No internet service,No internet service,No internet service,No internet service,No internet service,No internet service,Two Year,Yes,Mailed Check,20.15,1344.5
1136-XGEQU,Female,0,Yes,Yes,50,Yes,Yes,Dsl,No,Yes,Yes,Yes,Yes,Yes,One Year,Yes,Credit Card (Automatic),84.15,4164.4
9945-PSVIP,Female,0,Yes,Yes,25,Yes,No,No,No internet service,No internet service,No internet service,No internet service,No internet service,No internet service,Two Year,Yes,Mailed Check,18.7,383.65
3649-JPUGY,Male,0,No,No,72,Yes,Yes,Dsl,No,Yes,Yes,Yes,Yes,Yes,Two Year,Yes,Bank Transfer (Automatic),88.6,6201.95
5172-RKOCB,Male,0,Yes,No,72,Yes,Yes,Fiber Optic,Yes,Yes,No,Yes,Yes,Yes,Two Year,Yes,Credit Card (Automatic),108.95,7875.0
1049-FYSYG,Female,0,Yes,No,17,No,No phone service,Dsl,No,Yes,Yes,No,No,No,Month-To-Month,Yes,Credit Card (Automatic),35.65,646.05
4079-WWQQQ,Male,0,No,No,72,No,No phone service,Dsl,Yes,Yes,Yes,Yes,Yes,Yes,Two Year,Yes,Bank Transfer (Automatic),65.55,4807.45
1891-QRQSA,Male,1,Yes,Yes,64,Yes,Yes,Fiber Optic,Yes,No,Yes,Yes,Yes,Yes,Two Year,Yes,Bank Transfer (Automatic),111.6,7099.0
2428-ZMCTB,Male,0,No,No,10,Yes,No,No,No internet service,No internet service,No internet service,No internet service,No internet service,No internet service,Month-To-Month,No,Credit Card (Automatic),19.75,208.25
1666-JXLKU,Female,0,No,No,37,Yes,Yes,Fiber Optic,No,No,Yes,No,Yes,Yes,Month-To-Month,Yes,Electronic Check,100.05,3810.55
9851-KIELU,Male,0,No,No,10,Yes,No,Fiber Optic,Yes,Yes,Yes,Yes,Yes,Yes,Month-To-Month,Yes,Electronic Check,110.1,1043.3
3351-NGXYI,Female,1,No,No,16,Yes,Yes,Dsl,Yes,No,No,No,No,No,Month-To-Month,Yes,Electronic Check,54.1,889.0
2637-FKFSY,Female,0,Yes,No,3,Yes,No,Dsl,No,No,No,No,No,No,Month-To-Month,Yes,Mailed Check,46.1,130.15
4581-SSPWD,Female,0,No,No,3,Yes,Yes,Fiber Optic,No,No,No,No,No,No,Month-To-Month,Yes,Electronic Check,75.8,246.3
2796-NNUFI,Female,0,Yes,Yes,46,Yes,No,No,No internet service,No internet service,No internet service,No internet service,No internet service,No internet service,Two Year,Yes,Mailed Check,19.95,927.1
5692-FPTAH,Female,0,No,No,1,Yes,No,Dsl,No,No,No,No,No,No,Month-To-Month,Yes,Mailed Check,45.4,45.4
5226-NOZFC,Male,0,No,No,26,Yes,No,Fiber Optic,No,Yes,No,No,Yes,No,Month-To-Month,Yes,Electronic Check,85.75,2146.5
2122-YWVYA,Female,0,No,No,18,Yes,No,Fiber Optic,Yes,No,No,No,No,No,Month-To-Month,Yes,Electronic Check,75.4,1380.4
6133-OZILE,Female,0,No,No,18,No,No phone service,Dsl,No,No,Yes,Yes,No,No,Month-To-Month,Yes,Electronic Check,35.2,607.3
7521-AFHAB,Female,0,Yes,Yes,5,Yes,No,Dsl,No,No,No,No,No,No,Month-To-Month,No,Mailed Check,44.8,220.45
0357-NVCRI,Female,0,No,Yes,25,Yes,No,No,No internet service,No internet service,No internet service,No internet service,No internet service,No internet service,Month-To-Month,No,Credit Card (Automatic),20.05,471.7
8966-SNIZF,Female,0,Yes,No,70,Yes,No,No,No internet service,No internet service,No internet service,No internet service,No internet service,No internet service,Two Year,No,Bank Transfer (Automatic),19.45,1303.5
1245-HARPS,Female,0,Yes,No,14,Yes,No,No,No internet service,No internet service,No internet service,No internet service,No internet service,No internet service,Two Year,No,Mailed Check,20.4,292.4
1587-FKLZB,Male,1,Yes,Yes,66,Yes,Yes,Fiber Optic,No,No,Yes,No,Yes,Yes,Month-To-Month,Yes,Credit Card (Automatic),99.5,6822.15
2931-FSOHN,Male,1,No,No,13,Yes,No,Dsl,No,Yes,No,No,Yes,No,Month-To-Month,Yes,Electronic Check,59.9,788.35
4829-ZLJTK,Female,1,Yes,No,72,Yes,Yes,Fiber Optic,Yes,Yes,Yes,No,Yes,Yes,Two Year,Yes,Electronic Check,112.4,8046.85
4646-QZXTF,Female,0,Yes,No,7,Yes,No,Dsl,Yes,No,Yes,Yes,Yes,Yes,Month-To-Month,No,Bank Transfer (Automatic),81.25,580.1
8690-UPCZI,Male,0,Yes,Yes,29,Yes,Yes,Dsl,Yes,No,No,Yes,Yes,No,One Year,No,Bank Transfer (Automatic),69.05,1958.45
2446-PLQVO,Male,0,No,No,1,Yes,No,Fiber Optic,No,No,No,No,No,No,Month-To-Month,Yes,Electronic Check,70.3,70.3
9822-OAOVB,Female,0,No,No,1,Yes,No,Dsl,No,No,No,No,No,Yes,Month-To-Month,Yes,Electronic Check,55.45,55.45
3890-RTCMS,Male,0,No,No,16,Yes,No,Dsl,No,No,No,Yes,No,No,Month-To-Month,Yes,Mailed Check,49.45,799.0
8898-KASCD,Male,0,No,No,39,No,No phone service,Dsl,No,No,Yes,Yes,No,No,One Year,No,Mailed Check,35.55,1309.15
1852-QSWCD,Male,0,Yes,Yes,64,Yes,Yes,No,No internet service,No internet service,No internet service,No internet service,No internet service,No internet service,Two Year,Yes,Mailed Check,24.8,1514.85
7341-LXCAF,Male,0,Yes,No,4,Yes,Yes,Fiber Optic,No,No,No,No,No,No,Month-To-Month,Yes,Electronic Check,74.65,301.4
0562-HKHML,Male,0,Yes,Yes,71,Yes,Yes,No,No internet service,No internet service,No internet service,No internet service,No internet service,No internet service,Two Year,No,Credit Card (Automatic),23.9,1626.4
3836-FZSDJ,Male,1,Yes,No,71,Yes,Yes,No,No internet service,No internet service,No internet service,No internet service,No internet service,No internet service,Two Year,No,Bank Transfer (Automatic),24.85,1901.0
3402-XRIUO,Female,1,Yes,No,22,Yes,Yes,Dsl,Yes,Yes,No,Yes,No,No,Month-To-Month,Yes,Mailed Check,63.55,1381.8
2126-GSEGL,Female,0,Yes,No,70,Yes,Yes,Dsl,No,Yes,Yes,Yes,Yes,Yes,Two Year,Yes,Bank Transfer (Automatic),84.8,5917.55
3957-HHLMR,Female,0,Yes,Yes,70,Yes,Yes,Dsl,Yes,No,No,No,No,Yes,One Year,No,Bank Transfer (Automatic),65.2,4543.15
8042-RNLKO,Male,0,No,No,66,Yes,Yes,No,No internet service,No internet service,No internet service,No internet service,No internet service,No internet service,One Year,No,Bank Transfer (Automatic),25.45,1699.15
7365-BVCJH,Male,0,No,No,1,No,No phone service,Dsl,No,No,No,No,No,No,Month-To-Month,Yes,Electronic Check,24.4,24.4
4097-YODCF,Male,0,No,Yes,34,Yes,Yes,Fiber Optic,Yes,Yes,No,No,Yes,Yes,One Year,Yes,Electronic Check,103.8,3470.8
2996-XAUVF,Male,0,No,No,70,No,No phone service,Dsl,No,No,No,Yes,No,Yes,Two Year,Yes,Mailed Check,40.05,2799.75
5981-ITEMU,Male,0,Yes,No,40,Yes,Yes,Fiber Optic,No,No,No,No,Yes,Yes,Month-To-Month,Yes,Bank Transfer (Automatic),97.1,3706.95
2894-QOJRX,Female,0,Yes,No,25,No,No phone service,Dsl,No,No,No,No,Yes,No,Month-To-Month,Yes,Bank Transfer (Automatic),34.0,853.0
3259-QMXUN,Male,0,Yes,No,58,Yes,Yes,Dsl,Yes,Yes,Yes,No,Yes,Yes,Two Year,Yes,Electronic Check,86.1,4890.5
7968-QUXNS,Male,0,No,No,6,Yes,No,No,No internet service,No internet service,No internet service,No internet service,No internet service,No internet service,Month-To-Month,No,Mailed Check,18.95,110.15
1971-DTCZB,Female,0,Yes,No,72,Yes,Yes,Dsl,Yes,Yes,Yes,Yes,Yes,Yes,Two Year,Yes,Bank Transfer (Automatic),90.95,6468.6
1960-UYCNN,Male,0,No,No,10,Yes,Yes,Fiber Optic,No,Yes,Yes,No,No,Yes,Month-To-Month,Yes,Electronic Check,95.25,1021.55
7928-VJYAB,Male,0,Yes,Yes,11,Yes,No,Fiber Optic,No,No,No,No,Yes,Yes,Month-To-Month,No,Electronic Check,90.6,1020.2
3062-ICYZQ,Female,0,Yes,Yes,51,Yes,Yes,Fiber Optic,Yes,Yes,No,No,No,Yes,Month-To-Month,Yes,Electronic Check,93.8,4539.35
5895-QSXOD,Male,0,No,No,9,Yes,No,Fiber Optic,No,No,No,No,No,No,Month-To-Month,No,Mailed Check,70.05,657.5
8981-FJGLA,Male,0,No,Yes,11,Yes,Yes,Fiber Optic,No,No,Yes,No,No,No,Month-To-Month,Yes,Mailed Check,78.0,851.8
3160-TYXLT,Male,0,No,No,53,No,No phone service,Dsl,Yes,Yes,No,No,No,Yes,Month-To-Month,Yes,Bank Transfer (Automatic),46.3,2546.85
1644-IRKSF,Female,0,Yes,Yes,33,Yes,No,Fiber Optic,No,No,Yes,No,Yes,Yes,One Year,Yes,Electronic Check,93.8,3124.5
4656-CAURT,Male,0,No,No,69,Yes,Yes,No,No internet service,No internet service,No internet service,No internet service,No internet service,No internet service,Two Year,No,Bank Transfer (Automatic),23.95,1713.1
5322-TEUJK,Female,0,Yes,Yes,71,Yes,Yes,Fiber Optic,Yes,Yes,Yes,Yes,Yes,Yes,Two Year,No,Bank Transfer (Automatic),114.6,8100.25
8819-WFGGJ,Male,0,Yes,No,68,No,No phone service,Dsl,Yes,No,Yes,No,Yes,Yes,Two Year,Yes,Bank Transfer (Automatic),54.1,3794.5
3946-MHCZW,Male,0,No,No,1,Yes,No,Dsl,No,No,Yes,No,No,No,Month-To-Month,No,Mailed Check,50.9,50.9
4128-ETESU,Female,1,Yes,No,47,Yes,Yes,Fiber Optic,No,No,Yes,No,Yes,Yes,Month-To-Month,No,Electronic Check,99.7,4747.2
8197-BFWVU,Female,0,Yes,Yes,72,Yes,Yes,Dsl,Yes,Yes,Yes,Yes,Yes,Yes,Two Year,Yes,Bank Transfer (Automatic),93.25,6688.95
8200-KLNYW,Female,0,Yes,No,21,Yes,No,Dsl,Yes,No,Yes,Yes,Yes,Yes,One Year,No,Mailed Check,80.9,1714.95
4678-DVQEO,Female,0,No,No,1,Yes,No,Dsl,No,No,No,Yes,No,No,Month-To-Month,Yes,Electronic Check,52.2,52.2
9763-GRSKD,Male,0,Yes,Yes,13,Yes,No,Dsl,Yes,No,No,No,No,No,Month-To-Month,Yes,Mailed Check,49.95,587.45
5896-NPFWW,Male,0,Yes,Yes,3,Yes,No,Dsl,No,No,Yes,No,No,No,Month-To-Month,Yes,Electronic Check,50.15,168.15
9058-CBREO,Female,1,No,No,1,Yes,Yes,Dsl,No,No,No,No,No,No,Month-To-Month,No,Mailed Check,50.55,50.55
5469-NUJUR,Male,0,No,No,19,Yes,No,No,No internet service,No internet service,No internet service,No internet service,No internet service,No internet service,Two Year,Yes,Mailed Check,19.95,373.5
8982-NHAVY,Male,0,No,No,27,Yes,Yes,Fiber Optic,No,No,Yes,No,Yes,Yes,One Year,Yes,Bank Transfer (Automatic),100.5,2673.45
5781-BKHOP,Female,0,Yes,No,72,Yes,Yes,Fiber Optic,Yes,Yes,Yes,No,Yes,No,Two Year,No,Bank Transfer (Automatic),100.65,7334.05
6569-KTMDU,Female,0,No,No,1,Yes,No,No,No internet service,No internet service,No internet service,No internet service,No internet service,No internet service,Month-To-Month,No,Mailed Check,19.1,19.1
5447-VYTKW,Male,0,No,No,27,Yes,No,Dsl,Yes,No,No,Yes,No,No,Month-To-Month,No,Mailed Check,53.45,1461.45
1371-OJCEK,Female,0,No,No,48,Yes,Yes,No,No internet service,No internet service,No internet service,No internet service,No internet service,No internet service,One Year,No,Bank Transfer (Automatic),24.35,1133.7
6952-OMNWB,Male,1,Yes,No,68,Yes,Yes,Fiber Optic,No,No,Yes,No,No,No,Month-To-Month,Yes,Credit Card (Automatic),80.35,5589.3
0420-TXVSG,Male,0,Yes,No,66,Yes,Yes,Dsl,Yes,Yes,Yes,No,No,No,Two Year,Yes,Credit Card (Automatic),66.1,4428.45
1636-NTNCO,Male,1,No,No,4,No,No phone service,Dsl,No,Yes,No,No,Yes,Yes,Month-To-Month,Yes,Credit Card (Automatic),50.95,207.35
2026-TGDHM,Female,0,No,No,7,Yes,No,Fiber Optic,No,No,No,No,No,Yes,Month-To-Month,Yes,Electronic Check,79.3,523.15
8124-NZVGJ,Female,0,No,No,6,No,No phone service,Dsl,No,No,No,Yes,Yes,Yes,One Year,Yes,Mailed Check,49.25,255.6
7707-PYBBH,Male,0,No,No,40,Yes,No,Dsl,Yes,Yes,No,Yes,No,No,Month-To-Month,Yes,Mailed Check,61.9,2647.1
2267-WTPYD,Female,1,Yes,No,57,Yes,Yes,Fiber Optic,No,Yes,Yes,No,No,Yes,Month-To-Month,No,Credit Card (Automatic),94.0,5438.95
6689-KXGBO,Female,0,No,No,1,Yes,No,Dsl,No,Yes,No,No,No,No,Month-To-Month,No,Electronic Check,50.55,50.55
4132-KALRO,Female,0,No,No,4,Yes,Yes,Fiber Optic,No,No,No,Yes,Yes,Yes,Month-To-Month,Yes,Mailed Check,100.85,399.25
6693-DJWTY,Female,0,No,Yes,35,Yes,No,Dsl,Yes,Yes,No,No,No,No,One Year,No,Credit Card (Automatic),55.6,2016.45
5442-PPTJY,Male,0,Yes,Yes,12,Yes,No,No,No internet service,No internet service,No internet service,No internet service,No internet service,No internet service,Two Year,No,Mailed Check,19.7,258.35
2320-JRSDE,Female,0,Yes,Yes,1,Yes,No,No,No internet service,No internet service,No internet service,No internet service,No internet service,No internet service,Month-To-Month,Yes,Electronic Check,19.9,19.9
0480-BIXDE,Female,0,Yes,No,19,Yes,No,Fiber Optic,No,No,Yes,No,Yes,Yes,Month-To-Month,Yes,Electronic Check,96.8,1743.05
8634-CILSZ,Male,0,No,No,69,Yes,Yes,Fiber Optic,No,Yes,No,Yes,Yes,Yes,One Year,Yes,Bank Transfer (Automatic),104.7,7220.35
4900-MSOMT,Female,0,Yes,Yes,72,Yes,Yes,Dsl,Yes,Yes,Yes,Yes,Yes,No,Two Year,No,Bank Transfer (Automatic),80.2,5714.2
4795-UXVCJ,Male,0,No,No,26,Yes,No,No,No internet service,No internet service,No internet service,No internet service,No internet service,No internet service,One Year,No,Credit Card (Automatic),19.8,457.3
1265-HVPZB,Male,0,Yes,No,59,Yes,No,Dsl,Yes,Yes,Yes,No,Yes,No,One Year,No,Credit Card (Automatic),56.05,3958.2
0723-FDLAY,Male,0,No,No,44,Yes,Yes,Dsl,No,Yes,Yes,Yes,Yes,Yes,One Year,Yes,Bank Transfer (Automatic),85.25,3704.15
5875-YPQFJ,Male,0,No,No,1,Yes,No,Fiber Optic,No,No,No,No,No,No,Month-To-Month,Yes,Electronic Check,69.9,69.9
7101-HRBLJ,Female,0,Yes,Yes,72,Yes,No,Dsl,Yes,Yes,Yes,Yes,Yes,Yes,Two Year,Yes,Bank Transfer (Automatic),83.7,6096.9
3199-XGZCY,Female,0,No,No,8,Yes,Yes,Fiber Optic,No,No,No,No,No,No,Month-To-Month,Yes,Electronic Check,75.25,576.7
3192-NQECA,Male,0,Yes,No,68,Yes,Yes,Fiber Optic,No,Yes,Yes,Yes,Yes,Yes,Two Year,Yes,Bank Transfer (Automatic),110.0,7611.85
9970-QBCDA,Female,0,No,No,6,Yes,No,No,No internet service,No internet service,No internet service,No internet service,No internet service,No internet service,Month-To-Month,No,Credit Card (Automatic),19.7,129.55
1389-WNUIB,Female,0,Yes,Yes,20,Yes,Yes,Dsl,Yes,No,No,No,Yes,Yes,One Year,No,Bank Transfer (Automatic),76.0,1588.75
3058-WQDRE,Male,0,No,No,13,No,No phone service,Dsl,No,No,No,No,No,No,Month-To-Month,Yes,Bank Transfer (Automatic),25.15,331.85
6331-EWIEB,Male,0,No,No,20,Yes,Yes,Fiber Optic,No,No,No,No,Yes,No,Month-To-Month,Yes,Electronic Check,85.25,1734.5
1357-MVDOZ,Male,0,Yes,Yes,11,Yes,No,Dsl,No,No,Yes,No,Yes,No,Month-To-Month,Yes,Bank Transfer (Automatic),59.65,683.25
4670-TABXH,Male,0,Yes,No,72,Yes,Yes,Fiber Optic,No,Yes,Yes,Yes,Yes,Yes,Two Year,Yes,Credit Card (Automatic),109.75,7758.9
9027-TMATR,Female,0,Yes,No,43,Yes,No,Dsl,Yes,No,Yes,Yes,Yes,Yes,Two Year,Yes,Electronic Check,78.8,3460.3
5148-ORICT,Female,0,Yes,No,64,Yes,No,Dsl,Yes,Yes,Yes,Yes,No,Yes,Two Year,Yes,Mailed Check,74.35,4759.55
3745-HRPHI,Male,0,Yes,Yes,66,No,No phone service,Dsl,No,No,Yes,Yes,Yes,Yes,Two Year,No,Bank Transfer (Automatic),54.65,3632.0
9134-CEQMF,Male,1,Yes,No,7,Yes,No,Fiber Optic,No,No,No,No,Yes,Yes,Month-To-Month,Yes,Electronic Check,89.5,676.7
6047-SUHPR,Male,0,Yes,Yes,39,Yes,No,Dsl,Yes,Yes,Yes,No,No,No,One Year,No,Electronic Check,59.8,2343.85
3689-MOZGR,Female,0,No,No,29,No,No phone service,Dsl,No,No,No,Yes,No,No,Month-To-Month,Yes,Electronic Check,31.2,926.2
8775-LHDJH,Female,1,Yes,No,1,Yes,Yes,Fiber Optic,No,Yes,No,No,Yes,No,Month-To-Month,Yes,Electronic Check,90.6,90.6
3521-HTQTV,Male,0,No,No,34,Yes,Yes,No,No internet service,No internet service,No internet service,No internet service,No internet service,No internet service,Two Year,No,Bank Transfer (Automatic),26.1,980.35
2810-FTLEM,Female,0,No,No,16,Yes,No,Dsl,Yes,No,No,No,No,No,Month-To-Month,Yes,Electronic Check,50.15,762.25
7516-GMHUV,Male,1,Yes,No,50,Yes,Yes,Fiber Optic,Yes,No,Yes,No,Yes,Yes,Two Year,Yes,Credit Card (Automatic),105.05,5163.3
9086-YJYXS,Male,0,Yes,Yes,34,Yes,Yes,Dsl,No,No,Yes,No,Yes,Yes,One Year,No,Bank Transfer (Automatic),77.2,2753.8
4361-FEBGN,Male,0,No,No,48,Yes,No,No,No internet service,No internet service,No internet service,No internet service,No internet service,No internet service,Two Year,No,Credit Card (Automatic),20.15,982.95
6784-XYJAE,Female,0,No,No,36,Yes,Yes,Dsl,No,No,Yes,No,No,No,One Year,No,Electronic Check,55.8,1941.5
2725-TTRIQ,Female,0,Yes,Yes,72,Yes,Yes,Dsl,Yes,No,Yes,Yes,Yes,Yes,Two Year,Yes,Bank Transfer (Automatic),84.2,5986.55
9621-OUPYD,Female,0,Yes,No,25,Yes,No,No,No internet service,No internet service,No internet service,No internet service,No internet service,No internet service,One Year,Yes,Bank Transfer (Automatic),20.2,507.9
2867-UIMSS,Male,0,No,No,1,Yes,No,Fiber Optic,No,No,No,No,No,Yes,Month-To-Month,No,Electronic Check,80.5,80.5
8851-RAGOV,Female,0,Yes,No,25,Yes,No,Dsl,Yes,Yes,No,Yes,No,Yes,Month-To-Month,Yes,Mailed Check,71.05,1837.7
2886-KEFUM,Female,0,Yes,No,63,Yes,Yes,Fiber Optic,No,Yes,Yes,No,Yes,Yes,One Year,Yes,Electronic Check,107.5,6873.75
3249-VHRIP,Female,0,No,No,62,No,No phone service,Dsl,No,Yes,Yes,No,No,Yes,Two Year,Yes,Credit Card (Automatic),43.6,2748.7
9674-EHPPG,Male,0,Yes,No,46,No,No phone service,Dsl,Yes,No,Yes,Yes,No,No,Two Year,No,Credit Card (Automatic),40.4,1842.7
4459-BBGHE,Male,0,No,Yes,30,No,No phone service,Dsl,No,No,No,No,Yes,Yes,Month-To-Month,Yes,Electronic Check,44.5,1307.8
5248-RPYWW,Female,1,Yes,Yes,72,Yes,Yes,Dsl,Yes,Yes,Yes,Yes,Yes,Yes,Two Year,Yes,Bank Transfer (Automatic),90.15,6716.45
9702-AIUJO,Male,0,Yes,Yes,50,Yes,No,Dsl,No,No,No,No,No,No,One Year,Yes,Bank Transfer (Automatic),44.8,2230.85
5228-EXCET,Male,0,No,No,13,Yes,No,Fiber Optic,No,No,No,No,No,Yes,Month-To-Month,Yes,Electronic Check,80.85,1008.7
7340-KEFQE,Female,0,Yes,Yes,51,No,No phone service,Dsl,Yes,No,No,Yes,No,No,Two Year,No,Bank Transfer (Automatic),34.2,1782.0
3967-KXAPS,Male,0,Yes,No,72,Yes,Yes,Dsl,Yes,Yes,Yes,Yes,Yes,Yes,Two Year,No,Credit Card (Automatic),92.3,6719.9
6257-DTAYD,Male,0,Yes,No,71,Yes,Yes,Fiber Optic,No,Yes,No,Yes,Yes,Yes,Two Year,Yes,Electronic Check,104.15,7365.3
6542-LWGXJ,Male,0,Yes,No,3,No,No phone service,Dsl,No,No,No,No,No,No,Month-To-Month,No,Mailed Check,25.0,78.25
2239-CFOUJ,Male,0,Yes,Yes,1,Yes,No,No,No internet service,No internet service,No internet service,No internet service,No internet service,No internet service,One Year,No,Mailed Check,20.4,20.4
3733-UOCWF,Male,1,Yes,No,61,Yes,Yes,Fiber Optic,No,Yes,No,Yes,No,No,One Year,Yes,Bank Transfer (Automatic),85.55,5251.75
4234-XTNEA,Male,0,No,No,2,Yes,No,Fiber Optic,No,No,No,No,Yes,No,Month-To-Month,Yes,Electronic Check,79.95,174.45
1101-SSWAG,Female,0,Yes,No,15,Yes,Yes,Dsl,No,No,No,No,No,No,Month-To-Month,Yes,Electronic Check,51.1,711.15
3923-CSIHK,Female,1,Yes,No,50,Yes,No,Fiber Optic,No,No,No,No,No,No,Month-To-Month,Yes,Electronic Check,71.05,3444.85
3419-SNJJD,Female,1,Yes,No,65,Yes,Yes,Fiber Optic,Yes,No,Yes,No,Yes,Yes,Month-To-Month,No,Bank Transfer (Automatic),105.25,6786.4
9972-EWRJS,Female,0,Yes,Yes,67,Yes,No,No,No internet service,No internet service,No internet service,No internet service,No internet service,No internet service,Two Year,Yes,Bank Transfer (Automatic),19.25,1372.9
6870-ZWMNX,Male,0,Yes,No,70,Yes,Yes,Dsl,No,Yes,Yes,Yes,Yes,No,Two Year,No,Credit Card (Automatic),76.1,5264.25
2195-VVRJF,Male,1,Yes,No,18,Yes,No,Dsl,Yes,No,No,No,No,Yes,Month-To-Month,Yes,Electronic Check,59.1,1011.05
0880-FVFWF,Male,0,No,No,56,Yes,Yes,Fiber Optic,Yes,Yes,No,No,No,No,Month-To-Month,Yes,Electronic Check,86.4,4922.4
8149-RSOUN,Female,0,No,No,1,Yes,Yes,Fiber Optic,No,No,No,No,Yes,Yes,Month-To-Month,Yes,Electronic Check,93.85,93.85
7670-ZBPOQ,Female,0,Yes,No,58,Yes,Yes,Dsl,Yes,No,No,Yes,No,No,One Year,Yes,Bank Transfer (Automatic),61.05,3478.75
3865-QBWSJ,Male,1,No,Yes,38,Yes,Yes,Fiber Optic,Yes,No,No,No,No,No,Month-To-Month,Yes,Mailed Check,80.45,3162.65
4070-OKWVH,Female,0,Yes,No,52,Yes,Yes,Fiber Optic,No,Yes,Yes,No,Yes,No,Month-To-Month,No,Bank Transfer (Automatic),94.6,5025.8
5195-KPUNQ,Female,1,No,No,53,Yes,No,Fiber Optic,Yes,Yes,No,Yes,No,Yes,One Year,Yes,Mailed Check,96.75,5206.55
9330-VOFSZ,Female,0,Yes,No,60,Yes,Yes,Fiber Optic,No,Yes,Yes,Yes,Yes,Yes,Two Year,Yes,Credit Card (Automatic),110.8,6640.7
8337-UPOAQ,Male,1,Yes,No,10,Yes,Yes,Fiber Optic,No,No,Yes,No,No,Yes,Month-To-Month,Yes,Electronic Check,89.8,914.3
2005-DWQZJ,Female,0,Yes,Yes,8,Yes,No,No,No internet service,No internet service,No internet service,No internet service,No internet service,No internet service,Two Year,No,Mailed Check,19.05,201.7
7727-SHVZV,Female,0,No,No,9,Yes,No,No,No internet service,No internet service,No internet service,No internet service,No internet service,No internet service,Month-To-Month,No,Bank Transfer (Automatic),19.5,150.35
2460-NGXBJ,Male,1,Yes,Yes,11,Yes,Yes,Fiber Optic,No,No,No,No,No,No,Month-To-Month,Yes,Credit Card (Automatic),75.2,775.3
6060-DRTNL,Female,1,No,No,5,Yes,No,Fiber Optic,No,No,Yes,No,Yes,No,Month-To-Month,Yes,Mailed Check,84.85,415.55
4445-KWOKW,Female,0,No,No,42,Yes,Yes,Dsl,Yes,Yes,No,No,No,No,One Year,Yes,Bank Transfer (Automatic),60.15,2421.6
2878-RMWXY,Male,1,Yes,No,72,Yes,Yes,Fiber Optic,Yes,Yes,Yes,No,No,Yes,Two Year,Yes,Credit Card (Automatic),102.65,7550.3
1088-AUUZZ,Male,0,Yes,Yes,56,Yes,Yes,Dsl,Yes,Yes,No,Yes,No,Yes,Two Year,Yes,Credit Card (Automatic),75.85,4261.2
7129-CAKJW,Female,0,No,No,17,Yes,Yes,Fiber Optic,No,No,Yes,No,No,No,Month-To-Month,No,Bank Transfer (Automatic),80.05,1345.65
6229-LSCKB,Male,1,No,No,6,Yes,No,Fiber Optic,No,No,No,No,Yes,No,Month-To-Month,Yes,Electronic Check,79.7,497.6
4903-UYAVB,Male,0,Yes,No,5,Yes,No,No,No internet service,No internet service,No internet service,No internet service,No internet service,No internet service,Month-To-Month,No,Mailed Check,19.35,126.05
0208-BPQEJ,Female,0,Yes,Yes,12,Yes,No,No,No internet service,No internet service,No internet service,No internet service,No internet service,No internet service,Month-To-Month,No,Bank Transfer (Automatic),19.4,198.1
5495-GPSRW,Male,0,No,No,20,Yes,No,No,No internet service,No internet service,No internet service,No internet service,No internet service,No internet service,Two Year,Yes,Mailed Check,19.7,419.4
0136-IFMYD,Male,1,Yes,No,69,Yes,Yes,Fiber Optic,No,Yes,Yes,Yes,Yes,Yes,Two Year,Yes,Electronic Check,109.95,7634.25
4981-FLTMF,Female,0,Yes,Yes,57,Yes,Yes,Dsl,Yes,Yes,No,Yes,No,No,Month-To-Month,No,Bank Transfer (Automatic),65.2,3687.85
0187-WZNAB,Female,0,Yes,Yes,27,Yes,No,Fiber Optic,Yes,No,No,No,No,No,Month-To-Month,No,Mailed Check,74.4,1972.35
1399-UBQIU,Male,0,No,No,11,Yes,No,Dsl,No,No,Yes,No,Yes,Yes,Month-To-Month,Yes,Electronic Check,69.35,712.25
8441-SHIPE,Female,0,No,No,67,Yes,Yes,No,No internet service,No internet service,No internet service,No internet service,No internet service,No internet service,Two Year,Yes,Bank Transfer (Automatic),25.6,1790.35
2236-HILPA,Male,0,Yes,Yes,62,Yes,No,No,No internet service,No internet service,No internet service,No internet service,No internet service,No internet service,Two Year,No,Credit Card (Automatic),20.65,1218.45
2972-YDYUW,Female,0,No,No,57,Yes,Yes,Fiber Optic,No,Yes,No,Yes,No,Yes,One Year,No,Electronic Check,94.7,5468.95
2692-PFYTJ,Female,0,No,No,1,Yes,Yes,No,No internet service,No internet service,No internet service,No internet service,No internet service,No internet service,Month-To-Month,Yes,Mailed Check,25.75,25.75
9522-BNTHX,Female,1,No,No,34,No,No phone service,Dsl,No,Yes,Yes,No,Yes,Yes,Month-To-Month,Yes,Electronic Check,56.25,1765.95
0471-LVHGK,Male,0,Yes,No,41,Yes,Yes,Dsl,No,No,Yes,No,Yes,Yes,One Year,Yes,Electronic Check,73.0,3001.2
9938-TKDGL,Male,0,Yes,Yes,68,Yes,No,Fiber Optic,Yes,No,No,Yes,Yes,Yes,Two Year,Yes,Electronic Check,99.55,6668.0
0193-ESZXP,Female,1,Yes,No,58,Yes,No,Fiber Optic,Yes,Yes,No,Yes,Yes,Yes,One Year,Yes,Credit Card (Automatic),105.5,6205.5
5482-VXSXJ,Male,0,No,No,22,Yes,No,Fiber Optic,No,Yes,No,No,Yes,Yes,Month-To-Month,Yes,Mailed Check,93.2,2157.3
6365-HITVU,Female,0,Yes,Yes,71,Yes,No,Dsl,Yes,Yes,Yes,Yes,Yes,Yes,Two Year,No,Credit Card (Automatic),87.25,6328.7
6791-YBNAK,Male,0,Yes,Yes,18,No,No phone service,Dsl,No,No,No,No,No,No,Month-To-Month,No,Credit Card (Automatic),25.55,467.85
0423-UDIJQ,Male,1,No,No,9,Yes,No,Dsl,No,No,No,Yes,No,No,Month-To-Month,No,Mailed Check,49.2,447.9
0254-WWRKD,Female,0,Yes,Yes,67,Yes,No,Dsl,No,Yes,No,No,No,No,One Year,No,Credit Card (Automatic),50.55,3431.75
8012-SOUDQ,Female,1,No,No,43,Yes,Yes,Fiber Optic,No,Yes,No,No,Yes,No,Month-To-Month,Yes,Electronic Check,90.25,3838.75
5539-HIVAK,Female,1,Yes,No,28,Yes,Yes,No,No internet service,No internet service,No internet service,No internet service,No internet service,No internet service,Month-To-Month,No,Mailed Check,25.7,734.6
9606-PBKBQ,Male,1,Yes,No,32,Yes,Yes,Fiber Optic,No,No,No,No,No,Yes,Month-To-Month,Yes,Electronic Check,85.0,2642.05
9290-SHCMB,Female,1,No,No,13,Yes,No,Fiber Optic,No,No,Yes,No,Yes,Yes,Month-To-Month,Yes,Electronic Check,96.85,1235.55
7811-JIVPF,Female,0,No,No,23,Yes,No,Dsl,No,No,Yes,No,No,No,Month-To-Month,No,Credit Card (Automatic),49.7,1081.25
2419-FSORS,Male,0,Yes,No,72,Yes,Yes,Fiber Optic,No,Yes,Yes,Yes,Yes,Yes,Two Year,Yes,Electronic Check,108.4,7719.5
9572-WUKSB,Male,0,Yes,No,3,No,No phone service,Dsl,No,No,No,Yes,No,No,Month-To-Month,Yes,Electronic Check,29.9,92.25
4174-LPGTI,Female,0,Yes,Yes,41,Yes,No,Dsl,No,Yes,No,Yes,No,Yes,One Year,Yes,Bank Transfer (Automatic),66.5,2728.6
4236-XPXAV,Female,0,Yes,Yes,5,Yes,No,Fiber Optic,No,Yes,No,Yes,Yes,Yes,Month-To-Month,Yes,Mailed Check,99.15,465.05
2506-TNFCO,Female,1,Yes,No,1,Yes,No,Fiber Optic,No,No,No,No,No,No,Month-To-Month,Yes,Electronic Check,69.55,69.55
7908-QCBCA,Female,0,Yes,No,1,Yes,No,Fiber Optic,No,No,No,No,No,No,Month-To-Month,Yes,Mailed Check,69.4,69.4
4186-ZBUEW,Female,0,No,No,36,Yes,Yes,Dsl,No,Yes,No,Yes,No,Yes,One Year,Yes,Mailed Check,70.7,2511.95
0530-IJVDB,Male,0,No,Yes,70,Yes,Yes,Fiber Optic,Yes,Yes,Yes,Yes,Yes,Yes,Two Year,Yes,Electronic Check,114.6,7882.5
6618-RYATB,Female,0,No,No,1,Yes,Yes,Fiber Optic,No,No,Yes,No,No,No,Month-To-Month,Yes,Mailed Check,79.55,79.55
2259-OUUSZ,Male,0,No,No,7,No,No phone service,Dsl,No,No,Yes,Yes,No,No,One Year,Yes,Credit Card (Automatic),35.5,249.55
7479-NITWS,Male,0,No,No,7,Yes,Yes,Fiber Optic,No,No,Yes,No,Yes,No,Month-To-Month,Yes,Credit Card (Automatic),89.35,631.85
7554-AKDQF,Female,0,Yes,No,6,Yes,No,Dsl,No,No,No,No,No,No,Month-To-Month,No,Mailed Check,45.65,323.45
4429-WYGFR,Male,0,No,No,26,Yes,No,Dsl,No,No,No,Yes,No,No,Month-To-Month,No,Bank Transfer (Automatic),49.15,1237.3
4939-KYYPY,Male,0,No,No,27,Yes,Yes,Dsl,No,No,Yes,Yes,No,No,Month-To-Month,No,Electronic Check,59.45,1611.65
7317-GGVPB,Male,0,Yes,No,71,Yes,Yes,Fiber Optic,No,Yes,Yes,Yes,Yes,Yes,Two Year,Yes,Credit Card (Automatic),91.65,7690.9
9207-ZPANB,Male,0,No,No,37,Yes,Yes,Dsl,Yes,Yes,Yes,Yes,No,No,One Year,No,Electronic Check,67.45,2443.3
5949-HGVJL,Female,0,Yes,No,26,Yes,No,Dsl,No,Yes,No,Yes,Yes,Yes,Month-To-Month,Yes,Electronic Check,73.05,1959.5
3841-CONLJ,Female,0,Yes,No,1,No,No phone service,Dsl,No,No,No,No,No,Yes,Month-To-Month,No,Electronic Check,35.0,35.0
7159-NOKYQ,Male,0,Yes,No,67,Yes,Yes,Fiber Optic,No,Yes,Yes,No,No,Yes,Two Year,Yes,Electronic Check,93.15,6368.2
2344-JMOGN,Male,0,Yes,No,9,Yes,No,Fiber Optic,No,Yes,Yes,Yes,Yes,No,Month-To-Month,Yes,Mailed Check,94.85,890.6
1696-MZVAU,Male,0,Yes,Yes,39,No,No phone service,Dsl,No,No,No,No,No,No,One Year,Yes,Credit Card (Automatic),25.25,947.75
1469-LBJQJ,Female,0,Yes,No,66,Yes,Yes,Fiber Optic,No,Yes,Yes,No,Yes,Yes,Month-To-Month,Yes,Electronic Check,105.2,6936.85
4079-VTGLK,Male,1,Yes,No,30,Yes,Yes,Dsl,No,No,Yes,No,Yes,Yes,Two Year,No,Electronic Check,74.85,2181.75
3627-FCRDW,Female,0,No,No,9,Yes,No,Fiber Optic,No,No,No,No,No,No,Month-To-Month,No,Electronic Check,71.0,672.55
3400-ESFUW,Male,0,Yes,Yes,55,Yes,No,Dsl,Yes,Yes,No,Yes,No,No,Two Year,No,Bank Transfer (Automatic),57.55,3046.4
6999-CHVCF,Male,0,No,No,68,Yes,Yes,Fiber Optic,Yes,Yes,Yes,No,No,Yes,Two Year,Yes,Bank Transfer (Automatic),102.1,7149.35
7996-MHXLW,Female,0,No,No,66,Yes,Yes,No,No internet service,No internet service,No internet service,No internet service,No internet service,No internet service,Two Year,Yes,Credit Card (Automatic),25.15,1683.6
2883-ILGWO,Male,1,No,No,57,Yes,Yes,Fiber Optic,No,Yes,No,Yes,Yes,Yes,Month-To-Month,Yes,Bank Transfer (Automatic),104.9,5913.95
3927-NLNRY,Male,0,Yes,No,53,Yes,No,Fiber Optic,No,Yes,No,No,Yes,Yes,One Year,Yes,Bank Transfer (Automatic),94.25,4867.95
3682-YEUWS,Male,0,Yes,Yes,10,Yes,Yes,No,No internet service,No internet service,No internet service,No internet service,No internet service,No internet service,Month-To-Month,Yes,Mailed Check,24.4,253.9
4971-PUYQO,Female,0,No,No,27,Yes,Yes,Fiber Optic,No,No,No,No,Yes,Yes,Month-To-Month,Yes,Mailed Check,94.55,2724.6
1439-LCGVL,Female,0,Yes,No,26,Yes,No,No,No internet service,No internet service,No internet service,No internet service,No internet service,No internet service,One Year,No,Mailed Check,19.2,459.6
5453-YBTWV,Male,0,Yes,Yes,70,Yes,No,Fiber Optic,Yes,Yes,Yes,Yes,Yes,No,Two Year,Yes,Credit Card (Automatic),101.1,6994.8
9817-APLHW,Male,0,No,No,12,Yes,Yes,No,No internet service,No internet service,No internet service,No internet service,No internet service,No internet service,Month-To-Month,No,Electronic Check,20.15,316.2
2223-KAGMX,Female,0,No,No,15,Yes,No,No,No internet service,No internet service,No internet service,No internet service,No internet service,No internet service,Month-To-Month,No,Bank Transfer (Automatic),19.4,289.3
5214-CHIWJ,Male,0,No,No,27,Yes,No,No,No internet service,No internet service,No internet service,No internet service,No internet service,No internet service,One Year,No,Mailed Check,20.3,595.05
5893-PYOLZ,Male,0,No,No,56,Yes,No,Dsl,No,Yes,Yes,Yes,Yes,Yes,Two Year,Yes,Credit Card (Automatic),81.8,4534.45
3620-MWJNE,Male,0,No,No,2,Yes,No,Dsl,Yes,No,No,Yes,No,No,Month-To-Month,Yes,Mailed Check,54.45,87.3
7995-ZHHNZ,Male,0,Yes,No,42,Yes,Yes,Dsl,Yes,No,No,No,No,No,One Year,No,Credit Card (Automatic),56.1,2386.85
5220-AGAAX,Male,0,Yes,Yes,68,Yes,Yes,No,No internet service,No internet service,No internet service,No internet service,No internet service,No internet service,Two Year,Yes,Bank Transfer (Automatic),24.0,1664.3
3096-WPXBT,Female,0,Yes,Yes,61,Yes,Yes,Fiber Optic,Yes,Yes,Yes,No,No,Yes,One Year,Yes,Credit Card (Automatic),100.7,6018.65
6351-SCJKT,Male,0,No,No,3,No,No phone service,Dsl,Yes,No,Yes,Yes,No,No,Month-To-Month,No,Mailed Check,41.35,107.25
0491-KAPQG,Male,0,No,No,21,Yes,Yes,Fiber Optic,No,No,No,No,No,No,Month-To-Month,Yes,Electronic Check,73.7,1558.7
0523-VNGTF,Female,1,No,No,52,No,No phone service,Dsl,No,Yes,Yes,Yes,Yes,No,Month-To-Month,Yes,Electronic Check,50.5,2566.3
9108-EQPNQ,Female,0,Yes,Yes,10,Yes,Yes,No,No internet service,No internet service,No internet service,No internet service,No internet service,No internet service,Two Year,No,Credit Card (Automatic),26.1,225.55
0936-NQLJU,Female,0,Yes,No,41,Yes,No,No,No internet service,No internet service,No internet service,No internet service,No internet service,No internet service,Two Year,No,Credit Card (Automatic),20.65,875.55
5647-FXOTP,Female,1,Yes,No,60,Yes,Yes,Fiber Optic,No,Yes,Yes,No,Yes,Yes,Month-To-Month,Yes,Electronic Check,105.9,6401.25
2703-AMTUL,Male,0,Yes,Yes,36,Yes,No,Dsl,Yes,Yes,No,No,No,No,One Year,No,Mailed Check,53.65,1939.35
8191-XWSZG,Female,0,No,No,52,Yes,No,No,No internet service,No internet service,No internet service,No internet service,No internet service,No internet service,One Year,No,Mailed Check,20.65,1022.95
5383-MMTWC,Female,1,Yes,No,8,Yes,Yes,Fiber Optic,No,No,No,No,No,Yes,Month-To-Month,Yes,Electronic Check,84.0,613.4
8634-MPHTR,Male,1,Yes,No,47,Yes,Yes,Fiber Optic,No,No,Yes,No,Yes,Yes,Month-To-Month,Yes,Electronic Check,100.05,4871.05
0354-WYROK,Female,1,Yes,Yes,31,Yes,No,Fiber Optic,No,No,Yes,Yes,Yes,Yes,Month-To-Month,Yes,Electronic Check,98.9,2911.3
5934-RMPOV,Female,0,No,Yes,22,Yes,Yes,Fiber Optic,No,No,No,No,No,Yes,Month-To-Month,Yes,Electronic Check,84.75,1816.75
2790-XUYMV,Male,0,No,Yes,71,Yes,Yes,Fiber Optic,Yes,Yes,No,No,No,No,One Year,Yes,Credit Card (Automatic),85.45,6028.95
7639-SUPCW,Female,0,No,No,22,Yes,No,Dsl,Yes,No,No,No,No,No,Month-To-Month,Yes,Credit Card (Automatic),48.8,1054.6
9804-ICWBG,Male,0,No,No,1,Yes,No,Fiber Optic,No,No,No,No,No,No,Month-To-Month,Yes,Electronic Check,69.9,69.9
7912-SYRQT,Female,0,No,No,7,Yes,Yes,Fiber Optic,No,No,No,No,No,No,Month-To-Month,Yes,Bank Transfer (Automatic),75.1,552.95
7632-MNYOY,Male,1,No,No,66,Yes,Yes,Fiber Optic,No,Yes,Yes,Yes,Yes,Yes,One Year,No,Credit Card (Automatic),110.9,7432.05
3606-TWKGI,Male,1,No,No,13,Yes,Yes,Fiber Optic,No,Yes,Yes,No,Yes,Yes,Month-To-Month,Yes,Electronic Check,106.9,1364.3
7030-NJVDP,Male,0,Yes,No,24,Yes,No,Fiber Optic,Yes,No,No,Yes,No,Yes,Month-To-Month,Yes,Electronic Check,89.25,2210.2
0516-WJVXC,Female,0,No,No,5,Yes,No,Dsl,Yes,No,No,Yes,No,No,Month-To-Month,No,Electronic Check,54.2,308.25
6338-AVWCY,Male,0,No,No,3,No,No phone service,Dsl,No,No,Yes,No,Yes,No,Month-To-Month,Yes,Mailed Check,40.15,130.75
3744-ZBHON,Female,0,No,No,3,Yes,No,No,No internet service,No internet service,No internet service,No internet service,No internet service,No internet service,Month-To-Month,No,Electronic Check,20.2,65.95
9097-ZUBYC,Male,0,Yes,No,14,Yes,No,Dsl,No,No,No,Yes,No,No,Month-To-Month,No,Bank Transfer (Automatic),48.8,664.4
6575-SUVOI,Female,1,Yes,No,25,Yes,Yes,Dsl,Yes,No,No,Yes,Yes,No,Month-To-Month,Yes,Credit Card (Automatic),69.5,1752.65
5934-TSSAU,Female,0,Yes,Yes,23,Yes,No,Fiber Optic,No,No,Yes,No,No,No,Month-To-Month,Yes,Credit Card (Automatic),75.3,1702.9
8541-QVFKM,Female,0,No,No,8,Yes,Yes,Fiber Optic,No,No,No,No,No,No,Month-To-Month,Yes,Electronic Check,73.5,632.2
6967-QIQRV,Male,0,Yes,Yes,15,Yes,No,Fiber Optic,Yes,No,No,Yes,Yes,Yes,One Year,No,Electronic Check,101.9,1667.25
2322-VCZHZ,Male,1,Yes,No,23,Yes,No,Fiber Optic,Yes,Yes,No,No,No,Yes,Month-To-Month,Yes,Electronic Check,90.0,2024.1
3411-WLRSQ,Female,1,Yes,No,3,Yes,No,Fiber Optic,No,Yes,No,No,No,No,Month-To-Month,Yes,Bank Transfer (Automatic),74.6,239.05
2882-DDZPG,Female,0,No,No,12,Yes,No,No,No internet service,No internet service,No internet service,No internet service,No internet service,No internet service,Month-To-Month,No,Bank Transfer (Automatic),19.45,227.45
8854-CCVSQ,Male,0,No,No,18,Yes,Yes,Fiber Optic,No,Yes,No,No,No,No,Month-To-Month,Yes,Electronic Check,80.65,1451.9
4521-WFJAI,Male,0,No,No,56,Yes,Yes,No,No internet service,No internet service,No internet service,No internet service,No internet service,No internet service,Two Year,Yes,Bank Transfer (Automatic),25.95,1444.05
5555-RNPGT,Male,0,No,Yes,10,Yes,Yes,No,No internet service,No internet service,No internet service,No internet service,No internet service,No internet service,Month-To-Month,No,Credit Card (Automatic),24.8,223.9
1494-EJZDW,Female,0,Yes,Yes,10,Yes,No,No,No internet service,No internet service,No internet service,No internet service,No internet service,No internet service,Two Year,No,Mailed Check,20.15,220.8
8065-BVEPF,Male,1,No,No,65,Yes,No,Fiber Optic,No,Yes,Yes,No,Yes,Yes,Month-To-Month,Yes,Bank Transfer (Automatic),99.1,6496.15
5774-QPLTF,Male,0,Yes,Yes,50,Yes,No,No,No internet service,No internet service,No internet service,No internet service,No internet service,No internet service,One Year,Yes,Mailed Check,20.35,938.95
0928-XUTSN,Female,0,No,No,13,Yes,No,Fiber Optic,No,No,No,No,No,Yes,Month-To-Month,Yes,Electronic Check,80.5,1011.8
1855-AGAWH,Male,0,Yes,No,31,Yes,No,Fiber Optic,No,No,Yes,No,Yes,Yes,One Year,Yes,Electronic Check,93.8,2939.8
0374-FIUCA,Male,0,Yes,No,65,Yes,No,No,No internet service,No internet service,No internet service,No internet service,No internet service,No internet service,Two Year,Yes,Credit Card (Automatic),20.4,1414.45
2732-ISEZX,Female,0,No,No,5,Yes,No,No,No internet service,No internet service,No internet service,No internet service,No internet service,No internet service,Month-To-Month,Yes,Mailed Check,20.5,104.3
2363-BJLSL,Male,0,No,No,62,Yes,No,Dsl,No,Yes,Yes,Yes,Yes,Yes,Month-To-Month,Yes,Bank Transfer (Automatic),80.4,4981.15
2995-UPRYS,Female,1,Yes,No,40,Yes,No,Fiber Optic,No,Yes,No,Yes,Yes,Yes,One Year,Yes,Credit Card (Automatic),99.2,4062.2
7161-DFHUF,Female,0,Yes,No,71,Yes,Yes,No,No internet service,No internet service,No internet service,No internet service,No internet service,No internet service,Two Year,No,Mailed Check,23.85,1672.1
7337-CINUD,Female,0,Yes,Yes,8,Yes,No,No,No internet service,No internet service,No internet service,No internet service,No internet service,No internet service,Two Year,No,Bank Transfer (Automatic),19.5,159.35
4942-VZZOM,Male,0,Yes,No,64,Yes,Yes,Dsl,Yes,No,No,No,Yes,No,One Year,Yes,Credit Card (Automatic),66.15,4392.5
2388-LAESQ,Female,1,Yes,No,72,Yes,Yes,Fiber Optic,Yes,Yes,Yes,Yes,Yes,Yes,Two Year,Yes,Bank Transfer (Automatic),114.85,8317.95
0816-TSPHQ,Male,0,No,No,2,Yes,No,No,No internet service,No internet service,No internet service,No internet service,No internet service,No internet service,Month-To-Month,No,Mailed Check,20.75,44.2
5726-CVNYA,Female,0,Yes,Yes,8,Yes,No,No,No internet service,No internet service,No internet service,No internet service,No internet service,No internet service,Two Year,Yes,Mailed Check,19.85,146.6
5564-NEMQO,Female,1,No,No,1,Yes,No,Fiber Optic,No,No,Yes,No,No,No,Month-To-Month,Yes,Bank Transfer (Automatic),75.3,75.3
2676-ISHSF,Male,0,No,No,1,Yes,No,No,No internet service,No internet service,No internet service,No internet service,No internet service,No internet service,Month-To-Month,No,Mailed Check,20.3,20.3
9667-TKTVZ,Female,0,No,No,2,Yes,Yes,Dsl,No,No,No,Yes,No,No,Month-To-Month,Yes,Mailed Check,54.35,117.05
2688-BHGOG,Male,1,No,No,9,Yes,No,Fiber Optic,No,No,No,No,No,Yes,Month-To-Month,Yes,Electronic Check,79.55,718.55
4132-POCZS,Male,0,Yes,No,52,No,No phone service,Dsl,Yes,No,No,No,No,Yes,Month-To-Month,Yes,Electronic Check,39.9,2020.9
0690-SRQID,Male,0,No,No,4,Yes,No,No,No internet service,No internet service,No internet service,No internet service,No internet service,No internet service,Month-To-Month,Yes,Mailed Check,19.65,67.55
5003-XZWWO,Male,0,Yes,No,71,Yes,Yes,Dsl,No,Yes,Yes,Yes,Yes,Yes,Two Year,No,Credit Card (Automatic),84.2,5956.85
0082-OQIQY,Male,0,No,No,29,Yes,No,Fiber Optic,No,No,No,Yes,Yes,Yes,Month-To-Month,Yes,Electronic Check,94.2,2607.6
8266-VBFQL,Male,0,No,No,4,Yes,No,Fiber Optic,No,No,Yes,Yes,No,Yes,Month-To-Month,Yes,Electronic Check,90.4,356.65
0141-YEAYS,Female,1,No,No,27,Yes,Yes,Fiber Optic,No,Yes,Yes,No,No,No,Month-To-Month,Yes,Bank Transfer (Automatic),86.45,2401.05
9916-AYHTC,Male,0,No,No,48,Yes,No,No,No internet service,No internet service,No internet service,No internet service,No internet service,No internet service,Two Year,No,Credit Card (Automatic),19.85,916.0
4634-JLRJT,Female,0,No,No,1,Yes,No,No,No internet service,No internet service,No internet service,No internet service,No internet service,No internet service,Month-To-Month,Yes,Mailed Check,20.35,20.35
3717-OEAUQ,Male,0,No,No,2,Yes,No,Fiber Optic,No,No,No,No,No,No,Month-To-Month,No,Mailed Check,70.7,129.2
7569-NMZYQ,Female,0,Yes,Yes,72,Yes,Yes,Fiber Optic,Yes,Yes,Yes,Yes,Yes,Yes,Two Year,Yes,Bank Transfer (Automatic),118.75,8672.45
4116-TZAQJ,Female,0,No,No,9,Yes,No,Fiber Optic,Yes,No,No,No,No,No,Month-To-Month,Yes,Credit Card (Automatic),74.25,639.65
2169-RRLFW,Female,0,Yes,No,71,Yes,Yes,No,No internet service,No internet service,No internet service,No internet service,No internet service,No internet service,Two Year,No,Electronic Check,25.6,1888.25
0899-LIIBW,Male,0,Yes,No,34,Yes,Yes,Fiber Optic,No,No,Yes,No,Yes,Yes,Month-To-Month,No,Electronic Check,100.85,3527.3
9140-CZQZZ,Female,0,Yes,No,68,Yes,No,Dsl,Yes,Yes,No,Yes,Yes,Yes,Two Year,Yes,Bank Transfer (Automatic),79.6,5515.8
1684-FLBGS,Female,0,Yes,Yes,23,Yes,Yes,Dsl,No,Yes,No,Yes,Yes,No,Month-To-Month,Yes,Credit Card (Automatic),69.5,1652.1
1429-UYJSV,Female,0,No,No,12,Yes,No,No,No internet service,No internet service,No internet service,No internet service,No internet service,No internet service,One Year,No,Mailed Check,19.7,260.9
2018-PZKMU,Male,0,Yes,Yes,9,Yes,No,Fiber Optic,No,No,Yes,Yes,Yes,Yes,Month-To-Month,No,Electronic Check,103.1,970.45
6372-RFVNS,Female,0,Yes,No,1,Yes,No,Fiber Optic,No,No,No,No,Yes,No,Month-To-Month,No,Electronic Check,78.8,78.8
1766-GKNMI,Male,0,No,No,29,Yes,Yes,Fiber Optic,No,No,No,No,No,Yes,Month-To-Month,Yes,Electronic Check,84.9,2516.2
7746-AWNQW,Female,0,No,No,28,No,No phone service,Dsl,No,No,Yes,Yes,No,No,Month-To-Month,Yes,Mailed Check,35.75,961.4
3144-AUDBS,Female,0,Yes,No,6,Yes,No,Dsl,No,No,No,Yes,No,No,Month-To-Month,Yes,Electronic Check,49.15,270.8
2325-NBPZG,Female,0,No,No,3,Yes,No,Fiber Optic,Yes,No,No,No,No,No,Month-To-Month,Yes,Electronic Check,74.55,233.65
1710-RCXUS,Male,0,Yes,No,51,Yes,Yes,Fiber Optic,No,Yes,No,No,No,Yes,One Year,Yes,Credit Card (Automatic),90.35,4614.55
5921-NGYRH,Male,0,Yes,No,64,Yes,No,Fiber Optic,Yes,No,No,No,No,No,Month-To-Month,Yes,Mailed Check,73.55,4764.0
4385-GZQXV,Female,1,No,No,16,Yes,No,Fiber Optic,No,No,No,Yes,Yes,Yes,Month-To-Month,Yes,Electronic Check,94.45,1511.2
6198-PNNSZ,Female,0,Yes,No,56,Yes,Yes,Fiber Optic,Yes,Yes,Yes,No,Yes,Yes,One Year,No,Bank Transfer (Automatic),109.8,6109.65
9818-XQCUV,Female,0,No,No,2,Yes,No,No,No internet service,No internet service,No internet service,No internet service,No internet service,No internet service,Month-To-Month,No,Mailed Check,20.35,45.3
4723-BEGSG,Male,0,Yes,No,72,Yes,Yes,Dsl,Yes,No,Yes,Yes,Yes,Yes,Two Year,No,Credit Card (Automatic),86.65,6094.25
3162-KKZXO,Female,1,No,No,55,Yes,Yes,Fiber Optic,No,No,Yes,No,Yes,Yes,One Year,Yes,Electronic Check,100.15,5409.75
1304-SEGFY,Female,0,Yes,No,72,Yes,Yes,Fiber Optic,No,No,Yes,No,Yes,Yes,Two Year,Yes,Electronic Check,97.85,6841.3
5378-IKEEG,Female,0,No,No,1,No,No phone service,Dsl,No,No,No,No,Yes,No,Month-To-Month,Yes,Electronic Check,35.75,35.75
5306-BVTKJ,Male,0,Yes,Yes,48,Yes,No,Dsl,No,Yes,Yes,No,No,No,One Year,Yes,Credit Card (Automatic),55.8,2651.2
3757-NJYBX,Male,1,Yes,No,32,Yes,Yes,Fiber Optic,No,Yes,Yes,No,Yes,Yes,Month-To-Month,No,Bank Transfer (Automatic),106.35,3520.75
7901-HXJVA,Male,0,No,No,14,Yes,No,Fiber Optic,No,No,Yes,No,No,No,Month-To-Month,No,Electronic Check,76.45,1117.55
8577-QSOCG,Female,0,Yes,Yes,38,Yes,No,No,No internet service,No internet service,No internet service,No internet service,No internet service,No internet service,Two Year,Yes,Mailed Check,20.2,746.05
7167-PCEYD,Male,0,No,No,67,Yes,No,No,No internet service,No internet service,No internet service,No internet service,No internet service,No internet service,Two Year,Yes,Mailed Check,19.8,1311.3
8395-ETZKQ,Male,1,Yes,Yes,68,Yes,No,No,No internet service,No internet service,No internet service,No internet service,No internet service,No internet service,One Year,No,Bank Transfer (Automatic),19.5,1193.55
5590-YRFJT,Female,0,Yes,No,20,No,No phone service,Dsl,No,No,No,No,No,No,Month-To-Month,Yes,Electronic Check,24.45,482.8
5240-CAOYT,Female,0,No,No,57,Yes,Yes,Fiber Optic,Yes,Yes,No,Yes,No,No,Month-To-Month,Yes,Bank Transfer (Automatic),87.55,4884.85
7047-FWEYA,Female,0,Yes,No,46,Yes,Yes,Fiber Optic,No,Yes,No,Yes,Yes,Yes,One Year,Yes,Electronic Check,103.15,4594.65
8076-FEZKJ,Male,0,No,No,10,Yes,No,No,No internet service,No internet service,No internet service,No internet service,No internet service,No internet service,One Year,No,Mailed Check,19.5,225.85
2484-DGXPZ,Female,0,Yes,Yes,31,Yes,No,No,No internet service,No internet service,No internet service,No internet service,No internet service,No internet service,Month-To-Month,Yes,Mailed Check,19.55,658.95
5751-USDBL,Male,0,Yes,Yes,46,Yes,No,Dsl,Yes,No,Yes,Yes,Yes,Yes,Two Year,No,Mailed Check,81.0,3846.35
5955-EPOAZ,Female,0,No,No,6,Yes,No,No,No internet service,No internet service,No internet service,No internet service,No internet service,No internet service,Month-To-Month,Yes,Mailed Check,20.95,109.5
2481-SBOYW,Female,0,No,Yes,61,Yes,Yes,No,No internet service,No internet service,No internet service,No internet service,No internet service,No internet service,Two Year,Yes,Credit Card (Automatic),25.0,1498.35
7579-OOPEC,Female,1,Yes,No,2,Yes,No,Dsl,No,Yes,No,No,No,No,Month-To-Month,No,Credit Card (Automatic),50.15,115.1
5917-RYRMG,Male,1,No,No,32,Yes,No,No,No internet service,No internet service,No internet service,No internet service,No internet service,No internet service,One Year,No,Credit Card (Automatic),19.8,587.7
1894-IGFSG,Female,0,No,No,22,Yes,No,Fiber Optic,No,No,No,No,Yes,Yes,Month-To-Month,No,Electronic Check,89.25,1907.85
5481-NTDOH,Female,1,Yes,No,67,Yes,Yes,Fiber Optic,Yes,No,Yes,No,Yes,Yes,One Year,Yes,Credit Card (Automatic),107.05,7142.5
4626-OZDTJ,Female,0,Yes,No,51,Yes,Yes,Dsl,No,Yes,No,Yes,Yes,Yes,One Year,Yes,Credit Card (Automatic),78.65,3950.85
3884-HCSWG,Female,0,No,No,17,Yes,No,Fiber Optic,No,No,No,No,No,No,Month-To-Month,Yes,Electronic Check,70.0,1144.5
9073-ZZIAY,Male,0,Yes,Yes,62,Yes,No,Dsl,Yes,Yes,Yes,Yes,Yes,Yes,Two Year,No,Electronic Check,86.1,5215.25
6954-OOYZZ,Male,0,Yes,No,18,Yes,No,Dsl,No,No,No,No,No,No,Month-To-Month,Yes,Bank Transfer (Automatic),44.35,768.05
4727-MCYZG,Male,0,No,No,1,Yes,No,Dsl,No,No,No,No,No,Yes,Month-To-Month,No,Mailed Check,55.55,55.55
0843-WTBXE,Male,0,No,No,53,Yes,Yes,Fiber Optic,No,No,No,No,Yes,No,Month-To-Month,No,Bank Transfer (Automatic),85.45,4517.25
6532-YLWSI,Female,0,Yes,No,53,Yes,No,No,No internet service,No internet service,No internet service,No internet service,No internet service,No internet service,One Year,No,Bank Transfer (Automatic),20.8,1021.8
9206-GVPEQ,Male,0,Yes,No,13,No,No phone service,Dsl,Yes,No,No,Yes,Yes,Yes,Month-To-Month,Yes,Electronic Check,54.45,706.85
9715-WZCLW,Male,0,Yes,Yes,71,Yes,Yes,Fiber Optic,Yes,No,No,No,Yes,Yes,Two Year,Yes,Electronic Check,97.2,6910.3
9798-DRYDS,Female,0,Yes,Yes,17,Yes,Yes,Dsl,No,No,Yes,Yes,No,No,One Year,Yes,Mailed Check,61.95,1070.7
4658-HCOHW,Female,0,Yes,Yes,21,Yes,No,Fiber Optic,No,Yes,Yes,Yes,Yes,Yes,Month-To-Month,Yes,Electronic Check,102.8,2110.15
0348-SDKOL,Female,0,Yes,No,58,Yes,Yes,Fiber Optic,No,No,Yes,Yes,Yes,Yes,Month-To-Month,Yes,Credit Card (Automatic),102.1,5885.4
0311-QYWSS,Female,0,No,No,6,Yes,No,Dsl,Yes,No,No,No,No,No,Month-To-Month,Yes,Electronic Check,49.45,314.6
2160-GPFXD,Male,0,Yes,Yes,54,Yes,Yes,Dsl,Yes,Yes,No,Yes,No,No,Two Year,Yes,Credit Card (Automatic),65.65,3566.7
3530-VWVGU,Female,0,Yes,Yes,22,Yes,No,No,No internet service,No internet service,No internet service,No internet service,No internet service,No internet service,Month-To-Month,No,Mailed Check,19.9,400.3
7459-RRWQZ,Female,0,No,No,15,Yes,Yes,Dsl,Yes,No,No,No,No,Yes,Month-To-Month,Yes,Bank Transfer (Automatic),64.65,994.55
8859-AXJZP,Male,0,Yes,Yes,39,Yes,Yes,No,No internet service,No internet service,No internet service,No internet service,No internet service,No internet service,Two Year,Yes,Mailed Check,23.8,903.8
8718-PTMEZ,Female,0,No,No,13,No,No phone service,Dsl,No,Yes,No,No,No,No,Month-To-Month,Yes,Electronic Check,31.05,347.25
7029-IJEJK,Female,0,No,No,54,No,No phone service,Dsl,Yes,No,No,Yes,No,Yes,One Year,No,Bank Transfer (Automatic),44.1,2369.7
4589-IUAJB,Male,0,Yes,No,70,Yes,Yes,No,No internet service,No internet service,No internet service,No internet service,No internet service,No internet service,Two Year,No,Bank Transfer (Automatic),24.25,1724.15
2739-CACDQ,Female,1,No,No,17,Yes,Yes,Fiber Optic,No,No,Yes,No,No,No,Month-To-Month,Yes,Credit Card (Automatic),82.65,1470.05
1641-BYBTK,Male,0,No,Yes,6,Yes,No,No,No internet service,No internet service,No internet service,No internet service,No internet service,No internet service,Month-To-Month,Yes,Mailed Check,20.2,98.35
0281-CNTZX,Male,0,Yes,No,63,Yes,No,No,No internet service,No internet service,No internet service,No internet service,No internet service,No internet service,Two Year,Yes,Bank Transfer (Automatic),19.95,1234.8
0378-XSZPU,Male,0,Yes,No,58,Yes,No,Dsl,Yes,Yes,Yes,No,No,No,One Year,No,Credit Card (Automatic),60.3,3563.8
3071-MVJCD,Male,0,Yes,Yes,72,Yes,Yes,Dsl,Yes,Yes,Yes,Yes,Yes,No,Two Year,No,Bank Transfer (Automatic),82.3,5815.15
9728-FTTVZ,Female,0,No,No,1,Yes,No,Fiber Optic,No,No,No,No,No,No,Month-To-Month,Yes,Electronic Check,69.2,69.2
5196-WPYOW,Male,0,Yes,Yes,67,Yes,No,Dsl,Yes,Yes,No,Yes,No,No,One Year,No,Mailed Check,60.05,3994.05
0691-NIKRI,Female,0,No,No,40,Yes,Yes,Fiber Optic,No,No,Yes,Yes,Yes,Yes,One Year,Yes,Credit Card (Automatic),105.95,4335.2
4603-JANFB,Male,0,No,No,1,Yes,No,Fiber Optic,No,No,No,No,No,No,Month-To-Month,Yes,Electronic Check,69.85,69.85
0963-ZBDRN,Male,0,No,No,32,Yes,No,Fiber Optic,No,No,No,Yes,Yes,Yes,Month-To-Month,Yes,Electronic Check,96.2,3183.4
5514-YQENT,Male,0,No,Yes,41,Yes,No,Fiber Optic,Yes,Yes,Yes,Yes,Yes,Yes,Two Year,Yes,Electronic Check,111.15,4507.15
6473-ULUHT,Male,0,Yes,Yes,16,Yes,Yes,Dsl,Yes,Yes,No,Yes,Yes,Yes,Month-To-Month,No,Electronic Check,84.9,1398.25
6946-LMSQS,Male,1,Yes,No,25,Yes,Yes,Fiber Optic,Yes,No,No,No,No,Yes,One Year,Yes,Electronic Check,89.05,2177.45
6013-BHCAW,Male,0,Yes,Yes,61,Yes,Yes,Dsl,No,No,Yes,Yes,Yes,Yes,Two Year,Yes,Bank Transfer (Automatic),81.0,4976.15
9619-GSATL,Female,0,No,No,43,Yes,No,Dsl,No,Yes,No,Yes,No,No,One Year,No,Electronic Check,55.45,2444.25
3996-ZNWYK,Male,1,Yes,Yes,71,Yes,No,No,No internet service,No internet service,No internet service,No internet service,No internet service,No internet service,Two Year,No,Credit Card (Automatic),19.8,1388.45
6000-APYLU,Male,0,No,No,9,Yes,No,Fiber Optic,No,No,No,No,No,Yes,Month-To-Month,Yes,Electronic Check,80.8,713.1
4654-GGUII,Female,0,No,No,18,No,No phone service,Dsl,Yes,Yes,No,Yes,No,No,One Year,Yes,Mailed Check,40.2,711.95
3705-RHRFR,Female,0,Yes,No,69,Yes,Yes,Fiber Optic,Yes,No,No,No,Yes,Yes,Two Year,No,Bank Transfer (Automatic),99.15,6875.35
2272-JKMSI,Female,0,Yes,Yes,62,Yes,Yes,Fiber Optic,No,Yes,Yes,Yes,Yes,Yes,One Year,Yes,Electronic Check,110.8,6840.95
2324-AALNO,Female,0,No,No,48,Yes,Yes,No,No internet service,No internet service,No internet service,No internet service,No internet service,No internet service,One Year,No,Bank Transfer (Automatic),24.55,1203.95
9700-ISPUP,Female,0,Yes,Yes,10,Yes,No,Dsl,No,Yes,No,Yes,No,Yes,Month-To-Month,Yes,Electronic Check,65.5,616.9
2608-BHKFN,Female,0,No,No,4,Yes,No,Fiber Optic,No,No,No,No,No,No,Month-To-Month,Yes,Credit Card (Automatic),70.05,266.9
7100-FQPRV,Male,0,Yes,Yes,43,Yes,Yes,Dsl,Yes,No,No,Yes,No,Yes,One Year,Yes,Credit Card (Automatic),71.9,3173.35
0526-SXDJP,Male,0,Yes,No,72,No,No phone service,Dsl,Yes,Yes,Yes,No,No,No,Two Year,No,Bank Transfer (Automatic),42.1,2962.0
9473-CBZOP,Female,0,No,No,28,Yes,Yes,Dsl,Yes,No,Yes,No,No,No,One Year,No,Mailed Check,59.0,1654.45
8450-JOVAH,Male,0,Yes,Yes,2,Yes,Yes,Dsl,Yes,No,No,No,No,No,Month-To-Month,No,Mailed Check,56.7,113.55
7346-MEDWM,Female,0,No,No,59,Yes,Yes,Fiber Optic,No,Yes,Yes,No,No,No,Month-To-Month,Yes,Electronic Check,83.25,4949.1
0958-YHXGP,Female,0,No,No,7,Yes,No,Fiber Optic,No,No,No,No,No,No,Month-To-Month,Yes,Mailed Check,69.9,497.3
5442-UTCVD,Male,0,No,Yes,3,Yes,Yes,Fiber Optic,No,No,Yes,No,No,Yes,Month-To-Month,No,Electronic Check,91.85,257.05
8552-OBVRU,Female,1,Yes,Yes,48,Yes,No,Fiber Optic,Yes,No,Yes,Yes,Yes,Yes,Month-To-Month,Yes,Electronic Check,104.5,5068.05
3389-KTRXV,Female,0,Yes,Yes,23,Yes,Yes,No,No internet service,No internet service,No internet service,No internet service,No internet service,No internet service,Two Year,No,Mailed Check,23.85,625.65
4003-OCTMP,Female,0,Yes,No,31,Yes,No,Dsl,Yes,No,No,Yes,No,Yes,One Year,Yes,Electronic Check,64.0,1910.75
6614-FHDBO,Male,0,No,No,72,Yes,Yes,Fiber Optic,No,Yes,Yes,Yes,Yes,Yes,Two Year,No,Bank Transfer (Automatic),109.2,7878.3
4735-BJKOU,Female,0,No,No,40,Yes,No,No,No internet service,No internet service,No internet service,No internet service,No internet service,No internet service,Two Year,No,Mailed Check,20.15,804.85
8735-IJJEG,Male,0,Yes,No,14,Yes,No,Dsl,No,No,Yes,No,No,No,Month-To-Month,No,Credit Card (Automatic),50.2,668.85
1325-USMEC,Male,0,Yes,No,70,Yes,Yes,Fiber Optic,Yes,Yes,Yes,No,Yes,No,Two Year,Yes,Credit Card (Automatic),91.65,6944.5
9066-QRSDU,Female,0,Yes,No,69,Yes,Yes,No,No internet service,No internet service,No internet service,No internet service,No internet service,No internet service,One Year,Yes,Electronic Check,26.3,1763.55
5680-LQOGP,Female,0,No,No,68,Yes,No,Dsl,Yes,Yes,Yes,Yes,Yes,Yes,Two Year,Yes,Credit Card (Automatic),82.45,5646.6
7691-KGKGP,Male,0,Yes,Yes,53,Yes,No,Dsl,No,Yes,No,Yes,Yes,No,Month-To-Month,No,Credit Card (Automatic),65.0,3363.8
0461-CVKMU,Female,0,Yes,Yes,23,Yes,No,Fiber Optic,No,Yes,Yes,Yes,No,No,Month-To-Month,No,Electronic Check,83.8,1900.25
1907-UBQFC,Male,1,No,No,10,Yes,No,Fiber Optic,No,Yes,No,No,No,No,Month-To-Month,Yes,Electronic Check,72.85,688.65
6490-FGZAT,Male,0,No,No,6,Yes,No,No,No internet service,No internet service,No internet service,No internet service,No internet service,No internet service,Month-To-Month,No,Mailed Check,20.65,109.3
7073-QETQY,Male,0,Yes,Yes,66,Yes,No,No,No internet service,No internet service,No internet service,No internet service,No internet service,No internet service,One Year,Yes,Electronic Check,20.35,1359.5
1960-UOTYM,Male,0,Yes,Yes,52,Yes,No,Dsl,Yes,Yes,Yes,No,Yes,Yes,Two Year,No,Electronic Check,79.2,4016.3
2202-CUYXZ,Male,0,No,No,1,Yes,No,Fiber Optic,No,No,Yes,No,Yes,No,Month-To-Month,Yes,Electronic Check,84.85,84.85
5989-OMNJE,Female,0,Yes,Yes,24,No,No phone service,Dsl,Yes,Yes,Yes,No,Yes,Yes,One Year,No,Electronic Check,57.6,1367.75
2880-FPNAE,Male,1,Yes,No,2,Yes,No,Fiber Optic,No,No,Yes,No,No,No,Month-To-Month,Yes,Electronic Check,74.2,140.1
8976-OQHGT,Female,0,Yes,Yes,4,Yes,No,Dsl,No,Yes,No,Yes,No,No,Month-To-Month,No,Mailed Check,56.5,235.1
9385-EHGDO,Female,0,Yes,Yes,35,Yes,No,No,No internet service,No internet service,No internet service,No internet service,No internet service,No internet service,Two Year,Yes,Mailed Check,19.85,739.35
2027-WKXMW,Female,0,Yes,No,63,Yes,Yes,Fiber Optic,No,Yes,Yes,Yes,Yes,Yes,Month-To-Month,Yes,Electronic Check,108.75,6871.7
3410-MHHUM,Female,0,Yes,Yes,44,Yes,Yes,Fiber Optic,No,Yes,Yes,No,No,Yes,One Year,No,Electronic Check,94.4,4295.35
3703-VAVCL,Male,0,Yes,Yes,2,Yes,No,Fiber Optic,No,No,Yes,Yes,No,Yes,Month-To-Month,No,Credit Card (Automatic),90.0,190.05
6075-QMNRR,Female,0,No,No,52,Yes,No,Dsl,Yes,No,No,No,No,No,Month-To-Month,Yes,Bank Transfer (Automatic),49.75,2535.55
7776-QGYJC,Female,0,Yes,Yes,39,Yes,No,Fiber Optic,No,No,Yes,Yes,No,No,Month-To-Month,Yes,Bank Transfer (Automatic),81.5,3107.3
5197-YPYBZ,Female,0,Yes,Yes,12,Yes,Yes,No,No internet service,No internet service,No internet service,No internet service,No internet service,No internet service,Two Year,No,Credit Card (Automatic),25.25,274.7
9780-FKVVF,Male,0,No,No,6,Yes,No,Dsl,Yes,No,No,No,No,Yes,Month-To-Month,Yes,Bank Transfer (Automatic),59.15,336.7
4654-ULTTN,Male,0,Yes,No,70,Yes,Yes,Dsl,Yes,No,Yes,Yes,No,Yes,Two Year,Yes,Credit Card (Automatic),74.8,5315.8
7136-IHZJA,Female,0,Yes,Yes,40,Yes,No,Dsl,Yes,Yes,No,Yes,No,Yes,Month-To-Month,Yes,Mailed Check,71.35,2847.2
8205-VSLRB,Male,0,Yes,No,70,Yes,Yes,Dsl,Yes,No,Yes,Yes,No,Yes,Two Year,No,Credit Card (Automatic),77.3,5498.2
0623-IIHUG,Female,1,No,No,21,No,No phone service,Dsl,Yes,No,No,No,Yes,No,Month-To-Month,Yes,Electronic Check,41.9,840.1
9661-JALZV,Female,0,No,No,58,Yes,Yes,No,No internet service,No internet service,No internet service,No internet service,No internet service,No internet service,Two Year,Yes,Credit Card (Automatic),24.7,1519.0
1670-SVOWZ,Female,0,Yes,Yes,14,Yes,No,Fiber Optic,No,Yes,No,Yes,No,Yes,Month-To-Month,Yes,Credit Card (Automatic),89.65,1208.35
4104-PVRPS,Male,0,Yes,No,24,Yes,No,Dsl,Yes,No,No,Yes,No,No,Month-To-Month,No,Mailed Check,53.6,1315.35
8490-BXHEO,Male,1,No,No,18,Yes,Yes,Fiber Optic,No,Yes,No,No,No,No,Month-To-Month,Yes,Credit Card (Automatic),80.55,1411.65
8780-IHCRN,Male,0,Yes,Yes,63,Yes,Yes,No,No internet service,No internet service,No internet service,No internet service,No internet service,No internet service,Two Year,No,Credit Card (Automatic),24.65,1574.5
6476-YHMGA,Female,0,Yes,Yes,15,Yes,No,Dsl,No,Yes,Yes,Yes,Yes,Yes,Month-To-Month,No,Bank Transfer (Automatic),76.5,1155.6
2523-EWWZL,Female,0,Yes,No,27,Yes,No,Fiber Optic,No,Yes,No,No,No,No,Month-To-Month,Yes,Electronic Check,76.1,2093.4
4115-NZRKS,Female,1,No,No,7,Yes,No,Fiber Optic,No,No,No,No,Yes,Yes,Month-To-Month,Yes,Electronic Check,89.15,574.35
9753-OYLBX,Female,0,No,No,1,Yes,No,No,No internet service,No internet service,No internet service,No internet service,No internet service,No internet service,Month-To-Month,No,Mailed Check,20.5,20.5
0794-YVSGE,Male,0,Yes,Yes,72,Yes,No,No,No internet service,No internet service,No internet service,No internet service,No internet service,No internet service,Two Year,No,Bank Transfer (Automatic),20.3,1401.15
0939-YAPAF,Female,0,No,No,35,Yes,Yes,Fiber Optic,No,No,Yes,No,Yes,Yes,Month-To-Month,Yes,Electronic Check,100.25,3527.6
9633-XQABV,Female,0,No,No,3,Yes,No,Fiber Optic,No,No,No,No,No,No,Month-To-Month,Yes,Electronic Check,70.25,229.7
4811-JBUVU,Male,0,No,No,30,Yes,Yes,Fiber Optic,No,No,No,Yes,No,Yes,Month-To-Month,Yes,Credit Card (Automatic),89.9,2723.15
3798-EPWRR,Female,1,No,No,2,Yes,No,Dsl,No,No,No,No,No,No,Month-To-Month,No,Electronic Check,43.95,85.1
3427-GGZZI,Female,0,Yes,No,19,Yes,Yes,Fiber Optic,No,Yes,No,No,No,Yes,Month-To-Month,Yes,Electronic Check,89.1,1620.8
5025-GOOKI,Female,0,No,No,20,Yes,No,No,No internet service,No internet service,No internet service,No internet service,No internet service,No internet service,Month-To-Month,Yes,Credit Card (Automatic),18.9,347.65
7137-NAXML,Male,0,No,No,23,Yes,No,No,No internet service,No internet service,No internet service,No internet service,No internet service,No internet service,One Year,No,Electronic Check,20.15,405.6
6036-TTFYU,Female,0,Yes,No,16,Yes,No,No,No internet service,No internet service,No internet service,No internet service,No internet service,No internet service,Month-To-Month,No,Mailed Check,19.6,314.45
3055-MJDSB,Male,0,No,No,9,No,No phone service,Dsl,No,No,No,No,No,No,Month-To-Month,Yes,Mailed Check,24.6,190.1
1567-DSCIC,Male,0,No,No,8,Yes,Yes,Fiber Optic,No,Yes,Yes,No,Yes,No,Month-To-Month,Yes,Electronic Check,94.0,773.65
3298-QEICA,Female,0,Yes,Yes,23,No,No phone service,Dsl,Yes,No,No,Yes,No,No,Two Year,No,Mailed Check,34.6,813.45
9885-AIBVB,Male,0,Yes,No,29,Yes,Yes,Fiber Optic,No,Yes,Yes,No,No,No,Month-To-Month,Yes,Electronic Check,85.8,2440.25
1346-UFHAX,Female,0,No,No,13,Yes,Yes,Fiber Optic,Yes,No,No,No,No,No,Month-To-Month,Yes,Credit Card (Automatic),80.0,1029.35
8815-LMFLX,Male,0,Yes,Yes,25,Yes,Yes,No,No internet service,No internet service,No internet service,No internet service,No internet service,No internet service,Month-To-Month,Yes,Bank Transfer (Automatic),25.4,546.85
6711-FLDFB,Female,0,No,No,7,Yes,Yes,Fiber Optic,No,No,No,No,No,No,Month-To-Month,Yes,Electronic Check,74.9,541.15
8970-ANWXO,Female,0,No,No,23,Yes,Yes,Dsl,No,No,No,Yes,Yes,Yes,One Year,Yes,Mailed Check,73.75,1756.6
8931-GJJIQ,Female,0,No,No,9,Yes,Yes,Fiber Optic,No,No,No,No,No,Yes,Month-To-Month,Yes,Electronic Check,83.3,803.3
2573-GYRUU,Male,1,Yes,No,48,Yes,Yes,Fiber Optic,No,No,Yes,No,No,Yes,Month-To-Month,Yes,Credit Card (Automatic),91.05,4370.75
5529-GIBVH,Female,0,No,No,47,Yes,No,No,No internet service,No internet service,No internet service,No internet service,No internet service,No internet service,Two Year,No,Mailed Check,20.15,1046.2
3205-MXZRA,Male,0,No,No,26,Yes,No,Dsl,No,No,No,Yes,Yes,No,One Year,No,Credit Card (Automatic),59.45,1507.0
5130-IEKQT,Male,1,No,No,25,Yes,Yes,Fiber Optic,No,Yes,Yes,No,Yes,Yes,Month-To-Month,No,Mailed Check,105.95,2655.25
9762-YAQAA,Male,0,No,No,39,Yes,Yes,Fiber Optic,No,Yes,No,No,No,No,One Year,No,Credit Card (Automatic),81.4,3213.75
8042-JVNFH,Male,0,No,No,1,Yes,No,Fiber Optic,No,No,No,No,No,No,Month-To-Month,Yes,Mailed Check,71.35,71.35
6161-UUUTA,Male,1,No,No,3,Yes,No,Fiber Optic,No,No,No,No,Yes,No,Month-To-Month,Yes,Electronic Check,79.9,260.9
3831-YCPUO,Female,0,Yes,Yes,72,Yes,No,Fiber Optic,Yes,Yes,Yes,Yes,Yes,Yes,Two Year,Yes,Credit Card (Automatic),109.5,7854.9
8221-EQDGL,Male,0,Yes,No,35,Yes,No,Dsl,Yes,Yes,Yes,No,No,No,Month-To-Month,No,Mailed Check,61.0,2130.45
4547-KQRTM,Female,0,No,No,10,Yes,Yes,Fiber Optic,No,Yes,No,No,No,No,Month-To-Month,Yes,Bank Transfer (Automatic),80.05,830.7
1213-NGCUN,Female,0,No,No,6,Yes,No,Dsl,No,No,No,Yes,No,No,Month-To-Month,Yes,Bank Transfer (Automatic),49.65,267.35
6686-YPGHK,Male,1,No,No,47,Yes,No,Fiber Optic,Yes,No,No,No,No,Yes,Month-To-Month,No,Mailed Check,85.5,4042.3
9398-MMQTO,Male,0,No,No,3,Yes,No,Fiber Optic,No,Yes,No,No,No,No,Month-To-Month,No,Credit Card (Automatic),74.45,221.1
3733-LSYCE,Female,0,Yes,No,15,Yes,No,Fiber Optic,No,Yes,No,No,No,No,Month-To-Month,No,Bank Transfer (Automatic),75.35,1114.55
2371-JUNGC,Male,0,No,No,11,Yes,No,No,No internet service,No internet service,No internet service,No internet service,No internet service,No internet service,Month-To-Month,No,Mailed Check,20.25,208.0
3744-ZRRDZ,Male,0,No,No,21,Yes,Yes,Fiber Optic,No,Yes,No,No,No,No,Month-To-Month,Yes,Electronic Check,82.35,1852.85
7526-BEZQB,Male,0,No,No,12,Yes,Yes,Fiber Optic,No,No,No,No,Yes,Yes,Month-To-Month,Yes,Electronic Check,96.05,1148.1
7963-GQRMY,Female,0,Yes,Yes,3,Yes,No,Dsl,No,No,No,No,No,No,Month-To-Month,No,Mailed Check,44.3,134.5
1084-UQCHV,Male,0,No,Yes,1,Yes,No,Fiber Optic,No,No,No,No,No,No,Month-To-Month,No,Bank Transfer (Automatic),150.0,69.75
1599-EAHXY,Male,0,Yes,Yes,60,Yes,Yes,No,No internet service,No internet service,No internet service,No internet service,No internet service,No internet service,One Year,No,Credit Card (Automatic),23.95,1506.4
2519-LBNQL,Male,1,Yes,No,60,Yes,Yes,Fiber Optic,No,Yes,Yes,No,Yes,Yes,One Year,Yes,Electronic Check,104.35,6339.45
8625-AZYZY,Male,0,Yes,No,24,Yes,Yes,Fiber Optic,No,Yes,Yes,No,Yes,Yes,Month-To-Month,Yes,Electronic Check,104.65,2542.45
6094-ZIVKX,Female,0,No,No,68,Yes,No,Dsl,Yes,No,Yes,No,No,No,One Year,Yes,Credit Card (Automatic),54.45,3674.95
1656-DRSMG,Female,0,No,No,63,Yes,Yes,Fiber Optic,No,Yes,Yes,Yes,Yes,Yes,Month-To-Month,Yes,Credit Card (Automatic),109.85,7002.95
6997-UVGOX,Male,0,Yes,Yes,71,Yes,No,Dsl,Yes,Yes,Yes,Yes,Yes,Yes,Two Year,No,Bank Transfer (Automatic),85.45,6029.9
6344-SFJVH,Female,0,No,No,20,No,No phone service,Dsl,No,No,No,No,No,No,Month-To-Month,No,Credit Card (Automatic),24.9,505.95
2718-GAXQD,Female,1,Yes,Yes,4,Yes,No,Dsl,No,No,No,No,No,No,Month-To-Month,No,Electronic Check,46.0,181.6
9972-VAFJJ,Female,1,Yes,No,53,Yes,No,Fiber Optic,No,Yes,Yes,Yes,Yes,No,One Year,Yes,Electronic Check,94.0,4871.45
0203-HHYIJ,Male,0,No,No,25,Yes,Yes,No,No internet service,No internet service,No internet service,No internet service,No internet service,No internet service,One Year,No,Bank Transfer (Automatic),25.3,676.35
3016-KSVCP,Male,0,Yes,No,29,No,No phone service,Dsl,No,No,No,No,Yes,No,Month-To-Month,No,Mailed Check,33.75,1009.25
6380-ARCEH,Male,0,No,No,1,Yes,No,No,No internet service,No internet service,No internet service,No internet service,No internet service,No internet service,Month-To-Month,No,Mailed Check,20.2,20.2
8224-DWCKX,Male,1,No,No,12,Yes,Yes,Fiber Optic,No,No,No,No,No,No,Month-To-Month,Yes,Credit Card (Automatic),73.3,828.05
8263-OKETD,Female,0,No,No,20,Yes,Yes,Dsl,No,Yes,No,Yes,No,Yes,Month-To-Month,Yes,Credit Card (Automatic),68.9,1370.35
3009-JWMPU,Male,0,No,No,62,Yes,Yes,Fiber Optic,No,No,Yes,No,Yes,Yes,One Year,Yes,Electronic Check,96.75,6125.4
8785-EPNCG,Male,0,No,No,11,Yes,Yes,No,No internet service,No internet service,No internet service,No internet service,No internet service,No internet service,Month-To-Month,No,Credit Card (Automatic),23.15,245.2
1555-DJEQW,Female,0,Yes,Yes,70,Yes,Yes,Fiber Optic,Yes,Yes,Yes,Yes,Yes,Yes,Two Year,Yes,Bank Transfer (Automatic),114.2,7723.9
0422-UXFAP,Female,0,Yes,No,51,Yes,Yes,Fiber Optic,No,No,Yes,No,Yes,Yes,One Year,Yes,Electronic Check,98.85,4947.55
9470-RTWDV,Male,0,Yes,Yes,26,Yes,Yes,Dsl,No,No,Yes,Yes,Yes,Yes,One Year,Yes,Credit Card (Automatic),82.0,2083.1
4987-GQWPO,Male,0,No,No,17,No,No phone service,Dsl,No,No,No,No,No,No,Month-To-Month,No,Credit Card (Automatic),25.1,382.8
6848-HJTXY,Female,0,Yes,No,64,Yes,No,No,No internet service,No internet service,No internet service,No internet service,No internet service,No internet service,Two Year,No,Credit Card (Automatic),19.45,1208.6
0402-OAMEN,Female,0,Yes,Yes,72,Yes,Yes,No,No internet service,No internet service,No internet service,No internet service,No internet service,No internet service,Two Year,No,Bank Transfer (Automatic),24.45,1709.1
6728-CZFEI,Female,0,No,No,15,Yes,No,Dsl,No,No,No,No,Yes,No,One Year,No,Mailed Check,56.15,931.9
7450-NWRTR,Male,1,No,No,12,Yes,Yes,Fiber Optic,No,No,Yes,No,Yes,Yes,Month-To-Month,Yes,Electronic Check,99.45,1200.15
7359-SSBJK,Female,1,No,No,64,Yes,No,Dsl,Yes,Yes,No,Yes,Yes,No,Two Year,Yes,Credit Card (Automatic),70.2,4481.0
9921-QFQUL,Female,0,Yes,No,23,Yes,Yes,Fiber Optic,No,No,Yes,No,No,Yes,Month-To-Month,No,Mailed Check,90.15,2044.95
9742-XOKTS,Male,0,Yes,Yes,67,Yes,Yes,Fiber Optic,Yes,Yes,No,Yes,No,No,One Year,No,Electronic Check,89.55,6038.55
3737-GCSPV,Female,0,Yes,No,11,Yes,Yes,Fiber Optic,Yes,No,No,Yes,Yes,No,Month-To-Month,Yes,Credit Card (Automatic),96.2,1222.05
6898-RBTLU,Female,0,Yes,Yes,49,Yes,Yes,Dsl,No,Yes,No,Yes,Yes,Yes,Two Year,No,Bank Transfer (Automatic),79.3,3902.45
5320-BRKGK,Female,0,Yes,Yes,58,Yes,Yes,Dsl,Yes,No,Yes,Yes,Yes,No,Two Year,No,Mailed Check,75.8,4415.75
7315-WYOAW,Male,0,No,No,13,Yes,Yes,Fiber Optic,No,No,No,Yes,Yes,Yes,Month-To-Month,No,Electronic Check,91.65,1313.25
0447-RXSGD,Male,0,No,No,24,Yes,Yes,Fiber Optic,No,Yes,No,No,Yes,Yes,Month-To-Month,Yes,Bank Transfer (Automatic),99.65,2404.85
9638-JIQYA,Male,0,No,No,2,No,No phone service,Dsl,No,No,No,No,No,No,Month-To-Month,Yes,Credit Card (Automatic),24.9,49.7
8443-WVPSS,Male,0,Yes,No,10,Yes,No,Fiber Optic,No,Yes,No,Yes,Yes,Yes,Month-To-Month,Yes,Electronic Check,99.85,990.9
2208-NQBCT,Female,0,Yes,Yes,26,Yes,No,Fiber Optic,Yes,Yes,No,No,No,No,Month-To-Month,No,Electronic Check,81.95,2070.05
0988-JRWWP,Female,0,No,No,3,Yes,No,Dsl,No,No,No,No,Yes,No,Month-To-Month,Yes,Electronic Check,54.2,140.4
5346-BZCHP,Female,0,Yes,Yes,69,Yes,No,No,No internet service,No internet service,No internet service,No internet service,No internet service,No internet service,Two Year,No,Mailed Check,19.4,1346.2
8766-PAFNE,Male,0,Yes,No,71,Yes,No,Dsl,No,Yes,Yes,Yes,Yes,Yes,Two Year,Yes,Credit Card (Automatic),79.1,5564.85
3007-FDPEA,Female,0,No,No,2,Yes,No,No,No internet service,No internet service,No internet service,No internet service,No internet service,No internet service,Month-To-Month,Yes,Bank Transfer (Automatic),20.7,39.85
3824-RHKVR,Female,0,No,No,17,Yes,No,No,No internet service,No internet service,No internet service,No internet service,No internet service,No internet service,Month-To-Month,No,Credit Card (Automatic),19.7,340.35
9924-JPRMC,Male,0,No,No,72,Yes,Yes,Fiber Optic,Yes,Yes,Yes,Yes,Yes,Yes,Two Year,Yes,Electronic Check,118.2,8547.15
4697-LUPSU,Male,0,Yes,Yes,2,Yes,No,No,No internet service,No internet service,No internet service,No internet service,No internet service,No internet service,One Year,No,Mailed Check,20.2,34.75
2923-ARZLG,Male,0,Yes,Yes,0,Yes,No,No,No internet service,No internet service,No internet service,No internet service,No internet service,No internet service,One Year,Yes,Mailed Check,19.7,0.0
3249-ZPQRG,Male,0,No,No,4,Yes,Yes,Fiber Optic,No,Yes,No,No,No,No,Month-To-Month,No,Electronic Check,78.45,330.05
5461-QKNTN,Male,1,Yes,No,43,Yes,Yes,Fiber Optic,No,Yes,No,Yes,Yes,No,Month-To-Month,Yes,Electronic Check,94.3,3953.15
3034-ZBEQN,Female,0,Yes,No,48,No,No phone service,Dsl,No,Yes,Yes,No,No,No,One Year,No,Mailed Check,34.7,1604.5
7134-MJPDY,Female,1,No,No,66,Yes,Yes,Fiber Optic,No,No,Yes,Yes,Yes,Yes,One Year,Yes,Credit Card (Automatic),102.85,6976.75
2486-WYVVE,Male,0,Yes,No,31,Yes,Yes,Dsl,No,No,Yes,Yes,Yes,Yes,One Year,Yes,Mailed Check,79.3,2484.0
8859-DZTGQ,Male,0,No,No,33,Yes,No,No,No internet service,No internet service,No internet service,No internet service,No internet service,No internet service,Two Year,No,Mailed Check,20.35,689.75
2684-EIWEO,Female,1,No,No,30,Yes,Yes,Fiber Optic,Yes,Yes,Yes,No,No,No,Month-To-Month,No,Credit Card (Automatic),91.7,2758.15
8022-BECSI,Male,0,No,No,22,Yes,No,No,No internet service,No internet service,No internet service,No internet service,No internet service,No internet service,One Year,No,Mailed Check,19.6,422.5
2798-NYLMZ,Male,0,Yes,No,71,Yes,Yes,Fiber Optic,Yes,No,Yes,Yes,Yes,Yes,Two Year,Yes,Credit Card (Automatic),108.55,7616.0
9470-XCCEM,Male,0,Yes,Yes,35,Yes,Yes,Fiber Optic,No,Yes,No,No,Yes,No,Month-To-Month,Yes,Bank Transfer (Automatic),89.65,3161.6
2984-RGEYA,Female,0,Yes,Yes,69,Yes,No,No,No internet service,No internet service,No internet service,No internet service,No internet service,No internet service,Two Year,No,Bank Transfer (Automatic),19.75,1375.4
7049-GKVZY,Female,0,No,No,17,Yes,No,Dsl,Yes,Yes,No,Yes,Yes,Yes,One Year,No,Credit Card (Automatic),79.85,1387.35
2439-QKJUL,Male,0,No,No,5,Yes,No,No,No internet service,No internet service,No internet service,No internet service,No internet service,No internet service,Month-To-Month,No,Mailed Check,20.25,109.8
7762-ONLJY,Female,0,Yes,Yes,6,Yes,No,No,No internet service,No internet service,No internet service,No internet service,No internet service,No internet service,One Year,No,Mailed Check,19.7,94.45
8263-QMNTJ,Male,0,Yes,No,72,Yes,Yes,Fiber Optic,Yes,Yes,Yes,Yes,Yes,Yes,Two Year,Yes,Electronic Check,115.55,8425.3
4992-LTJNE,Male,0,Yes,Yes,72,Yes,Yes,Dsl,Yes,No,No,No,No,No,Two Year,No,Bank Transfer (Automatic),55.3,3983.6
2398-YPMUR,Female,1,Yes,No,13,Yes,No,Fiber Optic,No,No,No,No,No,No,Month-To-Month,Yes,Electronic Check,70.15,916.75
7977-HXJKU,Male,0,No,Yes,21,Yes,No,No,No internet service,No internet service,No internet service,No internet service,No internet service,No internet service,Two Year,No,Mailed Check,19.6,397.0
1395-WSWXR,Male,0,No,No,24,Yes,No,No,No internet service,No internet service,No internet service,No internet service,No internet service,No internet service,Two Year,No,Mailed Check,20.75,487.05
4211-MMAZN,Male,0,No,No,1,Yes,No,No,No internet service,No internet service,No internet service,No internet service,No internet service,No internet service,Month-To-Month,No,Mailed Check,20.25,20.25
1455-ESIQH,Male,0,No,No,1,Yes,No,Fiber Optic,No,No,No,No,Yes,Yes,Month-To-Month,Yes,Electronic Check,89.1,89.1
7854-FOKSF,Male,0,No,No,1,No,No phone service,Dsl,No,No,No,No,No,Yes,Month-To-Month,No,Electronic Check,35.9,35.9
7734-DBOAI,Female,0,Yes,Yes,1,No,No phone service,Dsl,No,No,No,Yes,Yes,No,Month-To-Month,No,Electronic Check,40.1,40.1
0702-PGIBZ,Male,0,No,Yes,4,Yes,Yes,Fiber Optic,No,Yes,No,No,Yes,Yes,Month-To-Month,Yes,Electronic Check,101.7,364.55
3806-YAZOV,Female,0,No,No,3,Yes,No,No,No internet service,No internet service,No internet service,No internet service,No internet service,No internet service,Month-To-Month,No,Mailed Check,18.8,56.0
6257-RJOHI,Male,0,No,No,4,Yes,No,Dsl,No,No,No,Yes,No,No,Month-To-Month,Yes,Mailed Check,50.8,202.3
0420-BWTPW,Male,0,No,Yes,8,No,No phone service,Dsl,No,No,No,No,No,No,Month-To-Month,No,Mailed Check,25.5,215.2
8824-RWFXJ,Male,0,Yes,Yes,3,Yes,No,Dsl,No,Yes,Yes,No,No,No,Month-To-Month,Yes,Mailed Check,56.15,168.15
9079-YEXQJ,Female,0,No,No,54,Yes,Yes,Fiber Optic,No,Yes,Yes,Yes,Yes,Yes,Month-To-Month,No,Electronic Check,111.1,6014.85
6199-IWKGC,Female,1,Yes,No,46,Yes,Yes,Fiber Optic,No,No,No,Yes,Yes,Yes,One Year,No,Electronic Check,100.25,4753.85
4534-WGCIR,Female,0,Yes,Yes,58,Yes,Yes,No,No internet service,No internet service,No internet service,No internet service,No internet service,No internet service,Two Year,No,Credit Card (Automatic),25.15,1509.9
9300-AGZNL,Male,1,No,No,1,Yes,Yes,Fiber Optic,No,No,No,No,Yes,Yes,Month-To-Month,Yes,Electronic Check,94.0,94.0
3913-RDSJZ,Female,0,Yes,No,64,Yes,Yes,No,No internet service,No internet service,No internet service,No internet service,No internet service,No internet service,Two Year,No,Mailed Check,25.55,1714.95
6135-OZQVA,Female,0,No,No,7,Yes,Yes,Dsl,Yes,No,No,No,No,No,Month-To-Month,Yes,Electronic Check,53.65,404.35
9651-GTSAQ,Female,0,Yes,No,53,Yes,No,Fiber Optic,Yes,Yes,Yes,No,Yes,Yes,One Year,Yes,Bank Transfer (Automatic),106.1,5769.75
3990-QYKBE,Male,1,Yes,No,37,Yes,Yes,Fiber Optic,No,No,No,No,Yes,Yes,Month-To-Month,Yes,Electronic Check,92.5,3473.4
2892-GESUL,Female,0,Yes,Yes,18,Yes,No,No,No internet service,No internet service,No internet service,No internet service,No internet service,No internet service,Two Year,No,Mailed Check,19.35,309.25
5759-RCVCB,Female,0,No,No,3,No,No phone service,Dsl,No,No,No,No,Yes,No,Month-To-Month,No,Credit Card (Automatic),35.2,108.95
7964-ZRKKG,Male,0,Yes,No,67,Yes,Yes,Fiber Optic,No,Yes,No,No,Yes,No,One Year,Yes,Bank Transfer (Automatic),88.4,5798.3
9154-QDGTH,Male,0,Yes,Yes,43,Yes,Yes,Fiber Optic,No,No,Yes,Yes,Yes,Yes,One Year,Yes,Credit Card (Automatic),104.3,4451.85
8999-XXGNS,Female,1,Yes,No,72,Yes,Yes,Fiber Optic,No,Yes,Yes,No,Yes,Yes,One Year,Yes,Credit Card (Automatic),105.75,7629.85
6322-HRPFA,Male,0,Yes,Yes,49,Yes,No,Dsl,Yes,Yes,No,Yes,No,No,Month-To-Month,No,Credit Card (Automatic),59.6,2970.3
4827-LTQRJ,Female,1,Yes,Yes,66,Yes,Yes,Fiber Optic,Yes,Yes,No,Yes,Yes,Yes,One Year,Yes,Credit Card (Automatic),110.6,7210.85
0019-EFAEP,Female,0,No,No,72,Yes,Yes,Fiber Optic,Yes,Yes,Yes,No,Yes,No,Two Year,Yes,Bank Transfer (Automatic),101.3,7261.25
0230-WEQUW,Male,0,Yes,No,66,No,No phone service,Dsl,Yes,Yes,Yes,Yes,Yes,No,Two Year,Yes,Bank Transfer (Automatic),56.6,3789.2
5014-WUQMG,Male,0,Yes,Yes,47,Yes,No,Fiber Optic,Yes,Yes,Yes,No,No,Yes,One Year,Yes,Electronic Check,96.1,4391.45
7079-QRCBC,Female,0,No,No,24,Yes,Yes,Fiber Optic,No,No,Yes,No,Yes,Yes,Month-To-Month,Yes,Electronic Check,98.75,2407.3
1306-RPWXZ,Female,0,No,Yes,49,Yes,No,No,No internet service,No internet service,No internet service,No internet service,No internet service,No internet service,Two Year,No,Credit Card (Automatic),20.45,1024.65
4686-GEFRM,Male,0,Yes,No,70,Yes,Yes,Fiber Optic,No,Yes,Yes,Yes,No,Yes,Two Year,Yes,Bank Transfer (Automatic),98.7,6858.9
5016-IBERQ,Male,0,Yes,No,23,Yes,Yes,Fiber Optic,No,Yes,Yes,No,No,No,Month-To-Month,No,Electronic Check,84.25,1968.1
2664-XJZNO,Male,0,Yes,Yes,72,Yes,No,Fiber Optic,Yes,No,Yes,Yes,Yes,Yes,Two Year,Yes,Credit Card (Automatic),104.9,7559.55
8988-ECPJR,Female,1,Yes,Yes,34,Yes,Yes,Fiber Optic,No,Yes,No,No,No,No,Month-To-Month,Yes,Mailed Check,79.6,2718.3
3229-USWAR,Female,0,No,No,34,Yes,No,Dsl,Yes,No,Yes,Yes,Yes,Yes,One Year,Yes,Bank Transfer (Automatic),79.95,2727.3
7717-BICXI,Male,0,Yes,Yes,60,Yes,No,No,No internet service,No internet service,No internet service,No internet service,No internet service,No internet service,Two Year,No,Mailed Check,20.55,1205.05
7758-UJWYS,Male,0,Yes,Yes,34,No,No phone service,Dsl,No,No,No,Yes,Yes,No,Two Year,Yes,Electronic Check,40.55,1325.85
2924-KHUVI,Male,0,Yes,No,56,Yes,Yes,Fiber Optic,Yes,No,No,No,Yes,Yes,One Year,Yes,Electronic Check,100.55,5514.95
3070-FNFZQ,Female,0,Yes,Yes,23,Yes,No,No,No internet service,No internet service,No internet service,No internet service,No internet service,No internet service,Two Year,No,Bank Transfer (Automatic),20.4,478.75
9239-ZBZZV,Female,0,No,No,6,No,No phone service,Dsl,No,No,Yes,No,Yes,Yes,Month-To-Month,Yes,Electronic Check,47.95,305.1
7056-IMHCC,Male,1,Yes,No,53,Yes,Yes,Fiber Optic,No,Yes,No,No,Yes,Yes,Month-To-Month,Yes,Electronic Check,101.9,5549.4
4274-DRSQT,Female,0,No,No,66,Yes,Yes,Fiber Optic,No,Yes,No,No,Yes,No,One Year,Yes,Bank Transfer (Automatic),88.9,6000.1
0886-QGENL,Female,1,Yes,No,27,Yes,No,Fiber Optic,Yes,No,Yes,No,Yes,Yes,Month-To-Month,Yes,Electronic Check,101.25,2754.45
5207-PLSTK,Male,0,Yes,Yes,1,Yes,No,Dsl,Yes,No,No,No,No,No,Month-To-Month,Yes,Mailed Check,48.75,48.75
9170-GYZJC,Female,0,Yes,Yes,41,Yes,Yes,Dsl,Yes,Yes,Yes,Yes,No,Yes,Month-To-Month,No,Credit Card (Automatic),79.9,3326.2
7595-EHCDL,Male,0,Yes,Yes,32,No,No phone service,Dsl,No,No,Yes,No,Yes,Yes,Month-To-Month,No,Credit Card (Automatic),50.6,1653.45
5699-BNCAS,Male,1,No,No,71,Yes,Yes,No,No internet service,No internet service,No internet service,No internet service,No internet service,No internet service,Two Year,Yes,Mailed Check,24.65,1766.75
2521-NPUZR,Male,0,Yes,No,70,Yes,No,Fiber Optic,Yes,Yes,Yes,Yes,No,Yes,Two Year,No,Credit Card (Automatic),101.0,7085.5
5519-NPHVG,Female,0,No,No,12,Yes,Yes,Fiber Optic,No,No,No,No,Yes,Yes,Month-To-Month,Yes,Electronic Check,94.2,1046.1
6749-UTDVX,Male,0,No,No,72,Yes,Yes,Fiber Optic,No,Yes,Yes,No,Yes,Yes,Two Year,Yes,Electronic Check,103.65,7634.8
9974-JFBHQ,Male,0,No,Yes,64,Yes,No,Fiber Optic,No,Yes,No,Yes,Yes,Yes,Month-To-Month,Yes,Credit Card (Automatic),99.15,6171.2
4890-VMUAV,Male,0,No,No,63,Yes,Yes,Dsl,Yes,Yes,Yes,Yes,No,No,One Year,No,Electronic Check,71.5,4576.3
5334-AFQJB,Male,1,No,No,72,Yes,Yes,No,No internet service,No internet service,No internet service,No internet service,No internet service,No internet service,Two Year,Yes,Credit Card (Automatic),25.1,1789.9
0701-TJSEF,Male,0,No,No,9,Yes,No,Dsl,Yes,No,Yes,Yes,No,Yes,Month-To-Month,Yes,Bank Transfer (Automatic),68.25,576.95
3518-FSTWG,Male,1,Yes,No,72,Yes,Yes,Fiber Optic,Yes,Yes,Yes,No,Yes,Yes,Two Year,Yes,Bank Transfer (Automatic),109.55,7920.7
5274-XHAKY,Female,0,Yes,Yes,41,Yes,Yes,Fiber Optic,Yes,Yes,No,No,Yes,No,Month-To-Month,Yes,Bank Transfer (Automatic),94.3,3893.6
5120-ZBLAI,Female,0,Yes,No,50,Yes,Yes,Dsl,No,No,Yes,No,Yes,Yes,One Year,No,Bank Transfer (Automatic),75.7,3876.2
9489-DEDVP,Female,0,Yes,Yes,70,Yes,Yes,Dsl,Yes,Yes,No,No,Yes,No,Two Year,Yes,Credit Card (Automatic),69.2,4872.35
1022-RKXDR,Female,0,No,No,41,Yes,Yes,No,No internet service,No internet service,No internet service,No internet service,No internet service,No internet service,One Year,Yes,Mailed Check,24.85,962.25
7760-OYPDY,Female,0,No,No,2,Yes,No,Fiber Optic,No,No,No,No,Yes,No,Month-To-Month,Yes,Electronic Check,80.65,144.15
0732-OCQOC,Female,0,Yes,Yes,52,Yes,Yes,No,No internet service,No internet service,No internet service,No internet service,No internet service,No internet service,Two Year,Yes,Bank Transfer (Automatic),25.05,1270.25
4701-LKOZD,Female,0,No,No,70,Yes,Yes,Dsl,Yes,Yes,Yes,Yes,Yes,Yes,Two Year,No,Credit Card (Automatic),89.75,6367.2
5143-EGQFK,Female,1,No,No,10,No,No phone service,Dsl,No,No,No,Yes,No,No,Month-To-Month,Yes,Electronic Check,29.65,291.4
8070-AAWZP,Male,1,Yes,No,24,No,No phone service,Dsl,No,No,Yes,Yes,No,No,Month-To-Month,No,Mailed Check,34.25,828.2
7602-MVRMB,Female,0,Yes,Yes,72,Yes,Yes,Fiber Optic,Yes,No,Yes,Yes,Yes,Yes,Two Year,Yes,Bank Transfer (Automatic),110.45,8058.85
5825-XJOCM,Male,0,No,Yes,48,Yes,Yes,Dsl,Yes,Yes,Yes,No,No,No,One Year,Yes,Bank Transfer (Automatic),64.4,3035.35
7695-PKLCZ,Female,0,No,No,68,Yes,No,No,No internet service,No internet service,No internet service,No internet service,No internet service,No internet service,Two Year,No,Credit Card (Automatic),20.5,1424.9
2739-CCZMB,Male,0,No,Yes,5,Yes,No,No,No internet service,No internet service,No internet service,No internet service,No internet service,No internet service,Month-To-Month,No,Credit Card (Automatic),20.35,122.0
5928-QLDHB,Male,0,No,No,9,Yes,Yes,Fiber Optic,No,No,No,No,No,No,Month-To-Month,Yes,Electronic Check,76.25,684.85
1297-VQDRP,Male,1,Yes,Yes,68,Yes,Yes,Fiber Optic,No,No,Yes,Yes,Yes,Yes,One Year,Yes,Credit Card (Automatic),107.15,7379.8
1088-CNNKB,Male,0,Yes,No,63,Yes,Yes,Dsl,Yes,Yes,Yes,Yes,No,Yes,One Year,No,Credit Card (Automatic),80.0,5040.2
1226-UDFZR,Female,0,No,No,2,Yes,No,Dsl,No,Yes,No,No,No,No,Month-To-Month,Yes,Mailed Check,49.6,114.7
2710-WYVXG,Female,0,No,No,3,Yes,No,Dsl,Yes,Yes,No,Yes,No,Yes,Two Year,No,Mailed Check,71.1,213.35
7703-ZEKEF,Male,0,No,No,23,Yes,Yes,Fiber Optic,No,No,Yes,No,No,No,Month-To-Month,Yes,Electronic Check,81.0,1917.1
6873-UDNLD,Male,0,No,No,40,Yes,No,Dsl,Yes,No,Yes,No,No,Yes,Month-To-Month,No,Electronic Check,67.45,2731.0
8329-IBCTI,Female,0,No,No,1,Yes,No,No,No internet service,No internet service,No internet service,No internet service,No internet service,No internet service,Month-To-Month,No,Electronic Check,19.65,19.65
3049-NDXFL,Female,0,No,No,1,Yes,Yes,Fiber Optic,No,No,No,No,No,Yes,Month-To-Month,No,Mailed Check,85.8,85.8
3373-DIUUN,Male,0,Yes,Yes,30,Yes,No,No,No internet service,No internet service,No internet service,No internet service,No internet service,No internet service,Two Year,No,Mailed Check,21.25,711.9
2954-PIBKO,Female,0,Yes,Yes,69,Yes,Yes,Dsl,Yes,No,Yes,Yes,No,No,Two Year,Yes,Credit Card (Automatic),56.05,4254.1
7361-YPXFS,Female,1,No,No,28,Yes,Yes,Dsl,No,Yes,Yes,Yes,No,No,Month-To-Month,No,Bank Transfer (Automatic),64.45,1867.6
2930-UOTMB,Female,0,No,No,31,Yes,Yes,Dsl,Yes,No,Yes,Yes,No,No,Month-To-Month,No,Credit Card (Automatic),65.25,1994.3
7975-JMZNT,Male,0,Yes,No,66,Yes,Yes,Dsl,Yes,Yes,Yes,Yes,Yes,Yes,Two Year,No,Bank Transfer (Automatic),91.7,6075.9
1796-JANOW,Female,0,No,No,2,Yes,No,No,No internet service,No internet service,No internet service,No internet service,No internet service,No internet service,Month-To-Month,No,Mailed Check,19.95,38.15
4176-RELJR,Male,1,No,No,67,Yes,Yes,No,No internet service,No internet service,No internet service,No internet service,No internet service,No internet service,Two Year,No,Credit Card (Automatic),25.1,1672.15
6710-HSJRD,Male,0,Yes,No,61,Yes,Yes,Fiber Optic,No,Yes,Yes,Yes,Yes,Yes,Month-To-Month,Yes,Electronic Check,114.1,7132.15
1010-DIAUQ,Male,0,No,No,5,Yes,No,Fiber Optic,No,No,Yes,No,Yes,Yes,Month-To-Month,No,Bank Transfer (Automatic),96.5,492.55
7439-DKZTW,Male,0,No,No,1,Yes,No,Fiber Optic,No,No,No,No,Yes,No,Month-To-Month,Yes,Electronic Check,80.55,80.55
1934-MKPXS,Male,0,Yes,Yes,33,Yes,No,No,No internet service,No internet service,No internet service,No internet service,No internet service,No internet service,One Year,No,Credit Card (Automatic),20.1,620.55
8550-XSXUQ,Male,0,Yes,No,48,Yes,Yes,Dsl,No,Yes,Yes,No,No,Yes,One Year,Yes,Credit Card (Automatic),70.55,3420.5
0512-FLFDW,Female,1,Yes,No,60,Yes,Yes,Fiber Optic,No,No,Yes,No,Yes,Yes,One Year,Yes,Credit Card (Automatic),100.5,6029.0
8512-WIWYV,Male,0,No,No,32,Yes,No,No,No internet service,No internet service,No internet service,No internet service,No internet service,No internet service,One Year,No,Credit Card (Automatic),20.35,707.5
2207-NHRJK,Male,0,No,No,1,Yes,No,Dsl,No,Yes,No,No,No,No,Month-To-Month,No,Electronic Check,50.8,50.8
3635-QQRQD,Male,0,No,No,62,Yes,No,No,No internet service,No internet service,No internet service,No internet service,No internet service,No internet service,Two Year,Yes,Credit Card (Automatic),20.05,1201.65
8337-MSSXB,Female,0,No,No,14,Yes,No,Fiber Optic,No,Yes,No,No,No,Yes,Month-To-Month,Yes,Electronic Check,86.3,1180.95
2700-LUEVA,Male,0,No,No,1,Yes,No,No,No internet service,No internet service,No internet service,No internet service,No internet service,No internet service,Month-To-Month,No,Electronic Check,20.75,20.75
0480-KYJVA,Female,0,Yes,Yes,72,Yes,Yes,No,No internet service,No internet service,No internet service,No internet service,No internet service,No internet service,Two Year,No,Credit Card (Automatic),24.25,1784.5
0177-PXBAT,Male,1,Yes,No,33,Yes,Yes,Fiber Optic,Yes,No,Yes,Yes,Yes,Yes,Month-To-Month,Yes,Bank Transfer (Automatic),109.9,3694.7
9313-CDOGY,Male,0,Yes,Yes,38,Yes,No,No,No internet service,No internet service,No internet service,No internet service,No internet service,No internet service,Month-To-Month,No,Electronic Check,19.6,717.3
2001-EWBQU,Female,0,No,No,60,Yes,Yes,Fiber Optic,No,Yes,Yes,No,Yes,Yes,Two Year,No,Electronic Check,104.7,6333.8
4016-BJKTZ,Female,0,No,No,25,Yes,Yes,Fiber Optic,No,Yes,Yes,Yes,Yes,Yes,Two Year,No,Electronic Check,108.9,2809.05
6899-PPEEA,Female,1,No,No,37,Yes,Yes,Fiber Optic,No,No,No,No,Yes,Yes,Month-To-Month,Yes,Electronic Check,96.55,3580.3
9741-YLNTD,Male,0,No,No,6,Yes,Yes,Fiber Optic,No,No,No,Yes,No,Yes,Month-To-Month,Yes,Bank Transfer (Automatic),87.95,522.35
7858-GTZSP,Female,0,No,No,12,Yes,Yes,Fiber Optic,No,No,No,No,No,Yes,Month-To-Month,Yes,Electronic Check,86.55,1066.9
0303-WMMRN,Male,0,No,No,5,Yes,No,No,No internet service,No internet service,No internet service,No internet service,No internet service,No internet service,Month-To-Month,Yes,Mailed Check,19.25,86.05
3496-LFSZU,Male,0,Yes,No,4,Yes,No,Fiber Optic,No,No,No,No,No,No,Month-To-Month,No,Electronic Check,70.5,294.2
8782-NUUOL,Male,0,No,No,60,Yes,No,Dsl,Yes,No,Yes,Yes,Yes,Yes,One Year,No,Mailed Check,79.0,4801.1
1564-HJUVY,Male,0,No,No,4,Yes,No,Dsl,No,Yes,No,Yes,Yes,No,Month-To-Month,Yes,Bank Transfer (Automatic),63.75,226.2
3417-TSCIC,Male,0,No,No,29,No,No phone service,Dsl,No,No,No,No,No,No,One Year,Yes,Mailed Check,24.85,788.05
6288-LBEAR,Female,0,No,No,23,Yes,No,Fiber Optic,No,Yes,No,Yes,No,No,Month-To-Month,Yes,Mailed Check,79.1,1783.75
5348-CAGXB,Male,0,No,No,12,Yes,Yes,Fiber Optic,No,No,Yes,No,Yes,No,Month-To-Month,Yes,Electronic Check,89.55,1021.75
3424-NMNBO,Male,1,Yes,No,58,Yes,Yes,Fiber Optic,Yes,Yes,Yes,No,Yes,Yes,One Year,Yes,Electronic Check,108.85,6287.25
4129-LYCOI,Female,0,No,Yes,67,Yes,Yes,Fiber Optic,No,Yes,No,Yes,Yes,Yes,Two Year,Yes,Electronic Check,104.0,7039.05
6080-TCMYC,Male,0,Yes,Yes,40,Yes,Yes,Fiber Optic,No,No,Yes,No,No,No,Month-To-Month,Yes,Electronic Check,81.2,3292.3
6865-JZNKO,Female,0,No,No,30,Yes,No,Dsl,Yes,Yes,No,No,No,No,Month-To-Month,Yes,Bank Transfer (Automatic),55.3,1530.6
0943-ZQPXH,Male,0,Yes,Yes,44,Yes,No,Fiber Optic,No,No,Yes,No,Yes,Yes,Month-To-Month,Yes,Bank Transfer (Automatic),92.95,4122.9
9978-HYCIN,Male,1,Yes,Yes,47,Yes,No,Fiber Optic,No,Yes,No,No,Yes,No,One Year,Yes,Bank Transfer (Automatic),84.95,4018.05
1596-OQSPS,Female,0,No,No,11,Yes,No,Dsl,No,Yes,No,No,No,No,Month-To-Month,No,Electronic Check,51.1,531.15
5204-HMGYF,Female,0,Yes,Yes,49,Yes,No,Dsl,Yes,Yes,Yes,Yes,Yes,Yes,One Year,Yes,Mailed Check,87.2,4345.0
4983-CLMLV,Female,0,Yes,No,52,Yes,Yes,Fiber Optic,No,Yes,No,Yes,Yes,Yes,Month-To-Month,Yes,Credit Card (Automatic),102.7,5138.1
3765-JXVKY,Female,0,No,No,1,Yes,No,Fiber Optic,No,Yes,No,No,No,No,Month-To-Month,Yes,Electronic Check,74.7,74.7
0042-RLHYP,Female,0,Yes,Yes,69,Yes,No,No,No internet service,No internet service,No internet service,No internet service,No internet service,No internet service,Two Year,No,Bank Transfer (Automatic),19.7,1396.9
3097-IDVPU,Male,0,Yes,Yes,19,Yes,Yes,Dsl,No,No,No,No,No,No,Month-To-Month,No,Credit Card (Automatic),50.1,910.45
8902-ZEOVF,Male,0,Yes,Yes,47,Yes,No,No,No internet service,No internet service,No internet service,No internet service,No internet service,No internet service,One Year,No,Mailed Check,20.05,951.55
1754-GKYPY,Male,1,Yes,No,22,Yes,No,Fiber Optic,No,No,No,No,Yes,Yes,Month-To-Month,Yes,Bank Transfer (Automatic),89.75,1938.9
1568-LJSZU,Male,0,Yes,Yes,68,Yes,Yes,Dsl,Yes,Yes,Yes,Yes,Yes,Yes,Two Year,Yes,Credit Card (Automatic),92.2,6392.85
5917-HBSDW,Female,0,Yes,Yes,37,Yes,No,No,No internet service,No internet service,No internet service,No internet service,No internet service,No internet service,Month-To-Month,No,Electronic Check,19.35,683.75
6077-BDPXA,Female,0,No,No,3,Yes,No,Fiber Optic,No,No,No,No,No,No,Month-To-Month,Yes,Electronic Check,70.15,194.2
7020-OZKXZ,Female,1,No,No,9,Yes,No,Fiber Optic,No,No,Yes,No,No,No,Month-To-Month,No,Credit Card (Automatic),75.5,637.4
6202-JVYEU,Male,0,No,No,9,Yes,No,No,No internet service,No internet service,No internet service,No internet service,No internet service,No internet service,One Year,Yes,Electronic Check,19.9,164.6
5482-NUPNA,Female,0,No,No,4,Yes,No,Dsl,Yes,Yes,No,Yes,No,No,Month-To-Month,Yes,Mailed Check,60.4,272.15
0487-CRLZF,Female,0,No,No,49,Yes,No,Dsl,No,No,Yes,Yes,Yes,Yes,Two Year,Yes,Bank Transfer (Automatic),74.45,3721.9
6668-CNMFP,Female,0,Yes,Yes,19,Yes,Yes,Fiber Optic,No,No,No,Yes,No,Yes,One Year,Yes,Bank Transfer (Automatic),89.35,1686.85
6078-VESFR,Male,1,Yes,No,13,Yes,No,Fiber Optic,No,No,No,No,No,No,Month-To-Month,No,Bank Transfer (Automatic),70.45,849.1
7527-QNRUS,Male,0,Yes,Yes,17,Yes,Yes,No,No internet service,No internet service,No internet service,No internet service,No internet service,No internet service,Two Year,Yes,Mailed Check,25.15,412.6
1642-HMARX,Female,0,Yes,No,68,Yes,Yes,Dsl,Yes,Yes,Yes,Yes,Yes,Yes,Two Year,Yes,Electronic Check,91.7,6424.7
9862-KJTYK,Male,0,No,Yes,19,No,No phone service,Dsl,No,No,No,No,No,No,Month-To-Month,Yes,Credit Card (Automatic),25.35,566.1
3948-XHGNA,Male,0,No,No,24,Yes,No,Dsl,Yes,No,No,No,No,No,Month-To-Month,Yes,Bank Transfer (Automatic),49.55,1210.4
0486-LGCCH,Male,0,Yes,Yes,11,Yes,No,No,No internet service,No internet service,No internet service,No internet service,No internet service,No internet service,Two Year,No,Mailed Check,19.65,225.75
2360-RDGRO,Male,0,Yes,No,65,Yes,Yes,Fiber Optic,Yes,No,Yes,No,Yes,Yes,Month-To-Month,Yes,Electronic Check,104.25,6812.95
9424-CMPOG,Male,0,Yes,Yes,9,Yes,No,No,No internet service,No internet service,No internet service,No internet service,No internet service,No internet service,Two Year,No,Mailed Check,19.6,197.4
1685-VAYJF,Male,0,No,No,11,Yes,No,Dsl,No,No,No,No,No,No,Month-To-Month,No,Credit Card (Automatic),45.2,492.0
9249-FXSCK,Female,0,No,No,52,Yes,Yes,Fiber Optic,Yes,Yes,No,Yes,Yes,Yes,One Year,Yes,Credit Card (Automatic),111.25,5916.45
1309-BXVOQ,Male,0,Yes,No,21,Yes,Yes,Fiber Optic,No,No,Yes,Yes,Yes,Yes,Month-To-Month,Yes,Electronic Check,106.1,2249.95
5135-RDDQL,Female,0,Yes,Yes,63,Yes,No,Dsl,Yes,No,No,No,No,No,Two Year,Yes,Bank Transfer (Automatic),50.65,3221.25
9026-LHEVG,Female,0,No,No,9,No,No phone service,Dsl,No,Yes,No,No,No,Yes,Month-To-Month,No,Electronic Check,40.75,359.4
7013-PSXHK,Female,0,No,No,40,Yes,Yes,Dsl,No,No,Yes,Yes,Yes,Yes,One Year,Yes,Mailed Check,80.75,3208.65
5701-SVCWR,Female,0,No,Yes,1,Yes,Yes,No,No internet service,No internet service,No internet service,No internet service,No internet service,No internet service,Month-To-Month,No,Mailed Check,24.0,24.0
3678-MNGZX,Male,0,Yes,Yes,68,Yes,No,No,No internet service,No internet service,No internet service,No internet service,No internet service,No internet service,Two Year,No,Bank Transfer (Automatic),19.95,1377.7
9259-PACGQ,Female,0,Yes,No,34,Yes,Yes,Dsl,Yes,Yes,No,Yes,No,No,Month-To-Month,No,Electronic Check,62.65,2274.9
1732-FEKLD,Female,0,No,No,54,Yes,Yes,Fiber Optic,No,Yes,Yes,No,Yes,No,One Year,Yes,Bank Transfer (Automatic),94.75,5121.75
5572-ZDXHY,Female,0,No,No,22,Yes,No,Fiber Optic,No,Yes,No,No,No,Yes,Month-To-Month,Yes,Mailed Check,84.3,1855.65
2157-MXBJS,Male,0,Yes,No,13,Yes,Yes,Dsl,No,No,Yes,No,Yes,Yes,One Year,Yes,Mailed Check,75.3,989.45
2959-EEXWB,Female,0,Yes,Yes,45,No,No phone service,Dsl,Yes,No,No,No,Yes,Yes,Month-To-Month,Yes,Bank Transfer (Automatic),50.9,2333.85
5055-MGMGF,Female,0,Yes,No,65,Yes,Yes,Fiber Optic,Yes,No,Yes,No,Yes,Yes,Month-To-Month,Yes,Electronic Check,105.05,6914.95
2853-CWQFQ,Male,0,No,Yes,1,Yes,No,Dsl,No,No,No,Yes,No,Yes,Month-To-Month,Yes,Mailed Check,59.55,59.55
3244-CQPHU,Female,1,No,No,72,Yes,Yes,Fiber Optic,Yes,Yes,No,Yes,Yes,Yes,Two Year,Yes,Bank Transfer (Automatic),110.1,7746.7
5889-JTMUL,Female,1,Yes,No,50,Yes,Yes,Fiber Optic,No,Yes,Yes,No,Yes,No,Month-To-Month,Yes,Electronic Check,95.05,4888.7
6260-XLACS,Male,0,No,No,4,Yes,No,No,No internet service,No internet service,No internet service,No internet service,No internet service,No internet service,One Year,No,Mailed Check,19.7,117.8
8535-SFUTN,Male,0,No,No,61,Yes,Yes,Fiber Optic,Yes,No,Yes,No,Yes,Yes,Month-To-Month,Yes,Electronic Check,106.45,6300.15
0504-HHAPI,Female,1,No,No,27,Yes,Yes,Fiber Optic,No,No,Yes,No,No,Yes,Month-To-Month,No,Credit Card (Automatic),88.3,2467.75
7130-CTCUS,Male,1,Yes,No,16,Yes,No,Dsl,Yes,Yes,No,No,No,No,Month-To-Month,Yes,Bank Transfer (Automatic),54.55,825.1
5405-ZMYXQ,Female,0,No,No,8,Yes,Yes,Fiber Optic,No,No,No,No,No,No,Month-To-Month,Yes,Credit Card (Automatic),74.6,548.9
0730-BGQGF,Male,0,Yes,Yes,71,Yes,Yes,Dsl,Yes,Yes,Yes,Yes,Yes,Yes,Two Year,No,Credit Card (Automatic),90.3,6287.3
1955-IBMMB,Male,0,No,No,59,Yes,No,No,No internet service,No internet service,No internet service,No internet service,No internet service,No internet service,Two Year,Yes,Bank Transfer (Automatic),20.2,1192.3
2495-KZNFB,Female,0,No,No,33,Yes,Yes,Fiber Optic,Yes,No,No,No,No,Yes,Month-To-Month,Yes,Electronic Check,90.65,2989.6
7881-INRLC,Male,0,No,No,45,Yes,Yes,Fiber Optic,No,Yes,No,No,Yes,Yes,Month-To-Month,Yes,Credit Card (Automatic),100.85,4740.0
7072-MBHEV,Female,1,Yes,Yes,11,Yes,Yes,Fiber Optic,No,No,Yes,No,No,No,Month-To-Month,Yes,Credit Card (Automatic),78.1,864.85
0916-QOFDP,Female,1,Yes,Yes,14,Yes,Yes,Fiber Optic,No,No,No,No,Yes,Yes,Month-To-Month,Yes,Electronic Check,95.8,1346.3
7312-XSBAT,Male,0,No,No,1,Yes,No,Dsl,Yes,No,No,No,No,No,Month-To-Month,No,Electronic Check,49.75,49.75
9602-WCXPI,Male,0,No,No,50,Yes,No,No,No internet service,No internet service,No internet service,No internet service,No internet service,No internet service,One Year,No,Credit Card (Automatic),20.15,989.05
5176-LMJXE,Female,0,No,No,47,Yes,No,No,No internet service,No internet service,No internet service,No internet service,No internet service,No internet service,Two Year,Yes,Mailed Check,20.55,945.7
2189-WWOEW,Female,0,No,Yes,15,Yes,No,Fiber Optic,No,Yes,No,No,No,Yes,Month-To-Month,Yes,Bank Transfer (Automatic),85.9,1269.55
0746-JTRFU,Male,0,No,No,2,No,No phone service,Dsl,No,No,No,No,No,No,Month-To-Month,Yes,Electronic Check,25.05,56.35
8258-GSTJK,Male,1,No,No,3,Yes,Yes,Fiber Optic,No,No,No,No,No,No,Month-To-Month,Yes,Electronic Check,77.0,237.75
5150-ITWWB,Male,1,No,No,3,Yes,Yes,Fiber Optic,No,No,No,No,Yes,Yes,Month-To-Month,Yes,Electronic Check,94.85,335.75
0750-EKNGL,Male,0,No,No,7,Yes,No,No,No internet service,No internet service,No internet service,No internet service,No internet service,No internet service,Month-To-Month,No,Mailed Check,20.75,141.1
2577-GVSIL,Male,0,Yes,Yes,35,Yes,Yes,Dsl,No,No,No,Yes,Yes,Yes,One Year,Yes,Bank Transfer (Automatic),73.45,2661.1
5088-QZLRL,Male,0,No,No,1,Yes,No,No,No internet service,No internet service,No internet service,No internet service,No internet service,No internet service,Month-To-Month,No,Electronic Check,20.65,20.65
8200-LGKSR,Male,0,Yes,No,71,Yes,Yes,Dsl,Yes,No,Yes,Yes,Yes,Yes,Two Year,No,Electronic Check,83.2,6126.1
4881-JVQOD,Male,1,Yes,Yes,10,No,No phone service,Dsl,No,No,No,No,No,Yes,Month-To-Month,Yes,Bank Transfer (Automatic),34.55,362.6
3011-WQKSZ,Male,0,No,Yes,19,Yes,No,No,No internet service,No internet service,No internet service,No internet service,No internet service,No internet service,Month-To-Month,Yes,Electronic Check,20.0,377.55
7563-BIUPC,Male,0,No,No,5,Yes,No,Fiber Optic,No,No,No,No,Yes,No,Month-To-Month,Yes,Electronic Check,80.6,415.55
5027-QPKTE,Male,0,Yes,No,7,Yes,No,Fiber Optic,No,No,No,No,No,No,Month-To-Month,Yes,Electronic Check,69.35,451.1
3345-PBBFH,Male,0,Yes,No,8,Yes,No,Dsl,No,Yes,No,No,No,No,Month-To-Month,Yes,Bank Transfer (Automatic),49.55,393.45
5054-IEXZT,Male,0,No,Yes,1,Yes,No,Fiber Optic,No,Yes,No,No,No,No,Month-To-Month,Yes,Electronic Check,75.35,75.35
9318-NKNFC,Male,0,No,No,1,Yes,No,No,No internet service,No internet service,No internet service,No internet service,No internet service,No internet service,Month-To-Month,Yes,Mailed Check,18.85,18.85
9501-UKKNL,Male,0,No,No,59,No,No phone service,Dsl,No,No,No,Yes,Yes,Yes,Month-To-Month,Yes,Electronic Check,51.7,3005.8
3533-UVMOM,Male,0,Yes,No,68,Yes,No,Dsl,Yes,Yes,Yes,No,No,Yes,Two Year,No,Bank Transfer (Automatic),70.95,4741.45
3779-OSWCF,Female,0,Yes,No,71,Yes,Yes,Dsl,Yes,Yes,Yes,Yes,Yes,Yes,Two Year,No,Credit Card (Automatic),93.2,6506.15
6284-KMNUF,Female,0,Yes,No,56,Yes,Yes,Fiber Optic,Yes,No,No,No,Yes,Yes,One Year,Yes,Electronic Check,98.0,5270.6
2208-UGTGR,Male,0,No,No,56,Yes,Yes,Fiber Optic,No,Yes,No,No,Yes,Yes,Month-To-Month,No,Electronic Check,98.6,5581.05
5249-QYHEX,Female,0,Yes,Yes,40,Yes,Yes,No,No internet service,No internet service,No internet service,No internet service,No internet service,No internet service,Two Year,Yes,Mailed Check,24.8,1024.7
3214-IYUUQ,Female,0,Yes,No,61,Yes,No,Fiber Optic,Yes,Yes,No,Yes,No,Yes,One Year,No,Bank Transfer (Automatic),93.7,5860.7
5161-XEUVX,Male,0,Yes,No,37,Yes,Yes,Fiber Optic,No,No,Yes,Yes,Yes,No,Two Year,No,Mailed Check,94.3,3460.95
1624-WOIWJ,Female,0,No,No,10,Yes,No,Fiber Optic,Yes,No,No,No,Yes,No,Month-To-Month,Yes,Mailed Check,84.7,832.05
1320-HTRDR,Female,0,No,No,3,Yes,Yes,Fiber Optic,No,No,No,No,No,No,Month-To-Month,Yes,Electronic Check,75.5,220.6
9350-VLHMB,Male,0,Yes,Yes,67,Yes,Yes,Fiber Optic,No,Yes,No,No,No,Yes,Month-To-Month,Yes,Bank Transfer (Automatic),89.55,6373.1
0320-DWVTU,Female,0,No,No,53,Yes,No,Fiber Optic,Yes,Yes,Yes,Yes,No,Yes,Two Year,No,Mailed Check,99.5,5424.25
8879-ZKJOF,Female,0,No,No,41,Yes,No,Dsl,Yes,No,Yes,Yes,Yes,Yes,One Year,Yes,Bank Transfer (Automatic),79.85,3320.75
6982-SSHFK,Male,0,No,No,1,Yes,No,Dsl,No,No,No,No,No,No,Month-To-Month,No,Mailed Check,44.4,44.4
9965-YOKZB,Male,1,No,No,9,Yes,Yes,Fiber Optic,No,No,No,No,No,Yes,Month-To-Month,Yes,Electronic Check,83.85,790.15
0621-TWIEM,Male,0,No,No,10,Yes,No,Dsl,No,No,No,No,No,No,Month-To-Month,Yes,Electronic Check,45.55,402.6
5940-NFXKV,Male,0,Yes,Yes,19,Yes,Yes,Fiber Optic,No,No,No,No,No,Yes,Month-To-Month,Yes,Electronic Check,83.65,1465.75
5233-GEEAX,Male,1,No,No,8,No,No phone service,Dsl,No,No,Yes,No,No,No,Month-To-Month,Yes,Electronic Check,29.4,221.9
3221-CJMSG,Male,0,No,No,24,Yes,No,Dsl,No,No,No,Yes,No,No,Month-To-Month,Yes,Credit Card (Automatic),51.1,1269.6
3217-FZDMN,Female,1,No,No,8,Yes,No,Fiber Optic,No,No,Yes,No,Yes,Yes,Month-To-Month,Yes,Credit Card (Automatic),94.45,742.95
4824-GUCBY,Female,1,No,No,22,Yes,No,Fiber Optic,Yes,Yes,No,No,No,No,Month-To-Month,No,Electronic Check,81.7,1820.9
7501-IWUNG,Female,0,Yes,Yes,61,Yes,No,Dsl,No,No,Yes,Yes,Yes,Yes,Two Year,Yes,Bank Transfer (Automatic),73.8,4616.05
3026-ATZYV,Female,0,Yes,Yes,37,Yes,No,Dsl,Yes,Yes,No,No,Yes,Yes,One Year,No,Bank Transfer (Automatic),75.1,2658.8
5949-EBSQK,Male,0,Yes,Yes,4,Yes,No,Dsl,No,No,No,Yes,No,Yes,Month-To-Month,No,Credit Card (Automatic),61.45,229.55
8185-UPYBR,Male,0,Yes,No,6,Yes,Yes,Fiber Optic,No,No,No,No,No,No,Month-To-Month,Yes,Electronic Check,75.5,438.0
5133-VRSAB,Male,0,No,No,8,No,No phone service,Dsl,Yes,No,No,No,No,No,Month-To-Month,No,Mailed Check,29.35,216.45
0229-LFJAF,Male,0,No,No,72,Yes,Yes,Dsl,Yes,Yes,Yes,Yes,No,No,Two Year,No,Bank Transfer (Automatic),69.65,4908.25
4402-FTBXC,Male,0,No,No,54,Yes,No,Fiber Optic,Yes,No,Yes,No,Yes,No,Month-To-Month,No,Mailed Check,89.8,4667.0
5939-SXWHM,Male,0,Yes,Yes,48,Yes,Yes,No,No internet service,No internet service,No internet service,No internet service,No internet service,No internet service,Two Year,No,Bank Transfer (Automatic),26.3,1245.05
0678-RLHVP,Female,0,No,No,53,Yes,Yes,Fiber Optic,No,Yes,Yes,No,Yes,Yes,Two Year,No,Electronic Check,105.55,5682.25
6994-FGRHH,Male,0,Yes,Yes,70,Yes,No,Fiber Optic,No,Yes,Yes,Yes,Yes,Yes,One Year,Yes,Electronic Check,106.15,7475.1
5740-YHGTW,Male,0,Yes,Yes,70,Yes,Yes,Fiber Optic,Yes,Yes,No,No,Yes,No,Month-To-Month,Yes,Credit Card (Automatic),97.55,6669.05
0867-LDTTC,Male,0,No,No,5,Yes,No,Dsl,No,No,Yes,Yes,Yes,Yes,Month-To-Month,No,Bank Transfer (Automatic),75.15,392.65
9560-ARGQJ,Female,0,No,Yes,16,Yes,No,Fiber Optic,No,No,No,No,Yes,No,Month-To-Month,Yes,Electronic Check,81.0,1312.15
7892-POOKP,Female,0,Yes,No,28,Yes,Yes,Fiber Optic,No,No,Yes,Yes,Yes,Yes,Month-To-Month,Yes,Electronic Check,104.8,3046.05
0188-GWFLE,Male,0,No,No,2,Yes,No,No,No internet service,No internet service,No internet service,No internet service,No internet service,No internet service,Month-To-Month,No,Mailed Check,20.05,33.7
3865-ZYKAD,Male,1,Yes,No,69,Yes,Yes,Fiber Optic,Yes,Yes,No,No,No,No,Month-To-Month,Yes,Credit Card (Automatic),84.9,5785.65
8035-BUYVG,Male,0,Yes,No,40,No,No phone service,Dsl,Yes,Yes,Yes,No,No,No,One Year,Yes,Electronic Check,42.35,1716.45
8510-TMWYB,Female,0,Yes,Yes,54,Yes,Yes,Dsl,No,Yes,Yes,No,No,No,Two Year,Yes,Bank Transfer (Automatic),59.8,3246.45
8903-WMRNW,Female,0,Yes,No,15,Yes,No,Fiber Optic,Yes,No,Yes,No,Yes,Yes,Month-To-Month,No,Electronic Check,101.75,1669.4
6300-BWMJX,Female,0,Yes,No,59,Yes,Yes,Fiber Optic,No,No,Yes,Yes,Yes,No,Month-To-Month,No,Electronic Check,93.35,5386.5
0426-TIRNE,Female,0,No,No,1,Yes,No,No,No internet service,No internet service,No internet service,No internet service,No internet service,No internet service,Month-To-Month,No,Mailed Check,20.9,20.9
6646-JPPHA,Female,1,No,No,14,Yes,No,Fiber Optic,Yes,Yes,No,No,No,No,Month-To-Month,No,Electronic Check,78.85,1043.8
4662-EKDPQ,Male,0,No,No,2,Yes,Yes,Dsl,No,No,No,No,No,Yes,Month-To-Month,No,Bank Transfer (Automatic),62.05,118.3
1832-PEUTS,Male,0,Yes,Yes,62,Yes,Yes,Fiber Optic,No,No,Yes,No,Yes,No,Two Year,Yes,Credit Card (Automatic),89.1,5411.65
5609-CEBID,Female,1,No,No,20,Yes,Yes,Fiber Optic,No,Yes,Yes,No,No,Yes,Month-To-Month,Yes,Electronic Check,94.1,1782.4
6765-MBQNU,Female,0,Yes,No,26,Yes,Yes,No,No internet service,No internet service,No internet service,No internet service,No internet service,No internet service,One Year,No,Mailed Check,26.0,684.05
2300-RQGOI,Female,0,No,No,38,Yes,No,No,No internet service,No internet service,No internet service,No internet service,No internet service,No internet service,Two Year,No,Mailed Check,20.05,741.5
9938-PRCVK,Female,0,Yes,Yes,41,Yes,No,No,No internet service,No internet service,No internet service,No internet service,No internet service,No internet service,Two Year,No,Bank Transfer (Automatic),19.7,804.25
1150-FTQGN,Female,0,Yes,Yes,60,Yes,Yes,Fiber Optic,Yes,Yes,No,No,Yes,No,One Year,No,Bank Transfer (Automatic),94.15,5811.8
7665-VIGUD,Male,0,No,No,10,Yes,No,No,No internet service,No internet service,No internet service,No internet service,No internet service,No internet service,One Year,No,Mailed Check,20.35,176.3
8080-POTJR,Female,0,No,No,30,Yes,Yes,Dsl,Yes,No,Yes,No,Yes,Yes,One Year,Yes,Credit Card (Automatic),79.3,2427.1
5846-ABOBJ,Male,0,Yes,No,71,Yes,Yes,No,No internet service,No internet service,No internet service,No internet service,No internet service,No internet service,Two Year,No,Bank Transfer (Automatic),24.45,1730.65
1842-EZJMK,Male,0,Yes,Yes,50,Yes,Yes,Fiber Optic,No,Yes,No,Yes,Yes,Yes,Month-To-Month,No,Electronic Check,103.7,5071.05
5948-UJZLF,Male,0,No,No,2,Yes,No,Dsl,No,Yes,No,No,No,No,Month-To-Month,No,Mailed Check,49.25,97.0
8107-KNCIM,Male,1,Yes,No,14,Yes,Yes,Fiber Optic,No,No,No,No,No,No,Month-To-Month,Yes,Electronic Check,75.1,1013.35
8620-RJPZN,Female,0,No,No,1,Yes,No,No,No internet service,No internet service,No internet service,No internet service,No internet service,No internet service,Month-To-Month,No,Electronic Check,20.7,20.7
6235-VDHOM,Female,1,No,No,5,No,No phone service,Dsl,No,Yes,No,No,No,No,Month-To-Month,No,Electronic Check,28.45,131.05
2404-JIBFC,Female,0,Yes,Yes,55,Yes,Yes,Dsl,Yes,No,Yes,Yes,Yes,Yes,Two Year,Yes,Bank Transfer (Automatic),85.1,4657.95
0924-BJCRC,Female,1,Yes,No,60,Yes,Yes,Fiber Optic,No,Yes,No,No,No,Yes,Month-To-Month,No,Electronic Check,89.45,5294.6
9500-LTVBP,Female,0,No,No,35,Yes,Yes,Fiber Optic,No,No,No,Yes,No,No,Month-To-Month,No,Credit Card (Automatic),80.05,2835.9
9114-DPSIA,Male,0,Yes,Yes,72,Yes,Yes,Dsl,Yes,Yes,Yes,Yes,No,Yes,Two Year,No,Credit Card (Automatic),81.0,5750.0
6933-FHBZC,Female,0,No,No,26,Yes,No,Dsl,No,Yes,Yes,No,No,No,One Year,Yes,Mailed Check,56.05,1553.2
1550-LOAHA,Female,0,Yes,No,32,Yes,No,Fiber Optic,No,Yes,No,No,No,Yes,Month-To-Month,No,Bank Transfer (Automatic),84.15,2585.95
0680-DFNNY,Male,0,Yes,No,15,Yes,Yes,Fiber Optic,No,No,Yes,No,Yes,Yes,Month-To-Month,Yes,Electronic Check,101.1,1504.05
1776-SPBWV,Female,0,Yes,Yes,34,Yes,No,No,No internet service,No internet service,No internet service,No internet service,No internet service,No internet service,One Year,Yes,Bank Transfer (Automatic),20.1,682.1
6212-ATMLK,Female,0,No,No,50,Yes,Yes,Fiber Optic,No,No,No,No,Yes,Yes,Month-To-Month,Yes,Electronic Check,95.7,4729.75
1401-FTHFQ,Male,0,Yes,Yes,23,Yes,No,No,No internet service,No internet service,No internet service,No internet service,No internet service,No internet service,One Year,Yes,Credit Card (Automatic),20.0,445.3
7874-ECPQJ,Female,0,No,Yes,4,Yes,No,No,No internet service,No internet service,No internet service,No internet service,No internet service,No internet service,Month-To-Month,Yes,Bank Transfer (Automatic),20.05,85.5
3014-WJKSM,Male,0,Yes,No,29,Yes,No,Fiber Optic,No,No,Yes,No,No,No,Month-To-Month,Yes,Credit Card (Automatic),75.3,2263.4
5671-RQRLP,Female,1,Yes,No,70,Yes,Yes,Fiber Optic,No,No,No,No,No,No,Two Year,Yes,Credit Card (Automatic),75.65,5411.4
0235-KGSLC,Female,0,No,No,1,Yes,No,Fiber Optic,No,No,Yes,No,Yes,No,Month-To-Month,Yes,Credit Card (Automatic),85.55,85.55
7037-MTYVW,Male,0,Yes,Yes,38,Yes,Yes,Dsl,Yes,No,Yes,Yes,Yes,Yes,Two Year,Yes,Bank Transfer (Automatic),85.4,3297.0
6181-AXXYF,Male,0,Yes,Yes,72,Yes,Yes,No,No internet service,No internet service,No internet service,No internet service,No internet service,No internet service,Two Year,No,Credit Card (Automatic),24.75,1859.1
1293-HHSHJ,Female,0,No,No,35,Yes,No,No,No internet service,No internet service,No internet service,No internet service,No internet service,No internet service,One Year,No,Mailed Check,21.1,741.0
8788-DOXSU,Male,0,No,No,59,Yes,No,Dsl,No,No,Yes,No,No,Yes,One Year,Yes,Bank Transfer (Automatic),61.35,3645.5
4322-RCYMT,Male,0,Yes,Yes,68,Yes,Yes,Dsl,No,Yes,Yes,Yes,No,Yes,One Year,Yes,Bank Transfer (Automatic),75.8,5293.95
3941-XTSKM,Male,0,Yes,Yes,42,No,No phone service,Dsl,No,Yes,Yes,No,No,Yes,One Year,Yes,Credit Card (Automatic),45.1,2049.05
8400-WZICQ,Female,0,Yes,Yes,55,Yes,No,Dsl,Yes,Yes,No,No,No,No,Month-To-Month,No,Electronic Check,55.7,3131.8
9200-NLNPD,Male,0,Yes,No,56,No,No phone service,Dsl,No,No,Yes,Yes,Yes,Yes,One Year,Yes,Bank Transfer (Automatic),54.05,2959.8
6771-XWBDM,Female,0,Yes,No,57,Yes,Yes,Fiber Optic,No,Yes,Yes,No,Yes,Yes,Month-To-Month,Yes,Credit Card (Automatic),104.5,5921.35
1248-DYXUB,Male,0,Yes,Yes,52,Yes,Yes,No,No internet service,No internet service,No internet service,No internet service,No internet service,No internet service,Two Year,No,Mailed Check,24.8,1229.1
3771-PZOBW,Male,0,No,No,20,Yes,Yes,Fiber Optic,No,No,Yes,No,Yes,No,Month-To-Month,Yes,Credit Card (Automatic),90.7,1781.35
0264-CNITK,Female,0,Yes,Yes,71,Yes,No,No,No internet service,No internet service,No internet service,No internet service,No internet service,No internet service,Two Year,No,Bank Transfer (Automatic),20.1,1389.6
8084-OIVBS,Female,0,No,No,11,Yes,No,No,No internet service,No internet service,No internet service,No internet service,No internet service,No internet service,One Year,No,Mailed Check,20.0,211.95
1730-VFMWO,Female,0,Yes,No,34,Yes,No,Dsl,No,No,No,Yes,No,No,Month-To-Month,No,Bank Transfer (Automatic),50.2,1815.3
4707-MAXGU,Male,0,Yes,No,72,Yes,Yes,No,No internet service,No internet service,No internet service,No internet service,No internet service,No internet service,Two Year,No,Credit Card (Automatic),25.85,1872.2
3308-DGHKL,Male,0,No,No,69,Yes,No,No,No internet service,No internet service,No internet service,No internet service,No internet service,No internet service,Two Year,Yes,Bank Transfer (Automatic),19.3,1447.9
0604-THJFP,Female,0,Yes,Yes,59,Yes,No,Dsl,No,Yes,No,Yes,Yes,Yes,Two Year,Yes,Credit Card (Automatic),75.95,4542.35
7893-IXHRQ,Male,0,No,No,1,Yes,No,No,No internet service,No internet service,No internet service,No internet service,No internet service,No internet service,Month-To-Month,No,Electronic Check,20.55,20.55
9828-AOQLM,Female,0,Yes,Yes,1,Yes,No,Dsl,No,No,No,No,No,No,Month-To-Month,Yes,Electronic Check,45.7,45.7
4690-LLKUA,Male,1,No,No,17,Yes,No,Dsl,No,No,No,No,No,No,Month-To-Month,Yes,Electronic Check,45.05,770.6
6904-JLBGY,Female,1,No,No,72,Yes,Yes,Fiber Optic,Yes,Yes,Yes,Yes,Yes,Yes,Two Year,Yes,Credit Card (Automatic),117.35,8436.25
6416-TVAIH,Male,0,Yes,Yes,1,Yes,No,Fiber Optic,No,No,No,No,No,No,Month-To-Month,Yes,Electronic Check,68.5,68.5
7746-QYVCO,Male,0,Yes,Yes,16,Yes,No,Dsl,Yes,Yes,No,No,No,No,One Year,Yes,Mailed Check,55.85,857.8
0674-GCDXG,Male,0,No,No,63,Yes,Yes,Dsl,Yes,No,Yes,Yes,No,Yes,Two Year,Yes,Bank Transfer (Automatic),71.9,4479.2
7047-YXDMZ,Male,0,No,No,21,Yes,No,No,No internet service,No internet service,No internet service,No internet service,No internet service,No internet service,Month-To-Month,No,Mailed Check,20.0,417.7
0031-PVLZI,Female,0,Yes,Yes,4,Yes,No,No,No internet service,No internet service,No internet service,No internet service,No internet service,No internet service,Month-To-Month,No,Mailed Check,20.35,76.35
2799-ARNLO,Female,1,Yes,No,5,Yes,No,Fiber Optic,No,No,No,No,No,No,Month-To-Month,Yes,Electronic Check,69.35,341.6
8601-QACRS,Female,0,No,No,5,Yes,Yes,Dsl,No,No,No,No,No,No,Month-To-Month,Yes,Mailed Check,50.6,249.95
1734-ZMNTZ,Female,0,Yes,Yes,11,Yes,Yes,No,No internet service,No internet service,No internet service,No internet service,No internet service,No internet service,Two Year,No,Mailed Check,25.0,300.7
8705-WZCYL,Male,0,No,No,1,Yes,No,Dsl,No,No,No,No,No,No,Month-To-Month,Yes,Electronic Check,44.8,44.8
5567-GZKQY,Male,0,No,No,58,Yes,No,No,No internet service,No internet service,No internet service,No internet service,No internet service,No internet service,Two Year,No,Credit Card (Automatic),20.3,1131.5
0064-YIJGF,Male,0,Yes,Yes,27,Yes,Yes,Fiber Optic,No,No,No,No,No,No,Month-To-Month,Yes,Bank Transfer (Automatic),75.75,1929.0
1093-YSWCA,Male,0,No,No,11,Yes,No,No,No internet service,No internet service,No internet service,No internet service,No internet service,No internet service,Two Year,No,Credit Card (Automatic),19.55,223.15
5899-MQZZL,Female,0,No,No,13,Yes,Yes,Fiber Optic,No,No,No,No,No,No,Month-To-Month,Yes,Mailed Check,75.0,999.45
3410-YOQBQ,Female,0,No,No,31,Yes,No,Dsl,No,Yes,Yes,Yes,Yes,Yes,Two Year,No,Mailed Check,79.2,2497.2
1704-NRWYE,Female,1,No,No,9,Yes,No,Fiber Optic,No,No,No,No,Yes,No,Month-To-Month,Yes,Electronic Check,80.85,751.65
2483-XSSMZ,Female,0,No,No,39,Yes,No,Dsl,Yes,No,No,No,No,No,One Year,Yes,Electronic Check,47.85,1886.4
2378-YIZKA,Female,0,Yes,Yes,68,Yes,No,Dsl,Yes,Yes,Yes,Yes,Yes,Yes,Two Year,Yes,Credit Card (Automatic),85.0,5607.75
7343-EOBEU,Male,0,Yes,No,3,Yes,Yes,No,No internet service,No internet service,No internet service,No internet service,No internet service,No internet service,Month-To-Month,Yes,Mailed Check,23.6,89.05
0308-GIQJT,Male,1,No,No,71,Yes,Yes,Fiber Optic,No,Yes,No,Yes,Yes,Yes,One Year,No,Bank Transfer (Automatic),105.75,7382.85
3195-TQDZX,Male,0,No,No,3,Yes,No,No,No internet service,No internet service,No internet service,No internet service,No internet service,No internet service,Month-To-Month,Yes,Electronic Check,20.25,61.45
0191-ZHSKZ,Male,1,No,No,30,Yes,No,Dsl,Yes,Yes,No,No,Yes,Yes,Month-To-Month,Yes,Electronic Check,74.75,2111.3
6447-EGDIV,Female,0,No,No,31,Yes,No,No,No internet service,No internet service,No internet service,No internet service,No internet service,No internet service,One Year,No,Mailed Check,20.95,683.25
1415-YFWLT,Female,1,No,No,1,Yes,No,Fiber Optic,No,No,No,No,Yes,Yes,Month-To-Month,Yes,Electronic Check,89.3,89.3
0754-UKWQP,Male,0,No,No,2,Yes,No,Fiber Optic,No,No,Yes,No,Yes,Yes,Month-To-Month,Yes,Electronic Check,95.85,197.7
3428-MMGUB,Male,0,No,No,60,Yes,Yes,Fiber Optic,No,No,Yes,No,Yes,No,Two Year,Yes,Electronic Check,89.55,5231.2
0898-XCGTF,Male,0,Yes,No,61,Yes,Yes,Fiber Optic,No,No,No,No,Yes,Yes,One Year,Yes,Bank Transfer (Automatic),96.5,5673.7
6608-QQLVK,Male,0,No,No,1,Yes,No,Dsl,No,No,Yes,No,No,No,Month-To-Month,Yes,Electronic Check,50.5,50.5
4566-QVRRW,Female,0,Yes,No,11,Yes,No,Dsl,No,No,No,No,No,No,Month-To-Month,Yes,Electronic Check,44.05,483.7
1492-KGETH,Male,0,Yes,Yes,70,Yes,Yes,Dsl,Yes,Yes,Yes,Yes,No,Yes,One Year,No,Bank Transfer (Automatic),78.35,5445.95
2958-NHPPS,Male,0,No,No,23,Yes,No,No,No internet service,No internet service,No internet service,No internet service,No internet service,No internet service,Month-To-Month,No,Electronic Check,20.85,473.9
4195-PNGZS,Male,0,Yes,Yes,69,Yes,Yes,No,No internet service,No internet service,No internet service,No internet service,No internet service,No internet service,Two Year,No,Bank Transfer (Automatic),24.45,1718.2
6988-CJEYV,Male,0,No,No,49,Yes,Yes,Fiber Optic,No,Yes,No,No,Yes,Yes,Month-To-Month,No,Electronic Check,98.7,4920.55
0786-IVLAW,Female,1,No,No,66,Yes,Yes,Fiber Optic,No,Yes,Yes,No,Yes,Yes,One Year,No,Bank Transfer (Automatic),108.1,7238.6
8875-AKBYH,Male,1,No,No,20,Yes,Yes,Fiber Optic,No,No,No,No,Yes,No,Month-To-Month,Yes,Electronic Check,84.35,1745.2
8809-RIHDD,Male,0,Yes,Yes,72,Yes,Yes,Fiber Optic,No,Yes,Yes,No,Yes,Yes,Two Year,Yes,Electronic Check,103.4,7372.65
8467-WYNSR,Male,0,No,No,22,Yes,No,Dsl,Yes,No,No,Yes,No,No,Month-To-Month,No,Mailed Check,55.1,1253.15
0531-ZZJWQ,Male,1,Yes,No,55,Yes,Yes,Fiber Optic,No,No,No,No,No,No,Month-To-Month,Yes,Electronic Check,74.0,4052.4
3807-BPOMJ,Female,0,Yes,No,55,Yes,No,Fiber Optic,Yes,No,No,No,Yes,Yes,One Year,Yes,Electronic Check,94.75,5276.1
1266-NZYUI,Female,0,Yes,Yes,72,Yes,Yes,Dsl,Yes,No,Yes,Yes,No,No,Two Year,No,Bank Transfer (Automatic),66.85,4758.8
2252-ISRNH,Male,0,Yes,Yes,9,Yes,Yes,Fiber Optic,No,No,Yes,No,Yes,No,One Year,Yes,Electronic Check,90.35,767.9
1764-VUUMT,Male,0,No,Yes,66,Yes,No,No,No internet service,No internet service,No internet service,No internet service,No internet service,No internet service,Two Year,No,Credit Card (Automatic),19.95,1269.1
5968-VXZLG,Male,0,No,No,2,Yes,No,Dsl,No,No,No,No,No,No,Month-To-Month,Yes,Bank Transfer (Automatic),46.6,87.9
2144-BFDSO,Female,1,Yes,No,50,Yes,Yes,Fiber Optic,Yes,Yes,Yes,No,Yes,Yes,Month-To-Month,No,Bank Transfer (Automatic),108.75,5431.9
5887-IKKYO,Male,0,Yes,Yes,58,Yes,Yes,Fiber Optic,No,No,Yes,Yes,No,Yes,Two Year,No,Bank Transfer (Automatic),94.35,5563.65
3387-PLKUI,Female,0,Yes,Yes,13,Yes,No,No,No internet service,No internet service,No internet service,No internet service,No internet service,No internet service,Month-To-Month,No,Mailed Check,18.8,251.25
9058-HRZSV,Female,1,Yes,No,65,Yes,No,Fiber Optic,Yes,Yes,Yes,No,No,Yes,Month-To-Month,No,Electronic Check,94.4,6126.15
1407-DIGZV,Female,0,Yes,Yes,3,Yes,No,No,No internet service,No internet service,No internet service,No internet service,No internet service,No internet service,Two Year,No,Mailed Check,19.1,52.0
4537-CIBHB,Female,0,Yes,Yes,9,Yes,No,No,No internet service,No internet service,No internet service,No internet service,No internet service,No internet service,One Year,No,Mailed Check,20.25,172.35
3594-KADLU,Male,0,Yes,No,3,No,No phone service,Dsl,Yes,No,No,Yes,No,No,Month-To-Month,No,Mailed Check,35.1,101.1
0336-PIKEI,Male,1,Yes,No,72,Yes,No,Dsl,Yes,Yes,Yes,Yes,Yes,No,Two Year,No,Bank Transfer (Automatic),74.4,5360.75
1991-VOPLL,Female,0,No,No,9,Yes,No,No,No internet service,No internet service,No internet service,No internet service,No internet service,No internet service,Month-To-Month,No,Mailed Check,19.05,157.65
8069-RHUXK,Female,0,Yes,Yes,67,No,No phone service,Dsl,Yes,No,No,Yes,No,No,Two Year,No,Credit Card (Automatic),35.7,2545.7
5002-GCQFH,Male,0,Yes,No,49,Yes,Yes,Fiber Optic,Yes,Yes,No,No,Yes,No,Month-To-Month,Yes,Bank Transfer (Automatic),93.85,4733.1
4674-HGNUA,Male,0,Yes,Yes,71,Yes,Yes,Dsl,Yes,Yes,Yes,Yes,Yes,Yes,Two Year,No,Credit Card (Automatic),89.9,6457.15
9040-KZVWO,Male,0,No,No,26,Yes,No,Fiber Optic,No,Yes,No,No,No,No,One Year,No,Bank Transfer (Automatic),75.5,2018.1
3669-WHAFY,Female,0,Yes,No,71,Yes,Yes,Fiber Optic,Yes,Yes,Yes,Yes,Yes,Yes,Two Year,Yes,Credit Card (Automatic),115.15,8078.1
8189-DUKMV,Female,0,Yes,No,4,Yes,No,No,No internet service,No internet service,No internet service,No internet service,No internet service,No internet service,One Year,No,Bank Transfer (Automatic),20.5,79.05
2697-NQBPF,Male,0,No,No,34,Yes,Yes,Fiber Optic,No,Yes,No,Yes,Yes,Yes,Month-To-Month,Yes,Electronic Check,105.35,3540.65
6323-AYBRX,Male,0,No,No,59,Yes,No,No,No internet service,No internet service,No internet service,No internet service,No internet service,No internet service,Two Year,No,Mailed Check,19.35,1099.6
7114-AEOZE,Female,0,No,No,60,Yes,No,No,No internet service,No internet service,No internet service,No internet service,No internet service,No internet service,Two Year,No,Bank Transfer (Automatic),19.85,1128.1
8878-RYUKI,Female,0,No,No,52,Yes,No,Dsl,No,No,Yes,No,No,Yes,Month-To-Month,Yes,Electronic Check,59.45,3043.7
8580-AECUZ,Male,1,No,No,1,Yes,No,Fiber Optic,No,No,No,No,Yes,No,Month-To-Month,Yes,Electronic Check,79.1,79.1
0754-EEBDC,Male,0,Yes,Yes,4,Yes,No,No,No internet service,No internet service,No internet service,No internet service,No internet service,No internet service,Two Year,No,Mailed Check,19.9,76.65
9494-BDNNC,Male,0,Yes,No,66,Yes,Yes,Fiber Optic,No,Yes,Yes,No,No,Yes,One Year,No,Electronic Check,95.3,6273.4
3721-CNZHX,Male,0,No,No,15,Yes,No,No,No internet service,No internet service,No internet service,No internet service,No internet service,No internet service,One Year,No,Mailed Check,19.8,304.6
5656-MJEFC,Male,0,Yes,Yes,42,No,No phone service,Dsl,Yes,No,Yes,Yes,Yes,No,Two Year,No,Credit Card (Automatic),48.15,2032.3
3292-PBZEJ,Male,1,No,No,11,Yes,Yes,Fiber Optic,No,Yes,Yes,Yes,Yes,Yes,Month-To-Month,Yes,Electronic Check,111.4,1183.05
2896-TBNBE,Male,0,Yes,No,40,Yes,No,Fiber Optic,No,Yes,Yes,No,No,No,One Year,No,Electronic Check,80.8,3132.75
6839-ITVZJ,Female,0,Yes,Yes,26,Yes,Yes,Dsl,No,Yes,No,Yes,No,No,Month-To-Month,Yes,Electronic Check,60.05,1616.15
3441-CGZJH,Female,0,Yes,Yes,43,No,No phone service,Dsl,Yes,No,Yes,Yes,Yes,Yes,One Year,Yes,Credit Card (Automatic),60.4,2640.55
1017-FBQMM,Female,0,Yes,Yes,62,Yes,Yes,Fiber Optic,No,Yes,No,Yes,Yes,Yes,One Year,Yes,Credit Card (Automatic),106.05,6703.5
7614-QVWQL,Male,0,Yes,Yes,49,No,No phone service,Dsl,No,Yes,No,No,Yes,Yes,One Year,Yes,Bank Transfer (Automatic),51.8,2541.25
5473-KHBPS,Female,0,Yes,Yes,52,Yes,Yes,Fiber Optic,No,Yes,Yes,No,Yes,No,One Year,Yes,Credit Card (Automatic),95.7,4976.15
4770-UEZOX,Male,0,No,No,2,Yes,No,Fiber Optic,No,Yes,No,No,No,No,Month-To-Month,Yes,Electronic Check,74.75,144.8
2568-BRGYX,Male,0,No,No,4,Yes,No,Fiber Optic,No,No,No,No,No,No,Month-To-Month,Yes,Electronic Check,70.2,237.95
8003-EWNDZ,Female,0,No,No,10,Yes,No,No,No internet service,No internet service,No internet service,No internet service,No internet service,No internet service,Month-To-Month,Yes,Electronic Check,21.2,222.65
2782-LFZVW,Female,0,No,No,11,Yes,Yes,Dsl,No,No,No,No,No,Yes,Month-To-Month,Yes,Mailed Check,58.95,601.6
9644-UMGQA,Male,0,Yes,Yes,6,Yes,No,Dsl,Yes,No,No,No,No,No,Month-To-Month,Yes,Electronic Check,49.15,295.65
8631-XVRZL,Male,0,No,No,9,Yes,No,No,No internet service,No internet service,No internet service,No internet service,No internet service,No internet service,One Year,Yes,Mailed Check,20.15,163.7
6410-LEFEN,Female,0,No,No,9,Yes,No,Dsl,No,No,No,No,No,No,Month-To-Month,No,Electronic Check,45.15,416.45
8761-NSOBC,Male,0,No,No,44,Yes,No,Fiber Optic,No,Yes,No,Yes,Yes,Yes,Month-To-Month,No,Electronic Check,100.55,4398.15
4501-VCPFK,Male,0,No,No,26,No,No phone service,Dsl,No,No,Yes,Yes,No,No,Month-To-Month,No,Electronic Check,35.75,1022.5
6963-KQYQB,Female,0,Yes,Yes,70,Yes,Yes,No,No internet service,No internet service,No internet service,No internet service,No internet service,No internet service,Two Year,No,Mailed Check,20.15,1764.75
1020-JPQOW,Female,0,Yes,No,56,Yes,Yes,Fiber Optic,No,Yes,Yes,Yes,No,No,Month-To-Month,No,Electronic Check,90.55,5116.6
3724-BSCVH,Male,0,Yes,Yes,10,Yes,No,No,No internet service,No internet service,No internet service,No internet service,No internet service,No internet service,One Year,No,Mailed Check,20.45,242.4
9933-QRGTX,Female,0,Yes,No,60,Yes,No,Fiber Optic,Yes,No,No,Yes,Yes,Yes,Two Year,Yes,Electronic Check,97.2,5611.75
8573-JGCZW,Male,0,No,No,17,Yes,No,No,No internet service,No internet service,No internet service,No internet service,No internet service,No internet service,One Year,Yes,Bank Transfer (Automatic),19.65,351.55
2050-ONYDQ,Female,0,Yes,Yes,65,Yes,Yes,No,No internet service,No internet service,No internet service,No internet service,No internet service,No internet service,Two Year,No,Credit Card (Automatic),26.0,1654.85
8325-QRPZR,Female,0,No,No,7,Yes,No,Fiber Optic,No,No,Yes,No,No,No,Month-To-Month,Yes,Electronic Check,75.15,525.0
8668-KNZTI,Male,0,No,No,52,Yes,No,Dsl,Yes,No,Yes,No,No,No,One Year,No,Electronic Check,53.75,2790.65
6746-WAUWT,Male,0,No,No,19,Yes,No,No,No internet service,No internet service,No internet service,No internet service,No internet service,No internet service,One Year,Yes,Credit Card (Automatic),19.7,386.5
1447-PJGGA,Female,0,No,No,57,Yes,No,Fiber Optic,No,No,Yes,No,Yes,Yes,Two Year,Yes,Electronic Check,95.25,5464.65
0511-JTEOY,Female,0,No,No,1,Yes,No,Fiber Optic,No,No,No,No,No,No,Month-To-Month,No,Mailed Check,91.65,71.1
1205-WNWPJ,Female,0,No,No,7,Yes,No,Dsl,No,No,No,Yes,Yes,No,Month-To-Month,Yes,Mailed Check,59.5,415.95
4293-ETKAP,Female,0,Yes,Yes,65,Yes,Yes,Dsl,No,Yes,No,Yes,Yes,Yes,Two Year,Yes,Bank Transfer (Automatic),79.4,5071.9
4316-XCSLJ,Male,0,No,Yes,17,Yes,No,Dsl,Yes,No,No,No,No,No,Month-To-Month,Yes,Mailed Check,50.3,846.8
2391-IPLOP,Male,0,Yes,Yes,50,Yes,Yes,Dsl,No,No,Yes,Yes,Yes,No,One Year,Yes,Electronic Check,69.65,3442.15
4452-ROHMO,Female,0,No,No,15,Yes,No,No,No internet service,No internet service,No internet service,No internet service,No internet service,No internet service,Two Year,No,Mailed Check,19.6,331.6
5285-MVEHD,Female,0,Yes,No,56,Yes,No,Fiber Optic,Yes,Yes,Yes,No,Yes,Yes,One Year,Yes,Credit Card (Automatic),105.6,6068.65
6260-ONULR,Male,0,No,No,1,Yes,No,Dsl,No,No,No,No,Yes,Yes,Month-To-Month,Yes,Mailed Check,62.8,62.8
1098-KFQEC,Female,0,Yes,Yes,55,Yes,No,No,No internet service,No internet service,No internet service,No internet service,No internet service,No internet service,Two Year,No,Credit Card (Automatic),19.4,1083.0
8676-OOQEJ,Male,0,No,No,4,No,No phone service,Dsl,No,No,No,Yes,No,No,Month-To-Month,No,Electronic Check,30.5,118.4
0743-HNPFG,Female,0,Yes,Yes,51,Yes,No,Dsl,Yes,Yes,No,Yes,No,Yes,One Year,Yes,Credit Card (Automatic),69.75,3562.5
2379-GYFLQ,Male,0,No,No,46,Yes,Yes,Fiber Optic,No,Yes,Yes,No,Yes,No,One Year,Yes,Credit Card (Automatic),94.9,4422.95
7279-NMVJC,Female,0,No,No,17,Yes,No,No,No internet service,No internet service,No internet service,No internet service,No internet service,No internet service,One Year,No,Bank Transfer (Automatic),19.9,323.15
8257-RZAHR,Female,0,Yes,No,14,Yes,Yes,Dsl,Yes,No,No,No,Yes,No,Month-To-Month,Yes,Bank Transfer (Automatic),64.7,941.0
6838-HVLXG,Female,0,No,No,12,Yes,No,No,No internet service,No internet service,No internet service,No internet service,No internet service,No internet service,Month-To-Month,No,Mailed Check,20.3,246.7
9571-EDEBV,Male,0,Yes,No,71,Yes,Yes,Fiber Optic,No,No,Yes,No,Yes,Yes,One Year,Yes,Credit Card (Automatic),98.65,6962.85
5276-KQWHG,Female,1,No,No,2,Yes,No,Fiber Optic,No,No,No,No,No,No,Month-To-Month,Yes,Electronic Check,69.6,131.65
6035-BXTTY,Female,1,No,No,32,Yes,No,Dsl,No,Yes,No,Yes,No,No,Month-To-Month,No,Bank Transfer (Automatic),54.65,1830.1
3746-EUBYR,Male,0,Yes,No,1,Yes,Yes,Fiber Optic,No,No,No,No,No,No,Month-To-Month,Yes,Bank Transfer (Automatic),74.6,74.6
6016-LVTJQ,Female,0,Yes,Yes,34,Yes,No,No,No internet service,No internet service,No internet service,No internet service,No internet service,No internet service,Month-To-Month,No,Mailed Check,20.65,716.4
6981-TDRFT,Male,0,Yes,Yes,44,No,No phone service,Dsl,No,No,Yes,Yes,Yes,Yes,One Year,Yes,Electronic Check,54.3,2317.1
7410-OIEDU,Male,0,No,No,10,Yes,No,Fiber Optic,Yes,No,Yes,No,No,No,Month-To-Month,Yes,Mailed Check,79.85,887.35
1843-TLSGD,Female,0,Yes,Yes,13,Yes,No,No,No internet service,No internet service,No internet service,No internet service,No internet service,No internet service,Two Year,No,Mailed Check,20.85,272.35
3082-WQRVY,Male,1,Yes,No,14,Yes,No,No,No internet service,No internet service,No internet service,No internet service,No internet service,No internet service,One Year,No,Mailed Check,19.65,228.65
3605-JISKB,Male,1,Yes,No,55,Yes,Yes,Dsl,Yes,Yes,No,No,No,No,One Year,No,Credit Card (Automatic),60.0,3316.1
2041-JIJCI,Female,0,No,No,5,Yes,Yes,Dsl,No,Yes,No,No,No,Yes,Month-To-Month,Yes,Electronic Check,64.0,370.25
2018-QKYGT,Male,0,Yes,Yes,1,Yes,No,Fiber Optic,No,No,No,No,No,Yes,Month-To-Month,Yes,Electronic Check,81.05,81.05
7017-VFULY,Female,0,Yes,No,2,Yes,No,No,No internet service,No internet service,No internet service,No internet service,No internet service,No internet service,Month-To-Month,No,Bank Transfer (Automatic),20.1,43.15
9769-TSBZE,Female,0,No,Yes,70,Yes,Yes,Dsl,Yes,Yes,No,Yes,No,No,Two Year,No,Electronic Check,66.0,4891.5
8515-OCTJS,Female,0,No,No,25,Yes,Yes,No,No internet service,No internet service,No internet service,No internet service,No internet service,No internet service,Two Year,No,Credit Card (Automatic),24.75,692.1
2582-FFFZR,Female,0,No,No,22,No,No phone service,Dsl,No,No,Yes,No,Yes,Yes,Month-To-Month,Yes,Electronic Check,50.6,1073.3
4291-HYEBC,Female,1,Yes,Yes,28,No,No phone service,Dsl,No,Yes,No,No,No,Yes,One Year,Yes,Electronic Check,39.1,1096.6
7055-JCGNI,Female,0,No,No,70,Yes,Yes,Fiber Optic,Yes,Yes,Yes,Yes,Yes,Yes,Two Year,Yes,Credit Card (Automatic),111.95,7795.95
9944-AEXBM,Male,0,No,No,32,Yes,Yes,Fiber Optic,No,No,No,No,No,Yes,Month-To-Month,Yes,Bank Transfer (Automatic),85.65,2664.3
5327-CNLUQ,Male,0,Yes,No,48,Yes,Yes,Fiber Optic,Yes,Yes,Yes,No,Yes,No,Two Year,Yes,Bank Transfer (Automatic),96.9,4473.45
9588-YRFHY,Male,0,No,No,49,Yes,No,No,No internet service,No internet service,No internet service,No internet service,No internet service,No internet service,Two Year,Yes,Credit Card (Automatic),19.9,1022.6
6817-WTYHE,Male,0,No,No,2,Yes,No,Dsl,No,No,No,No,No,No,Month-To-Month,No,Bank Transfer (Automatic),44.9,111.05
4891-NLUBA,Female,0,Yes,Yes,61,No,No phone service,Dsl,No,Yes,Yes,Yes,Yes,Yes,Two Year,Yes,Bank Transfer (Automatic),61.45,3751.15
7799-LGRDP,Female,0,No,No,43,Yes,Yes,No,No internet service,No internet service,No internet service,No internet service,No internet service,No internet service,Two Year,Yes,Credit Card (Automatic),25.7,1188.2
5923-GXUOC,Male,0,No,No,10,Yes,No,Fiber Optic,Yes,Yes,Yes,No,Yes,Yes,Month-To-Month,Yes,Electronic Check,104.4,1081.45
4081-DYXAV,Female,0,No,No,19,No,No phone service,Dsl,No,No,No,No,Yes,Yes,One Year,Yes,Credit Card (Automatic),44.85,893.55
3580-HYCSP,Male,0,Yes,Yes,72,Yes,Yes,Fiber Optic,Yes,Yes,Yes,No,Yes,Yes,Two Year,Yes,Bank Transfer (Automatic),110.3,7966.9
7538-GWHML,Female,0,No,No,2,Yes,No,Fiber Optic,No,No,No,No,No,No,Month-To-Month,No,Electronic Check,69.65,145.15
2386-LAHRK,Male,0,No,No,1,Yes,No,Dsl,No,No,No,No,Yes,No,Month-To-Month,Yes,Mailed Check,53.5,53.5
2057-BOYKM,Female,1,Yes,No,72,Yes,Yes,Fiber Optic,Yes,Yes,Yes,Yes,No,No,Two Year,Yes,Bank Transfer (Automatic),96.6,6827.5
9957-YODKZ,Male,1,Yes,No,6,Yes,Yes,Fiber Optic,No,No,Yes,No,No,No,Month-To-Month,Yes,Electronic Check,80.8,457.1
2303-PJYHN,Female,0,Yes,No,2,Yes,No,No,No internet service,No internet service,No internet service,No internet service,No internet service,No internet service,Month-To-Month,No,Bank Transfer (Automatic),19.85,52.0
4395-PZMSN,Male,1,No,No,5,Yes,No,Fiber Optic,No,Yes,No,No,No,Yes,Month-To-Month,Yes,Electronic Check,85.55,408.5
9696-RMYBA,Male,0,No,No,5,Yes,No,Fiber Optic,No,No,No,No,Yes,No,Month-To-Month,Yes,Mailed Check,80.1,398.55
1086-LXKFY,Female,0,Yes,Yes,1,Yes,No,Fiber Optic,No,No,No,No,No,No,Month-To-Month,Yes,Mailed Check,69.1,69.1
7145-FEJWU,Female,0,No,Yes,12,Yes,Yes,Fiber Optic,No,Yes,Yes,No,Yes,Yes,Month-To-Month,Yes,Electronic Check,105.3,1275.65
8548-AWOFC,Male,0,Yes,No,66,Yes,Yes,Dsl,No,No,No,Yes,No,Yes,Month-To-Month,No,Electronic Check,63.85,4264.6
6959-GQEGV,Male,0,No,No,45,Yes,No,Dsl,Yes,No,Yes,No,Yes,Yes,Month-To-Month,Yes,Electronic Check,75.95,3273.8
7711-GQBZC,Female,0,Yes,Yes,71,Yes,Yes,No,No internet service,No internet service,No internet service,No internet service,No internet service,No internet service,Two Year,No,Bank Transfer (Automatic),24.7,1810.55
5940-AHUHD,Male,0,No,No,1,Yes,No,Fiber Optic,No,No,No,No,No,No,Month-To-Month,No,Mailed Check,70.6,70.6
1618-CFHME,Female,0,No,No,2,Yes,Yes,Fiber Optic,No,No,No,No,No,No,Month-To-Month,Yes,Electronic Check,75.9,143.35
3717-LNXKW,Male,0,Yes,No,38,Yes,Yes,Fiber Optic,Yes,No,No,No,Yes,No,Month-To-Month,No,Bank Transfer (Automatic),91.7,3479.05
2002-MZHWP,Female,0,No,No,1,Yes,No,No,No internet service,No internet service,No internet service,No internet service,No internet service,No internet service,Month-To-Month,No,Mailed Check,20.5,20.5
0559-CKHUS,Female,0,Yes,No,29,Yes,No,No,No internet service,No internet service,No internet service,No internet service,No internet service,No internet service,Two Year,Yes,Mailed Check,19.55,521.8
5649-VUKMC,Female,0,No,No,12,Yes,No,Fiber Optic,No,No,Yes,No,Yes,Yes,One Year,No,Mailed Check,95.5,1115.15
5376-PCKNB,Male,0,Yes,Yes,72,Yes,Yes,Fiber Optic,No,Yes,Yes,No,Yes,Yes,One Year,Yes,Credit Card (Automatic),104.45,7459.0
7549-MYGPK,Female,0,Yes,Yes,63,Yes,Yes,Fiber Optic,Yes,Yes,Yes,No,Yes,No,Month-To-Month,Yes,Electronic Check,100.55,6215.35
5278-PNYOX,Female,0,No,No,49,Yes,No,Fiber Optic,No,No,Yes,Yes,Yes,Yes,Two Year,No,Credit Card (Automatic),100.65,4917.75
0687-ZVTHB,Male,0,Yes,Yes,65,Yes,Yes,Dsl,Yes,Yes,Yes,No,No,Yes,One Year,No,Credit Card (Automatic),72.45,4653.85
5392-AKEMH,Female,0,No,No,12,Yes,No,Dsl,No,No,No,No,No,No,Month-To-Month,Yes,Electronic Check,45.05,523.1
8735-NBLWT,Male,0,No,Yes,9,Yes,No,No,No internet service,No internet service,No internet service,No internet service,No internet service,No internet service,Month-To-Month,No,Mailed Check,20.4,184.1
3948-KXDUF,Male,0,No,No,66,Yes,Yes,Dsl,Yes,Yes,Yes,Yes,No,No,Two Year,No,Bank Transfer (Automatic),68.75,4447.55
9048-JVYVF,Male,0,No,No,3,Yes,No,Dsl,No,No,No,Yes,Yes,Yes,Month-To-Month,Yes,Electronic Check,69.35,191.35
1730-ZMAME,Female,1,No,No,32,Yes,No,Fiber Optic,No,No,No,No,No,Yes,Month-To-Month,Yes,Electronic Check,79.5,2665.0
9095-HFAFX,Female,0,No,No,5,Yes,No,Fiber Optic,No,No,No,No,Yes,No,Month-To-Month,Yes,Credit Card (Automatic),81.0,389.6
8853-TZDGH,Female,0,No,No,72,Yes,Yes,Fiber Optic,No,Yes,Yes,Yes,Yes,Yes,Two Year,Yes,Bank Transfer (Automatic),111.6,8012.75
7786-WBJYI,Female,0,No,No,4,Yes,Yes,Fiber Optic,No,Yes,No,No,No,No,Month-To-Month,No,Bank Transfer (Automatic),77.95,305.55
3716-UVSPD,Male,0,No,No,1,Yes,No,Dsl,No,No,No,Yes,No,No,Month-To-Month,Yes,Electronic Check,49.3,49.3
6067-NGCEU,Female,0,No,No,65,Yes,Yes,Fiber Optic,Yes,Yes,Yes,No,Yes,Yes,Month-To-Month,Yes,Credit Card (Automatic),111.05,7107.0
8086-OVPWV,Male,0,No,No,2,Yes,No,Fiber Optic,No,No,No,No,No,Yes,Month-To-Month,Yes,Electronic Check,80.2,181.1
5712-VBOXD,Female,0,No,No,4,Yes,No,No,No internet service,No internet service,No internet service,No internet service,No internet service,No internet service,Month-To-Month,Yes,Credit Card (Automatic),20.15,68.45
5103-MHMHY,Female,0,No,Yes,1,Yes,No,Dsl,No,No,No,No,No,No,Month-To-Month,No,Mailed Check,45.95,45.95
4465-VDKIQ,Female,0,No,No,18,Yes,No,Fiber Optic,No,Yes,Yes,No,No,No,Month-To-Month,No,Electronic Check,77.8,1358.6
1729-VLAZJ,Female,0,No,Yes,10,No,No phone service,Dsl,Yes,Yes,No,Yes,No,No,One Year,No,Mailed Check,40.25,411.45
0835-JKADZ,Female,0,No,No,71,Yes,Yes,Fiber Optic,No,Yes,Yes,Yes,Yes,Yes,Two Year,Yes,Electronic Check,111.25,7984.15
6176-YJWAS,Male,0,Yes,No,72,Yes,Yes,Fiber Optic,Yes,Yes,Yes,No,Yes,No,Two Year,Yes,Credit Card (Automatic),97.95,7114.25
5959-BELXA,Male,1,No,No,32,Yes,Yes,Fiber Optic,No,No,No,No,Yes,Yes,Month-To-Month,Yes,Credit Card (Automatic),96.15,3019.25
3795-GWTRD,Female,0,Yes,Yes,63,Yes,No,Dsl,Yes,Yes,Yes,Yes,Yes,No,Two Year,No,Credit Card (Automatic),75.55,4707.85
2080-CAZNM,Female,1,No,No,41,Yes,Yes,Fiber Optic,No,Yes,Yes,No,Yes,Yes,Month-To-Month,Yes,Electronic Check,104.4,4133.95
9000-PLFUZ,Female,1,Yes,No,60,No,No phone service,Dsl,No,Yes,No,No,Yes,Yes,Two Year,Yes,Credit Card (Automatic),49.45,2907.55
3572-UOLYZ,Female,0,No,Yes,46,Yes,Yes,Fiber Optic,No,No,Yes,Yes,No,No,Month-To-Month,Yes,Bank Transfer (Automatic),84.8,3958.85
8249-THVEC,Male,0,Yes,Yes,51,Yes,No,No,No internet service,No internet service,No internet service,No internet service,No internet service,No internet service,One Year,No,Mailed Check,19.4,997.75
6635-MYYYZ,Female,0,No,No,30,Yes,No,Dsl,Yes,Yes,Yes,Yes,Yes,Yes,One Year,No,Bank Transfer (Automatic),85.35,2530.4
6139-ZZRBQ,Male,1,No,No,64,Yes,No,No,No internet service,No internet service,No internet service,No internet service,No internet service,No internet service,Two Year,Yes,Bank Transfer (Automatic),20.05,1198.05
9282-IZGQK,Female,0,No,No,1,Yes,Yes,Fiber Optic,No,No,No,No,No,Yes,Month-To-Month,Yes,Electronic Check,85.0,85.0
2495-TTHBQ,Female,0,No,Yes,4,Yes,No,No,No internet service,No internet service,No internet service,No internet service,No internet service,No internet service,One Year,Yes,Mailed Check,20.4,84.75
7617-EYGLW,Male,0,No,No,1,Yes,No,No,No internet service,No internet service,No internet service,No internet service,No internet service,No internet service,Month-To-Month,No,Electronic Check,19.45,19.45
4482-EWFMI,Female,0,No,No,2,Yes,No,Fiber Optic,No,No,No,No,No,No,Month-To-Month,Yes,Electronic Check,69.7,135.2
0547-HURJB,Male,0,No,Yes,12,Yes,No,No,No internet service,No internet service,No internet service,No internet service,No internet service,No internet service,Month-To-Month,No,Credit Card (Automatic),21.05,235.8
0052-DCKON,Male,0,Yes,No,66,Yes,Yes,Fiber Optic,Yes,Yes,Yes,Yes,Yes,Yes,One Year,No,Bank Transfer (Automatic),115.8,7942.15
3512-IZIKN,Female,0,Yes,No,70,Yes,Yes,Dsl,Yes,No,Yes,Yes,No,No,Two Year,No,Credit Card (Automatic),65.3,4759.75
8232-UTFOZ,Male,0,No,No,69,Yes,No,No,No internet service,No internet service,No internet service,No internet service,No internet service,No internet service,Two Year,No,Credit Card (Automatic),19.95,1399.35
1925-GMVBW,Female,0,No,No,5,Yes,No,No,No internet service,No internet service,No internet service,No internet service,No internet service,No internet service,Month-To-Month,No,Credit Card (Automatic),20.55,96.1
3374-PZLXD,Male,0,No,No,34,Yes,No,No,No internet service,No internet service,No internet service,No internet service,No internet service,No internet service,Month-To-Month,No,Mailed Check,19.7,675.6
6624-JDRDS,Female,0,No,No,6,No,No phone service,Dsl,Yes,No,No,No,No,No,Month-To-Month,No,Bank Transfer (Automatic),29.45,161.45
2279-AXJJK,Male,0,Yes,No,52,Yes,Yes,Fiber Optic,No,Yes,No,Yes,No,Yes,Month-To-Month,Yes,Credit Card (Automatic),95.65,5088.4
9947-OTFQU,Male,1,No,No,15,Yes,No,Fiber Optic,No,Yes,No,No,No,No,Month-To-Month,Yes,Electronic Check,74.4,1074.3
7625-XCQRH,Female,0,No,No,11,Yes,Yes,Fiber Optic,No,No,No,No,No,No,Month-To-Month,Yes,Electronic Check,76.5,837.95
3097-NQYSN,Male,1,Yes,No,2,Yes,Yes,Fiber Optic,No,No,No,No,Yes,No,Month-To-Month,Yes,Mailed Check,86.85,156.35
0206-OYVOC,Female,0,Yes,Yes,46,Yes,No,No,No internet service,No internet service,No internet service,No internet service,No internet service,No internet service,Two Year,Yes,Mailed Check,19.25,864.2
6625-IUTTT,Male,0,No,No,67,Yes,No,Dsl,Yes,No,Yes,No,No,Yes,Two Year,No,Bank Transfer (Automatic),65.55,4361.55
6695-AMZUF,Female,0,Yes,No,70,Yes,No,Dsl,Yes,Yes,Yes,Yes,Yes,Yes,Two Year,No,Credit Card (Automatic),86.45,5950.2
4390-KYULV,Male,0,Yes,No,3,Yes,No,No,No internet service,No internet service,No internet service,No internet service,No internet service,No internet service,Month-To-Month,Yes,Credit Card (Automatic),20.55,51.15
8802-UNOJF,Male,1,No,No,12,Yes,No,Fiber Optic,No,Yes,Yes,Yes,No,No,Month-To-Month,Yes,Mailed Check,83.8,1029.75
5570-PTWEH,Female,0,Yes,No,3,Yes,Yes,Fiber Optic,No,No,No,No,No,No,Month-To-Month,Yes,Credit Card (Automatic),75.15,216.75
2565-JSLRY,Male,0,No,No,1,Yes,Yes,No,No internet service,No internet service,No internet service,No internet service,No internet service,No internet service,Month-To-Month,Yes,Mailed Check,24.05,24.05
2108-YKQTY,Female,0,No,No,4,Yes,No,Dsl,No,Yes,No,No,No,No,Month-To-Month,No,Credit Card (Automatic),50.7,151.3
2123-VSCOT,Female,0,Yes,Yes,59,Yes,Yes,Dsl,No,No,Yes,Yes,Yes,No,Two Year,Yes,Bank Transfer (Automatic),72.1,4194.85
9250-WYPLL,Female,0,No,No,5,Yes,Yes,Fiber Optic,No,No,No,No,No,No,Month-To-Month,No,Electronic Check,75.55,413.65
7305-ZWMAJ,Male,0,Yes,No,30,Yes,No,No,No internet service,No internet service,No internet service,No internet service,No internet service,No internet service,One Year,No,Credit Card (Automatic),20.7,587.1
6464-KEXXH,Male,0,No,No,8,No,No phone service,Dsl,No,No,No,No,No,No,Month-To-Month,Yes,Credit Card (Automatic),25.25,186.3
9408-SSNVZ,Female,0,No,No,4,Yes,No,Fiber Optic,No,No,No,No,No,No,Month-To-Month,Yes,Electronic Check,70.15,268.35
4311-QTTAI,Female,0,No,No,16,Yes,No,No,No internet service,No internet service,No internet service,No internet service,No internet service,No internet service,One Year,No,Credit Card (Automatic),19.35,295.55
3639-XJHKQ,Female,0,No,Yes,19,Yes,No,Dsl,Yes,Yes,Yes,No,No,No,Month-To-Month,Yes,Electronic Check,60.6,1297.8
0578-SKVMF,Female,0,Yes,Yes,22,Yes,No,Fiber Optic,No,Yes,No,No,No,Yes,Month-To-Month,No,Electronic Check,83.3,1845.9
0362-RAOQO,Female,0,No,No,40,Yes,No,No,No internet service,No internet service,No internet service,No internet service,No internet service,No internet service,Two Year,No,Credit Card (Automatic),19.65,830.25
8364-TRMMK,Female,0,No,No,3,Yes,Yes,Dsl,No,No,No,No,No,No,Month-To-Month,Yes,Mailed Check,50.65,151.3
6578-KRMAW,Male,0,No,No,32,Yes,No,Fiber Optic,Yes,Yes,Yes,No,No,Yes,Month-To-Month,Yes,Credit Card (Automatic),93.4,2979.3
5777-ZPQNC,Female,0,No,No,12,Yes,No,No,No internet service,No internet service,No internet service,No internet service,No internet service,No internet service,One Year,No,Electronic Check,20.15,260.7
8610-WFCJF,Female,0,Yes,Yes,49,Yes,Yes,Fiber Optic,No,No,No,No,Yes,Yes,Month-To-Month,Yes,Electronic Check,95.6,4783.5
7299-GNVPL,Female,0,Yes,Yes,23,Yes,No,Fiber Optic,Yes,Yes,No,Yes,No,No,Month-To-Month,No,Mailed Check,84.4,1936.85
6244-BESBM,Male,0,Yes,Yes,69,Yes,No,Fiber Optic,No,No,No,Yes,Yes,Yes,Two Year,Yes,Credit Card (Automatic),95.2,6671.7
9824-QCJPK,Male,0,Yes,No,36,Yes,No,No,No internet service,No internet service,No internet service,No internet service,No internet service,No internet service,One Year,No,Mailed Check,20.0,666.75
3445-HXXGF,Male,1,Yes,No,58,No,No phone service,Dsl,No,Yes,Yes,No,No,Yes,Month-To-Month,Yes,Electronic Check,45.3,2651.2
4940-KHCWD,Female,0,Yes,No,60,No,No phone service,Dsl,Yes,Yes,No,Yes,No,No,Two Year,No,Bank Transfer (Automatic),37.7,2288.7
4109-CYRBD,Male,1,Yes,No,29,Yes,Yes,Dsl,No,No,No,No,No,No,Month-To-Month,Yes,Electronic Check,51.6,1442.0
7293-LSCDV,Female,0,Yes,Yes,60,Yes,No,No,No internet service,No internet service,No internet service,No internet service,No internet service,No internet service,Two Year,Yes,Credit Card (Automatic),19.25,1103.25
8961-QDZZJ,Female,0,Yes,Yes,57,Yes,No,Fiber Optic,No,Yes,No,No,Yes,Yes,One Year,Yes,Electronic Check,95.0,5535.8
6429-SHBCB,Male,0,No,No,19,Yes,Yes,Dsl,No,No,No,No,Yes,Yes,Month-To-Month,No,Mailed Check,69.6,1394.55
8063-RJYNF,Male,0,No,No,16,Yes,No,Fiber Optic,Yes,No,No,No,Yes,Yes,Month-To-Month,Yes,Electronic Check,94.25,1483.25
0112-QAWRZ,Male,0,Yes,Yes,16,Yes,Yes,Fiber Optic,No,No,Yes,No,Yes,No,Month-To-Month,Yes,Bank Transfer (Automatic),90.8,1442.2
6214-EDAKZ,Female,0,Yes,Yes,22,Yes,No,Dsl,No,Yes,No,Yes,No,No,Month-To-Month,No,Electronic Check,55.15,1206.05
8152-UOBNY,Female,1,No,No,50,Yes,Yes,Fiber Optic,No,Yes,No,Yes,Yes,Yes,One Year,Yes,Electronic Check,106.8,5347.95
2320-YKQBO,Female,0,No,No,7,Yes,No,No,No internet service,No internet service,No internet service,No internet service,No internet service,No internet service,Month-To-Month,No,Mailed Check,19.3,144.95
5846-NEQVZ,Male,0,Yes,Yes,71,Yes,No,Dsl,Yes,No,Yes,Yes,No,Yes,Two Year,Yes,Credit Card (Automatic),70.85,4973.4
3705-PSNGL,Male,0,No,No,45,Yes,No,No,No internet service,No internet service,No internet service,No internet service,No internet service,No internet service,One Year,Yes,Electronic Check,20.4,930.45
2474-LCNUE,Female,0,Yes,No,23,Yes,Yes,Dsl,No,No,No,Yes,Yes,Yes,Month-To-Month,Yes,Credit Card (Automatic),73.65,1642.75
7927-AUXBZ,Female,0,No,No,30,Yes,No,Fiber Optic,No,No,No,Yes,Yes,No,Month-To-Month,No,Electronic Check,85.15,2555.9
3621-CEOVK,Female,1,Yes,No,14,Yes,Yes,Fiber Optic,No,Yes,No,No,Yes,Yes,Month-To-Month,Yes,Electronic Check,100.2,1369.8
9708-HPXWZ,Male,1,No,No,5,No,No phone service,Dsl,No,No,Yes,Yes,Yes,No,Month-To-Month,No,Credit Card (Automatic),45.4,214.75
3258-SYSWS,Male,1,No,No,72,Yes,Yes,Fiber Optic,Yes,Yes,Yes,Yes,Yes,Yes,Two Year,No,Bank Transfer (Automatic),113.8,7845.8
5692-ICXLW,Male,1,No,No,31,Yes,Yes,Fiber Optic,No,Yes,No,No,Yes,No,Month-To-Month,Yes,Electronic Check,90.7,2845.15
2690-DVRVK,Male,0,Yes,Yes,5,Yes,No,No,No internet service,No internet service,No internet service,No internet service,No internet service,No internet service,One Year,No,Electronic Check,20.55,99.45
1307-ATKGB,Male,0,No,No,24,Yes,No,Fiber Optic,No,Yes,Yes,No,No,Yes,Month-To-Month,Yes,Electronic Check,89.55,2187.15
0940-OUQEC,Male,0,No,No,10,Yes,Yes,Fiber Optic,No,Yes,No,No,No,No,Month-To-Month,Yes,Bank Transfer (Automatic),80.7,788.8
5906-DVAPM,Female,0,Yes,Yes,55,Yes,Yes,Dsl,Yes,Yes,No,Yes,Yes,No,One Year,Yes,Credit Card (Automatic),75.0,4213.9
9297-EONCV,Female,0,No,No,72,Yes,Yes,Dsl,Yes,Yes,Yes,Yes,Yes,Yes,Two Year,Yes,Bank Transfer (Automatic),91.35,6697.2
5433-KYGHE,Female,0,No,Yes,14,Yes,Yes,Fiber Optic,Yes,No,No,Yes,No,No,Month-To-Month,Yes,Mailed Check,86.0,1164.05
1725-MIMXW,Male,0,No,Yes,1,Yes,No,No,No internet service,No internet service,No internet service,No internet service,No internet service,No internet service,Month-To-Month,Yes,Mailed Check,19.45,19.45
4976-LNFVV,Male,1,Yes,No,19,No,No phone service,Dsl,No,Yes,Yes,No,No,No,Month-To-Month,Yes,Credit Card (Automatic),34.3,577.15
3426-NIYYL,Male,0,No,No,15,Yes,Yes,Dsl,No,No,No,No,No,No,Month-To-Month,No,Electronic Check,51.55,765.5
4871-JTKJF,Female,1,No,No,1,Yes,No,Fiber Optic,No,No,No,No,No,No,Month-To-Month,Yes,Electronic Check,69.65,69.65
3688-FTHLT,Female,0,No,No,16,Yes,Yes,Dsl,No,No,No,No,No,Yes,Month-To-Month,Yes,Bank Transfer (Automatic),63.05,1067.05
6484-LATFU,Male,0,No,No,68,Yes,Yes,No,No internet service,No internet service,No internet service,No internet service,No internet service,No internet service,Two Year,No,Mailed Check,24.55,1657.4
0829-XXPLX,Female,0,No,No,20,Yes,No,Fiber Optic,Yes,No,Yes,No,Yes,No,Month-To-Month,Yes,Bank Transfer (Automatic),89.4,1871.15
3280-MRDOF,Male,1,No,No,30,Yes,Yes,Dsl,No,No,Yes,Yes,Yes,No,Two Year,Yes,Credit Card (Automatic),69.1,2093.9
4024-CSNBY,Female,0,Yes,No,72,Yes,Yes,Fiber Optic,Yes,Yes,Yes,Yes,No,No,Two Year,Yes,Bank Transfer (Automatic),94.25,6849.75
8734-DKSTZ,Female,0,Yes,Yes,10,Yes,Yes,Fiber Optic,No,No,No,No,No,Yes,Month-To-Month,No,Electronic Check,85.95,858.6
3174-RKMOW,Male,0,Yes,Yes,35,Yes,Yes,Fiber Optic,No,Yes,Yes,Yes,Yes,Yes,Month-To-Month,Yes,Electronic Check,109.95,3782.4
7162-WPHPM,Male,0,Yes,Yes,58,Yes,Yes,Dsl,Yes,Yes,Yes,Yes,No,No,Two Year,No,Credit Card (Automatic),71.6,4230.25
9122-UMROB,Male,0,No,No,1,Yes,No,No,No internet service,No internet service,No internet service,No internet service,No internet service,No internet service,Month-To-Month,No,Mailed Check,20.3,20.3
8873-TMKGR,Male,0,No,No,29,Yes,No,No,No internet service,No internet service,No internet service,No internet service,No internet service,No internet service,One Year,No,Mailed Check,19.1,529.5
1202-KKGFU,Female,0,Yes,No,12,Yes,No,Dsl,Yes,No,No,Yes,No,No,Month-To-Month,No,Bank Transfer (Automatic),54.2,690.5
8268-YDIXR,Male,0,Yes,No,56,Yes,Yes,Fiber Optic,Yes,Yes,Yes,No,No,No,One Year,Yes,Electronic Check,93.15,5253.95
9443-JUBUO,Male,0,Yes,Yes,72,No,No phone service,Dsl,Yes,Yes,Yes,Yes,Yes,Yes,Two Year,Yes,Credit Card (Automatic),65.25,4478.85
0909-SELIE,Male,0,Yes,No,61,Yes,Yes,Dsl,Yes,Yes,Yes,Yes,No,Yes,Two Year,Yes,Bank Transfer (Automatic),80.8,4860.85
3043-TYBNO,Male,0,No,No,3,Yes,No,Dsl,No,No,No,Yes,No,Yes,Month-To-Month,No,Mailed Check,60.65,196.9
6427-FEFIG,Female,0,Yes,Yes,24,Yes,Yes,Dsl,Yes,No,Yes,No,Yes,Yes,Two Year,No,Credit Card (Automatic),78.6,1846.65
0603-OLQDC,Male,0,No,Yes,12,Yes,No,Dsl,Yes,No,No,No,Yes,Yes,Month-To-Month,Yes,Mailed Check,69.85,837.5
2433-KMEAS,Male,0,No,No,22,Yes,Yes,Dsl,Yes,No,No,No,No,No,Month-To-Month,Yes,Electronic Check,54.45,1127.35
6627-CFOSN,Female,0,No,No,59,Yes,Yes,Fiber Optic,Yes,Yes,Yes,No,No,Yes,Month-To-Month,Yes,Bank Transfer (Automatic),99.45,5623.7
0463-WZZKO,Male,0,No,No,3,Yes,No,No,No internet service,No internet service,No internet service,No internet service,No internet service,No internet service,Month-To-Month,Yes,Credit Card (Automatic),20.75,67.1
4135-FRWKJ,Female,1,Yes,Yes,55,Yes,Yes,Dsl,Yes,No,Yes,Yes,Yes,No,One Year,No,Electronic Check,76.25,4154.55
5181-OABFK,Female,0,Yes,Yes,56,Yes,No,Dsl,Yes,Yes,Yes,No,No,No,Two Year,Yes,Credit Card (Automatic),61.3,3346.8
2359-KMGLI,Male,0,No,No,24,Yes,Yes,Fiber Optic,No,Yes,No,No,No,No,Month-To-Month,Yes,Electronic Check,80.25,1861.5
0859-YGKFW,Male,0,Yes,Yes,18,Yes,No,No,No internet service,No internet service,No internet service,No internet service,No internet service,No internet service,One Year,No,Bank Transfer (Automatic),20.05,345.9
2833-SLKDQ,Male,0,No,No,1,Yes,No,Dsl,No,No,No,No,No,No,Month-To-Month,No,Mailed Check,56.05,45.05
5174-ITUMV,Male,0,Yes,Yes,67,Yes,Yes,Fiber Optic,No,Yes,Yes,No,Yes,Yes,One Year,Yes,Electronic Check,105.4,6989.45
1116-DXXDF,Male,0,No,No,39,Yes,No,Fiber Optic,Yes,No,Yes,No,Yes,Yes,Two Year,Yes,Electronic Check,100.45,3801.7
7074-IEVOJ,Female,1,No,No,3,Yes,Yes,Fiber Optic,No,Yes,No,No,No,No,Month-To-Month,Yes,Electronic Check,79.4,205.05
5973-EJGDP,Male,0,No,No,51,Yes,Yes,Fiber Optic,No,Yes,Yes,Yes,No,No,Month-To-Month,Yes,Electronic Check,87.35,4473.0
7255-SSFBC,Male,0,Yes,Yes,72,Yes,Yes,Fiber Optic,No,Yes,Yes,Yes,Yes,Yes,Two Year,Yes,Bank Transfer (Automatic),112.25,8041.65
6810-VCAEX,Female,0,No,No,47,No,No phone service,Dsl,Yes,Yes,No,Yes,No,No,One Year,No,Credit Card (Automatic),39.65,1798.65
1095-WGNGG,Female,0,Yes,No,61,Yes,Yes,Fiber Optic,No,Yes,No,No,Yes,Yes,Two Year,Yes,Bank Transfer (Automatic),101.05,5971.25
8067-NIOYM,Female,0,Yes,Yes,24,Yes,No,No,No internet service,No internet service,No internet service,No internet service,No internet service,No internet service,Two Year,Yes,Credit Card (Automatic),21.1,490.65
4623-ZKHLY,Male,0,Yes,No,22,Yes,No,No,No internet service,No internet service,No internet service,No internet service,No internet service,No internet service,Month-To-Month,Yes,Bank Transfer (Automatic),20.45,471.55
7138-GIRSH,Male,0,No,No,50,Yes,Yes,Dsl,No,No,Yes,Yes,No,Yes,Two Year,No,Bank Transfer (Automatic),69.5,3418.2
3926-YZVVX,Female,0,No,No,41,Yes,No,Dsl,No,No,No,Yes,No,No,One Year,No,Bank Transfer (Automatic),50.05,2029.05
2266-FUBDZ,Male,0,Yes,Yes,15,Yes,No,No,No internet service,No internet service,No internet service,No internet service,No internet service,No internet service,Two Year,No,Mailed Check,19.35,278.85
9798-OPFEM,Female,0,No,No,46,Yes,No,No,No internet service,No internet service,No internet service,No internet service,No internet service,No internet service,Two Year,Yes,Electronic Check,21.1,937.1
1724-IQWNM,Male,0,No,Yes,1,Yes,No,No,No internet service,No internet service,No internet service,No internet service,No internet service,No internet service,Month-To-Month,Yes,Mailed Check,19.3,19.3
3096-GKWEB,Male,0,Yes,No,18,Yes,Yes,Fiber Optic,No,No,No,No,Yes,Yes,Month-To-Month,Yes,Electronic Check,94.75,1691.9
0970-ETWGE,Male,0,No,No,1,Yes,No,Fiber Optic,No,No,No,No,Yes,Yes,Month-To-Month,Yes,Electronic Check,89.55,89.55
3645-DEYGF,Male,0,No,Yes,1,Yes,No,No,No internet service,No internet service,No internet service,No internet service,No internet service,No internet service,Month-To-Month,No,Mailed Check,20.75,20.75
9494-MRNYX,Male,0,No,No,10,Yes,Yes,Fiber Optic,No,No,No,No,No,No,Month-To-Month,No,Electronic Check,75.05,786.3
6348-SNFUS,Male,0,Yes,Yes,72,No,No phone service,Dsl,Yes,Yes,Yes,Yes,No,Yes,Two Year,Yes,Credit Card (Automatic),55.45,4179.2
9117-SHLZX,Male,0,No,No,1,Yes,No,Dsl,No,No,No,No,No,No,Month-To-Month,Yes,Mailed Check,45.7,45.7
0178-CIIKR,Female,0,No,No,3,Yes,No,No,No internet service,No internet service,No internet service,No internet service,No internet service,No internet service,Month-To-Month,No,Mailed Check,19.95,58.0
6567-HOOPW,Female,1,No,No,1,Yes,No,Fiber Optic,No,No,No,No,Yes,No,Month-To-Month,Yes,Electronic Check,79.2,79.2
2012-NWRPA,Female,1,Yes,No,11,Yes,Yes,Fiber Optic,No,No,Yes,No,Yes,Yes,Month-To-Month,Yes,Electronic Check,99.55,1131.2
7492-TAFJD,Male,0,Yes,Yes,7,No,No phone service,Dsl,Yes,Yes,Yes,No,No,No,Two Year,No,Mailed Check,38.55,280.0
8639-NHQEI,Female,0,Yes,Yes,72,Yes,Yes,Fiber Optic,Yes,Yes,No,No,Yes,No,Two Year,Yes,Bank Transfer (Automatic),95.9,6954.15
2969-QWUBZ,Female,0,No,No,2,No,No phone service,Dsl,No,Yes,No,No,Yes,Yes,Month-To-Month,No,Electronic Check,51.4,96.8
6457-GIRWB,Male,0,No,No,1,Yes,No,Fiber Optic,No,No,No,No,No,No,Month-To-Month,Yes,Electronic Check,69.35,69.35
8715-KKTFG,Female,0,Yes,No,61,Yes,Yes,Fiber Optic,No,No,Yes,Yes,Yes,Yes,One Year,Yes,Bank Transfer (Automatic),103.3,6518.35
3606-SBKRY,Male,0,No,No,31,No,No phone service,Dsl,No,No,Yes,No,Yes,Yes,One Year,Yes,Electronic Check,50.05,1523.4
5061-PBXFW,Female,0,Yes,Yes,32,Yes,No,Dsl,Yes,Yes,No,Yes,No,No,Month-To-Month,No,Bank Transfer (Automatic),61.4,1864.65
8532-UEFWH,Male,0,Yes,Yes,52,Yes,Yes,No,No internet service,No internet service,No internet service,No internet service,No internet service,No internet service,Two Year,No,Mailed Check,25.75,1345.85
3761-FLYZI,Female,1,Yes,No,65,Yes,Yes,Fiber Optic,No,Yes,Yes,No,Yes,Yes,Month-To-Month,Yes,Bank Transfer (Automatic),108.8,7082.45
7077-XJMET,Male,0,Yes,No,12,Yes,No,Dsl,No,No,Yes,Yes,Yes,Yes,Month-To-Month,Yes,Electronic Check,74.15,741.4
4847-TAJYI,Female,1,No,No,6,Yes,No,Fiber Optic,No,No,No,No,Yes,Yes,Month-To-Month,Yes,Electronic Check,89.35,567.8
5914-GXMDA,Female,0,Yes,No,32,Yes,No,No,No internet service,No internet service,No internet service,No internet service,No internet service,No internet service,One Year,No,Mailed Check,19.3,593.2
5663-QBGIS,Male,1,Yes,No,72,Yes,Yes,Fiber Optic,No,Yes,No,No,Yes,Yes,Two Year,No,Bank Transfer (Automatic),98.35,6929.4
2499-AJYUA,Female,1,Yes,No,72,Yes,Yes,Fiber Optic,No,Yes,Yes,Yes,Yes,Yes,Two Year,Yes,Electronic Check,110.8,7882.25
7399-QHBJS,Female,0,Yes,Yes,72,Yes,Yes,Dsl,Yes,Yes,No,Yes,No,No,Two Year,No,Credit Card (Automatic),66.75,4760.3
4558-CGYCZ,Male,0,No,No,4,Yes,No,No,No internet service,No internet service,No internet service,No internet service,No internet service,No internet service,Month-To-Month,No,Mailed Check,19.75,78.3
6298-QDFNH,Male,0,No,No,22,Yes,Yes,Fiber Optic,No,Yes,No,No,No,No,Month-To-Month,Yes,Electronic Check,79.35,1730.35
4822-RVYBB,Male,1,No,No,8,Yes,Yes,Fiber Optic,No,No,Yes,No,Yes,Yes,Month-To-Month,Yes,Electronic Check,100.6,819.4
3916-NRPAP,Male,0,No,No,3,Yes,No,Fiber Optic,No,No,Yes,No,No,Yes,Month-To-Month,No,Credit Card (Automatic),85.7,256.75
7473-ZBDSN,Female,0,Yes,Yes,14,Yes,No,No,No internet service,No internet service,No internet service,No internet service,No internet service,No internet service,Two Year,No,Mailed Check,18.8,255.55
6537-OTKMY,Male,0,No,No,15,No,No phone service,Dsl,No,No,Yes,No,Yes,Yes,One Year,No,Electronic Check,50.75,688.2
6705-LXORM,Female,1,Yes,No,5,Yes,No,Fiber Optic,No,No,No,No,No,No,Month-To-Month,No,Electronic Check,70.05,302.6
4032-RMHCI,Female,0,Yes,Yes,41,No,No phone service,Dsl,Yes,No,Yes,No,No,No,One Year,No,Credit Card (Automatic),35.4,1412.4
4184-TJFAN,Female,1,Yes,Yes,3,Yes,No,Fiber Optic,Yes,No,No,Yes,Yes,No,Month-To-Month,Yes,Mailed Check,88.3,273.75
3668-QPYBK,Male,0,No,No,2,Yes,No,Dsl,Yes,Yes,No,No,No,No,Month-To-Month,Yes,Mailed Check,53.85,108.15
1735-XMJVH,Male,0,Yes,Yes,8,Yes,No,No,No internet service,No internet service,No internet service,No internet service,No internet service,No internet service,Month-To-Month,Yes,Mailed Check,19.35,152.6
0795-XCCTE,Male,1,No,No,72,Yes,Yes,No,No internet service,No internet service,No internet service,No internet service,No internet service,No internet service,Two Year,No,Bank Transfer (Automatic),25.4,1809.35
7284-BUYEC,Female,0,No,No,5,No,No phone service,Dsl,No,Yes,No,No,Yes,Yes,Month-To-Month,Yes,Credit Card (Automatic),50.95,229.4
3372-KWFBM,Male,1,No,No,16,Yes,Yes,Fiber Optic,No,No,No,No,Yes,No,Month-To-Month,Yes,Electronic Check,86.6,1281.0
7133-VBDCG,Female,0,No,No,25,Yes,No,Fiber Optic,Yes,Yes,No,No,No,No,Month-To-Month,Yes,Bank Transfer (Automatic),79.85,2015.35
6345-HOVES,Male,0,No,No,34,No,No phone service,Dsl,No,No,No,No,No,No,Month-To-Month,Yes,Bank Transfer (Automatic),25.05,852.7
8800-ZKRFW,Female,0,Yes,Yes,30,Yes,Yes,Fiber Optic,No,Yes,Yes,Yes,Yes,Yes,Month-To-Month,Yes,Electronic Check,107.5,3242.5
1731-TVIUK,Female,0,No,No,4,Yes,Yes,Fiber Optic,No,Yes,No,Yes,No,Yes,Month-To-Month,Yes,Electronic Check,93.5,362.2
8717-VCTXJ,Male,0,No,No,42,Yes,No,No,No internet service,No internet service,No internet service,No internet service,No internet service,No internet service,One Year,Yes,Mailed Check,19.55,839.4
9860-LISIZ,Female,0,No,No,34,Yes,No,No,No internet service,No internet service,No internet service,No internet service,No internet service,No internet service,Month-To-Month,No,Mailed Check,20.35,673.2
2868-MZAGQ,Male,0,No,No,1,Yes,No,Fiber Optic,No,No,No,No,No,Yes,Month-To-Month,Yes,Electronic Check,79.25,79.25
5562-YJQGT,Female,0,No,No,2,Yes,No,No,No internet service,No internet service,No internet service,No internet service,No internet service,No internet service,Month-To-Month,No,Credit Card (Automatic),20.35,35.1
7021-XSNYE,Male,0,Yes,Yes,7,No,No phone service,Dsl,Yes,No,Yes,Yes,No,Yes,Two Year,No,Credit Card (Automatic),49.65,305.55
5858-EAFCZ,Male,0,No,No,1,Yes,No,Dsl,No,No,No,No,No,No,Month-To-Month,No,Mailed Check,44.45,44.45
5602-BVFMK,Female,0,No,No,12,Yes,No,No,No internet service,No internet service,No internet service,No internet service,No internet service,No internet service,One Year,No,Mailed Check,19.3,228.75
6519-CFDBX,Female,0,No,No,2,Yes,No,Dsl,No,No,No,No,No,No,Month-To-Month,Yes,Electronic Check,45.4,80.95
5914-XRFQB,Male,0,Yes,No,72,Yes,Yes,Fiber Optic,Yes,Yes,Yes,Yes,Yes,Yes,Two Year,Yes,Bank Transfer (Automatic),115.8,8424.9
9985-MWVIX,Female,0,No,No,1,Yes,No,Fiber Optic,No,No,No,No,No,No,Month-To-Month,Yes,Mailed Check,70.15,70.15
6308-CQRBU,Female,0,Yes,No,71,Yes,Yes,Fiber Optic,No,Yes,Yes,Yes,Yes,Yes,Two Year,No,Electronic Check,109.25,7707.7
9373-WSLOY,Male,1,Yes,No,33,No,No phone service,Dsl,No,Yes,Yes,Yes,Yes,No,Month-To-Month,Yes,Electronic Check,50.0,1750.85
7175-NTIXE,Female,0,No,No,25,Yes,No,Dsl,Yes,No,No,Yes,Yes,Yes,Month-To-Month,Yes,Credit Card (Automatic),76.15,1992.95
4853-RULSV,Male,0,No,No,70,Yes,Yes,Fiber Optic,Yes,No,No,Yes,Yes,Yes,Two Year,Yes,Credit Card (Automatic),104.0,7250.15
0388-EOPEX,Female,0,Yes,No,2,Yes,No,Fiber Optic,Yes,No,No,No,No,No,Month-To-Month,Yes,Electronic Check,74.4,139.4
9585-KKMFD,Male,0,Yes,Yes,41,Yes,No,No,No internet service,No internet service,No internet service,No internet service,No internet service,No internet service,Two Year,Yes,Mailed Check,20.0,879.8
7558-IMLMT,Male,0,Yes,Yes,67,Yes,No,No,No internet service,No internet service,No internet service,No internet service,No internet service,No internet service,Two Year,Yes,Mailed Check,20.8,1411.9
5161-UBZXI,Male,0,Yes,Yes,69,Yes,No,Fiber Optic,Yes,Yes,No,Yes,Yes,Yes,Two Year,Yes,Credit Card (Automatic),106.35,7261.75
3091-FYHKI,Male,0,No,No,1,No,No phone service,Dsl,No,No,No,No,No,Yes,Month-To-Month,Yes,Electronic Check,35.45,35.45
0488-GSLFR,Female,0,No,No,1,Yes,No,Fiber Optic,No,No,No,No,No,No,Month-To-Month,Yes,Electronic Check,69.5,69.5
7113-HIPFI,Male,0,Yes,Yes,66,Yes,No,Dsl,Yes,Yes,Yes,Yes,No,No,Two Year,No,Mailed Check,65.85,4097.05
3401-URHDA,Male,0,No,No,51,Yes,Yes,Dsl,Yes,No,No,Yes,No,No,One Year,No,Credit Card (Automatic),56.05,3043.6
7398-SKNQZ,Female,0,Yes,No,3,Yes,Yes,Fiber Optic,No,No,No,No,Yes,Yes,Month-To-Month,No,Electronic Check,94.9,273.2
6016-NXBNJ,Male,0,No,No,35,Yes,No,No,No internet service,No internet service,No internet service,No internet service,No internet service,No internet service,One Year,Yes,Mailed Check,19.15,638.0
9089-UOWJG,Female,0,Yes,Yes,12,Yes,No,Dsl,No,No,Yes,No,Yes,No,Month-To-Month,Yes,Credit Card (Automatic),58.35,740.55
4324-AHJKS,Female,0,No,No,5,Yes,No,Dsl,Yes,No,Yes,No,No,No,Month-To-Month,No,Credit Card (Automatic),55.8,300.4
9541-ZPSEA,Male,0,Yes,Yes,68,Yes,No,Fiber Optic,Yes,No,Yes,No,No,No,Two Year,No,Credit Card (Automatic),80.35,5375.15
7903-CMPEY,Male,1,Yes,No,1,Yes,Yes,Fiber Optic,Yes,No,No,No,No,No,Month-To-Month,Yes,Electronic Check,80.3,80.3
7184-LRUUR,Female,0,No,No,22,Yes,No,Dsl,No,Yes,Yes,No,Yes,No,One Year,No,Bank Transfer (Automatic),65.25,1441.8
0531-XBKMM,Male,0,No,Yes,66,Yes,Yes,Dsl,Yes,Yes,No,Yes,No,No,Two Year,No,Bank Transfer (Automatic),65.7,4378.9
1336-EZFZY,Female,0,No,No,4,Yes,No,No,No internet service,No internet service,No internet service,No internet service,No internet service,No internet service,Month-To-Month,No,Mailed Check,20.05,83.3
9227-UAQFT,Male,0,No,No,16,Yes,No,No,No internet service,No internet service,No internet service,No internet service,No internet service,No internet service,Two Year,No,Mailed Check,19.75,284.35
6030-REHUX,Female,1,Yes,No,28,Yes,Yes,Fiber Optic,No,Yes,Yes,Yes,Yes,Yes,Month-To-Month,Yes,Electronic Check,110.85,3204.4
4957-TIALW,Female,0,No,Yes,15,Yes,No,Dsl,Yes,Yes,Yes,Yes,No,No,One Year,No,Credit Card (Automatic),65.6,1010.0
7382-DFJTU,Male,0,No,No,18,Yes,No,Dsl,No,No,Yes,Yes,No,No,Month-To-Month,No,Credit Card (Automatic),55.2,1058.1
0744-BIKKF,Male,0,No,No,72,Yes,Yes,Dsl,Yes,Yes,Yes,Yes,Yes,Yes,Two Year,No,Bank Transfer (Automatic),86.65,6224.8
6128-CZOMY,Female,0,No,No,1,Yes,No,Dsl,No,No,No,No,No,No,Month-To-Month,Yes,Electronic Check,45.65,45.65
2640-LYMOV,Male,0,No,No,2,Yes,No,No,No internet service,No internet service,No internet service,No internet service,No internet service,No internet service,Month-To-Month,Yes,Mailed Check,19.65,38.8
9553-DLCLU,Female,0,No,Yes,13,Yes,Yes,Dsl,Yes,Yes,Yes,Yes,Yes,Yes,Two Year,No,Credit Card (Automatic),88.95,1161.75
4021-RQSNY,Male,1,Yes,No,29,Yes,Yes,Fiber Optic,No,No,Yes,No,Yes,Yes,Month-To-Month,Yes,Electronic Check,98.5,3004.15
4086-WITJG,Male,0,Yes,Yes,71,Yes,No,No,No internet service,No internet service,No internet service,No internet service,No internet service,No internet service,Two Year,No,Credit Card (Automatic),19.7,1301.1
9919-FZDED,Male,1,Yes,No,72,Yes,Yes,Dsl,Yes,Yes,Yes,No,Yes,Yes,Two Year,Yes,Credit Card (Automatic),84.1,5981.65
8566-YPRGL,Female,0,No,No,1,Yes,No,No,No internet service,No internet service,No internet service,No internet service,No internet service,No internet service,Month-To-Month,Yes,Mailed Check,19.5,19.5
7729-JTEEC,Male,0,Yes,Yes,2,Yes,No,Dsl,No,No,No,No,No,No,Month-To-Month,Yes,Electronic Check,44.5,90.05
3719-TDVQB,Female,1,Yes,No,54,Yes,No,No,No internet service,No internet service,No internet service,No internet service,No internet service,No internet service,Two Year,Yes,Mailed Check,18.95,1031.1
4114-QMKVN,Female,0,Yes,Yes,56,Yes,Yes,Dsl,Yes,Yes,No,No,No,Yes,One Year,No,Bank Transfer (Automatic),68.75,3815.4
0870-VEMYL,Female,0,No,No,5,Yes,No,Dsl,Yes,No,No,Yes,No,No,Month-To-Month,No,Credit Card (Automatic),53.85,259.8
8606-CIQUL,Male,1,Yes,Yes,72,Yes,Yes,Fiber Optic,Yes,Yes,Yes,Yes,Yes,Yes,Two Year,Yes,Credit Card (Automatic),115.75,8399.15
8242-JSVBO,Male,0,No,No,7,Yes,No,Dsl,No,No,No,No,No,No,Month-To-Month,Yes,Bank Transfer (Automatic),44.65,322.5
0780-XNZFN,Male,0,No,No,57,Yes,No,No,No internet service,No internet service,No internet service,No internet service,No internet service,No internet service,Two Year,No,Bank Transfer (Automatic),20.65,1125.6
1803-BGNBD,Female,0,No,No,12,Yes,No,Dsl,No,Yes,No,Yes,No,No,Month-To-Month,Yes,Electronic Check,54.3,654.5
7854-EDSSA,Male,0,No,No,22,Yes,Yes,Dsl,Yes,Yes,No,No,No,No,Month-To-Month,No,Electronic Check,59.0,1254.7
1208-NBVFH,Male,0,Yes,Yes,20,Yes,No,Dsl,No,No,Yes,No,No,No,Month-To-Month,Yes,Electronic Check,49.6,939.8
8749-JMNKX,Male,1,Yes,No,51,Yes,Yes,Fiber Optic,Yes,No,Yes,No,Yes,No,Month-To-Month,Yes,Bank Transfer (Automatic),93.8,4750.95
2907-ILJBN,Female,0,Yes,Yes,11,Yes,No,No,No internet service,No internet service,No internet service,No internet service,No internet service,No internet service,One Year,No,Mailed Check,20.6,233.9
4443-EMBNA,Female,0,Yes,No,71,Yes,Yes,No,No internet service,No internet service,No internet service,No internet service,No internet service,No internet service,Two Year,No,Bank Transfer (Automatic),24.75,1836.9
4895-TMWIR,Male,1,Yes,No,11,Yes,No,No,No internet service,No internet service,No internet service,No internet service,No internet service,No internet service,Month-To-Month,No,Mailed Check,19.95,214.75
8750-QWZAJ,Female,0,Yes,Yes,70,Yes,No,No,No internet service,No internet service,No internet service,No internet service,No internet service,No internet service,Two Year,No,Bank Transfer (Automatic),19.8,1378.75
1465-WCZVT,Female,0,Yes,Yes,3,Yes,No,No,No internet service,No internet service,No internet service,No internet service,No internet service,No internet service,Month-To-Month,No,Mailed Check,19.65,60.65
9313-QOLTZ,Male,0,No,No,26,Yes,No,No,No internet service,No internet service,No internet service,No internet service,No internet service,No internet service,Month-To-Month,No,Mailed Check,20.9,518.3
5536-RTPWK,Male,0,Yes,No,49,Yes,Yes,Fiber Optic,No,Yes,No,No,Yes,Yes,Month-To-Month,Yes,Bank Transfer (Automatic),99.05,4853.75
3196-NVXLZ,Female,0,No,No,25,Yes,Yes,Fiber Optic,No,No,No,No,Yes,No,Month-To-Month,Yes,Mailed Check,84.6,2088.05
9342-VNIMQ,Male,0,No,No,33,Yes,Yes,Dsl,No,Yes,No,No,No,No,Month-To-Month,Yes,Bank Transfer (Automatic),54.65,1665.2
7108-DGVUU,Female,1,Yes,No,21,Yes,Yes,Dsl,No,Yes,Yes,No,No,Yes,One Year,No,Bank Transfer (Automatic),71.7,1497.05
7203-OYKCT,Male,0,No,No,72,Yes,Yes,Fiber Optic,No,Yes,Yes,No,Yes,Yes,One Year,Yes,Electronic Check,104.95,7544.3
1217-VASWC,Male,1,Yes,No,43,Yes,No,Fiber Optic,No,Yes,Yes,No,Yes,Yes,One Year,Yes,Bank Transfer (Automatic),91.65,4304.0
2391-SOORI,Male,0,No,Yes,4,Yes,No,Dsl,Yes,No,No,No,No,No,Month-To-Month,No,Electronic Check,49.35,219.65
4709-LKHYG,Female,0,Yes,Yes,29,Yes,No,No,No internet service,No internet service,No internet service,No internet service,No internet service,No internet service,One Year,No,Electronic Check,20.0,540.05
3039-MJSLN,Male,0,No,Yes,3,Yes,No,No,No internet service,No internet service,No internet service,No internet service,No internet service,No internet service,Month-To-Month,No,Bank Transfer (Automatic),20.2,50.6
8807-ARQET,Female,0,No,No,41,No,No phone service,Dsl,No,Yes,No,No,No,Yes,Month-To-Month,Yes,Electronic Check,40.35,1677.85
4439-JMPMT,Female,0,Yes,Yes,5,Yes,No,Fiber Optic,No,No,No,Yes,Yes,No,Month-To-Month,Yes,Electronic Check,85.75,470.95
1395-OFUWC,Male,0,Yes,Yes,43,No,No phone service,Dsl,No,Yes,No,No,No,No,Month-To-Month,No,Credit Card (Automatic),29.3,1224.05
2740-TVLFN,Male,0,No,No,1,Yes,Yes,Dsl,No,No,No,No,No,No,Month-To-Month,Yes,Electronic Check,50.15,50.15
7929-SKFGK,Male,0,Yes,No,70,Yes,Yes,Fiber Optic,Yes,Yes,Yes,Yes,Yes,Yes,Two Year,No,Credit Card (Automatic),114.3,8244.3
6917-IAYHD,Male,0,No,Yes,1,No,No phone service,Dsl,No,Yes,No,Yes,No,No,Month-To-Month,No,Mailed Check,33.6,33.6
0774-RMNUW,Female,0,Yes,Yes,71,No,No phone service,Dsl,Yes,Yes,No,Yes,Yes,Yes,Two Year,No,Bank Transfer (Automatic),59.7,4122.65
8473-VUVJN,Male,1,No,No,1,Yes,Yes,Fiber Optic,No,No,No,No,No,No,Month-To-Month,Yes,Electronic Check,73.65,73.65
1354-YZFNB,Male,0,Yes,Yes,4,Yes,No,No,No internet service,No internet service,No internet service,No internet service,No internet service,No internet service,Two Year,No,Credit Card (Automatic),19.55,68.8
3352-RICWQ,Female,0,Yes,Yes,9,Yes,No,No,No internet service,No internet service,No internet service,No internet service,No internet service,No internet service,Two Year,No,Mailed Check,19.75,210.65
2985-FMWYF,Female,0,No,No,23,Yes,Yes,Fiber Optic,No,No,No,No,Yes,Yes,Month-To-Month,Yes,Electronic Check,93.5,2341.55
8098-TDCBU,Female,0,Yes,No,42,Yes,Yes,No,No internet service,No internet service,No internet service,No internet service,No internet service,No internet service,Two Year,No,Electronic Check,25.25,1108.2
6972-SNKKW,Female,0,No,No,6,Yes,No,No,No internet service,No internet service,No internet service,No internet service,No internet service,No internet service,Month-To-Month,No,Mailed Check,20.0,109.2
9845-QOMAD,Male,0,Yes,Yes,14,Yes,No,No,No internet service,No internet service,No internet service,No internet service,No internet service,No internet service,One Year,No,Mailed Check,19.75,309.35
8410-BGQXN,Male,0,No,No,4,Yes,No,No,No internet service,No internet service,No internet service,No internet service,No internet service,No internet service,Month-To-Month,No,Mailed Check,19.4,93.4
0902-RFHOF,Male,0,No,No,38,Yes,No,No,No internet service,No internet service,No internet service,No internet service,No internet service,No internet service,One Year,No,Mailed Check,20.1,730.1
6362-QHAFM,Male,0,Yes,No,42,Yes,Yes,Fiber Optic,No,No,Yes,Yes,Yes,Yes,One Year,Yes,Electronic Check,108.3,4586.15
5149-QYTTU,Female,0,Yes,Yes,71,Yes,Yes,Fiber Optic,Yes,Yes,Yes,Yes,No,No,One Year,Yes,Credit Card (Automatic),95.15,6770.85
9170-CCKOU,Male,0,Yes,No,17,Yes,Yes,Fiber Optic,Yes,Yes,Yes,No,No,No,Month-To-Month,No,Electronic Check,90.2,1454.15
5837-LXSDN,Female,0,Yes,Yes,21,Yes,No,Dsl,No,Yes,No,No,Yes,No,One Year,Yes,Credit Card (Automatic),58.85,1215.45
2498-XLDZR,Female,0,Yes,Yes,32,Yes,No,Dsl,Yes,Yes,Yes,Yes,No,Yes,Two Year,No,Mailed Check,73.6,2316.85
2911-UREFD,Female,0,Yes,No,39,No,No phone service,Dsl,Yes,No,Yes,No,Yes,Yes,Month-To-Month,No,Electronic Check,55.9,2184.35
9286-DOJGF,Female,1,Yes,No,38,Yes,Yes,Fiber Optic,No,No,No,No,No,No,Month-To-Month,Yes,Bank Transfer (Automatic),74.95,2869.85
7016-BPGEU,Female,0,No,No,29,No,No phone service,Dsl,No,No,No,No,No,No,Month-To-Month,Yes,Credit Card (Automatic),25.1,712.85
4365-MSDYN,Male,0,Yes,No,8,Yes,No,No,No internet service,No internet service,No internet service,No internet service,No internet service,No internet service,Month-To-Month,Yes,Bank Transfer (Automatic),19.55,161.15
8263-JQAIK,Male,1,No,No,2,No,No phone service,Dsl,No,No,No,No,No,No,Month-To-Month,Yes,Mailed Check,24.45,47.5
3384-CTMSF,Male,0,Yes,No,47,Yes,Yes,Fiber Optic,No,Yes,Yes,No,Yes,Yes,Month-To-Month,Yes,Electronic Check,104.1,5135.15
4713-ZBURT,Male,0,No,Yes,45,Yes,Yes,Fiber Optic,No,No,Yes,No,Yes,Yes,Two Year,No,Bank Transfer (Automatic),99.7,4634.35
4163-NCJAK,Female,0,Yes,No,46,Yes,Yes,No,No internet service,No internet service,No internet service,No internet service,No internet service,No internet service,One Year,Yes,Bank Transfer (Automatic),24.45,1066.15
8799-OXZMD,Female,0,No,No,28,No,No phone service,Dsl,No,No,Yes,No,No,No,Month-To-Month,Yes,Mailed Check,29.75,790.7
0375-HVGXO,Female,0,No,No,1,No,No phone service,Dsl,No,No,No,No,Yes,No,Month-To-Month,Yes,Electronic Check,34.7,34.7
5372-FBKBN,Female,0,No,Yes,21,Yes,No,No,No internet service,No internet service,No internet service,No internet service,No internet service,No internet service,Month-To-Month,No,Mailed Check,20.75,452.2
3130-ICDUP,Female,0,No,Yes,2,Yes,Yes,Fiber Optic,Yes,No,No,No,No,No,Month-To-Month,No,Credit Card (Automatic),80.55,188.1
3190-ITQXP,Female,0,Yes,Yes,46,Yes,No,No,No internet service,No internet service,No internet service,No internet service,No internet service,No internet service,Two Year,No,Bank Transfer (Automatic),20.25,890.35
2450-ZKEED,Female,0,No,No,11,Yes,No,Dsl,No,No,Yes,Yes,No,No,One Year,No,Bank Transfer (Automatic),53.8,651.55
3077-RSNTJ,Female,0,Yes,Yes,6,Yes,No,No,No internet service,No internet service,No internet service,No internet service,No internet service,No internet service,Month-To-Month,No,Mailed Check,19.7,113.5
6469-QJKZW,Female,0,Yes,No,4,Yes,No,No,No internet service,No internet service,No internet service,No internet service,No internet service,No internet service,Month-To-Month,No,Electronic Check,20.15,91.4
7322-OCWHC,Male,1,Yes,No,72,Yes,Yes,Fiber Optic,Yes,Yes,Yes,Yes,No,No,Two Year,Yes,Bank Transfer (Automatic),93.05,6735.05
4523-WXCEF,Female,0,Yes,No,59,Yes,Yes,Fiber Optic,No,Yes,No,No,Yes,Yes,Month-To-Month,No,Electronic Check,101.1,6039.9
1063-DHQJF,Male,0,Yes,Yes,69,Yes,No,Fiber Optic,No,Yes,No,Yes,Yes,No,Two Year,Yes,Mailed Check,92.15,6480.9
6734-PSBAW,Male,0,Yes,No,72,Yes,Yes,No,No internet service,No internet service,No internet service,No internet service,No internet service,No internet service,Two Year,Yes,Bank Transfer (Automatic),23.55,1723.95
0674-EYYZV,Female,0,No,No,1,Yes,No,Dsl,No,No,No,No,Yes,No,Month-To-Month,Yes,Electronic Check,54.65,54.65
9135-HSWOC,Male,0,Yes,Yes,64,Yes,No,No,No internet service,No internet service,No internet service,No internet service,No internet service,No internet service,Two Year,Yes,Bank Transfer (Automatic),19.7,1274.05
7730-IUTDZ,Male,0,No,No,43,Yes,No,Fiber Optic,Yes,No,No,No,No,No,Month-To-Month,Yes,Electronic Check,75.2,3198.6
2530-FMFXO,Male,0,Yes,Yes,56,Yes,Yes,Fiber Optic,No,No,Yes,Yes,Yes,Yes,Two Year,Yes,Electronic Check,103.2,5873.75
7008-LZVOZ,Male,0,Yes,Yes,66,Yes,Yes,No,No internet service,No internet service,No internet service,No internet service,No internet service,No internet service,Two Year,Yes,Credit Card (Automatic),25.3,1672.35
5614-DNZCE,Female,0,No,No,58,Yes,No,Dsl,Yes,Yes,Yes,Yes,No,No,Two Year,Yes,Credit Card (Automatic),64.9,3795.45
7952-OBOYL,Male,0,No,No,3,Yes,No,Fiber Optic,No,No,Yes,Yes,Yes,No,Month-To-Month,Yes,Mailed Check,89.85,244.45
9248-OJYKK,Male,1,No,No,1,Yes,Yes,Fiber Optic,No,No,No,No,No,No,Month-To-Month,Yes,Electronic Check,76.45,76.45
9103-TCIHJ,Female,0,No,No,15,Yes,Yes,Dsl,Yes,No,No,No,No,No,Month-To-Month,Yes,Mailed Check,55.7,899.8
7531-GQHME,Male,0,No,No,12,Yes,No,No,No internet service,No internet service,No internet service,No internet service,No internet service,No internet service,Month-To-Month,No,Credit Card (Automatic),20.05,265.45
1444-VVSGW,Male,0,Yes,No,70,Yes,Yes,Fiber Optic,Yes,Yes,Yes,Yes,Yes,Yes,One Year,No,Credit Card (Automatic),115.65,7968.85
3724-UCSHY,Male,0,Yes,Yes,6,Yes,No,No,No internet service,No internet service,No internet service,No internet service,No internet service,No internet service,Month-To-Month,No,Mailed Check,19.55,122.9
6646-VRFOL,Male,1,Yes,No,53,Yes,Yes,Fiber Optic,No,Yes,Yes,No,Yes,Yes,Month-To-Month,Yes,Electronic Check,103.85,5485.5
4123-DVHPH,Male,0,Yes,No,9,Yes,Yes,Fiber Optic,Yes,No,No,No,No,Yes,Month-To-Month,Yes,Electronic Check,88.05,801.3
4815-GBTCD,Female,0,Yes,No,4,No,No phone service,Dsl,No,No,No,No,No,No,Month-To-Month,Yes,Electronic Check,25.15,99.95
2729-VNVAP,Female,0,Yes,Yes,33,Yes,No,No,No internet service,No internet service,No internet service,No internet service,No internet service,No internet service,Two Year,No,Credit Card (Automatic),19.8,641.35
0572-ZJKLT,Female,0,Yes,Yes,46,Yes,Yes,Fiber Optic,Yes,No,Yes,Yes,No,Yes,Two Year,No,Mailed Check,99.65,4630.2
8361-LBRDI,Female,0,No,No,58,Yes,Yes,No,No internet service,No internet service,No internet service,No internet service,No internet service,No internet service,Two Year,No,Credit Card (Automatic),24.35,1423.85
0975-UYDTX,Female,0,Yes,No,26,Yes,Yes,Dsl,Yes,Yes,Yes,Yes,Yes,Yes,One Year,Yes,Credit Card (Automatic),90.1,2312.55
8745-PVESG,Female,0,No,No,57,No,No phone service,Dsl,Yes,No,Yes,Yes,No,No,One Year,Yes,Credit Card (Automatic),41.1,2258.25
1794-HBQTJ,Female,0,No,No,1,Yes,No,Dsl,Yes,No,No,No,No,No,Month-To-Month,Yes,Credit Card (Automatic),48.6,48.6
3339-EAQNV,Male,1,Yes,No,72,Yes,Yes,Fiber Optic,No,Yes,No,No,Yes,Yes,One Year,Yes,Credit Card (Automatic),97.25,7133.1
0872-NXJYS,Female,0,No,No,9,Yes,No,Fiber Optic,No,No,No,No,No,Yes,Month-To-Month,Yes,Electronic Check,79.55,723.4
7605-BDWDC,Female,0,No,No,31,No,No phone service,Dsl,Yes,Yes,No,Yes,No,Yes,Two Year,Yes,Bank Transfer (Automatic),49.85,1520.1
8285-ABVLB,Female,0,Yes,No,70,Yes,No,No,No internet service,No internet service,No internet service,No internet service,No internet service,No internet service,Two Year,No,Credit Card (Automatic),19.85,1328.35
9986-BONCE,Female,0,No,No,4,Yes,No,No,No internet service,No internet service,No internet service,No internet service,No internet service,No internet service,Month-To-Month,No,Bank Transfer (Automatic),20.95,85.5
0430-IHCDJ,Male,0,No,No,15,Yes,Yes,Dsl,No,No,No,No,No,No,Month-To-Month,Yes,Electronic Check,49.0,749.25
9931-KGHOA,Female,0,Yes,No,46,Yes,Yes,Dsl,Yes,No,No,No,No,No,Month-To-Month,No,Bank Transfer (Automatic),55.0,2473.95
8430-TWCBX,Female,0,Yes,No,49,Yes,No,No,No internet service,No internet service,No internet service,No internet service,No internet service,No internet service,One Year,No,Credit Card (Automatic),20.7,1032.05
1427-VERSM,Female,0,Yes,No,56,Yes,No,Fiber Optic,No,No,Yes,Yes,Yes,Yes,Month-To-Month,Yes,Electronic Check,98.7,5669.5
8779-QRDMV,Male,1,No,No,1,No,No phone service,Dsl,No,No,Yes,No,No,Yes,Month-To-Month,Yes,Electronic Check,39.65,39.65
7502-BNYGS,Female,0,Yes,No,46,Yes,No,Dsl,No,Yes,No,No,Yes,Yes,Month-To-Month,Yes,Credit Card (Automatic),69.1,3168.0
8952-WCVCD,Female,0,Yes,No,41,Yes,No,Fiber Optic,Yes,Yes,Yes,No,Yes,Yes,One Year,Yes,Bank Transfer (Automatic),104.45,4162.05
0516-UXRMT,Female,0,No,No,62,Yes,Yes,Fiber Optic,Yes,Yes,Yes,No,No,No,One Year,Yes,Electronic Check,92.05,5755.8
4729-XKASR,Male,0,No,Yes,1,No,No phone service,Dsl,No,No,No,No,No,No,Month-To-Month,No,Electronic Check,24.75,24.75
8561-NMTBD,Female,0,Yes,Yes,67,Yes,Yes,Fiber Optic,No,Yes,Yes,Yes,Yes,Yes,One Year,Yes,Credit Card (Automatic),112.35,7388.45
2330-PQGDQ,Male,0,Yes,Yes,51,Yes,Yes,Fiber Optic,No,Yes,No,Yes,No,No,One Year,No,Bank Transfer (Automatic),84.2,4299.75
4955-VCWBI,Female,0,Yes,Yes,43,Yes,No,No,No internet service,No internet service,No internet service,No internet service,No internet service,No internet service,One Year,No,Mailed Check,20.0,817.95
0324-BRPCJ,Female,1,Yes,No,68,Yes,Yes,Fiber Optic,No,Yes,No,No,Yes,Yes,Month-To-Month,Yes,Electronic Check,100.2,6851.65
7613-LLQFO,Male,0,No,No,12,Yes,Yes,Fiber Optic,No,No,No,No,Yes,No,Month-To-Month,Yes,Electronic Check,84.45,1059.55
5299-RULOA,Female,0,Yes,Yes,10,Yes,Yes,Fiber Optic,Yes,No,No,No,Yes,Yes,Month-To-Month,Yes,Electronic Check,100.25,1064.65
2826-DXLQO,Male,1,Yes,No,7,No,No phone service,Dsl,Yes,No,No,No,No,No,Month-To-Month,No,Bank Transfer (Automatic),29.8,220.45
7892-QVYKW,Female,0,Yes,Yes,23,Yes,Yes,Fiber Optic,No,No,No,No,No,Yes,Month-To-Month,No,Electronic Check,85.6,1868.4
4835-YSJMR,Male,0,No,No,39,Yes,No,Dsl,No,No,No,Yes,No,No,Two Year,Yes,Bank Transfer (Automatic),49.8,1971.15
9540-JYROE,Male,0,No,No,8,Yes,No,Fiber Optic,No,No,No,No,No,No,Month-To-Month,Yes,Mailed Check,70.1,551.35
4238-HFHSN,Male,1,Yes,No,61,Yes,Yes,Fiber Optic,No,Yes,No,No,No,No,Month-To-Month,Yes,Electronic Check,82.15,4904.85
2626-URJFX,Male,0,Yes,Yes,4,Yes,Yes,Dsl,No,No,No,No,No,No,Month-To-Month,Yes,Electronic Check,50.9,225.6
3656-TKRVZ,Female,0,No,No,3,Yes,No,Dsl,Yes,Yes,No,No,No,No,Month-To-Month,No,Electronic Check,55.35,165.2
2676-OXPPQ,Male,0,No,No,6,Yes,No,Dsl,Yes,Yes,No,No,No,No,Month-To-Month,Yes,Bank Transfer (Automatic),55.7,335.65
0674-DGMAQ,Male,1,Yes,No,32,Yes,Yes,Fiber Optic,No,Yes,Yes,No,No,Yes,Month-To-Month,Yes,Electronic Check,93.5,2970.8
1121-QSIVB,Female,0,No,Yes,44,Yes,Yes,Dsl,No,Yes,No,No,Yes,Yes,One Year,Yes,Mailed Check,77.55,3471.1
2121-JAFOM,Female,0,Yes,No,72,Yes,Yes,Fiber Optic,Yes,Yes,Yes,Yes,Yes,Yes,Two Year,Yes,Credit Card (Automatic),115.55,8312.4
5498-IBWPI,Female,0,Yes,Yes,66,Yes,No,Dsl,No,No,No,Yes,No,No,One Year,Yes,Credit Card (Automatic),49.4,3251.85
9717-QEBGU,Male,0,No,No,2,Yes,No,Fiber Optic,No,No,No,No,No,No,Month-To-Month,Yes,Electronic Check,70.3,144.0
5302-BDJNT,Male,0,No,No,35,Yes,Yes,Fiber Optic,No,No,Yes,Yes,Yes,No,Month-To-Month,No,Electronic Check,95.5,3418.2
1982-FEBTD,Female,0,Yes,Yes,23,Yes,Yes,No,No internet service,No internet service,No internet service,No internet service,No internet service,No internet service,Two Year,Yes,Credit Card (Automatic),25.6,514.75
2775-SEFEE,Male,0,No,Yes,0,Yes,Yes,Dsl,Yes,Yes,No,Yes,No,No,Two Year,Yes,Bank Transfer (Automatic),61.9,0.0
4369-HTUIF,Male,1,No,No,6,Yes,No,Fiber Optic,Yes,No,No,No,Yes,No,Month-To-Month,Yes,Electronic Check,85.15,503.6
7594-LZNWR,Male,1,No,No,34,Yes,No,Fiber Optic,No,No,No,No,No,No,Month-To-Month,No,Credit Card (Automatic),69.15,2275.1
7674-YTAFD,Female,0,No,No,33,Yes,No,Fiber Optic,No,Yes,No,Yes,No,No,One Year,Yes,Bank Transfer (Automatic),79.95,2684.85
2959-FENLU,Female,0,No,No,9,Yes,No,Fiber Optic,No,No,Yes,No,No,Yes,Month-To-Month,Yes,Credit Card (Automatic),85.3,781.4
0404-AHASP,Male,0,Yes,No,72,Yes,No,No,No internet service,No internet service,No internet service,No internet service,No internet service,No internet service,Two Year,No,Credit Card (Automatic),19.7,1421.9
5600-PDUJF,Male,0,No,No,6,Yes,No,Dsl,No,No,No,Yes,No,No,Month-To-Month,Yes,Credit Card (Automatic),49.5,312.7
0018-NYROU,Female,0,Yes,No,5,Yes,No,Fiber Optic,No,No,No,No,No,No,Month-To-Month,Yes,Electronic Check,68.95,351.5
4526-EXKKN,Male,0,No,No,40,Yes,Yes,No,No internet service,No internet service,No internet service,No internet service,No internet service,No internet service,Two Year,Yes,Mailed Check,24.6,973.95
2676-SSLTO,Male,0,No,No,49,Yes,Yes,Dsl,No,No,No,Yes,Yes,No,Two Year,Yes,Bank Transfer (Automatic),66.15,3199.0
1216-BGTSP,Male,0,No,No,45,Yes,Yes,Fiber Optic,Yes,No,Yes,Yes,Yes,Yes,Month-To-Month,Yes,Credit Card (Automatic),108.45,4964.7
0815-MFZGM,Female,0,Yes,No,42,Yes,No,Fiber Optic,No,No,Yes,Yes,Yes,Yes,Two Year,Yes,Credit Card (Automatic),99.0,4135.0
8409-WQJUX,Female,0,No,No,25,No,No phone service,Dsl,No,No,Yes,Yes,Yes,Yes,One Year,No,Electronic Check,54.2,1423.15
7010-ZMVBF,Female,0,Yes,Yes,18,Yes,No,No,No internet service,No internet service,No internet service,No internet service,No internet service,No internet service,Month-To-Month,No,Mailed Check,20.45,357.0
0655-YDGFJ,Male,0,No,No,29,Yes,No,Dsl,No,No,Yes,No,No,No,Month-To-Month,No,Bank Transfer (Automatic),48.95,1323.7
1468-DEFNC,Male,1,Yes,Yes,64,Yes,Yes,No,No internet service,No internet service,No internet service,No internet service,No internet service,No internet service,Two Year,Yes,Bank Transfer (Automatic),24.4,1548.65
5172-MIGPM,Male,0,No,No,4,Yes,Yes,Dsl,No,No,No,Yes,No,Yes,Month-To-Month,No,Mailed Check,65.55,237.2
3164-YAXFY,Male,0,No,No,57,No,No phone service,Dsl,Yes,No,Yes,No,Yes,Yes,Month-To-Month,Yes,Electronic Check,53.75,3196.0
1597-LHYNC,Female,1,No,No,26,Yes,Yes,Fiber Optic,Yes,Yes,No,No,No,Yes,Month-To-Month,Yes,Electronic Check,95.0,2497.2
0396-YCHWO,Male,0,Yes,No,36,Yes,Yes,Fiber Optic,No,No,No,No,Yes,Yes,Month-To-Month,Yes,Electronic Check,95.4,3474.2
3301-LSLWQ,Female,0,No,No,29,Yes,Yes,Dsl,Yes,No,No,No,No,Yes,Month-To-Month,Yes,Electronic Check,66.1,1912.15
2320-SLKMB,Female,0,No,No,26,No,No phone service,Dsl,No,No,Yes,Yes,Yes,No,Month-To-Month,Yes,Credit Card (Automatic),44.45,1183.8
6158-HDPXZ,Male,0,No,No,1,No,No phone service,Dsl,No,No,No,No,No,No,Month-To-Month,No,Mailed Check,25.35,25.35
6461-PPAXN,Female,0,Yes,Yes,35,Yes,No,Dsl,Yes,No,No,Yes,No,No,One Year,Yes,Bank Transfer (Automatic),54.95,1916.0
8344-WFMFH,Male,0,No,Yes,9,Yes,No,Dsl,No,Yes,No,No,No,No,Month-To-Month,Yes,Electronic Check,50.1,484.05
4226-KKDON,Male,0,No,No,8,Yes,No,Dsl,No,Yes,No,Yes,Yes,No,Month-To-Month,Yes,Electronic Check,66.65,520.95
5583-EJXRD,Male,0,Yes,Yes,44,No,No phone service,Dsl,Yes,Yes,Yes,Yes,No,Yes,Two Year,Yes,Credit Card (Automatic),54.05,2375.2
6861-OKBCE,Female,0,No,Yes,11,Yes,No,No,No internet service,No internet service,No internet service,No internet service,No internet service,No internet service,Month-To-Month,No,Credit Card (Automatic),20.1,221.35
3658-KIBGF,Female,0,No,No,1,Yes,No,Dsl,Yes,Yes,No,No,No,No,Month-To-Month,Yes,Electronic Check,54.9,54.9
9090-SGQXL,Male,1,Yes,No,68,Yes,Yes,Fiber Optic,No,Yes,Yes,No,Yes,Yes,Month-To-Month,Yes,Electronic Check,105.3,7299.65
8914-RBTSB,Male,0,Yes,No,31,Yes,Yes,Fiber Optic,No,Yes,Yes,No,Yes,No,Month-To-Month,No,Electronic Check,93.8,3019.5
1231-YNDEK,Male,0,No,No,58,Yes,No,No,No internet service,No internet service,No internet service,No internet service,No internet service,No internet service,Two Year,Yes,Bank Transfer (Automatic),19.15,1035.5
6861-XWTWQ,Male,1,Yes,No,7,Yes,Yes,Fiber Optic,No,No,Yes,No,Yes,Yes,Month-To-Month,Yes,Electronic Check,99.25,665.45
7982-VCELR,Female,0,No,No,36,Yes,No,Fiber Optic,No,Yes,No,No,Yes,Yes,Month-To-Month,Yes,Credit Card (Automatic),94.8,3565.65
4693-VWVBO,Female,0,No,No,3,Yes,No,No,No internet service,No internet service,No internet service,No internet service,No internet service,No internet service,Month-To-Month,No,Electronic Check,19.55,61.05
4826-XTSOH,Male,1,Yes,No,1,Yes,Yes,Fiber Optic,No,No,No,No,Yes,No,Month-To-Month,Yes,Electronic Check,86.05,86.05
0594-UFTUL,Male,0,Yes,Yes,13,Yes,No,No,No internet service,No internet service,No internet service,No internet service,No internet service,No internet service,Month-To-Month,Yes,Mailed Check,19.85,252.0
8559-WNQZS,Male,0,No,No,1,Yes,No,No,No internet service,No internet service,No internet service,No internet service,No internet service,No internet service,Two Year,No,Mailed Check,20.45,20.45
1769-GRUIK,Female,0,No,No,18,Yes,No,Fiber Optic,No,No,No,No,No,No,Month-To-Month,Yes,Electronic Check,71.1,1247.75
2609-IAICY,Female,0,No,No,1,Yes,Yes,Fiber Optic,No,No,No,No,No,No,Month-To-Month,Yes,Electronic Check,77.15,77.15
1442-OKRJE,Male,0,Yes,Yes,66,Yes,No,Fiber Optic,Yes,Yes,Yes,No,Yes,Yes,One Year,Yes,Bank Transfer (Automatic),103.15,7031.3
0322-CHQRU,Male,0,No,No,2,Yes,No,Dsl,No,No,No,No,No,No,Month-To-Month,No,Electronic Check,45.35,89.5
9441-QHEVC,Male,0,No,No,1,Yes,No,No,No internet service,No internet service,No internet service,No internet service,No internet service,No internet service,Month-To-Month,No,Mailed Check,19.1,19.1
8901-UPRHR,Female,0,Yes,Yes,72,Yes,Yes,Fiber Optic,No,Yes,Yes,Yes,Yes,Yes,Two Year,Yes,Bank Transfer (Automatic),109.2,7711.45
4919-MOAVT,Male,0,No,Yes,3,Yes,No,Fiber Optic,No,No,No,No,No,No,Month-To-Month,No,Electronic Check,69.65,220.1
